feature,window_s,method,target_mode,subject_component,subject_target,same_session,R2
edges-corr,1,sfa,cosmoothed,766640955,766640955,True,0.12357453418748046
edges-corr,1,sfa,cosmoothed,766640955,767871931,False,1.782244770651106e-05
edges-corr,1,sfa,cosmoothed,766640955,771160300,False,0.0010527490217596234
edges-corr,1,sfa,cosmoothed,766640955,771990200,False,0.00725160658978485
edges-corr,1,sfa,cosmoothed,766640955,774875821,False,0.0032595567335745547
edges-corr,1,sfa,cosmoothed,766640955,778240327,False,0.007869058370600594
edges-corr,1,sfa,cosmoothed,766640955,778998620,False,0.006909332590328718
edges-corr,1,sfa,cosmoothed,766640955,779839471,False,0.004000901828151101
edges-corr,1,sfa,cosmoothed,766640955,781842082,False,0.0010557090309612498
edges-corr,1,sfa,cosmoothed,766640955,787025148,False,0.0025080368572202804
edges-corr,1,sfa,cosmoothed,766640955,789848216,False,0.004538512124853581
edges-corr,1,sfa,cosmoothed,766640955,793224716,False,0.006036697792207299
edges-corr,1,sfa,cosmoothed,766640955,794812542,False,0.004018297256274314
edges-corr,1,sfa,cosmoothed,766640955,816200189,False,0.004603398600157919
edges-corr,1,sfa,cosmoothed,766640955,847657808,False,0.007314470520705751
edges-corr,1,sfa,cosmoothed,767871931,766640955,False,0.018428370235028916
edges-corr,1,sfa,cosmoothed,767871931,767871931,True,0.49490605643085667
edges-corr,1,sfa,cosmoothed,767871931,771160300,False,0.0005551031366546782
edges-corr,1,sfa,cosmoothed,767871931,771990200,False,0.0512777857665181
edges-corr,1,sfa,cosmoothed,767871931,774875821,False,0.03669596575862991
edges-corr,1,sfa,cosmoothed,767871931,778240327,False,0.0027056810806284984
edges-corr,1,sfa,cosmoothed,767871931,778998620,False,0.16368475154296042
edges-corr,1,sfa,cosmoothed,767871931,779839471,False,0.02283327284976166
edges-corr,1,sfa,cosmoothed,767871931,781842082,False,0.06319779219962111
edges-corr,1,sfa,cosmoothed,767871931,787025148,False,0.018206804935496
edges-corr,1,sfa,cosmoothed,767871931,789848216,False,0.003191480897344439
edges-corr,1,sfa,cosmoothed,767871931,793224716,False,0.020031613975661316
edges-corr,1,sfa,cosmoothed,767871931,794812542,False,0.005459981165336292
edges-corr,1,sfa,cosmoothed,767871931,816200189,False,0.0007281998630499874
edges-corr,1,sfa,cosmoothed,767871931,847657808,False,0.00010917575039708426
edges-corr,1,sfa,cosmoothed,771160300,766640955,False,0.02249893008445273
edges-corr,1,sfa,cosmoothed,771160300,767871931,False,0.024316423831494408
edges-corr,1,sfa,cosmoothed,771160300,771160300,True,0.5030642807201096
edges-corr,1,sfa,cosmoothed,771160300,771990200,False,0.05093260278989298
edges-corr,1,sfa,cosmoothed,771160300,774875821,False,0.002035070904625472
edges-corr,1,sfa,cosmoothed,771160300,778240327,False,0.015268160315253356
edges-corr,1,sfa,cosmoothed,771160300,778998620,False,0.10837770445988187
edges-corr,1,sfa,cosmoothed,771160300,779839471,False,0.08124660443434539
edges-corr,1,sfa,cosmoothed,771160300,781842082,False,0.0004471394756495552
edges-corr,1,sfa,cosmoothed,771160300,787025148,False,0.02485882552389518
edges-corr,1,sfa,cosmoothed,771160300,789848216,False,0.007047388673878427
edges-corr,1,sfa,cosmoothed,771160300,793224716,False,0.02668431122325293
edges-corr,1,sfa,cosmoothed,771160300,794812542,False,0.005502395796235638
edges-corr,1,sfa,cosmoothed,771160300,816200189,False,0.0026731975113354384
edges-corr,1,sfa,cosmoothed,771160300,847657808,False,0.03740299082753754
edges-corr,1,sfa,cosmoothed,771990200,766640955,False,0.026696483956477248
edges-corr,1,sfa,cosmoothed,771990200,767871931,False,0.05113321969199912
edges-corr,1,sfa,cosmoothed,771990200,771160300,False,0.04265531631983245
edges-corr,1,sfa,cosmoothed,771990200,771990200,True,0.48374911974225976
edges-corr,1,sfa,cosmoothed,771990200,774875821,False,0.00534474118737768
edges-corr,1,sfa,cosmoothed,771990200,778240327,False,0.020275468714514525
edges-corr,1,sfa,cosmoothed,771990200,778998620,False,0.145961500653224
edges-corr,1,sfa,cosmoothed,771990200,779839471,False,0.06289749015890414
edges-corr,1,sfa,cosmoothed,771990200,781842082,False,0.03246253660890496
edges-corr,1,sfa,cosmoothed,771990200,787025148,False,0.07605296215996513
edges-corr,1,sfa,cosmoothed,771990200,789848216,False,1.6857532308581174e-05
edges-corr,1,sfa,cosmoothed,771990200,793224716,False,1.6715308186166343e-05
edges-corr,1,sfa,cosmoothed,771990200,794812542,False,0.014308273188509978
edges-corr,1,sfa,cosmoothed,771990200,816200189,False,0.0009622623919342949
edges-corr,1,sfa,cosmoothed,771990200,847657808,False,0.001177100146587177
edges-corr,1,sfa,cosmoothed,774875821,766640955,False,9.845398989698864e-06
edges-corr,1,sfa,cosmoothed,774875821,767871931,False,0.0168935650298241
edges-corr,1,sfa,cosmoothed,774875821,771160300,False,0.015628789601388443
edges-corr,1,sfa,cosmoothed,774875821,771990200,False,0.0005572516380478993
edges-corr,1,sfa,cosmoothed,774875821,774875821,True,0.3595593286318257
edges-corr,1,sfa,cosmoothed,774875821,778240327,False,8.790146270861209e-06
edges-corr,1,sfa,cosmoothed,774875821,778998620,False,0.006940855762105512
edges-corr,1,sfa,cosmoothed,774875821,779839471,False,0.00020297510994089484
edges-corr,1,sfa,cosmoothed,774875821,781842082,False,0.0001237853281259647
edges-corr,1,sfa,cosmoothed,774875821,787025148,False,0.005622260784098954
edges-corr,1,sfa,cosmoothed,774875821,789848216,False,0.0024073425196883768
edges-corr,1,sfa,cosmoothed,774875821,793224716,False,0.00017660681348050003
edges-corr,1,sfa,cosmoothed,774875821,794812542,False,0.0008763041430968501
edges-corr,1,sfa,cosmoothed,774875821,816200189,False,0.00022147987568183942
edges-corr,1,sfa,cosmoothed,774875821,847657808,False,0.008313345485346102
edges-corr,1,sfa,cosmoothed,778240327,766640955,False,0.0039185145361978575
edges-corr,1,sfa,cosmoothed,778240327,767871931,False,5.656142708942676e-05
edges-corr,1,sfa,cosmoothed,778240327,771160300,False,0.014728020391468486
edges-corr,1,sfa,cosmoothed,778240327,771990200,False,0.007617952844221035
edges-corr,1,sfa,cosmoothed,778240327,774875821,False,0.0018512595015552661
edges-corr,1,sfa,cosmoothed,778240327,778240327,True,0.2920577265457226
edges-corr,1,sfa,cosmoothed,778240327,778998620,False,4.9919040753771635e-05
edges-corr,1,sfa,cosmoothed,778240327,779839471,False,0.00903669747768553
edges-corr,1,sfa,cosmoothed,778240327,781842082,False,0.0008611089322146488
edges-corr,1,sfa,cosmoothed,778240327,787025148,False,0.015067380607581051
edges-corr,1,sfa,cosmoothed,778240327,789848216,False,0.007226180681959189
edges-corr,1,sfa,cosmoothed,778240327,793224716,False,0.004208734508928026
edges-corr,1,sfa,cosmoothed,778240327,794812542,False,0.0014026819096091276
edges-corr,1,sfa,cosmoothed,778240327,816200189,False,0.004233428649690193
edges-corr,1,sfa,cosmoothed,778240327,847657808,False,0.0067341597266993075
edges-corr,1,sfa,cosmoothed,778998620,766640955,False,0.04283160338128647
edges-corr,1,sfa,cosmoothed,778998620,767871931,False,0.1951913272015012
edges-corr,1,sfa,cosmoothed,778998620,771160300,False,0.1138783058439927
edges-corr,1,sfa,cosmoothed,778998620,771990200,False,0.17781262620849372
edges-corr,1,sfa,cosmoothed,778998620,774875821,False,0.00969756428427312
edges-corr,1,sfa,cosmoothed,778998620,778240327,False,0.0018449842561350958
edges-corr,1,sfa,cosmoothed,778998620,778998620,True,0.6270312062044806
edges-corr,1,sfa,cosmoothed,778998620,779839471,False,0.19678948682801517
edges-corr,1,sfa,cosmoothed,778998620,781842082,False,0.0017148692371340365
edges-corr,1,sfa,cosmoothed,778998620,787025148,False,0.09592867577132037
edges-corr,1,sfa,cosmoothed,778998620,789848216,False,0.006088850181361165
edges-corr,1,sfa,cosmoothed,778998620,793224716,False,0.000733301170264801
edges-corr,1,sfa,cosmoothed,778998620,794812542,False,0.047788282914215344
edges-corr,1,sfa,cosmoothed,778998620,816200189,False,0.002445129586759641
edges-corr,1,sfa,cosmoothed,778998620,847657808,False,0.014005981043378097
edges-corr,1,sfa,cosmoothed,779839471,766640955,False,0.017046491499910964
edges-corr,1,sfa,cosmoothed,779839471,767871931,False,0.004384020007612048
edges-corr,1,sfa,cosmoothed,779839471,771160300,False,0.029756506897018073
edges-corr,1,sfa,cosmoothed,779839471,771990200,False,0.05123279174050862
edges-corr,1,sfa,cosmoothed,779839471,774875821,False,0.006035984877749447
edges-corr,1,sfa,cosmoothed,779839471,778240327,False,2.124530740510716e-06
edges-corr,1,sfa,cosmoothed,779839471,778998620,False,0.08211132997496298
edges-corr,1,sfa,cosmoothed,779839471,779839471,True,0.1856777796543689
edges-corr,1,sfa,cosmoothed,779839471,781842082,False,0.0008408755688945362
edges-corr,1,sfa,cosmoothed,779839471,787025148,False,0.040299800033338794
edges-corr,1,sfa,cosmoothed,779839471,789848216,False,0.00010639022877290489
edges-corr,1,sfa,cosmoothed,779839471,793224716,False,0.001122543651846171
edges-corr,1,sfa,cosmoothed,779839471,794812542,False,0.02391838892452829
edges-corr,1,sfa,cosmoothed,779839471,816200189,False,0.009204160566166108
edges-corr,1,sfa,cosmoothed,779839471,847657808,False,0.0251861018193677
edges-corr,1,sfa,cosmoothed,781842082,766640955,False,0.012717717632937902
edges-corr,1,sfa,cosmoothed,781842082,767871931,False,0.06678228241625413
edges-corr,1,sfa,cosmoothed,781842082,771160300,False,1.8538649961176047e-05
edges-corr,1,sfa,cosmoothed,781842082,771990200,False,0.02271817000082836
edges-corr,1,sfa,cosmoothed,781842082,774875821,False,0.0005813210803218837
edges-corr,1,sfa,cosmoothed,781842082,778240327,False,0.0006331214356303076
edges-corr,1,sfa,cosmoothed,781842082,778998620,False,0.006726852408883513
edges-corr,1,sfa,cosmoothed,781842082,779839471,False,0.001263884301858802
edges-corr,1,sfa,cosmoothed,781842082,781842082,True,0.5787776361516715
edges-corr,1,sfa,cosmoothed,781842082,787025148,False,0.0014919091425382083
edges-corr,1,sfa,cosmoothed,781842082,789848216,False,0.012693738173314718
edges-corr,1,sfa,cosmoothed,781842082,793224716,False,0.01541731580911856
edges-corr,1,sfa,cosmoothed,781842082,794812542,False,0.0028626733676949774
edges-corr,1,sfa,cosmoothed,781842082,816200189,False,0.027083694634091066
edges-corr,1,sfa,cosmoothed,781842082,847657808,False,3.313351757419151e-05
edges-corr,1,sfa,cosmoothed,787025148,766640955,False,0.0006831501118397094
edges-corr,1,sfa,cosmoothed,787025148,767871931,False,0.0006309351876802942
edges-corr,1,sfa,cosmoothed,787025148,771160300,False,0.0002746719637065799
edges-corr,1,sfa,cosmoothed,787025148,771990200,False,9.02971124641962e-05
edges-corr,1,sfa,cosmoothed,787025148,774875821,False,0.0017930961070670875
edges-corr,1,sfa,cosmoothed,787025148,778240327,False,0.0010762214597993215
edges-corr,1,sfa,cosmoothed,787025148,778998620,False,0.0001690810436759795
edges-corr,1,sfa,cosmoothed,787025148,779839471,False,1.8974340156512246e-05
edges-corr,1,sfa,cosmoothed,787025148,781842082,False,1.2215175054386088e-05
edges-corr,1,sfa,cosmoothed,787025148,787025148,True,0.0016267721355076945
edges-corr,1,sfa,cosmoothed,787025148,789848216,False,2.6856255613721935e-06
edges-corr,1,sfa,cosmoothed,787025148,793224716,False,6.170791785973106e-07
edges-corr,1,sfa,cosmoothed,787025148,794812542,False,4.664027896767072e-05
edges-corr,1,sfa,cosmoothed,787025148,816200189,False,0.00037281154772654903
edges-corr,1,sfa,cosmoothed,787025148,847657808,False,0.00042500957516542994
edges-corr,1,sfa,cosmoothed,789848216,766640955,False,0.01590643802684256
edges-corr,1,sfa,cosmoothed,789848216,767871931,False,0.007467448879351876
edges-corr,1,sfa,cosmoothed,789848216,771160300,False,0.004060330835909455
edges-corr,1,sfa,cosmoothed,789848216,771990200,False,0.0022505365058673576
edges-corr,1,sfa,cosmoothed,789848216,774875821,False,0.0015298852564432847
edges-corr,1,sfa,cosmoothed,789848216,778240327,False,0.008142243544779652
edges-corr,1,sfa,cosmoothed,789848216,778998620,False,0.005089928713092159
edges-corr,1,sfa,cosmoothed,789848216,779839471,False,0.007286278951390759
edges-corr,1,sfa,cosmoothed,789848216,781842082,False,0.016590474134458726
edges-corr,1,sfa,cosmoothed,789848216,787025148,False,0.0007198981667125775
edges-corr,1,sfa,cosmoothed,789848216,789848216,True,0.5868843597830825
edges-corr,1,sfa,cosmoothed,789848216,793224716,False,0.0027160962424888583
edges-corr,1,sfa,cosmoothed,789848216,794812542,False,0.012644374848628449
edges-corr,1,sfa,cosmoothed,789848216,816200189,False,0.005263203571504975
edges-corr,1,sfa,cosmoothed,789848216,847657808,False,0.02239051532501661
edges-corr,1,sfa,cosmoothed,793224716,766640955,False,0.001011333612522625
edges-corr,1,sfa,cosmoothed,793224716,767871931,False,0.05622479364259894
edges-corr,1,sfa,cosmoothed,793224716,771160300,False,0.017891855035515502
edges-corr,1,sfa,cosmoothed,793224716,771990200,False,0.00022367265373247525
edges-corr,1,sfa,cosmoothed,793224716,774875821,False,0.0004136595788581046
edges-corr,1,sfa,cosmoothed,793224716,778240327,False,0.007169774638947007
edges-corr,1,sfa,cosmoothed,793224716,778998620,False,5.716616506219487e-05
edges-corr,1,sfa,cosmoothed,793224716,779839471,False,0.003429117285756357
edges-corr,1,sfa,cosmoothed,793224716,781842082,False,0.016840597778693425
edges-corr,1,sfa,cosmoothed,793224716,787025148,False,4.540318661425824e-05
edges-corr,1,sfa,cosmoothed,793224716,789848216,False,0.0011250829101341925
edges-corr,1,sfa,cosmoothed,793224716,793224716,True,0.5443295576240592
edges-corr,1,sfa,cosmoothed,793224716,794812542,False,0.013444643733937712
edges-corr,1,sfa,cosmoothed,793224716,816200189,False,0.0011503231368760636
edges-corr,1,sfa,cosmoothed,793224716,847657808,False,0.0247066010525969
edges-corr,1,sfa,cosmoothed,794812542,766640955,False,0.019563696102669496
edges-corr,1,sfa,cosmoothed,794812542,767871931,False,8.750002366903763e-06
edges-corr,1,sfa,cosmoothed,794812542,771160300,False,0.0005604334069238889
edges-corr,1,sfa,cosmoothed,794812542,771990200,False,0.00653628325006586
edges-corr,1,sfa,cosmoothed,794812542,774875821,False,0.00525892835619204
edges-corr,1,sfa,cosmoothed,794812542,778240327,False,0.0054460290378099485
edges-corr,1,sfa,cosmoothed,794812542,778998620,False,0.03759619048121928
edges-corr,1,sfa,cosmoothed,794812542,779839471,False,0.04056219376627886
edges-corr,1,sfa,cosmoothed,794812542,781842082,False,0.004009848966029397
edges-corr,1,sfa,cosmoothed,794812542,787025148,False,0.00853843650530436
edges-corr,1,sfa,cosmoothed,794812542,789848216,False,0.00716229960518651
edges-corr,1,sfa,cosmoothed,794812542,793224716,False,0.005593678635077282
edges-corr,1,sfa,cosmoothed,794812542,794812542,True,0.3516588264247973
edges-corr,1,sfa,cosmoothed,794812542,816200189,False,0.0019953206585669294
edges-corr,1,sfa,cosmoothed,794812542,847657808,False,0.009360740670105184
edges-corr,1,sfa,cosmoothed,816200189,766640955,False,0.011127375965048468
edges-corr,1,sfa,cosmoothed,816200189,767871931,False,0.006784047702968682
edges-corr,1,sfa,cosmoothed,816200189,771160300,False,0.0012408101998377201
edges-corr,1,sfa,cosmoothed,816200189,771990200,False,0.00014721468278490105
edges-corr,1,sfa,cosmoothed,816200189,774875821,False,0.004211014677071186
edges-corr,1,sfa,cosmoothed,816200189,778240327,False,0.016063350274582076
edges-corr,1,sfa,cosmoothed,816200189,778998620,False,0.0022069491508229177
edges-corr,1,sfa,cosmoothed,816200189,779839471,False,0.0013765072304445676
edges-corr,1,sfa,cosmoothed,816200189,781842082,False,0.015893720030661817
edges-corr,1,sfa,cosmoothed,816200189,787025148,False,0.005301913647750668
edges-corr,1,sfa,cosmoothed,816200189,789848216,False,0.00583992556877969
edges-corr,1,sfa,cosmoothed,816200189,793224716,False,0.0019160140937107637
edges-corr,1,sfa,cosmoothed,816200189,794812542,False,0.0001622058811381544
edges-corr,1,sfa,cosmoothed,816200189,816200189,True,0.20325549879006696
edges-corr,1,sfa,cosmoothed,816200189,847657808,False,0.01194043672738834
edges-corr,1,sfa,cosmoothed,847657808,766640955,False,0.014281082387498482
edges-corr,1,sfa,cosmoothed,847657808,767871931,False,0.0018975238018103836
edges-corr,1,sfa,cosmoothed,847657808,771160300,False,0.0027076677794171645
edges-corr,1,sfa,cosmoothed,847657808,771990200,False,8.601951311647858e-05
edges-corr,1,sfa,cosmoothed,847657808,774875821,False,0.007349263089536518
edges-corr,1,sfa,cosmoothed,847657808,778240327,False,0.0024821831820440966
edges-corr,1,sfa,cosmoothed,847657808,778998620,False,4.364924562779463e-06
edges-corr,1,sfa,cosmoothed,847657808,779839471,False,0.0036042539154175664
edges-corr,1,sfa,cosmoothed,847657808,781842082,False,0.000228793243154143
edges-corr,1,sfa,cosmoothed,847657808,787025148,False,0.01685731425544517
edges-corr,1,sfa,cosmoothed,847657808,789848216,False,0.002817001846269829
edges-corr,1,sfa,cosmoothed,847657808,793224716,False,0.017799655767070186
edges-corr,1,sfa,cosmoothed,847657808,794812542,False,0.00882365433842158
edges-corr,1,sfa,cosmoothed,847657808,816200189,False,0.01299481553779867
edges-corr,1,sfa,cosmoothed,847657808,847657808,True,0.3599608482878091
edges-corr,2,sfa,cosmoothed,766640955,766640955,True,0.28812238081165975
edges-corr,2,sfa,cosmoothed,766640955,767871931,False,0.0004687033198537446
edges-corr,2,sfa,cosmoothed,766640955,771160300,False,0.00202226938733919
edges-corr,2,sfa,cosmoothed,766640955,771990200,False,0.01560695846897683
edges-corr,2,sfa,cosmoothed,766640955,774875821,False,0.004670498267805014
edges-corr,2,sfa,cosmoothed,766640955,778240327,False,0.013590622634422312
edges-corr,2,sfa,cosmoothed,766640955,778998620,False,0.013743428785265842
edges-corr,2,sfa,cosmoothed,766640955,779839471,False,0.008244484981803446
edges-corr,2,sfa,cosmoothed,766640955,781842082,False,0.0031986925574717467
edges-corr,2,sfa,cosmoothed,766640955,787025148,False,0.005413676157168643
edges-corr,2,sfa,cosmoothed,766640955,789848216,False,0.011026515287706994
edges-corr,2,sfa,cosmoothed,766640955,793224716,False,0.006959694742049532
edges-corr,2,sfa,cosmoothed,766640955,794812542,False,0.006552468521216515
edges-corr,2,sfa,cosmoothed,766640955,816200189,False,0.008709476965970863
edges-corr,2,sfa,cosmoothed,766640955,847657808,False,0.013574260710489469
edges-corr,2,sfa,cosmoothed,767871931,766640955,False,0.020113187869863096
edges-corr,2,sfa,cosmoothed,767871931,767871931,True,0.5723076791538478
edges-corr,2,sfa,cosmoothed,767871931,771160300,False,0.0006265186568628077
edges-corr,2,sfa,cosmoothed,767871931,771990200,False,0.06126094434839699
edges-corr,2,sfa,cosmoothed,767871931,774875821,False,0.04260487666453301
edges-corr,2,sfa,cosmoothed,767871931,778240327,False,0.0026546523804200552
edges-corr,2,sfa,cosmoothed,767871931,778998620,False,0.1920942452146625
edges-corr,2,sfa,cosmoothed,767871931,779839471,False,0.027083582319017054
edges-corr,2,sfa,cosmoothed,767871931,781842082,False,0.07524697978570538
edges-corr,2,sfa,cosmoothed,767871931,787025148,False,0.02225775205992675
edges-corr,2,sfa,cosmoothed,767871931,789848216,False,0.0031740886724014082
edges-corr,2,sfa,cosmoothed,767871931,793224716,False,0.0238534408378001
edges-corr,2,sfa,cosmoothed,767871931,794812542,False,0.0061489464336232
edges-corr,2,sfa,cosmoothed,767871931,816200189,False,0.0009468433408200459
edges-corr,2,sfa,cosmoothed,767871931,847657808,False,0.00019145271439221064
edges-corr,2,sfa,cosmoothed,771160300,766640955,False,0.028806462791430378
edges-corr,2,sfa,cosmoothed,771160300,767871931,False,0.028601355100730842
edges-corr,2,sfa,cosmoothed,771160300,771160300,True,0.6465323729444136
edges-corr,2,sfa,cosmoothed,771160300,771990200,False,0.06547936139575837
edges-corr,2,sfa,cosmoothed,771160300,774875821,False,0.002986051666878637
edges-corr,2,sfa,cosmoothed,771160300,778240327,False,0.017306916103936292
edges-corr,2,sfa,cosmoothed,771160300,778998620,False,0.1343300737441908
edges-corr,2,sfa,cosmoothed,771160300,779839471,False,0.09623336308976471
edges-corr,2,sfa,cosmoothed,771160300,781842082,False,0.000742542890918467
edges-corr,2,sfa,cosmoothed,771160300,787025148,False,0.03243082448762305
edges-corr,2,sfa,cosmoothed,771160300,789848216,False,0.008377507564599061
edges-corr,2,sfa,cosmoothed,771160300,793224716,False,0.03664960249551081
edges-corr,2,sfa,cosmoothed,771160300,794812542,False,0.007039635918295085
edges-corr,2,sfa,cosmoothed,771160300,816200189,False,0.004101952835268746
edges-corr,2,sfa,cosmoothed,771160300,847657808,False,0.04745107955308965
edges-corr,2,sfa,cosmoothed,771990200,766640955,False,0.030882968528784534
edges-corr,2,sfa,cosmoothed,771990200,767871931,False,0.05491722922433081
edges-corr,2,sfa,cosmoothed,771990200,771160300,False,0.05118331631667352
edges-corr,2,sfa,cosmoothed,771990200,771990200,True,0.5472260965457192
edges-corr,2,sfa,cosmoothed,771990200,774875821,False,0.005567179293456638
edges-corr,2,sfa,cosmoothed,771990200,778240327,False,0.025385554775824184
edges-corr,2,sfa,cosmoothed,771990200,778998620,False,0.16034940293608263
edges-corr,2,sfa,cosmoothed,771990200,779839471,False,0.06754637349231811
edges-corr,2,sfa,cosmoothed,771990200,781842082,False,0.03565487373777812
edges-corr,2,sfa,cosmoothed,771990200,787025148,False,0.09282565139582127
edges-corr,2,sfa,cosmoothed,771990200,789848216,False,0.0001318199073613887
edges-corr,2,sfa,cosmoothed,771990200,793224716,False,1.5708857492566958e-07
edges-corr,2,sfa,cosmoothed,771990200,794812542,False,0.015853058658092906
edges-corr,2,sfa,cosmoothed,771990200,816200189,False,0.0020676186596196404
edges-corr,2,sfa,cosmoothed,771990200,847657808,False,0.0019225112985993586
edges-corr,2,sfa,cosmoothed,774875821,766640955,False,1.292719765664111e-05
edges-corr,2,sfa,cosmoothed,774875821,767871931,False,0.021639367657485285
edges-corr,2,sfa,cosmoothed,774875821,771160300,False,0.01978911544283377
edges-corr,2,sfa,cosmoothed,774875821,771990200,False,0.0006092358384226195
edges-corr,2,sfa,cosmoothed,774875821,774875821,True,0.48723202067598415
edges-corr,2,sfa,cosmoothed,774875821,778240327,False,0.00029877555922770677
edges-corr,2,sfa,cosmoothed,774875821,778998620,False,0.008040059227064543
edges-corr,2,sfa,cosmoothed,774875821,779839471,False,8.607910993160236e-05
edges-corr,2,sfa,cosmoothed,774875821,781842082,False,0.00011907034429173378
edges-corr,2,sfa,cosmoothed,774875821,787025148,False,0.0091601745046045
edges-corr,2,sfa,cosmoothed,774875821,789848216,False,0.0031168186660742673
edges-corr,2,sfa,cosmoothed,774875821,793224716,False,0.00012087584460785556
edges-corr,2,sfa,cosmoothed,774875821,794812542,False,0.0014914171547830623
edges-corr,2,sfa,cosmoothed,774875821,816200189,False,0.0002704921801496776
edges-corr,2,sfa,cosmoothed,774875821,847657808,False,0.009717912879729063
edges-corr,2,sfa,cosmoothed,778240327,766640955,False,0.004611732446535924
edges-corr,2,sfa,cosmoothed,778240327,767871931,False,0.00016379940329607905
edges-corr,2,sfa,cosmoothed,778240327,771160300,False,0.018719879577638494
edges-corr,2,sfa,cosmoothed,778240327,771990200,False,0.009866122031180242
edges-corr,2,sfa,cosmoothed,778240327,774875821,False,0.0031531535496432434
edges-corr,2,sfa,cosmoothed,778240327,778240327,True,0.3927450276250798
edges-corr,2,sfa,cosmoothed,778240327,778998620,False,8.618172771637703e-06
edges-corr,2,sfa,cosmoothed,778240327,779839471,False,0.01042763527999042
edges-corr,2,sfa,cosmoothed,778240327,781842082,False,0.0008145690384683034
edges-corr,2,sfa,cosmoothed,778240327,787025148,False,0.023442418794371592
edges-corr,2,sfa,cosmoothed,778240327,789848216,False,0.011246041322745561
edges-corr,2,sfa,cosmoothed,778240327,793224716,False,0.005874148829353575
edges-corr,2,sfa,cosmoothed,778240327,794812542,False,0.002276892845358515
edges-corr,2,sfa,cosmoothed,778240327,816200189,False,0.006191202707344641
edges-corr,2,sfa,cosmoothed,778240327,847657808,False,0.009202974779726161
edges-corr,2,sfa,cosmoothed,778998620,766640955,False,0.04994067686969065
edges-corr,2,sfa,cosmoothed,778998620,767871931,False,0.22079167359869464
edges-corr,2,sfa,cosmoothed,778998620,771160300,False,0.1295472545505439
edges-corr,2,sfa,cosmoothed,778998620,771990200,False,0.19930599180243713
edges-corr,2,sfa,cosmoothed,778998620,774875821,False,0.011573346305707641
edges-corr,2,sfa,cosmoothed,778998620,778240327,False,0.0022822267880043506
edges-corr,2,sfa,cosmoothed,778998620,778998620,True,0.7016453819777859
edges-corr,2,sfa,cosmoothed,778998620,779839471,False,0.22337708168663906
edges-corr,2,sfa,cosmoothed,778998620,781842082,False,0.0015304615274313773
edges-corr,2,sfa,cosmoothed,778998620,787025148,False,0.10856123665956778
edges-corr,2,sfa,cosmoothed,778998620,789848216,False,0.007145899504734356
edges-corr,2,sfa,cosmoothed,778998620,793224716,False,0.0010203607678048803
edges-corr,2,sfa,cosmoothed,778998620,794812542,False,0.05616297637538374
edges-corr,2,sfa,cosmoothed,778998620,816200189,False,0.0023273556536150606
edges-corr,2,sfa,cosmoothed,778998620,847657808,False,0.015659406352972787
edges-corr,2,sfa,cosmoothed,779839471,766640955,False,0.02431985720455999
edges-corr,2,sfa,cosmoothed,779839471,767871931,False,0.007201066782935663
edges-corr,2,sfa,cosmoothed,779839471,771160300,False,0.04381440279714984
edges-corr,2,sfa,cosmoothed,779839471,771990200,False,0.07006684904720704
edges-corr,2,sfa,cosmoothed,779839471,774875821,False,0.01034691877895314
edges-corr,2,sfa,cosmoothed,779839471,778240327,False,1.731237394147898e-05
edges-corr,2,sfa,cosmoothed,779839471,778998620,False,0.12357577560273242
edges-corr,2,sfa,cosmoothed,779839471,779839471,True,0.29769451170156214
edges-corr,2,sfa,cosmoothed,779839471,781842082,False,0.000961546341371665
edges-corr,2,sfa,cosmoothed,779839471,787025148,False,0.0608098135894218
edges-corr,2,sfa,cosmoothed,779839471,789848216,False,0.0008443136932345404
edges-corr,2,sfa,cosmoothed,779839471,793224716,False,0.0013857802934436527
edges-corr,2,sfa,cosmoothed,779839471,794812542,False,0.032954085556403744
edges-corr,2,sfa,cosmoothed,779839471,816200189,False,0.01331492361012322
edges-corr,2,sfa,cosmoothed,779839471,847657808,False,0.036564511261550726
edges-corr,2,sfa,cosmoothed,781842082,766640955,False,0.014628723018256967
edges-corr,2,sfa,cosmoothed,781842082,767871931,False,0.0773511916041847
edges-corr,2,sfa,cosmoothed,781842082,771160300,False,3.753524957620476e-05
edges-corr,2,sfa,cosmoothed,781842082,771990200,False,0.025778023086780746
edges-corr,2,sfa,cosmoothed,781842082,774875821,False,0.0009332219230254586
edges-corr,2,sfa,cosmoothed,781842082,778240327,False,0.0006566877474201073
edges-corr,2,sfa,cosmoothed,781842082,778998620,False,0.006925772946350538
edges-corr,2,sfa,cosmoothed,781842082,779839471,False,0.0016908796456920816
edges-corr,2,sfa,cosmoothed,781842082,781842082,True,0.684126716089755
edges-corr,2,sfa,cosmoothed,781842082,787025148,False,0.0017421191974269128
edges-corr,2,sfa,cosmoothed,781842082,789848216,False,0.016047401972417517
edges-corr,2,sfa,cosmoothed,781842082,793224716,False,0.01852227456392407
edges-corr,2,sfa,cosmoothed,781842082,794812542,False,0.003431260950739673
edges-corr,2,sfa,cosmoothed,781842082,816200189,False,0.035400307657362226
edges-corr,2,sfa,cosmoothed,781842082,847657808,False,3.4473478638123446e-05
edges-corr,2,sfa,cosmoothed,787025148,766640955,False,0.0001745825961098168
edges-corr,2,sfa,cosmoothed,787025148,767871931,False,0.00039514879671353364
edges-corr,2,sfa,cosmoothed,787025148,771160300,False,0.0012826204969269461
edges-corr,2,sfa,cosmoothed,787025148,771990200,False,0.00016649739575411894
edges-corr,2,sfa,cosmoothed,787025148,774875821,False,0.003114003937661782
edges-corr,2,sfa,cosmoothed,787025148,778240327,False,0.00010373367740224564
edges-corr,2,sfa,cosmoothed,787025148,778998620,False,4.118247024068222e-05
edges-corr,2,sfa,cosmoothed,787025148,779839471,False,0.0007931876737807641
edges-corr,2,sfa,cosmoothed,787025148,781842082,False,3.860343011953246e-05
edges-corr,2,sfa,cosmoothed,787025148,787025148,True,0.0016162640747246282
edges-corr,2,sfa,cosmoothed,787025148,789848216,False,2.3620004883679325e-05
edges-corr,2,sfa,cosmoothed,787025148,793224716,False,2.7778312438092248e-05
edges-corr,2,sfa,cosmoothed,787025148,794812542,False,1.6055479397439373e-05
edges-corr,2,sfa,cosmoothed,787025148,816200189,False,0.00010101738941203108
edges-corr,2,sfa,cosmoothed,787025148,847657808,False,0.0001794064482922473
edges-corr,2,sfa,cosmoothed,789848216,766640955,False,0.019285729899974357
edges-corr,2,sfa,cosmoothed,789848216,767871931,False,0.009509236084499351
edges-corr,2,sfa,cosmoothed,789848216,771160300,False,0.004904628552842989
edges-corr,2,sfa,cosmoothed,789848216,771990200,False,0.002380730249154811
edges-corr,2,sfa,cosmoothed,789848216,774875821,False,0.0022841337132375387
edges-corr,2,sfa,cosmoothed,789848216,778240327,False,0.010225364064069554
edges-corr,2,sfa,cosmoothed,789848216,778998620,False,0.006607942703013698
edges-corr,2,sfa,cosmoothed,789848216,779839471,False,0.008433696574827723
edges-corr,2,sfa,cosmoothed,789848216,781842082,False,0.020916986334577295
edges-corr,2,sfa,cosmoothed,789848216,787025148,False,0.0006939834387139689
edges-corr,2,sfa,cosmoothed,789848216,789848216,True,0.7365624745776249
edges-corr,2,sfa,cosmoothed,789848216,793224716,False,0.0027601239498182026
edges-corr,2,sfa,cosmoothed,789848216,794812542,False,0.015326648749525286
edges-corr,2,sfa,cosmoothed,789848216,816200189,False,0.005552914477073144
edges-corr,2,sfa,cosmoothed,789848216,847657808,False,0.026826052056946728
edges-corr,2,sfa,cosmoothed,793224716,766640955,False,0.0016818092338841324
edges-corr,2,sfa,cosmoothed,793224716,767871931,False,0.07204374474247768
edges-corr,2,sfa,cosmoothed,793224716,771160300,False,0.02303588683602933
edges-corr,2,sfa,cosmoothed,793224716,771990200,False,0.00022848892387556595
edges-corr,2,sfa,cosmoothed,793224716,774875821,False,0.0006262832447095597
edges-corr,2,sfa,cosmoothed,793224716,778240327,False,0.011213259373581587
edges-corr,2,sfa,cosmoothed,793224716,778998620,False,8.645096514814217e-05
edges-corr,2,sfa,cosmoothed,793224716,779839471,False,0.0038887934958360864
edges-corr,2,sfa,cosmoothed,793224716,781842082,False,0.021239911486652326
edges-corr,2,sfa,cosmoothed,793224716,787025148,False,8.271583352540603e-05
edges-corr,2,sfa,cosmoothed,793224716,789848216,False,0.0019044516373744704
edges-corr,2,sfa,cosmoothed,793224716,793224716,True,0.6814530939999481
edges-corr,2,sfa,cosmoothed,793224716,794812542,False,0.01849755813207448
edges-corr,2,sfa,cosmoothed,793224716,816200189,False,0.001746648345642759
edges-corr,2,sfa,cosmoothed,793224716,847657808,False,0.032883440664088645
edges-corr,2,sfa,cosmoothed,794812542,766640955,False,0.024167254975321642
edges-corr,2,sfa,cosmoothed,794812542,767871931,False,3.433730794999168e-05
edges-corr,2,sfa,cosmoothed,794812542,771160300,False,0.0006462139928658807
edges-corr,2,sfa,cosmoothed,794812542,771990200,False,0.008381492111901034
edges-corr,2,sfa,cosmoothed,794812542,774875821,False,0.00601717427871664
edges-corr,2,sfa,cosmoothed,794812542,778240327,False,0.0072916966025040495
edges-corr,2,sfa,cosmoothed,794812542,778998620,False,0.05104277757896664
edges-corr,2,sfa,cosmoothed,794812542,779839471,False,0.04914542047886052
edges-corr,2,sfa,cosmoothed,794812542,781842082,False,0.004607021242390097
edges-corr,2,sfa,cosmoothed,794812542,787025148,False,0.011529863649500307
edges-corr,2,sfa,cosmoothed,794812542,789848216,False,0.009776589409129998
edges-corr,2,sfa,cosmoothed,794812542,793224716,False,0.007382813500977844
edges-corr,2,sfa,cosmoothed,794812542,794812542,True,0.5313171724278967
edges-corr,2,sfa,cosmoothed,794812542,816200189,False,0.0020534767460964978
edges-corr,2,sfa,cosmoothed,794812542,847657808,False,0.01146643421466917
edges-corr,2,sfa,cosmoothed,816200189,766640955,False,0.01892119591672742
edges-corr,2,sfa,cosmoothed,816200189,767871931,False,0.009576298980606421
edges-corr,2,sfa,cosmoothed,816200189,771160300,False,0.0013405376174682533
edges-corr,2,sfa,cosmoothed,816200189,771990200,False,0.0003216414765523873
edges-corr,2,sfa,cosmoothed,816200189,774875821,False,0.0072843182945589125
edges-corr,2,sfa,cosmoothed,816200189,778240327,False,0.024894715110164667
edges-corr,2,sfa,cosmoothed,816200189,778998620,False,0.002154525667473063
edges-corr,2,sfa,cosmoothed,816200189,779839471,False,0.0015710669858626073
edges-corr,2,sfa,cosmoothed,816200189,781842082,False,0.026471446078127688
edges-corr,2,sfa,cosmoothed,816200189,787025148,False,0.006972073699672189
edges-corr,2,sfa,cosmoothed,816200189,789848216,False,0.010049550694079978
edges-corr,2,sfa,cosmoothed,816200189,793224716,False,0.0032008219212081037
edges-corr,2,sfa,cosmoothed,816200189,794812542,False,0.0004056894399399645
edges-corr,2,sfa,cosmoothed,816200189,816200189,True,0.30272118908036155
edges-corr,2,sfa,cosmoothed,816200189,847657808,False,0.021819450871514517
edges-corr,2,sfa,cosmoothed,847657808,766640955,False,0.020829594922479183
edges-corr,2,sfa,cosmoothed,847657808,767871931,False,0.0023477750179735314
edges-corr,2,sfa,cosmoothed,847657808,771160300,False,0.0019227641706308324
edges-corr,2,sfa,cosmoothed,847657808,771990200,False,0.0004712954818518694
edges-corr,2,sfa,cosmoothed,847657808,774875821,False,0.009321274826456605
edges-corr,2,sfa,cosmoothed,847657808,778240327,False,0.003313711321549377
edges-corr,2,sfa,cosmoothed,847657808,778998620,False,4.689599603570989e-06
edges-corr,2,sfa,cosmoothed,847657808,779839471,False,0.0020988507881736333
edges-corr,2,sfa,cosmoothed,847657808,781842082,False,9.357639626473676e-08
edges-corr,2,sfa,cosmoothed,847657808,787025148,False,0.02028159839706934
edges-corr,2,sfa,cosmoothed,847657808,789848216,False,0.004027123880962797
edges-corr,2,sfa,cosmoothed,847657808,793224716,False,0.019385892587905237
edges-corr,2,sfa,cosmoothed,847657808,794812542,False,0.010329596210136063
edges-corr,2,sfa,cosmoothed,847657808,816200189,False,0.012650874477657056
edges-corr,2,sfa,cosmoothed,847657808,847657808,True,0.38036710422513975
edges-corr,4,sfa,cosmoothed,766640955,766640955,True,0.43213895167499805
edges-corr,4,sfa,cosmoothed,766640955,767871931,False,0.0008747425159449341
edges-corr,4,sfa,cosmoothed,766640955,771160300,False,0.002859662209156256
edges-corr,4,sfa,cosmoothed,766640955,771990200,False,0.023476625784397562
edges-corr,4,sfa,cosmoothed,766640955,774875821,False,0.005071619091850535
edges-corr,4,sfa,cosmoothed,766640955,778240327,False,0.01779677966383285
edges-corr,4,sfa,cosmoothed,766640955,778998620,False,0.018680276742902333
edges-corr,4,sfa,cosmoothed,766640955,779839471,False,0.012176323906349582
edges-corr,4,sfa,cosmoothed,766640955,781842082,False,0.005639288486502985
edges-corr,4,sfa,cosmoothed,766640955,787025148,False,0.007255286075517594
edges-corr,4,sfa,cosmoothed,766640955,789848216,False,0.017930660740802837
edges-corr,4,sfa,cosmoothed,766640955,793224716,False,0.007300787314596602
edges-corr,4,sfa,cosmoothed,766640955,794812542,False,0.008794873576694224
edges-corr,4,sfa,cosmoothed,766640955,816200189,False,0.01231045900631803
edges-corr,4,sfa,cosmoothed,766640955,847657808,False,0.019480561381929846
edges-corr,4,sfa,cosmoothed,767871931,766640955,False,0.022127549551403867
edges-corr,4,sfa,cosmoothed,767871931,767871931,True,0.6430573607474707
edges-corr,4,sfa,cosmoothed,767871931,771160300,False,0.0005679524377789469
edges-corr,4,sfa,cosmoothed,767871931,771990200,False,0.07103669397435579
edges-corr,4,sfa,cosmoothed,767871931,774875821,False,0.04832514506798083
edges-corr,4,sfa,cosmoothed,767871931,778240327,False,0.002409382822338316
edges-corr,4,sfa,cosmoothed,767871931,778998620,False,0.21588624293570619
edges-corr,4,sfa,cosmoothed,767871931,779839471,False,0.02981934266530868
edges-corr,4,sfa,cosmoothed,767871931,781842082,False,0.08750574707671953
edges-corr,4,sfa,cosmoothed,767871931,787025148,False,0.025302953574296162
edges-corr,4,sfa,cosmoothed,767871931,789848216,False,0.003718360318512297
edges-corr,4,sfa,cosmoothed,767871931,793224716,False,0.02703798423915725
edges-corr,4,sfa,cosmoothed,767871931,794812542,False,0.007540896541694317
edges-corr,4,sfa,cosmoothed,767871931,816200189,False,0.0011173406309059471
edges-corr,4,sfa,cosmoothed,767871931,847657808,False,0.000271926274943907
edges-corr,4,sfa,cosmoothed,771160300,766640955,False,0.034085076642117206
edges-corr,4,sfa,cosmoothed,771160300,767871931,False,0.03169952333692067
edges-corr,4,sfa,cosmoothed,771160300,771160300,True,0.7581829718601476
edges-corr,4,sfa,cosmoothed,771160300,771990200,False,0.07312272434961299
edges-corr,4,sfa,cosmoothed,771160300,774875821,False,0.0039521933989367245
edges-corr,4,sfa,cosmoothed,771160300,778240327,False,0.021015027026284196
edges-corr,4,sfa,cosmoothed,771160300,778998620,False,0.15087892931013552
edges-corr,4,sfa,cosmoothed,771160300,779839471,False,0.10787714647434483
edges-corr,4,sfa,cosmoothed,771160300,781842082,False,0.0007894206839875194
edges-corr,4,sfa,cosmoothed,771160300,787025148,False,0.03807270552720924
edges-corr,4,sfa,cosmoothed,771160300,789848216,False,0.01055136344449185
edges-corr,4,sfa,cosmoothed,771160300,793224716,False,0.04695352460441174
edges-corr,4,sfa,cosmoothed,771160300,794812542,False,0.008577845817700238
edges-corr,4,sfa,cosmoothed,771160300,816200189,False,0.0062105598311263605
edges-corr,4,sfa,cosmoothed,771160300,847657808,False,0.05888433958351865
edges-corr,4,sfa,cosmoothed,771990200,766640955,False,0.036294572864537876
edges-corr,4,sfa,cosmoothed,771990200,767871931,False,0.06164933548216349
edges-corr,4,sfa,cosmoothed,771990200,771160300,False,0.061490954160847766
edges-corr,4,sfa,cosmoothed,771990200,771990200,True,0.6292553381582157
edges-corr,4,sfa,cosmoothed,771990200,774875821,False,0.006142361570222241
edges-corr,4,sfa,cosmoothed,771990200,778240327,False,0.031084833321193286
edges-corr,4,sfa,cosmoothed,771990200,778998620,False,0.17926342901534786
edges-corr,4,sfa,cosmoothed,771990200,779839471,False,0.07671851248483957
edges-corr,4,sfa,cosmoothed,771990200,781842082,False,0.041768011900091974
edges-corr,4,sfa,cosmoothed,771990200,787025148,False,0.11305747394432351
edges-corr,4,sfa,cosmoothed,771990200,789848216,False,0.0001578580532019738
edges-corr,4,sfa,cosmoothed,771990200,793224716,False,2.1807936522982757e-06
edges-corr,4,sfa,cosmoothed,771990200,794812542,False,0.01691036030275251
edges-corr,4,sfa,cosmoothed,771990200,816200189,False,0.003885782924176228
edges-corr,4,sfa,cosmoothed,771990200,847657808,False,0.002548481348618626
edges-corr,4,sfa,cosmoothed,774875821,766640955,False,9.859617662095885e-07
edges-corr,4,sfa,cosmoothed,774875821,767871931,False,0.024585339187732265
edges-corr,4,sfa,cosmoothed,774875821,771160300,False,0.024753403167691326
edges-corr,4,sfa,cosmoothed,774875821,771990200,False,0.0011378747438751489
edges-corr,4,sfa,cosmoothed,774875821,774875821,True,0.6059176662999068
edges-corr,4,sfa,cosmoothed,774875821,778240327,False,0.0003641557193496036
edges-corr,4,sfa,cosmoothed,774875821,778998620,False,0.010608645463608487
edges-corr,4,sfa,cosmoothed,774875821,779839471,False,2.6169895716909792e-05
edges-corr,4,sfa,cosmoothed,774875821,781842082,False,0.00024191209302865306
edges-corr,4,sfa,cosmoothed,774875821,787025148,False,0.011205870690800873
edges-corr,4,sfa,cosmoothed,774875821,789848216,False,0.004310992603509266
edges-corr,4,sfa,cosmoothed,774875821,793224716,False,0.00013343886425715992
edges-corr,4,sfa,cosmoothed,774875821,794812542,False,0.002077678956774751
edges-corr,4,sfa,cosmoothed,774875821,816200189,False,0.00012303011740228824
edges-corr,4,sfa,cosmoothed,774875821,847657808,False,0.012890077595923519
edges-corr,4,sfa,cosmoothed,778240327,766640955,False,0.007326618256129778
edges-corr,4,sfa,cosmoothed,778240327,767871931,False,0.0005279486162138181
edges-corr,4,sfa,cosmoothed,778240327,771160300,False,0.021802703344066875
edges-corr,4,sfa,cosmoothed,778240327,771990200,False,0.0126308008521081
edges-corr,4,sfa,cosmoothed,778240327,774875821,False,0.0020727694307641257
edges-corr,4,sfa,cosmoothed,778240327,778240327,True,0.5503108602341038
edges-corr,4,sfa,cosmoothed,778240327,778998620,False,3.8554452909389263e-05
edges-corr,4,sfa,cosmoothed,778240327,779839471,False,0.012202969887049858
edges-corr,4,sfa,cosmoothed,778240327,781842082,False,0.001451570944652828
edges-corr,4,sfa,cosmoothed,778240327,787025148,False,0.03395310066818416
edges-corr,4,sfa,cosmoothed,778240327,789848216,False,0.018382222941873867
edges-corr,4,sfa,cosmoothed,778240327,793224716,False,0.00934351365693727
edges-corr,4,sfa,cosmoothed,778240327,794812542,False,0.0037585146728744416
edges-corr,4,sfa,cosmoothed,778240327,816200189,False,0.0077156512318308345
edges-corr,4,sfa,cosmoothed,778240327,847657808,False,0.01266420601754196
edges-corr,4,sfa,cosmoothed,778998620,766640955,False,0.055844588600566125
edges-corr,4,sfa,cosmoothed,778998620,767871931,False,0.2383721114393182
edges-corr,4,sfa,cosmoothed,778998620,771160300,False,0.14439236996531268
edges-corr,4,sfa,cosmoothed,778998620,771990200,False,0.2180872387804164
edges-corr,4,sfa,cosmoothed,778998620,774875821,False,0.01305568730048225
edges-corr,4,sfa,cosmoothed,778998620,778240327,False,0.0021427455825653204
edges-corr,4,sfa,cosmoothed,778998620,778998620,True,0.7620942964303021
edges-corr,4,sfa,cosmoothed,778998620,779839471,False,0.24961965915739326
edges-corr,4,sfa,cosmoothed,778998620,781842082,False,0.00163164660132548
edges-corr,4,sfa,cosmoothed,778998620,787025148,False,0.11966480636081722
edges-corr,4,sfa,cosmoothed,778998620,789848216,False,0.008060146513785246
edges-corr,4,sfa,cosmoothed,778998620,793224716,False,0.0011971077896774194
edges-corr,4,sfa,cosmoothed,778998620,794812542,False,0.06269968608399981
edges-corr,4,sfa,cosmoothed,778998620,816200189,False,0.0026998878824489596
edges-corr,4,sfa,cosmoothed,778998620,847657808,False,0.017057781629086416
edges-corr,4,sfa,cosmoothed,779839471,766640955,False,0.03105130204477627
edges-corr,4,sfa,cosmoothed,779839471,767871931,False,0.010237146204709046
edges-corr,4,sfa,cosmoothed,779839471,771160300,False,0.05992185241064902
edges-corr,4,sfa,cosmoothed,779839471,771990200,False,0.08862733020195493
edges-corr,4,sfa,cosmoothed,779839471,774875821,False,0.01334826793079969
edges-corr,4,sfa,cosmoothed,779839471,778240327,False,0.0002137062033102073
edges-corr,4,sfa,cosmoothed,779839471,778998620,False,0.1670332894434287
edges-corr,4,sfa,cosmoothed,779839471,779839471,True,0.4266539347206675
edges-corr,4,sfa,cosmoothed,779839471,781842082,False,0.0009980413627327196
edges-corr,4,sfa,cosmoothed,779839471,787025148,False,0.08586617025024766
edges-corr,4,sfa,cosmoothed,779839471,789848216,False,0.002855820327465582
edges-corr,4,sfa,cosmoothed,779839471,793224716,False,0.0018064128805828613
edges-corr,4,sfa,cosmoothed,779839471,794812542,False,0.04118383374113366
edges-corr,4,sfa,cosmoothed,779839471,816200189,False,0.019135307200413218
edges-corr,4,sfa,cosmoothed,779839471,847657808,False,0.04518635580290025
edges-corr,4,sfa,cosmoothed,781842082,766640955,False,0.016185752569600118
edges-corr,4,sfa,cosmoothed,781842082,767871931,False,0.08527258197626442
edges-corr,4,sfa,cosmoothed,781842082,771160300,False,2.6067843050208846e-05
edges-corr,4,sfa,cosmoothed,781842082,771990200,False,0.026601001653540367
edges-corr,4,sfa,cosmoothed,781842082,774875821,False,0.0009112182334208881
edges-corr,4,sfa,cosmoothed,781842082,778240327,False,0.00046275952328776374
edges-corr,4,sfa,cosmoothed,781842082,778998620,False,0.0073598249176223636
edges-corr,4,sfa,cosmoothed,781842082,779839471,False,0.0017823081299895537
edges-corr,4,sfa,cosmoothed,781842082,781842082,True,0.7606075766350603
edges-corr,4,sfa,cosmoothed,781842082,787025148,False,0.001512412363946045
edges-corr,4,sfa,cosmoothed,781842082,789848216,False,0.020206068727163476
edges-corr,4,sfa,cosmoothed,781842082,793224716,False,0.020051816828934026
edges-corr,4,sfa,cosmoothed,781842082,794812542,False,0.0039862337854793236
edges-corr,4,sfa,cosmoothed,781842082,816200189,False,0.04534105163009376
edges-corr,4,sfa,cosmoothed,781842082,847657808,False,2.287196555639429e-05
edges-corr,4,sfa,cosmoothed,787025148,766640955,False,4.4047194415636835e-05
edges-corr,4,sfa,cosmoothed,787025148,767871931,False,0.00026026734601181605
edges-corr,4,sfa,cosmoothed,787025148,771160300,False,0.003682207994116104
edges-corr,4,sfa,cosmoothed,787025148,771990200,False,0.0010193257231610844
edges-corr,4,sfa,cosmoothed,787025148,774875821,False,0.005249200784923696
edges-corr,4,sfa,cosmoothed,787025148,778240327,False,0.00017918268575764374
edges-corr,4,sfa,cosmoothed,787025148,778998620,False,0.0007495667782233867
edges-corr,4,sfa,cosmoothed,787025148,779839471,False,0.0025218643916558128
edges-corr,4,sfa,cosmoothed,787025148,781842082,False,0.00014055235549566132
edges-corr,4,sfa,cosmoothed,787025148,787025148,True,0.01726477077524083
edges-corr,4,sfa,cosmoothed,787025148,789848216,False,0.00030398890128595195
edges-corr,4,sfa,cosmoothed,787025148,793224716,False,0.0003779971576705958
edges-corr,4,sfa,cosmoothed,787025148,794812542,False,0.00015728420484409914
edges-corr,4,sfa,cosmoothed,787025148,816200189,False,4.534370517752538e-06
edges-corr,4,sfa,cosmoothed,787025148,847657808,False,2.3228134980803236e-05
edges-corr,4,sfa,cosmoothed,789848216,766640955,False,0.023832790413352744
edges-corr,4,sfa,cosmoothed,789848216,767871931,False,0.011763332549595419
edges-corr,4,sfa,cosmoothed,789848216,771160300,False,0.0058618684068887286
edges-corr,4,sfa,cosmoothed,789848216,771990200,False,0.0021466584452645016
edges-corr,4,sfa,cosmoothed,789848216,774875821,False,0.003457289397910247
edges-corr,4,sfa,cosmoothed,789848216,778240327,False,0.015283488144913168
edges-corr,4,sfa,cosmoothed,789848216,778998620,False,0.008022831676336594
edges-corr,4,sfa,cosmoothed,789848216,779839471,False,0.01081392862470171
edges-corr,4,sfa,cosmoothed,789848216,781842082,False,0.025869334710111665
edges-corr,4,sfa,cosmoothed,789848216,787025148,False,0.0011336674428520962
edges-corr,4,sfa,cosmoothed,789848216,789848216,True,0.8360250679709625
edges-corr,4,sfa,cosmoothed,789848216,793224716,False,0.0033191231745315114
edges-corr,4,sfa,cosmoothed,789848216,794812542,False,0.018871770572482016
edges-corr,4,sfa,cosmoothed,789848216,816200189,False,0.0063339641014348224
edges-corr,4,sfa,cosmoothed,789848216,847657808,False,0.032769155942548575
edges-corr,4,sfa,cosmoothed,793224716,766640955,False,0.0028825035643828146
edges-corr,4,sfa,cosmoothed,793224716,767871931,False,0.08809301153417791
edges-corr,4,sfa,cosmoothed,793224716,771160300,False,0.026829730993705236
edges-corr,4,sfa,cosmoothed,793224716,771990200,False,0.0001390259263841899
edges-corr,4,sfa,cosmoothed,793224716,774875821,False,0.0007324102296937912
edges-corr,4,sfa,cosmoothed,793224716,778240327,False,0.01493241028521366
edges-corr,4,sfa,cosmoothed,793224716,778998620,False,8.381731228776217e-05
edges-corr,4,sfa,cosmoothed,793224716,779839471,False,0.004464369933093649
edges-corr,4,sfa,cosmoothed,793224716,781842082,False,0.025312141874810366
edges-corr,4,sfa,cosmoothed,793224716,787025148,False,1.3874996259666747e-06
edges-corr,4,sfa,cosmoothed,793224716,789848216,False,0.002747462009319979
edges-corr,4,sfa,cosmoothed,793224716,793224716,True,0.7931233974912998
edges-corr,4,sfa,cosmoothed,793224716,794812542,False,0.022195117590447778
edges-corr,4,sfa,cosmoothed,793224716,816200189,False,0.0028390932709947045
edges-corr,4,sfa,cosmoothed,793224716,847657808,False,0.04093226888489008
edges-corr,4,sfa,cosmoothed,794812542,766640955,False,0.027275576598807784
edges-corr,4,sfa,cosmoothed,794812542,767871931,False,0.00018604678859119296
edges-corr,4,sfa,cosmoothed,794812542,771160300,False,0.0005656536170408138
edges-corr,4,sfa,cosmoothed,794812542,771990200,False,0.009674350387252978
edges-corr,4,sfa,cosmoothed,794812542,774875821,False,0.0059951087576816135
edges-corr,4,sfa,cosmoothed,794812542,778240327,False,0.007856002407125078
edges-corr,4,sfa,cosmoothed,794812542,778998620,False,0.05858000939074234
edges-corr,4,sfa,cosmoothed,794812542,779839471,False,0.05208060756304234
edges-corr,4,sfa,cosmoothed,794812542,781842082,False,0.004586420863088967
edges-corr,4,sfa,cosmoothed,794812542,787025148,False,0.013410499439378491
edges-corr,4,sfa,cosmoothed,794812542,789848216,False,0.011782436799973246
edges-corr,4,sfa,cosmoothed,794812542,793224716,False,0.009323144982271065
edges-corr,4,sfa,cosmoothed,794812542,794812542,True,0.6474057256802505
edges-corr,4,sfa,cosmoothed,794812542,816200189,False,0.0015391629666515105
edges-corr,4,sfa,cosmoothed,794812542,847657808,False,0.012476405358267639
edges-corr,4,sfa,cosmoothed,816200189,766640955,False,0.026497692987399794
edges-corr,4,sfa,cosmoothed,816200189,767871931,False,0.012805306602357036
edges-corr,4,sfa,cosmoothed,816200189,771160300,False,0.0014041734637935674
edges-corr,4,sfa,cosmoothed,816200189,771990200,False,0.0005867230047185841
edges-corr,4,sfa,cosmoothed,816200189,774875821,False,0.00810514906429906
edges-corr,4,sfa,cosmoothed,816200189,778240327,False,0.035186727026747806
edges-corr,4,sfa,cosmoothed,816200189,778998620,False,0.0022946778611130946
edges-corr,4,sfa,cosmoothed,816200189,779839471,False,0.0018361457470927156
edges-corr,4,sfa,cosmoothed,816200189,781842082,False,0.041666135592093013
edges-corr,4,sfa,cosmoothed,816200189,787025148,False,0.008371060920198783
edges-corr,4,sfa,cosmoothed,816200189,789848216,False,0.016237576828573057
edges-corr,4,sfa,cosmoothed,816200189,793224716,False,0.0042915064204703595
edges-corr,4,sfa,cosmoothed,816200189,794812542,False,0.0006613586278114726
edges-corr,4,sfa,cosmoothed,816200189,816200189,True,0.4201103015067903
edges-corr,4,sfa,cosmoothed,816200189,847657808,False,0.03431717433546567
edges-corr,4,sfa,cosmoothed,847657808,766640955,False,0.0335867202721873
edges-corr,4,sfa,cosmoothed,847657808,767871931,False,0.0026391213736825852
edges-corr,4,sfa,cosmoothed,847657808,771160300,False,0.001371607342417599
edges-corr,4,sfa,cosmoothed,847657808,771990200,False,0.0016555802687944498
edges-corr,4,sfa,cosmoothed,847657808,774875821,False,0.015400694784494264
edges-corr,4,sfa,cosmoothed,847657808,778240327,False,0.00649705106243287
edges-corr,4,sfa,cosmoothed,847657808,778998620,False,6.626446816927238e-05
edges-corr,4,sfa,cosmoothed,847657808,779839471,False,0.004027107271572158
edges-corr,4,sfa,cosmoothed,847657808,781842082,False,0.0001734980412503145
edges-corr,4,sfa,cosmoothed,847657808,787025148,False,0.025156395302905806
edges-corr,4,sfa,cosmoothed,847657808,789848216,False,0.009151207115777731
edges-corr,4,sfa,cosmoothed,847657808,793224716,False,0.02425993853992469
edges-corr,4,sfa,cosmoothed,847657808,794812542,False,0.015296573561111354
edges-corr,4,sfa,cosmoothed,847657808,816200189,False,0.016188520521996697
edges-corr,4,sfa,cosmoothed,847657808,847657808,True,0.4478684436643411
edges-corr,6,sfa,cosmoothed,766640955,766640955,True,0.5049420593200603
edges-corr,6,sfa,cosmoothed,766640955,767871931,False,0.0009922909357627074
edges-corr,6,sfa,cosmoothed,766640955,771160300,False,0.0033757018663318136
edges-corr,6,sfa,cosmoothed,766640955,771990200,False,0.02782841590778216
edges-corr,6,sfa,cosmoothed,766640955,774875821,False,0.005378579588639872
edges-corr,6,sfa,cosmoothed,766640955,778240327,False,0.01999751465300055
edges-corr,6,sfa,cosmoothed,766640955,778998620,False,0.02101863404405408
edges-corr,6,sfa,cosmoothed,766640955,779839471,False,0.01552275629565832
edges-corr,6,sfa,cosmoothed,766640955,781842082,False,0.0074351359132247465
edges-corr,6,sfa,cosmoothed,766640955,787025148,False,0.006259099874791898
edges-corr,6,sfa,cosmoothed,766640955,789848216,False,0.022934558415007415
edges-corr,6,sfa,cosmoothed,766640955,793224716,False,0.009080534311293674
edges-corr,6,sfa,cosmoothed,766640955,794812542,False,0.010380125512875088
edges-corr,6,sfa,cosmoothed,766640955,816200189,False,0.013528723217294049
edges-corr,6,sfa,cosmoothed,766640955,847657808,False,0.021556770171595293
edges-corr,6,sfa,cosmoothed,767871931,766640955,False,0.023432910248887686
edges-corr,6,sfa,cosmoothed,767871931,767871931,True,0.6822336752972321
edges-corr,6,sfa,cosmoothed,767871931,771160300,False,0.0004813571681091145
edges-corr,6,sfa,cosmoothed,767871931,771990200,False,0.07810034713508804
edges-corr,6,sfa,cosmoothed,767871931,774875821,False,0.05238633693638568
edges-corr,6,sfa,cosmoothed,767871931,778240327,False,0.002591635594738245
edges-corr,6,sfa,cosmoothed,767871931,778998620,False,0.2292181172092274
edges-corr,6,sfa,cosmoothed,767871931,779839471,False,0.032067470567554025
edges-corr,6,sfa,cosmoothed,767871931,781842082,False,0.09592402696811932
edges-corr,6,sfa,cosmoothed,767871931,787025148,False,0.02776310309765527
edges-corr,6,sfa,cosmoothed,767871931,789848216,False,0.004010947746534276
edges-corr,6,sfa,cosmoothed,767871931,793224716,False,0.029223716398718205
edges-corr,6,sfa,cosmoothed,767871931,794812542,False,0.008889823290072839
edges-corr,6,sfa,cosmoothed,767871931,816200189,False,0.001640641339520969
edges-corr,6,sfa,cosmoothed,767871931,847657808,False,0.00026699278242764814
edges-corr,6,sfa,cosmoothed,771160300,766640955,False,0.03739245400596966
edges-corr,6,sfa,cosmoothed,771160300,767871931,False,0.033677447251414624
edges-corr,6,sfa,cosmoothed,771160300,771160300,True,0.8057234624038807
edges-corr,6,sfa,cosmoothed,771160300,771990200,False,0.0785509558834058
edges-corr,6,sfa,cosmoothed,771160300,774875821,False,0.003980774438736198
edges-corr,6,sfa,cosmoothed,771160300,778240327,False,0.02372708254290655
edges-corr,6,sfa,cosmoothed,771160300,778998620,False,0.15835184284681644
edges-corr,6,sfa,cosmoothed,771160300,779839471,False,0.11760397460480887
edges-corr,6,sfa,cosmoothed,771160300,781842082,False,0.0008502378570640249
edges-corr,6,sfa,cosmoothed,771160300,787025148,False,0.041118224510884295
edges-corr,6,sfa,cosmoothed,771160300,789848216,False,0.013148794336099025
edges-corr,6,sfa,cosmoothed,771160300,793224716,False,0.05338294545646431
edges-corr,6,sfa,cosmoothed,771160300,794812542,False,0.009758381441010815
edges-corr,6,sfa,cosmoothed,771160300,816200189,False,0.007883727342963028
edges-corr,6,sfa,cosmoothed,771160300,847657808,False,0.06434679876049694
edges-corr,6,sfa,cosmoothed,771990200,766640955,False,0.03966289667551723
edges-corr,6,sfa,cosmoothed,771990200,767871931,False,0.06574552390766146
edges-corr,6,sfa,cosmoothed,771990200,771160300,False,0.06780773558941215
edges-corr,6,sfa,cosmoothed,771990200,771990200,True,0.6774956912725025
edges-corr,6,sfa,cosmoothed,771990200,774875821,False,0.007239343949409652
edges-corr,6,sfa,cosmoothed,771990200,778240327,False,0.03483964585354303
edges-corr,6,sfa,cosmoothed,771990200,778998620,False,0.19201816414871123
edges-corr,6,sfa,cosmoothed,771990200,779839471,False,0.08359535573809468
edges-corr,6,sfa,cosmoothed,771990200,781842082,False,0.04588638497346984
edges-corr,6,sfa,cosmoothed,771990200,787025148,False,0.1265542243321115
edges-corr,6,sfa,cosmoothed,771990200,789848216,False,0.00012656422249004737
edges-corr,6,sfa,cosmoothed,771990200,793224716,False,3.0553751794033525e-05
edges-corr,6,sfa,cosmoothed,771990200,794812542,False,0.01745094901493676
edges-corr,6,sfa,cosmoothed,771990200,816200189,False,0.005333130699827012
edges-corr,6,sfa,cosmoothed,771990200,847657808,False,0.002749361502783775
edges-corr,6,sfa,cosmoothed,774875821,766640955,False,9.390184464659933e-07
edges-corr,6,sfa,cosmoothed,774875821,767871931,False,0.026376550291521056
edges-corr,6,sfa,cosmoothed,774875821,771160300,False,0.026669171014969354
edges-corr,6,sfa,cosmoothed,774875821,771990200,False,0.001848560432578805
edges-corr,6,sfa,cosmoothed,774875821,774875821,True,0.6635201497656809
edges-corr,6,sfa,cosmoothed,774875821,778240327,False,0.00021244835591651263
edges-corr,6,sfa,cosmoothed,774875821,778998620,False,0.012589971124694526
edges-corr,6,sfa,cosmoothed,774875821,779839471,False,0.0002676683185357529
edges-corr,6,sfa,cosmoothed,774875821,781842082,False,0.00028639189322751224
edges-corr,6,sfa,cosmoothed,774875821,787025148,False,0.01167213475558361
edges-corr,6,sfa,cosmoothed,774875821,789848216,False,0.005557901044961574
edges-corr,6,sfa,cosmoothed,774875821,793224716,False,0.00018321941666905522
edges-corr,6,sfa,cosmoothed,774875821,794812542,False,0.002662749414597911
edges-corr,6,sfa,cosmoothed,774875821,816200189,False,2.718484368404848e-05
edges-corr,6,sfa,cosmoothed,774875821,847657808,False,0.014691256844367617
edges-corr,6,sfa,cosmoothed,778240327,766640955,False,0.009499356481092333
edges-corr,6,sfa,cosmoothed,778240327,767871931,False,0.0008825675031246213
edges-corr,6,sfa,cosmoothed,778240327,771160300,False,0.02319506898451672
edges-corr,6,sfa,cosmoothed,778240327,771990200,False,0.015561662198158148
edges-corr,6,sfa,cosmoothed,778240327,774875821,False,0.0016796679723057888
edges-corr,6,sfa,cosmoothed,778240327,778240327,True,0.6429468803071288
edges-corr,6,sfa,cosmoothed,778240327,778998620,False,0.00023879341406892796
edges-corr,6,sfa,cosmoothed,778240327,779839471,False,0.013449137528354275
edges-corr,6,sfa,cosmoothed,778240327,781842082,False,0.0019755700427030233
edges-corr,6,sfa,cosmoothed,778240327,787025148,False,0.04043914953540701
edges-corr,6,sfa,cosmoothed,778240327,789848216,False,0.02359429104038232
edges-corr,6,sfa,cosmoothed,778240327,793224716,False,0.012220480045649284
edges-corr,6,sfa,cosmoothed,778240327,794812542,False,0.004990868521266745
edges-corr,6,sfa,cosmoothed,778240327,816200189,False,0.00875638672392897
edges-corr,6,sfa,cosmoothed,778240327,847657808,False,0.014964582582451907
edges-corr,6,sfa,cosmoothed,778998620,766640955,False,0.059229719834611415
edges-corr,6,sfa,cosmoothed,778998620,767871931,False,0.2477708666260933
edges-corr,6,sfa,cosmoothed,778998620,771160300,False,0.15402925239456355
edges-corr,6,sfa,cosmoothed,778998620,771990200,False,0.23061723830124428
edges-corr,6,sfa,cosmoothed,778998620,774875821,False,0.013702337306739762
edges-corr,6,sfa,cosmoothed,778998620,778240327,False,0.0019083170802980977
edges-corr,6,sfa,cosmoothed,778998620,778998620,True,0.7907463988108691
edges-corr,6,sfa,cosmoothed,778998620,779839471,False,0.2671663593410437
edges-corr,6,sfa,cosmoothed,778998620,781842082,False,0.0019252613345021694
edges-corr,6,sfa,cosmoothed,778998620,787025148,False,0.12875330064562987
edges-corr,6,sfa,cosmoothed,778998620,789848216,False,0.00890373281996581
edges-corr,6,sfa,cosmoothed,778998620,793224716,False,0.0011052928107379454
edges-corr,6,sfa,cosmoothed,778998620,794812542,False,0.06623377961850042
edges-corr,6,sfa,cosmoothed,778998620,816200189,False,0.0031348257330960977
edges-corr,6,sfa,cosmoothed,778998620,847657808,False,0.01807367656700504
edges-corr,6,sfa,cosmoothed,779839471,766640955,False,0.03376798145090809
edges-corr,6,sfa,cosmoothed,779839471,767871931,False,0.012843671767008487
edges-corr,6,sfa,cosmoothed,779839471,771160300,False,0.06831192062706296
edges-corr,6,sfa,cosmoothed,779839471,771990200,False,0.10088453818559245
edges-corr,6,sfa,cosmoothed,779839471,774875821,False,0.014732897801099999
edges-corr,6,sfa,cosmoothed,779839471,778240327,False,0.0005095194802140693
edges-corr,6,sfa,cosmoothed,779839471,778998620,False,0.1903465443788142
edges-corr,6,sfa,cosmoothed,779839471,779839471,True,0.4983022604867034
edges-corr,6,sfa,cosmoothed,779839471,781842082,False,0.0013898129344719558
edges-corr,6,sfa,cosmoothed,779839471,787025148,False,0.10100075386669878
edges-corr,6,sfa,cosmoothed,779839471,789848216,False,0.004858059338084585
edges-corr,6,sfa,cosmoothed,779839471,793224716,False,0.0016482968620130391
edges-corr,6,sfa,cosmoothed,779839471,794812542,False,0.045128581506218624
edges-corr,6,sfa,cosmoothed,779839471,816200189,False,0.02597114323144801
edges-corr,6,sfa,cosmoothed,779839471,847657808,False,0.04737651052088955
edges-corr,6,sfa,cosmoothed,781842082,766640955,False,0.017811091545047775
edges-corr,6,sfa,cosmoothed,781842082,767871931,False,0.08941884765745398
edges-corr,6,sfa,cosmoothed,781842082,771160300,False,2.986912193438528e-07
edges-corr,6,sfa,cosmoothed,781842082,771990200,False,0.026861825162093934
edges-corr,6,sfa,cosmoothed,781842082,774875821,False,0.0006673779622013
edges-corr,6,sfa,cosmoothed,781842082,778240327,False,0.00041969653761223744
edges-corr,6,sfa,cosmoothed,781842082,778998620,False,0.007517810831633941
edges-corr,6,sfa,cosmoothed,781842082,779839471,False,0.0019750150006695743
edges-corr,6,sfa,cosmoothed,781842082,781842082,True,0.799418439729446
edges-corr,6,sfa,cosmoothed,781842082,787025148,False,0.0014526676389119504
edges-corr,6,sfa,cosmoothed,781842082,789848216,False,0.023728723392825044
edges-corr,6,sfa,cosmoothed,781842082,793224716,False,0.020506193836196812
edges-corr,6,sfa,cosmoothed,781842082,794812542,False,0.004912637490484681
edges-corr,6,sfa,cosmoothed,781842082,816200189,False,0.05279508441008116
edges-corr,6,sfa,cosmoothed,781842082,847657808,False,3.942711155501527e-05
edges-corr,6,sfa,cosmoothed,787025148,766640955,False,0.0008119243370314148
edges-corr,6,sfa,cosmoothed,787025148,767871931,False,3.2612404416204754e-05
edges-corr,6,sfa,cosmoothed,787025148,771160300,False,0.007190231508494815
edges-corr,6,sfa,cosmoothed,787025148,771990200,False,0.004132032111490241
edges-corr,6,sfa,cosmoothed,787025148,774875821,False,0.007549830786449057
edges-corr,6,sfa,cosmoothed,787025148,778240327,False,0.0031369170852438063
edges-corr,6,sfa,cosmoothed,787025148,778998620,False,0.003799709394571822
edges-corr,6,sfa,cosmoothed,787025148,779839471,False,0.008803992995704548
edges-corr,6,sfa,cosmoothed,787025148,781842082,False,0.00030439269082793247
edges-corr,6,sfa,cosmoothed,787025148,787025148,True,0.07408410756520244
edges-corr,6,sfa,cosmoothed,787025148,789848216,False,0.0009005784081131969
edges-corr,6,sfa,cosmoothed,787025148,793224716,False,0.0007118246892348531
edges-corr,6,sfa,cosmoothed,787025148,794812542,False,0.0006243827376453527
edges-corr,6,sfa,cosmoothed,787025148,816200189,False,0.00036006843748865176
edges-corr,6,sfa,cosmoothed,787025148,847657808,False,0.00017092774054091136
edges-corr,6,sfa,cosmoothed,789848216,766640955,False,0.028683831145833318
edges-corr,6,sfa,cosmoothed,789848216,767871931,False,0.013578408205862562
edges-corr,6,sfa,cosmoothed,789848216,771160300,False,0.0071497519625366235
edges-corr,6,sfa,cosmoothed,789848216,771990200,False,0.001987498304340316
edges-corr,6,sfa,cosmoothed,789848216,774875821,False,0.004601632462268052
edges-corr,6,sfa,cosmoothed,789848216,778240327,False,0.02296627096488129
edges-corr,6,sfa,cosmoothed,789848216,778998620,False,0.008523084049260833
edges-corr,6,sfa,cosmoothed,789848216,779839471,False,0.013528626897942162
edges-corr,6,sfa,cosmoothed,789848216,781842082,False,0.03172913853873647
edges-corr,6,sfa,cosmoothed,789848216,787025148,False,0.0020370573240117394
edges-corr,6,sfa,cosmoothed,789848216,789848216,True,0.8733601600505154
edges-corr,6,sfa,cosmoothed,789848216,793224716,False,0.0038786473767185112
edges-corr,6,sfa,cosmoothed,789848216,794812542,False,0.022194794250086653
edges-corr,6,sfa,cosmoothed,789848216,816200189,False,0.007470568506549796
edges-corr,6,sfa,cosmoothed,789848216,847657808,False,0.0395765977106751
edges-corr,6,sfa,cosmoothed,793224716,766640955,False,0.0036093203567269866
edges-corr,6,sfa,cosmoothed,793224716,767871931,False,0.09496093717142445
edges-corr,6,sfa,cosmoothed,793224716,771160300,False,0.02974817710548432
edges-corr,6,sfa,cosmoothed,793224716,771990200,False,0.00015371538740432736
edges-corr,6,sfa,cosmoothed,793224716,774875821,False,0.0008137211638206881
edges-corr,6,sfa,cosmoothed,793224716,778240327,False,0.016363081618237702
edges-corr,6,sfa,cosmoothed,793224716,778998620,False,9.197424074196031e-05
edges-corr,6,sfa,cosmoothed,793224716,779839471,False,0.004225066442099247
edges-corr,6,sfa,cosmoothed,793224716,781842082,False,0.026736217317559707
edges-corr,6,sfa,cosmoothed,793224716,787025148,False,3.0677090502970793e-06
edges-corr,6,sfa,cosmoothed,793224716,789848216,False,0.003012578492721163
edges-corr,6,sfa,cosmoothed,793224716,793224716,True,0.8412106967307063
edges-corr,6,sfa,cosmoothed,793224716,794812542,False,0.024107091677887754
edges-corr,6,sfa,cosmoothed,793224716,816200189,False,0.003126160339245281
edges-corr,6,sfa,cosmoothed,793224716,847657808,False,0.04593544807416061
edges-corr,6,sfa,cosmoothed,794812542,766640955,False,0.029506285636628136
edges-corr,6,sfa,cosmoothed,794812542,767871931,False,0.00029853337794754237
edges-corr,6,sfa,cosmoothed,794812542,771160300,False,0.000481637998886989
edges-corr,6,sfa,cosmoothed,794812542,771990200,False,0.011248533391465712
edges-corr,6,sfa,cosmoothed,794812542,774875821,False,0.006080730757760171
edges-corr,6,sfa,cosmoothed,794812542,778240327,False,0.007914234542361405
edges-corr,6,sfa,cosmoothed,794812542,778998620,False,0.06183430185279688
edges-corr,6,sfa,cosmoothed,794812542,779839471,False,0.05463406541324089
edges-corr,6,sfa,cosmoothed,794812542,781842082,False,0.004144161929372877
edges-corr,6,sfa,cosmoothed,794812542,787025148,False,0.014581202863010066
edges-corr,6,sfa,cosmoothed,794812542,789848216,False,0.013042473334269647
edges-corr,6,sfa,cosmoothed,794812542,793224716,False,0.010717077644893411
edges-corr,6,sfa,cosmoothed,794812542,794812542,True,0.692400651017514
edges-corr,6,sfa,cosmoothed,794812542,816200189,False,0.0014521906263985495
edges-corr,6,sfa,cosmoothed,794812542,847657808,False,0.01363548592111621
edges-corr,6,sfa,cosmoothed,816200189,766640955,False,0.030521944482407783
edges-corr,6,sfa,cosmoothed,816200189,767871931,False,0.014671760769944071
edges-corr,6,sfa,cosmoothed,816200189,771160300,False,0.0019229178583755019
edges-corr,6,sfa,cosmoothed,816200189,771990200,False,0.000877290770310951
edges-corr,6,sfa,cosmoothed,816200189,774875821,False,0.007876957323792889
edges-corr,6,sfa,cosmoothed,816200189,778240327,False,0.04019539331894021
edges-corr,6,sfa,cosmoothed,816200189,778998620,False,0.0025104532594691768
edges-corr,6,sfa,cosmoothed,816200189,779839471,False,0.0018623746835125879
edges-corr,6,sfa,cosmoothed,816200189,781842082,False,0.05143403687333462
edges-corr,6,sfa,cosmoothed,816200189,787025148,False,0.009258586086662173
edges-corr,6,sfa,cosmoothed,816200189,789848216,False,0.02001123923525787
edges-corr,6,sfa,cosmoothed,816200189,793224716,False,0.0057097647541529475
edges-corr,6,sfa,cosmoothed,816200189,794812542,False,0.0008597400335317641
edges-corr,6,sfa,cosmoothed,816200189,816200189,True,0.49332872363684666
edges-corr,6,sfa,cosmoothed,816200189,847657808,False,0.03991052372303355
edges-corr,6,sfa,cosmoothed,847657808,766640955,False,0.04243173524126822
edges-corr,6,sfa,cosmoothed,847657808,767871931,False,0.004111191832425359
edges-corr,6,sfa,cosmoothed,847657808,771160300,False,0.0021352761637124804
edges-corr,6,sfa,cosmoothed,847657808,771990200,False,0.0015402980462035345
edges-corr,6,sfa,cosmoothed,847657808,774875821,False,0.018263972893706147
edges-corr,6,sfa,cosmoothed,847657808,778240327,False,0.00892484475615104
edges-corr,6,sfa,cosmoothed,847657808,778998620,False,0.00013998462327290365
edges-corr,6,sfa,cosmoothed,847657808,779839471,False,0.0054994183976289565
edges-corr,6,sfa,cosmoothed,847657808,781842082,False,4.403591875479462e-05
edges-corr,6,sfa,cosmoothed,847657808,787025148,False,0.03371729983334784
edges-corr,6,sfa,cosmoothed,847657808,789848216,False,0.014772336704574377
edges-corr,6,sfa,cosmoothed,847657808,793224716,False,0.02913755597217287
edges-corr,6,sfa,cosmoothed,847657808,794812542,False,0.018926014499358625
edges-corr,6,sfa,cosmoothed,847657808,816200189,False,0.01852700475402612
edges-corr,6,sfa,cosmoothed,847657808,847657808,True,0.5082762075806653
edges-corr,8,sfa,cosmoothed,766640955,766640955,True,0.5523935964404136
edges-corr,8,sfa,cosmoothed,766640955,767871931,False,0.00107878080342891
edges-corr,8,sfa,cosmoothed,766640955,771160300,False,0.0036443793952313647
edges-corr,8,sfa,cosmoothed,766640955,771990200,False,0.030524499983975616
edges-corr,8,sfa,cosmoothed,766640955,774875821,False,0.005448311102476242
edges-corr,8,sfa,cosmoothed,766640955,778240327,False,0.021158330623796077
edges-corr,8,sfa,cosmoothed,766640955,778998620,False,0.02208413974479381
edges-corr,8,sfa,cosmoothed,766640955,779839471,False,0.01806634788453547
edges-corr,8,sfa,cosmoothed,766640955,781842082,False,0.00882225237577367
edges-corr,8,sfa,cosmoothed,766640955,787025148,False,0.005455735047418963
edges-corr,8,sfa,cosmoothed,766640955,789848216,False,0.026609982817530853
edges-corr,8,sfa,cosmoothed,766640955,793224716,False,0.011089492027259973
edges-corr,8,sfa,cosmoothed,766640955,794812542,False,0.011932699995824926
edges-corr,8,sfa,cosmoothed,766640955,816200189,False,0.014701027016589503
edges-corr,8,sfa,cosmoothed,766640955,847657808,False,0.022770696978774284
edges-corr,8,sfa,cosmoothed,767871931,766640955,False,0.02453339019534213
edges-corr,8,sfa,cosmoothed,767871931,767871931,True,0.7033437242470713
edges-corr,8,sfa,cosmoothed,767871931,771160300,False,0.00045303948047646344
edges-corr,8,sfa,cosmoothed,767871931,771990200,False,0.08437373340574975
edges-corr,8,sfa,cosmoothed,767871931,774875821,False,0.055059351662180823
edges-corr,8,sfa,cosmoothed,767871931,778240327,False,0.0030872311917783824
edges-corr,8,sfa,cosmoothed,767871931,778998620,False,0.23677147559676995
edges-corr,8,sfa,cosmoothed,767871931,779839471,False,0.03366213232183764
edges-corr,8,sfa,cosmoothed,767871931,781842082,False,0.10132643876207059
edges-corr,8,sfa,cosmoothed,767871931,787025148,False,0.02975326792936066
edges-corr,8,sfa,cosmoothed,767871931,789848216,False,0.004310580332304608
edges-corr,8,sfa,cosmoothed,767871931,793224716,False,0.030526905153654086
edges-corr,8,sfa,cosmoothed,767871931,794812542,False,0.009755578837884997
edges-corr,8,sfa,cosmoothed,767871931,816200189,False,0.0022162168990800856
edges-corr,8,sfa,cosmoothed,767871931,847657808,False,0.0002488684714724979
edges-corr,8,sfa,cosmoothed,771160300,766640955,False,0.039479073073457494
edges-corr,8,sfa,cosmoothed,771160300,767871931,False,0.03484457669658772
edges-corr,8,sfa,cosmoothed,771160300,771160300,True,0.8332293907393739
edges-corr,8,sfa,cosmoothed,771160300,771990200,False,0.08330357343075315
edges-corr,8,sfa,cosmoothed,771160300,774875821,False,0.0036988318811300284
edges-corr,8,sfa,cosmoothed,771160300,778240327,False,0.026137381895072923
edges-corr,8,sfa,cosmoothed,771160300,778998620,False,0.1631744699947482
edges-corr,8,sfa,cosmoothed,771160300,779839471,False,0.1255643340809942
edges-corr,8,sfa,cosmoothed,771160300,781842082,False,0.0009381139562806522
edges-corr,8,sfa,cosmoothed,771160300,787025148,False,0.04352846826993439
edges-corr,8,sfa,cosmoothed,771160300,789848216,False,0.01524543209991009
edges-corr,8,sfa,cosmoothed,771160300,793224716,False,0.05752411576387655
edges-corr,8,sfa,cosmoothed,771160300,794812542,False,0.010777474179709675
edges-corr,8,sfa,cosmoothed,771160300,816200189,False,0.009697455208721674
edges-corr,8,sfa,cosmoothed,771160300,847657808,False,0.06691610449786534
edges-corr,8,sfa,cosmoothed,771990200,766640955,False,0.04155049875544082
edges-corr,8,sfa,cosmoothed,771990200,767871931,False,0.06863962213055648
edges-corr,8,sfa,cosmoothed,771990200,771160300,False,0.07241202661160717
edges-corr,8,sfa,cosmoothed,771990200,771990200,True,0.7115950255754113
edges-corr,8,sfa,cosmoothed,771990200,774875821,False,0.00809411982145202
edges-corr,8,sfa,cosmoothed,771990200,778240327,False,0.037885429221179504
edges-corr,8,sfa,cosmoothed,771990200,778998620,False,0.20173756737987109
edges-corr,8,sfa,cosmoothed,771990200,779839471,False,0.08961184243353001
edges-corr,8,sfa,cosmoothed,771990200,781842082,False,0.048132172251620135
edges-corr,8,sfa,cosmoothed,771990200,787025148,False,0.1374798171740373
edges-corr,8,sfa,cosmoothed,771990200,789848216,False,0.0001324424216965881
edges-corr,8,sfa,cosmoothed,771990200,793224716,False,9.482423718585147e-05
edges-corr,8,sfa,cosmoothed,771990200,794812542,False,0.01758059814842861
edges-corr,8,sfa,cosmoothed,771990200,816200189,False,0.006392271637494655
edges-corr,8,sfa,cosmoothed,771990200,847657808,False,0.002726421466314621
edges-corr,8,sfa,cosmoothed,774875821,766640955,False,2.644666767603806e-06
edges-corr,8,sfa,cosmoothed,774875821,767871931,False,0.028134428543290804
edges-corr,8,sfa,cosmoothed,774875821,771160300,False,0.028113520605195456
edges-corr,8,sfa,cosmoothed,774875821,771990200,False,0.002654379559255813
edges-corr,8,sfa,cosmoothed,774875821,774875821,True,0.6941657599984401
edges-corr,8,sfa,cosmoothed,774875821,778240327,False,6.949110339101491e-05
edges-corr,8,sfa,cosmoothed,774875821,778998620,False,0.013641433193820184
edges-corr,8,sfa,cosmoothed,774875821,779839471,False,0.00047136420971766294
edges-corr,8,sfa,cosmoothed,774875821,781842082,False,0.0002338788645319884
edges-corr,8,sfa,cosmoothed,774875821,787025148,False,0.011640978016071545
edges-corr,8,sfa,cosmoothed,774875821,789848216,False,0.006362435471399587
edges-corr,8,sfa,cosmoothed,774875821,793224716,False,0.00022499651664241422
edges-corr,8,sfa,cosmoothed,774875821,794812542,False,0.0032145228943371773
edges-corr,8,sfa,cosmoothed,774875821,816200189,False,1.1123225900594345e-06
edges-corr,8,sfa,cosmoothed,774875821,847657808,False,0.015640611829182752
edges-corr,8,sfa,cosmoothed,778240327,766640955,False,0.01093677159056989
edges-corr,8,sfa,cosmoothed,778240327,767871931,False,0.0010399723297710316
edges-corr,8,sfa,cosmoothed,778240327,771160300,False,0.024926159261899766
edges-corr,8,sfa,cosmoothed,778240327,771990200,False,0.01810125408321224
edges-corr,8,sfa,cosmoothed,778240327,774875821,False,0.0021826467720567878
edges-corr,8,sfa,cosmoothed,778240327,778240327,True,0.6854717857572774
edges-corr,8,sfa,cosmoothed,778240327,778998620,False,0.00045001177539706833
edges-corr,8,sfa,cosmoothed,778240327,779839471,False,0.015019713986825755
edges-corr,8,sfa,cosmoothed,778240327,781842082,False,0.0024272893073476586
edges-corr,8,sfa,cosmoothed,778240327,787025148,False,0.0443030181301625
edges-corr,8,sfa,cosmoothed,778240327,789848216,False,0.027507908248411088
edges-corr,8,sfa,cosmoothed,778240327,793224716,False,0.013739855473085247
edges-corr,8,sfa,cosmoothed,778240327,794812542,False,0.006380306679894679
edges-corr,8,sfa,cosmoothed,778240327,816200189,False,0.009958694128181924
edges-corr,8,sfa,cosmoothed,778240327,847657808,False,0.016641260105799287
edges-corr,8,sfa,cosmoothed,778998620,766640955,False,0.06101638619212146
edges-corr,8,sfa,cosmoothed,778998620,767871931,False,0.2543609029726728
edges-corr,8,sfa,cosmoothed,778998620,771160300,False,0.15964781413055337
edges-corr,8,sfa,cosmoothed,778998620,771990200,False,0.24028087347288257
edges-corr,8,sfa,cosmoothed,778998620,774875821,False,0.01458658613865169
edges-corr,8,sfa,cosmoothed,778998620,778240327,False,0.00193470334991405
edges-corr,8,sfa,cosmoothed,778998620,778998620,True,0.809472911523905
edges-corr,8,sfa,cosmoothed,778998620,779839471,False,0.27988878220303753
edges-corr,8,sfa,cosmoothed,778998620,781842082,False,0.0022512620854301525
edges-corr,8,sfa,cosmoothed,778998620,787025148,False,0.1367300137495018
edges-corr,8,sfa,cosmoothed,778998620,789848216,False,0.009527000401197196
edges-corr,8,sfa,cosmoothed,778998620,793224716,False,0.000973624440455033
edges-corr,8,sfa,cosmoothed,778998620,794812542,False,0.06836922190917039
edges-corr,8,sfa,cosmoothed,778998620,816200189,False,0.003701010073806058
edges-corr,8,sfa,cosmoothed,778998620,847657808,False,0.01875698748823134
edges-corr,8,sfa,cosmoothed,779839471,766640955,False,0.03477223736633306
edges-corr,8,sfa,cosmoothed,779839471,767871931,False,0.015261688088577322
edges-corr,8,sfa,cosmoothed,779839471,771160300,False,0.07396592397986346
edges-corr,8,sfa,cosmoothed,779839471,771990200,False,0.10787883225450554
edges-corr,8,sfa,cosmoothed,779839471,774875821,False,0.015885362526845002
edges-corr,8,sfa,cosmoothed,779839471,778240327,False,0.0008515632597564136
edges-corr,8,sfa,cosmoothed,779839471,778998620,False,0.20460913575108
edges-corr,8,sfa,cosmoothed,779839471,779839471,True,0.5428707172846723
edges-corr,8,sfa,cosmoothed,779839471,781842082,False,0.0019080278529954135
edges-corr,8,sfa,cosmoothed,779839471,787025148,False,0.11072111696801722
edges-corr,8,sfa,cosmoothed,779839471,789848216,False,0.006974939902433406
edges-corr,8,sfa,cosmoothed,779839471,793224716,False,0.0015237811145101363
edges-corr,8,sfa,cosmoothed,779839471,794812542,False,0.048213488753265345
edges-corr,8,sfa,cosmoothed,779839471,816200189,False,0.032734023447134816
edges-corr,8,sfa,cosmoothed,779839471,847657808,False,0.049545339090597273
edges-corr,8,sfa,cosmoothed,781842082,766640955,False,0.019429155377576748
edges-corr,8,sfa,cosmoothed,781842082,767871931,False,0.09261337783872332
edges-corr,8,sfa,cosmoothed,781842082,771160300,False,4.017688436424754e-06
edges-corr,8,sfa,cosmoothed,781842082,771990200,False,0.026889308132625654
edges-corr,8,sfa,cosmoothed,781842082,774875821,False,0.0005200232217339479
edges-corr,8,sfa,cosmoothed,781842082,778240327,False,0.00033509715387335353
edges-corr,8,sfa,cosmoothed,781842082,778998620,False,0.007426177381721401
edges-corr,8,sfa,cosmoothed,781842082,779839471,False,0.0023609234285209514
edges-corr,8,sfa,cosmoothed,781842082,781842082,True,0.8259498726224606
edges-corr,8,sfa,cosmoothed,781842082,787025148,False,0.0013072984700386087
edges-corr,8,sfa,cosmoothed,781842082,789848216,False,0.028204857615612016
edges-corr,8,sfa,cosmoothed,781842082,793224716,False,0.02088472554905177
edges-corr,8,sfa,cosmoothed,781842082,794812542,False,0.005999296023939149
edges-corr,8,sfa,cosmoothed,781842082,816200189,False,0.05857191319593562
edges-corr,8,sfa,cosmoothed,781842082,847657808,False,4.648360144086324e-05
edges-corr,8,sfa,cosmoothed,787025148,766640955,False,0.003151645834982388
edges-corr,8,sfa,cosmoothed,787025148,767871931,False,0.00013084498453482196
edges-corr,8,sfa,cosmoothed,787025148,771160300,False,0.012614285833965887
edges-corr,8,sfa,cosmoothed,787025148,771990200,False,0.013056834173944307
edges-corr,8,sfa,cosmoothed,787025148,774875821,False,0.008166171374944508
edges-corr,8,sfa,cosmoothed,787025148,778240327,False,0.013035056145727864
edges-corr,8,sfa,cosmoothed,787025148,778998620,False,0.011015147949843639
edges-corr,8,sfa,cosmoothed,787025148,779839471,False,0.02422018823986132
edges-corr,8,sfa,cosmoothed,787025148,781842082,False,0.00040895656218213784
edges-corr,8,sfa,cosmoothed,787025148,787025148,True,0.2063528865354699
edges-corr,8,sfa,cosmoothed,787025148,789848216,False,0.001634853004305275
edges-corr,8,sfa,cosmoothed,787025148,793224716,False,0.00048458818460083233
edges-corr,8,sfa,cosmoothed,787025148,794812542,False,0.002082015219631525
edges-corr,8,sfa,cosmoothed,787025148,816200189,False,0.0021534276052477524
edges-corr,8,sfa,cosmoothed,787025148,847657808,False,0.0018435424836495756
edges-corr,8,sfa,cosmoothed,789848216,766640955,False,0.03368742424050948
edges-corr,8,sfa,cosmoothed,789848216,767871931,False,0.015240669405981814
edges-corr,8,sfa,cosmoothed,789848216,771160300,False,0.008136481105749735
edges-corr,8,sfa,cosmoothed,789848216,771990200,False,0.001865288945699734
edges-corr,8,sfa,cosmoothed,789848216,774875821,False,0.005979928220103318
edges-corr,8,sfa,cosmoothed,789848216,778240327,False,0.030667210714258233
edges-corr,8,sfa,cosmoothed,789848216,778998620,False,0.008673271036650776
edges-corr,8,sfa,cosmoothed,789848216,779839471,False,0.015794507262354734
edges-corr,8,sfa,cosmoothed,789848216,781842082,False,0.03729622816726851
edges-corr,8,sfa,cosmoothed,789848216,787025148,False,0.0030976589432194046
edges-corr,8,sfa,cosmoothed,789848216,789848216,True,0.8924699082402395
edges-corr,8,sfa,cosmoothed,789848216,793224716,False,0.004271942715138888
edges-corr,8,sfa,cosmoothed,789848216,794812542,False,0.024952590039867974
edges-corr,8,sfa,cosmoothed,789848216,816200189,False,0.008281501108206192
edges-corr,8,sfa,cosmoothed,789848216,847657808,False,0.04562902961626695
edges-corr,8,sfa,cosmoothed,793224716,766640955,False,0.0039862444741767976
edges-corr,8,sfa,cosmoothed,793224716,767871931,False,0.09949049676614206
edges-corr,8,sfa,cosmoothed,793224716,771160300,False,0.03116239807960541
edges-corr,8,sfa,cosmoothed,793224716,771990200,False,0.00015772639519739308
edges-corr,8,sfa,cosmoothed,793224716,774875821,False,0.0009382894889229602
edges-corr,8,sfa,cosmoothed,793224716,778240327,False,0.017709637324191178
edges-corr,8,sfa,cosmoothed,793224716,778998620,False,0.00013363500047539696
edges-corr,8,sfa,cosmoothed,793224716,779839471,False,0.004102327017735127
edges-corr,8,sfa,cosmoothed,793224716,781842082,False,0.027372828484583788
edges-corr,8,sfa,cosmoothed,793224716,787025148,False,3.647379002471318e-05
edges-corr,8,sfa,cosmoothed,793224716,789848216,False,0.003363388176881213
edges-corr,8,sfa,cosmoothed,793224716,793224716,True,0.8698415653418982
edges-corr,8,sfa,cosmoothed,793224716,794812542,False,0.02538023370759925
edges-corr,8,sfa,cosmoothed,793224716,816200189,False,0.0032824878050654576
edges-corr,8,sfa,cosmoothed,793224716,847657808,False,0.049955342142448914
edges-corr,8,sfa,cosmoothed,794812542,766640955,False,0.031205361243771646
edges-corr,8,sfa,cosmoothed,794812542,767871931,False,0.00042591352154278204
edges-corr,8,sfa,cosmoothed,794812542,771160300,False,0.0004272473172370904
edges-corr,8,sfa,cosmoothed,794812542,771990200,False,0.012753975540024203
edges-corr,8,sfa,cosmoothed,794812542,774875821,False,0.006229966821274463
edges-corr,8,sfa,cosmoothed,794812542,778240327,False,0.008317900454201195
edges-corr,8,sfa,cosmoothed,794812542,778998620,False,0.06423350747682131
edges-corr,8,sfa,cosmoothed,794812542,779839471,False,0.056857791207841596
edges-corr,8,sfa,cosmoothed,794812542,781842082,False,0.003920269896862647
edges-corr,8,sfa,cosmoothed,794812542,787025148,False,0.015854620516961574
edges-corr,8,sfa,cosmoothed,794812542,789848216,False,0.013888477732126805
edges-corr,8,sfa,cosmoothed,794812542,793224716,False,0.011566568435039564
edges-corr,8,sfa,cosmoothed,794812542,794812542,True,0.7175841172286553
edges-corr,8,sfa,cosmoothed,794812542,816200189,False,0.00146118233345748
edges-corr,8,sfa,cosmoothed,794812542,847657808,False,0.014249981458655326
edges-corr,8,sfa,cosmoothed,816200189,766640955,False,0.033030795988161006
edges-corr,8,sfa,cosmoothed,816200189,767871931,False,0.016964380111373786
edges-corr,8,sfa,cosmoothed,816200189,771160300,False,0.0021838498873985104
edges-corr,8,sfa,cosmoothed,816200189,771990200,False,0.0010415102474855297
edges-corr,8,sfa,cosmoothed,816200189,774875821,False,0.007706021219592192
edges-corr,8,sfa,cosmoothed,816200189,778240327,False,0.04369548377570335
edges-corr,8,sfa,cosmoothed,816200189,778998620,False,0.0028510064693847087
edges-corr,8,sfa,cosmoothed,816200189,779839471,False,0.0020659753520086074
edges-corr,8,sfa,cosmoothed,816200189,781842082,False,0.05751094627773843
edges-corr,8,sfa,cosmoothed,816200189,787025148,False,0.011297238658300034
edges-corr,8,sfa,cosmoothed,816200189,789848216,False,0.022367161735128947
edges-corr,8,sfa,cosmoothed,816200189,793224716,False,0.0066116380440484086
edges-corr,8,sfa,cosmoothed,816200189,794812542,False,0.0010053403047656318
edges-corr,8,sfa,cosmoothed,816200189,816200189,True,0.5443527904235227
edges-corr,8,sfa,cosmoothed,816200189,847657808,False,0.04429388668919383
edges-corr,8,sfa,cosmoothed,847657808,766640955,False,0.04968463651701927
edges-corr,8,sfa,cosmoothed,847657808,767871931,False,0.00477793607785056
edges-corr,8,sfa,cosmoothed,847657808,771160300,False,0.0022588244384183494
edges-corr,8,sfa,cosmoothed,847657808,771990200,False,0.00185848723273377
edges-corr,8,sfa,cosmoothed,847657808,774875821,False,0.01994340327132276
edges-corr,8,sfa,cosmoothed,847657808,778240327,False,0.011675469895327075
edges-corr,8,sfa,cosmoothed,847657808,778998620,False,0.00033576021983026196
edges-corr,8,sfa,cosmoothed,847657808,779839471,False,0.0062021348083848805
edges-corr,8,sfa,cosmoothed,847657808,781842082,False,0.0003810142272429327
edges-corr,8,sfa,cosmoothed,847657808,787025148,False,0.04528062679959312
edges-corr,8,sfa,cosmoothed,847657808,789848216,False,0.023546786229232553
edges-corr,8,sfa,cosmoothed,847657808,793224716,False,0.031185300352255998
edges-corr,8,sfa,cosmoothed,847657808,794812542,False,0.02488973539019975
edges-corr,8,sfa,cosmoothed,847657808,816200189,False,0.022675025080268987
edges-corr,8,sfa,cosmoothed,847657808,847657808,True,0.5500582624113225
edges-corr,12,sfa,cosmoothed,766640955,766640955,True,0.608425064093691
edges-corr,12,sfa,cosmoothed,766640955,767871931,False,0.001043648286031726
edges-corr,12,sfa,cosmoothed,766640955,771160300,False,0.0038359298822064534
edges-corr,12,sfa,cosmoothed,766640955,771990200,False,0.03553980392636545
edges-corr,12,sfa,cosmoothed,766640955,774875821,False,0.004872089813943302
edges-corr,12,sfa,cosmoothed,766640955,778240327,False,0.021994067679348597
edges-corr,12,sfa,cosmoothed,766640955,778998620,False,0.023677623282269224
edges-corr,12,sfa,cosmoothed,766640955,779839471,False,0.02276649580487193
edges-corr,12,sfa,cosmoothed,766640955,781842082,False,0.010420598439895982
edges-corr,12,sfa,cosmoothed,766640955,787025148,False,0.003837323284303136
edges-corr,12,sfa,cosmoothed,766640955,789848216,False,0.03170436873672549
edges-corr,12,sfa,cosmoothed,766640955,793224716,False,0.014273381703422313
edges-corr,12,sfa,cosmoothed,766640955,794812542,False,0.013663717129806434
edges-corr,12,sfa,cosmoothed,766640955,816200189,False,0.01586007434635329
edges-corr,12,sfa,cosmoothed,766640955,847657808,False,0.023158132769873885
edges-corr,12,sfa,cosmoothed,767871931,766640955,False,0.026041577203649975
edges-corr,12,sfa,cosmoothed,767871931,767871931,True,0.7283406717496254
edges-corr,12,sfa,cosmoothed,767871931,771160300,False,0.00039134943994504956
edges-corr,12,sfa,cosmoothed,767871931,771990200,False,0.09428279606406913
edges-corr,12,sfa,cosmoothed,767871931,774875821,False,0.06132048184713421
edges-corr,12,sfa,cosmoothed,767871931,778240327,False,0.00404113319177172
edges-corr,12,sfa,cosmoothed,767871931,778998620,False,0.24776152907979815
edges-corr,12,sfa,cosmoothed,767871931,779839471,False,0.036719419085760076
edges-corr,12,sfa,cosmoothed,767871931,781842082,False,0.11113201877139607
edges-corr,12,sfa,cosmoothed,767871931,787025148,False,0.03323901867870759
edges-corr,12,sfa,cosmoothed,767871931,789848216,False,0.005349768372968299
edges-corr,12,sfa,cosmoothed,767871931,793224716,False,0.03301484646738039
edges-corr,12,sfa,cosmoothed,767871931,794812542,False,0.011111285219730127
edges-corr,12,sfa,cosmoothed,767871931,816200189,False,0.0032484325148252466
edges-corr,12,sfa,cosmoothed,767871931,847657808,False,0.00029169936954215266
edges-corr,12,sfa,cosmoothed,771160300,766640955,False,0.04221238364423048
edges-corr,12,sfa,cosmoothed,771160300,767871931,False,0.036393933959577934
edges-corr,12,sfa,cosmoothed,771160300,771160300,True,0.8623685448891649
edges-corr,12,sfa,cosmoothed,771160300,771990200,False,0.09025072968684802
edges-corr,12,sfa,cosmoothed,771160300,774875821,False,0.0030062291698937558
edges-corr,12,sfa,cosmoothed,771160300,778240327,False,0.03078001110077547
edges-corr,12,sfa,cosmoothed,771160300,778998620,False,0.16924864130849632
edges-corr,12,sfa,cosmoothed,771160300,779839471,False,0.13902090731079758
edges-corr,12,sfa,cosmoothed,771160300,781842082,False,0.0010446297130338356
edges-corr,12,sfa,cosmoothed,771160300,787025148,False,0.046743109645621124
edges-corr,12,sfa,cosmoothed,771160300,789848216,False,0.018363868202205674
edges-corr,12,sfa,cosmoothed,771160300,793224716,False,0.0639862707586891
edges-corr,12,sfa,cosmoothed,771160300,794812542,False,0.01230651174072491
edges-corr,12,sfa,cosmoothed,771160300,816200189,False,0.01274587060572875
edges-corr,12,sfa,cosmoothed,771160300,847657808,False,0.07043700940375516
edges-corr,12,sfa,cosmoothed,771990200,766640955,False,0.04426427691536892
edges-corr,12,sfa,cosmoothed,771990200,767871931,False,0.0746930718209819
edges-corr,12,sfa,cosmoothed,771990200,771160300,False,0.07985994047627128
edges-corr,12,sfa,cosmoothed,771990200,771990200,True,0.7502136071354896
edges-corr,12,sfa,cosmoothed,771990200,774875821,False,0.008537135734776165
edges-corr,12,sfa,cosmoothed,771990200,778240327,False,0.04287632473506236
edges-corr,12,sfa,cosmoothed,771990200,778998620,False,0.21784276192603677
edges-corr,12,sfa,cosmoothed,771990200,779839471,False,0.09985827377741031
edges-corr,12,sfa,cosmoothed,771990200,781842082,False,0.050657282651723264
edges-corr,12,sfa,cosmoothed,771990200,787025148,False,0.15581738501755718
edges-corr,12,sfa,cosmoothed,771990200,789848216,False,0.00020871331452031804
edges-corr,12,sfa,cosmoothed,771990200,793224716,False,0.00028731427441360745
edges-corr,12,sfa,cosmoothed,771990200,794812542,False,0.018770496354945574
edges-corr,12,sfa,cosmoothed,771990200,816200189,False,0.00765828223437146
edges-corr,12,sfa,cosmoothed,771990200,847657808,False,0.0026451574186936726
edges-corr,12,sfa,cosmoothed,774875821,766640955,False,1.2462914556166934e-07
edges-corr,12,sfa,cosmoothed,774875821,767871931,False,0.032693802535285255
edges-corr,12,sfa,cosmoothed,774875821,771160300,False,0.030497749863505265
edges-corr,12,sfa,cosmoothed,774875821,771990200,False,0.004401559753193318
edges-corr,12,sfa,cosmoothed,774875821,774875821,True,0.7276953224496971
edges-corr,12,sfa,cosmoothed,774875821,778240327,False,1.4731293242795176e-05
edges-corr,12,sfa,cosmoothed,774875821,778998620,False,0.015779761938797415
edges-corr,12,sfa,cosmoothed,774875821,779839471,False,0.0008584157246528249
edges-corr,12,sfa,cosmoothed,774875821,781842082,False,0.0001402386229163363
edges-corr,12,sfa,cosmoothed,774875821,787025148,False,0.011410941786819744
edges-corr,12,sfa,cosmoothed,774875821,789848216,False,0.007917686816511633
edges-corr,12,sfa,cosmoothed,774875821,793224716,False,0.0003429087666893862
edges-corr,12,sfa,cosmoothed,774875821,794812542,False,0.004229412004156288
edges-corr,12,sfa,cosmoothed,774875821,816200189,False,1.6485634084161336e-05
edges-corr,12,sfa,cosmoothed,774875821,847657808,False,0.017848185740092108
edges-corr,12,sfa,cosmoothed,778240327,766640955,False,0.012235846272911648
edges-corr,12,sfa,cosmoothed,778240327,767871931,False,0.0009933251031549585
edges-corr,12,sfa,cosmoothed,778240327,771160300,False,0.027598855498046363
edges-corr,12,sfa,cosmoothed,778240327,771990200,False,0.022006318657417236
edges-corr,12,sfa,cosmoothed,778240327,774875821,False,0.0032696863552610688
edges-corr,12,sfa,cosmoothed,778240327,778240327,True,0.7288500179442325
edges-corr,12,sfa,cosmoothed,778240327,778998620,False,0.0006757559346927153
edges-corr,12,sfa,cosmoothed,778240327,779839471,False,0.018710271081623105
edges-corr,12,sfa,cosmoothed,778240327,781842082,False,0.002631270043741267
edges-corr,12,sfa,cosmoothed,778240327,787025148,False,0.048651040352966954
edges-corr,12,sfa,cosmoothed,778240327,789848216,False,0.034996584788006053
edges-corr,12,sfa,cosmoothed,778240327,793224716,False,0.015490814084478069
edges-corr,12,sfa,cosmoothed,778240327,794812542,False,0.009067932173762028
edges-corr,12,sfa,cosmoothed,778240327,816200189,False,0.012591853430522154
edges-corr,12,sfa,cosmoothed,778240327,847657808,False,0.01899820840385831
edges-corr,12,sfa,cosmoothed,778998620,766640955,False,0.06432561697824915
edges-corr,12,sfa,cosmoothed,778998620,767871931,False,0.2669052136051606
edges-corr,12,sfa,cosmoothed,778998620,771160300,False,0.1662610547208834
edges-corr,12,sfa,cosmoothed,778998620,771990200,False,0.2575720388503537
edges-corr,12,sfa,cosmoothed,778998620,774875821,False,0.01655599646385655
edges-corr,12,sfa,cosmoothed,778998620,778240327,False,0.0021050686511728915
edges-corr,12,sfa,cosmoothed,778998620,778998620,True,0.8324332681916443
edges-corr,12,sfa,cosmoothed,778998620,779839471,False,0.3038187463894084
edges-corr,12,sfa,cosmoothed,778998620,781842082,False,0.002949650485748417
edges-corr,12,sfa,cosmoothed,778998620,787025148,False,0.15052005262208987
edges-corr,12,sfa,cosmoothed,778998620,789848216,False,0.011219939215794977
edges-corr,12,sfa,cosmoothed,778998620,793224716,False,0.0009477247084351842
edges-corr,12,sfa,cosmoothed,778998620,794812542,False,0.07189879444481928
edges-corr,12,sfa,cosmoothed,778998620,816200189,False,0.004735783462607703
edges-corr,12,sfa,cosmoothed,778998620,847657808,False,0.01948782844039474
edges-corr,12,sfa,cosmoothed,779839471,766640955,False,0.036420664089420435
edges-corr,12,sfa,cosmoothed,779839471,767871931,False,0.019977092350173635
edges-corr,12,sfa,cosmoothed,779839471,771160300,False,0.08157850985747275
edges-corr,12,sfa,cosmoothed,779839471,771990200,False,0.11762099477189744
edges-corr,12,sfa,cosmoothed,779839471,774875821,False,0.019331422799771375
edges-corr,12,sfa,cosmoothed,779839471,778240327,False,0.0013880891421878478
edges-corr,12,sfa,cosmoothed,779839471,778998620,False,0.22613377741269736
edges-corr,12,sfa,cosmoothed,779839471,779839471,True,0.5944427412830787
edges-corr,12,sfa,cosmoothed,779839471,781842082,False,0.0027381030223965915
edges-corr,12,sfa,cosmoothed,779839471,787025148,False,0.12761298598182788
edges-corr,12,sfa,cosmoothed,779839471,789848216,False,0.010202768333512672
edges-corr,12,sfa,cosmoothed,779839471,793224716,False,0.0017608766536198488
edges-corr,12,sfa,cosmoothed,779839471,794812542,False,0.054508542436731824
edges-corr,12,sfa,cosmoothed,779839471,816200189,False,0.04451467357050649
edges-corr,12,sfa,cosmoothed,779839471,847657808,False,0.05470227002538306
edges-corr,12,sfa,cosmoothed,781842082,766640955,False,0.02116913001156523
edges-corr,12,sfa,cosmoothed,781842082,767871931,False,0.0992795787733835
edges-corr,12,sfa,cosmoothed,781842082,771160300,False,2.3291111106204153e-05
edges-corr,12,sfa,cosmoothed,781842082,771990200,False,0.027119616897102013
edges-corr,12,sfa,cosmoothed,781842082,774875821,False,0.00031127771274597655
edges-corr,12,sfa,cosmoothed,781842082,778240327,False,0.00028062455264188434
edges-corr,12,sfa,cosmoothed,781842082,778998620,False,0.007323527263416468
edges-corr,12,sfa,cosmoothed,781842082,779839471,False,0.002877485900371234
edges-corr,12,sfa,cosmoothed,781842082,781842082,True,0.857154438969468
edges-corr,12,sfa,cosmoothed,781842082,787025148,False,0.0010440544657081881
edges-corr,12,sfa,cosmoothed,781842082,789848216,False,0.037366637308236965
edges-corr,12,sfa,cosmoothed,781842082,793224716,False,0.02198989010867618
edges-corr,12,sfa,cosmoothed,781842082,794812542,False,0.008416018916344938
edges-corr,12,sfa,cosmoothed,781842082,816200189,False,0.06643873628927353
edges-corr,12,sfa,cosmoothed,781842082,847657808,False,5.165537109423395e-05
edges-corr,12,sfa,cosmoothed,787025148,766640955,False,0.013507091684267006
edges-corr,12,sfa,cosmoothed,787025148,767871931,False,0.005181215335875899
edges-corr,12,sfa,cosmoothed,787025148,771160300,False,0.018994389117997924
edges-corr,12,sfa,cosmoothed,787025148,771990200,False,0.059535947449478994
edges-corr,12,sfa,cosmoothed,787025148,774875821,False,0.0020693433917054202
edges-corr,12,sfa,cosmoothed,787025148,778240327,False,0.06589531935269309
edges-corr,12,sfa,cosmoothed,787025148,778998620,False,0.042300941949203794
edges-corr,12,sfa,cosmoothed,787025148,779839471,False,0.08595672717293656
edges-corr,12,sfa,cosmoothed,787025148,781842082,False,1.5345447773777373e-05
edges-corr,12,sfa,cosmoothed,787025148,787025148,True,0.7178812411199024
edges-corr,12,sfa,cosmoothed,787025148,789848216,False,0.0018561288464950987
edges-corr,12,sfa,cosmoothed,787025148,793224716,False,0.0002274554179559581
edges-corr,12,sfa,cosmoothed,787025148,794812542,False,0.01174689215621779
edges-corr,12,sfa,cosmoothed,787025148,816200189,False,0.009945657116840029
edges-corr,12,sfa,cosmoothed,787025148,847657808,False,0.014073196660369599
edges-corr,12,sfa,cosmoothed,789848216,766640955,False,0.04269898428752601
edges-corr,12,sfa,cosmoothed,789848216,767871931,False,0.018057261705135122
edges-corr,12,sfa,cosmoothed,789848216,771160300,False,0.009235354657596633
edges-corr,12,sfa,cosmoothed,789848216,771990200,False,0.0015735161049395994
edges-corr,12,sfa,cosmoothed,789848216,774875821,False,0.00932288205493711
edges-corr,12,sfa,cosmoothed,789848216,778240327,False,0.044672241271183355
edges-corr,12,sfa,cosmoothed,789848216,778998620,False,0.008314910771762813
edges-corr,12,sfa,cosmoothed,789848216,779839471,False,0.02025584802421017
edges-corr,12,sfa,cosmoothed,789848216,781842082,False,0.04719018621290181
edges-corr,12,sfa,cosmoothed,789848216,787025148,False,0.005260525999839831
edges-corr,12,sfa,cosmoothed,789848216,789848216,True,0.9124791406882053
edges-corr,12,sfa,cosmoothed,789848216,793224716,False,0.005262144948766853
edges-corr,12,sfa,cosmoothed,789848216,794812542,False,0.030355952466782514
edges-corr,12,sfa,cosmoothed,789848216,816200189,False,0.009057374910147391
edges-corr,12,sfa,cosmoothed,789848216,847657808,False,0.05521483797610947
edges-corr,12,sfa,cosmoothed,793224716,766640955,False,0.004424356432415334
edges-corr,12,sfa,cosmoothed,793224716,767871931,False,0.106473374329739
edges-corr,12,sfa,cosmoothed,793224716,771160300,False,0.03333764760762629
edges-corr,12,sfa,cosmoothed,793224716,771990200,False,0.0002622999091713123
edges-corr,12,sfa,cosmoothed,793224716,774875821,False,0.0011544826926950895
edges-corr,12,sfa,cosmoothed,793224716,778240327,False,0.019728399626639803
edges-corr,12,sfa,cosmoothed,793224716,778998620,False,0.00019503472749308142
edges-corr,12,sfa,cosmoothed,793224716,779839471,False,0.0037841851431154854
edges-corr,12,sfa,cosmoothed,793224716,781842082,False,0.027700307035752388
edges-corr,12,sfa,cosmoothed,793224716,787025148,False,0.00012727126277472907
edges-corr,12,sfa,cosmoothed,793224716,789848216,False,0.0045896108722642695
edges-corr,12,sfa,cosmoothed,793224716,793224716,True,0.9038317138580805
edges-corr,12,sfa,cosmoothed,793224716,794812542,False,0.026992254240949004
edges-corr,12,sfa,cosmoothed,793224716,816200189,False,0.003658360339782572
edges-corr,12,sfa,cosmoothed,793224716,847657808,False,0.05611525401693849
edges-corr,12,sfa,cosmoothed,794812542,766640955,False,0.03392051681007471
edges-corr,12,sfa,cosmoothed,794812542,767871931,False,0.0007562597359402943
edges-corr,12,sfa,cosmoothed,794812542,771160300,False,0.00035826877922882087
edges-corr,12,sfa,cosmoothed,794812542,771990200,False,0.014941303129400564
edges-corr,12,sfa,cosmoothed,794812542,774875821,False,0.007345439709366753
edges-corr,12,sfa,cosmoothed,794812542,778240327,False,0.010024309758274893
edges-corr,12,sfa,cosmoothed,794812542,778998620,False,0.06601575862674003
edges-corr,12,sfa,cosmoothed,794812542,779839471,False,0.06165095849353479
edges-corr,12,sfa,cosmoothed,794812542,781842082,False,0.004452407606646816
edges-corr,12,sfa,cosmoothed,794812542,787025148,False,0.018231786425156122
edges-corr,12,sfa,cosmoothed,794812542,789848216,False,0.016053256485017993
edges-corr,12,sfa,cosmoothed,794812542,793224716,False,0.013309269347440398
edges-corr,12,sfa,cosmoothed,794812542,794812542,True,0.7398714518682553
edges-corr,12,sfa,cosmoothed,794812542,816200189,False,0.0015160593188811803
edges-corr,12,sfa,cosmoothed,794812542,847657808,False,0.015397388963406188
edges-corr,12,sfa,cosmoothed,816200189,766640955,False,0.03526700580948501
edges-corr,12,sfa,cosmoothed,816200189,767871931,False,0.02183193017466736
edges-corr,12,sfa,cosmoothed,816200189,771160300,False,0.002970103206338129
edges-corr,12,sfa,cosmoothed,816200189,771990200,False,0.0010930970927396676
edges-corr,12,sfa,cosmoothed,816200189,774875821,False,0.008272811361557069
edges-corr,12,sfa,cosmoothed,816200189,778240327,False,0.050800010545468614
edges-corr,12,sfa,cosmoothed,816200189,778998620,False,0.0037252143499932216
edges-corr,12,sfa,cosmoothed,816200189,779839471,False,0.002244935856845877
edges-corr,12,sfa,cosmoothed,816200189,781842082,False,0.06460666395469597
edges-corr,12,sfa,cosmoothed,816200189,787025148,False,0.015554941056477279
edges-corr,12,sfa,cosmoothed,816200189,789848216,False,0.025641626442273097
edges-corr,12,sfa,cosmoothed,816200189,793224716,False,0.008116024005364078
edges-corr,12,sfa,cosmoothed,816200189,794812542,False,0.0014574205806585881
edges-corr,12,sfa,cosmoothed,816200189,816200189,True,0.6144491882920885
edges-corr,12,sfa,cosmoothed,816200189,847657808,False,0.05194869058226349
edges-corr,12,sfa,cosmoothed,847657808,766640955,False,0.05859476366671964
edges-corr,12,sfa,cosmoothed,847657808,767871931,False,0.00551526346681355
edges-corr,12,sfa,cosmoothed,847657808,771160300,False,0.002174026763170583
edges-corr,12,sfa,cosmoothed,847657808,771990200,False,0.0026494681583788334
edges-corr,12,sfa,cosmoothed,847657808,774875821,False,0.0215809295082708
edges-corr,12,sfa,cosmoothed,847657808,778240327,False,0.017419313022850182
edges-corr,12,sfa,cosmoothed,847657808,778998620,False,0.0009543158484497238
edges-corr,12,sfa,cosmoothed,847657808,779839471,False,0.007249348375649096
edges-corr,12,sfa,cosmoothed,847657808,781842082,False,0.0017313493974007476
edges-corr,12,sfa,cosmoothed,847657808,787025148,False,0.0686193927917891
edges-corr,12,sfa,cosmoothed,847657808,789848216,False,0.04837779058004597
edges-corr,12,sfa,cosmoothed,847657808,793224716,False,0.03609262497815421
edges-corr,12,sfa,cosmoothed,847657808,794812542,False,0.038600401279840796
edges-corr,12,sfa,cosmoothed,847657808,816200189,False,0.03442181145495966
edges-corr,12,sfa,cosmoothed,847657808,847657808,True,0.6085344929109127
edges-corr,16,sfa,cosmoothed,766640955,766640955,True,0.6390229099678634
edges-corr,16,sfa,cosmoothed,766640955,767871931,False,0.0012039480932281774
edges-corr,16,sfa,cosmoothed,766640955,771160300,False,0.0040043324343943774
edges-corr,16,sfa,cosmoothed,766640955,771990200,False,0.03962213264795346
edges-corr,16,sfa,cosmoothed,766640955,774875821,False,0.0044279598876269515
edges-corr,16,sfa,cosmoothed,766640955,778240327,False,0.021585467783199964
edges-corr,16,sfa,cosmoothed,766640955,778998620,False,0.02560144088351466
edges-corr,16,sfa,cosmoothed,766640955,779839471,False,0.027712498623548493
edges-corr,16,sfa,cosmoothed,766640955,781842082,False,0.011319058793420933
edges-corr,16,sfa,cosmoothed,766640955,787025148,False,0.002956547559297351
edges-corr,16,sfa,cosmoothed,766640955,789848216,False,0.03378115280595876
edges-corr,16,sfa,cosmoothed,766640955,793224716,False,0.0167094671437107
edges-corr,16,sfa,cosmoothed,766640955,794812542,False,0.0145468338908137
edges-corr,16,sfa,cosmoothed,766640955,816200189,False,0.01642054420328529
edges-corr,16,sfa,cosmoothed,766640955,847657808,False,0.022756473809806207
edges-corr,16,sfa,cosmoothed,767871931,766640955,False,0.02775911529143252
edges-corr,16,sfa,cosmoothed,767871931,767871931,True,0.7412093172934652
edges-corr,16,sfa,cosmoothed,767871931,771160300,False,0.0002800922029228397
edges-corr,16,sfa,cosmoothed,767871931,771990200,False,0.1005251927114549
edges-corr,16,sfa,cosmoothed,767871931,774875821,False,0.06824508956532757
edges-corr,16,sfa,cosmoothed,767871931,778240327,False,0.0047804901325186775
edges-corr,16,sfa,cosmoothed,767871931,778998620,False,0.25545247211826644
edges-corr,16,sfa,cosmoothed,767871931,779839471,False,0.03928268193171329
edges-corr,16,sfa,cosmoothed,767871931,781842082,False,0.11967368434586946
edges-corr,16,sfa,cosmoothed,767871931,787025148,False,0.034547700643313674
edges-corr,16,sfa,cosmoothed,767871931,789848216,False,0.006520493754224218
edges-corr,16,sfa,cosmoothed,767871931,793224716,False,0.03505058630952743
edges-corr,16,sfa,cosmoothed,767871931,794812542,False,0.012687843717708452
edges-corr,16,sfa,cosmoothed,767871931,816200189,False,0.0037181582225057127
edges-corr,16,sfa,cosmoothed,767871931,847657808,False,0.00030050601815109524
edges-corr,16,sfa,cosmoothed,771160300,766640955,False,0.044462876485636134
edges-corr,16,sfa,cosmoothed,771160300,767871931,False,0.038059391532593315
edges-corr,16,sfa,cosmoothed,771160300,771160300,True,0.8776028529405916
edges-corr,16,sfa,cosmoothed,771160300,771990200,False,0.09558256284564044
edges-corr,16,sfa,cosmoothed,771160300,774875821,False,0.002662363943008307
edges-corr,16,sfa,cosmoothed,771160300,778240327,False,0.03529533265007603
edges-corr,16,sfa,cosmoothed,771160300,778998620,False,0.17482830164383995
edges-corr,16,sfa,cosmoothed,771160300,779839471,False,0.1508987967314124
edges-corr,16,sfa,cosmoothed,771160300,781842082,False,0.0011688623250625315
edges-corr,16,sfa,cosmoothed,771160300,787025148,False,0.04908604290922482
edges-corr,16,sfa,cosmoothed,771160300,789848216,False,0.020968161076528147
edges-corr,16,sfa,cosmoothed,771160300,793224716,False,0.06903147268329024
edges-corr,16,sfa,cosmoothed,771160300,794812542,False,0.01342186290282175
edges-corr,16,sfa,cosmoothed,771160300,816200189,False,0.014574463984879075
edges-corr,16,sfa,cosmoothed,771160300,847657808,False,0.07406283550860775
edges-corr,16,sfa,cosmoothed,771990200,766640955,False,0.04607023720690974
edges-corr,16,sfa,cosmoothed,771990200,767871931,False,0.0802291479211999
edges-corr,16,sfa,cosmoothed,771990200,771160300,False,0.08447892913389057
edges-corr,16,sfa,cosmoothed,771990200,771990200,True,0.7669272392920051
edges-corr,16,sfa,cosmoothed,771990200,774875821,False,0.008408854309011901
edges-corr,16,sfa,cosmoothed,771990200,778240327,False,0.04691440071722059
edges-corr,16,sfa,cosmoothed,771990200,778998620,False,0.22936735424419863
edges-corr,16,sfa,cosmoothed,771990200,779839471,False,0.10835237222959113
edges-corr,16,sfa,cosmoothed,771990200,781842082,False,0.05068744976040049
edges-corr,16,sfa,cosmoothed,771990200,787025148,False,0.16893685663528968
edges-corr,16,sfa,cosmoothed,771990200,789848216,False,0.00040230983714935445
edges-corr,16,sfa,cosmoothed,771990200,793224716,False,0.0005983691348547671
edges-corr,16,sfa,cosmoothed,771990200,794812542,False,0.02014580869728166
edges-corr,16,sfa,cosmoothed,771990200,816200189,False,0.007934768898384601
edges-corr,16,sfa,cosmoothed,771990200,847657808,False,0.0027341853838731287
edges-corr,16,sfa,cosmoothed,774875821,766640955,False,4.974758410355372e-07
edges-corr,16,sfa,cosmoothed,774875821,767871931,False,0.037658746159585706
edges-corr,16,sfa,cosmoothed,774875821,771160300,False,0.03144472588262869
edges-corr,16,sfa,cosmoothed,774875821,771990200,False,0.005958838198370015
edges-corr,16,sfa,cosmoothed,774875821,774875821,True,0.7401382308231096
edges-corr,16,sfa,cosmoothed,774875821,778240327,False,0.00018357551768183582
edges-corr,16,sfa,cosmoothed,774875821,778998620,False,0.01806118581087403
edges-corr,16,sfa,cosmoothed,774875821,779839471,False,0.001222233382615673
edges-corr,16,sfa,cosmoothed,774875821,781842082,False,9.912333012193988e-05
edges-corr,16,sfa,cosmoothed,774875821,787025148,False,0.010497352544594515
edges-corr,16,sfa,cosmoothed,774875821,789848216,False,0.009496376464728635
edges-corr,16,sfa,cosmoothed,774875821,793224716,False,0.0003601906258611948
edges-corr,16,sfa,cosmoothed,774875821,794812542,False,0.004615186626128657
edges-corr,16,sfa,cosmoothed,774875821,816200189,False,0.0001033016879021427
edges-corr,16,sfa,cosmoothed,774875821,847657808,False,0.01944530171423426
edges-corr,16,sfa,cosmoothed,778240327,766640955,False,0.012204396271007074
edges-corr,16,sfa,cosmoothed,778240327,767871931,False,0.0009519879589092984
edges-corr,16,sfa,cosmoothed,778240327,771160300,False,0.02988701548137605
edges-corr,16,sfa,cosmoothed,778240327,771990200,False,0.025858589022032405
edges-corr,16,sfa,cosmoothed,778240327,774875821,False,0.004231216195361549
edges-corr,16,sfa,cosmoothed,778240327,778240327,True,0.7512810817245088
edges-corr,16,sfa,cosmoothed,778240327,778998620,False,0.0009044434356824646
edges-corr,16,sfa,cosmoothed,778240327,779839471,False,0.021646562625462794
edges-corr,16,sfa,cosmoothed,778240327,781842082,False,0.002244399741572483
edges-corr,16,sfa,cosmoothed,778240327,787025148,False,0.05122455178913823
edges-corr,16,sfa,cosmoothed,778240327,789848216,False,0.04176133945106801
edges-corr,16,sfa,cosmoothed,778240327,793224716,False,0.015982832539108923
edges-corr,16,sfa,cosmoothed,778240327,794812542,False,0.011238655971366711
edges-corr,16,sfa,cosmoothed,778240327,816200189,False,0.015844623382093363
edges-corr,16,sfa,cosmoothed,778240327,847657808,False,0.01997321184219025
edges-corr,16,sfa,cosmoothed,778998620,766640955,False,0.0670776840240046
edges-corr,16,sfa,cosmoothed,778998620,767871931,False,0.2792701297977881
edges-corr,16,sfa,cosmoothed,778998620,771160300,False,0.17194070680311047
edges-corr,16,sfa,cosmoothed,778998620,771990200,False,0.271512191800205
edges-corr,16,sfa,cosmoothed,778998620,774875821,False,0.018817730899413226
edges-corr,16,sfa,cosmoothed,778998620,778240327,False,0.0022870071019429274
edges-corr,16,sfa,cosmoothed,778998620,778998620,True,0.8489266344589402
edges-corr,16,sfa,cosmoothed,778998620,779839471,False,0.3248640351010786
edges-corr,16,sfa,cosmoothed,778998620,781842082,False,0.003421514976395256
edges-corr,16,sfa,cosmoothed,778998620,787025148,False,0.1619148421518617
edges-corr,16,sfa,cosmoothed,778998620,789848216,False,0.01262279143356651
edges-corr,16,sfa,cosmoothed,778998620,793224716,False,0.0010033518278857784
edges-corr,16,sfa,cosmoothed,778998620,794812542,False,0.07533718027825712
edges-corr,16,sfa,cosmoothed,778998620,816200189,False,0.005683084849390949
edges-corr,16,sfa,cosmoothed,778998620,847657808,False,0.02051754621772214
edges-corr,16,sfa,cosmoothed,779839471,766640955,False,0.03932618122493425
edges-corr,16,sfa,cosmoothed,779839471,767871931,False,0.025408216515323687
edges-corr,16,sfa,cosmoothed,779839471,771160300,False,0.08743728046270456
edges-corr,16,sfa,cosmoothed,779839471,771990200,False,0.12504653445999542
edges-corr,16,sfa,cosmoothed,779839471,774875821,False,0.024135061077997778
edges-corr,16,sfa,cosmoothed,779839471,778240327,False,0.0022535466837832153
edges-corr,16,sfa,cosmoothed,779839471,778998620,False,0.2461079082116701
edges-corr,16,sfa,cosmoothed,779839471,779839471,True,0.6277271476422963
edges-corr,16,sfa,cosmoothed,779839471,781842082,False,0.003346689004726791
edges-corr,16,sfa,cosmoothed,779839471,787025148,False,0.1425539526771526
edges-corr,16,sfa,cosmoothed,779839471,789848216,False,0.012950332856712618
edges-corr,16,sfa,cosmoothed,779839471,793224716,False,0.002242581794851412
edges-corr,16,sfa,cosmoothed,779839471,794812542,False,0.059605972740547575
edges-corr,16,sfa,cosmoothed,779839471,816200189,False,0.05235482605977435
edges-corr,16,sfa,cosmoothed,779839471,847657808,False,0.058858039485456815
edges-corr,16,sfa,cosmoothed,781842082,766640955,False,0.022655264512377586
edges-corr,16,sfa,cosmoothed,781842082,767871931,False,0.10379697410654203
edges-corr,16,sfa,cosmoothed,781842082,771160300,False,0.00013301793503956152
edges-corr,16,sfa,cosmoothed,781842082,771990200,False,0.02670688908051573
edges-corr,16,sfa,cosmoothed,781842082,774875821,False,0.00015322702345016103
edges-corr,16,sfa,cosmoothed,781842082,778240327,False,0.0001913775853920686
edges-corr,16,sfa,cosmoothed,781842082,778998620,False,0.0073340324433663635
edges-corr,16,sfa,cosmoothed,781842082,779839471,False,0.0034395068313893755
edges-corr,16,sfa,cosmoothed,781842082,781842082,True,0.8745476559485428
edges-corr,16,sfa,cosmoothed,781842082,787025148,False,0.0007224880246383114
edges-corr,16,sfa,cosmoothed,781842082,789848216,False,0.04615999334188216
edges-corr,16,sfa,cosmoothed,781842082,793224716,False,0.022703997537559306
edges-corr,16,sfa,cosmoothed,781842082,794812542,False,0.010902235701323464
edges-corr,16,sfa,cosmoothed,781842082,816200189,False,0.0723735305128122
edges-corr,16,sfa,cosmoothed,781842082,847657808,False,4.877558150562586e-05
edges-corr,16,sfa,cosmoothed,787025148,766640955,False,0.016507957713026725
edges-corr,16,sfa,cosmoothed,787025148,767871931,False,0.007742276439745316
edges-corr,16,sfa,cosmoothed,787025148,771160300,False,0.017678280742034223
edges-corr,16,sfa,cosmoothed,787025148,771990200,False,0.07525362736990003
edges-corr,16,sfa,cosmoothed,787025148,774875821,False,0.0003749726456854477
edges-corr,16,sfa,cosmoothed,787025148,778240327,False,0.08303758616338217
edges-corr,16,sfa,cosmoothed,787025148,778998620,False,0.050883027305936836
edges-corr,16,sfa,cosmoothed,787025148,779839471,False,0.10004758935214872
edges-corr,16,sfa,cosmoothed,787025148,781842082,False,3.4175263008842865e-05
edges-corr,16,sfa,cosmoothed,787025148,787025148,True,0.8122294621840501
edges-corr,16,sfa,cosmoothed,787025148,789848216,False,0.0014881198344601182
edges-corr,16,sfa,cosmoothed,787025148,793224716,False,0.0005701787521253243
edges-corr,16,sfa,cosmoothed,787025148,794812542,False,0.016428149892620845
edges-corr,16,sfa,cosmoothed,787025148,816200189,False,0.013251300372696544
edges-corr,16,sfa,cosmoothed,787025148,847657808,False,0.019757895861146662
edges-corr,16,sfa,cosmoothed,789848216,766640955,False,0.050006781729454684
edges-corr,16,sfa,cosmoothed,789848216,767871931,False,0.02033739902369849
edges-corr,16,sfa,cosmoothed,789848216,771160300,False,0.010009687049203296
edges-corr,16,sfa,cosmoothed,789848216,771990200,False,0.0011150528532588603
edges-corr,16,sfa,cosmoothed,789848216,774875821,False,0.013050378466652688
edges-corr,16,sfa,cosmoothed,789848216,778240327,False,0.05545680879481574
edges-corr,16,sfa,cosmoothed,789848216,778998620,False,0.00771893482161006
edges-corr,16,sfa,cosmoothed,789848216,779839471,False,0.024372925307859415
edges-corr,16,sfa,cosmoothed,789848216,781842082,False,0.05549499540354745
edges-corr,16,sfa,cosmoothed,789848216,787025148,False,0.00716075994743776
edges-corr,16,sfa,cosmoothed,789848216,789848216,True,0.9229440607932626
edges-corr,16,sfa,cosmoothed,789848216,793224716,False,0.006221982973405619
edges-corr,16,sfa,cosmoothed,789848216,794812542,False,0.03578088227348165
edges-corr,16,sfa,cosmoothed,789848216,816200189,False,0.009605152790420193
edges-corr,16,sfa,cosmoothed,789848216,847657808,False,0.0624446777453703
edges-corr,16,sfa,cosmoothed,793224716,766640955,False,0.004627790257421762
edges-corr,16,sfa,cosmoothed,793224716,767871931,False,0.11277536514909502
edges-corr,16,sfa,cosmoothed,793224716,771160300,False,0.035117524730473734
edges-corr,16,sfa,cosmoothed,793224716,771990200,False,0.00033288908972697656
edges-corr,16,sfa,cosmoothed,793224716,774875821,False,0.0013491020483624488
edges-corr,16,sfa,cosmoothed,793224716,778240327,False,0.021682374329538456
edges-corr,16,sfa,cosmoothed,793224716,778998620,False,0.0003199014578781686
edges-corr,16,sfa,cosmoothed,793224716,779839471,False,0.0035582257467984446
edges-corr,16,sfa,cosmoothed,793224716,781842082,False,0.028696023668742982
edges-corr,16,sfa,cosmoothed,793224716,787025148,False,0.00018733104688895788
edges-corr,16,sfa,cosmoothed,793224716,789848216,False,0.006260010334823654
edges-corr,16,sfa,cosmoothed,793224716,793224716,True,0.9214297188105666
edges-corr,16,sfa,cosmoothed,793224716,794812542,False,0.0275126102753937
edges-corr,16,sfa,cosmoothed,793224716,816200189,False,0.003959078551290119
edges-corr,16,sfa,cosmoothed,793224716,847657808,False,0.0606472532449541
edges-corr,16,sfa,cosmoothed,794812542,766640955,False,0.035886919192439345
edges-corr,16,sfa,cosmoothed,794812542,767871931,False,0.0012323560632264083
edges-corr,16,sfa,cosmoothed,794812542,771160300,False,0.00038492147532047665
edges-corr,16,sfa,cosmoothed,794812542,771990200,False,0.016955985551225867
edges-corr,16,sfa,cosmoothed,794812542,774875821,False,0.009108503722711003
edges-corr,16,sfa,cosmoothed,794812542,778240327,False,0.012010722433236951
edges-corr,16,sfa,cosmoothed,794812542,778998620,False,0.0660543215320088
edges-corr,16,sfa,cosmoothed,794812542,779839471,False,0.06732341326857583
edges-corr,16,sfa,cosmoothed,794812542,781842082,False,0.005551402446367191
edges-corr,16,sfa,cosmoothed,794812542,787025148,False,0.02064267615549331
edges-corr,16,sfa,cosmoothed,794812542,789848216,False,0.0182227180474322
edges-corr,16,sfa,cosmoothed,794812542,793224716,False,0.014207040429767243
edges-corr,16,sfa,cosmoothed,794812542,794812542,True,0.7536323033596676
edges-corr,16,sfa,cosmoothed,794812542,816200189,False,0.0015500021307921473
edges-corr,16,sfa,cosmoothed,794812542,847657808,False,0.016194442593513013
edges-corr,16,sfa,cosmoothed,816200189,766640955,False,0.037908254507296846
edges-corr,16,sfa,cosmoothed,816200189,767871931,False,0.0256966406521496
edges-corr,16,sfa,cosmoothed,816200189,771160300,False,0.0029740158748559
edges-corr,16,sfa,cosmoothed,816200189,771990200,False,0.00087741252319342
edges-corr,16,sfa,cosmoothed,816200189,774875821,False,0.009651679802722357
edges-corr,16,sfa,cosmoothed,816200189,778240327,False,0.05736287256381995
edges-corr,16,sfa,cosmoothed,816200189,778998620,False,0.004765814735146809
edges-corr,16,sfa,cosmoothed,816200189,779839471,False,0.00197227202734374
edges-corr,16,sfa,cosmoothed,816200189,781842082,False,0.06854077188434683
edges-corr,16,sfa,cosmoothed,816200189,787025148,False,0.018226401784177008
edges-corr,16,sfa,cosmoothed,816200189,789848216,False,0.026319794674647453
edges-corr,16,sfa,cosmoothed,816200189,793224716,False,0.009152936128803224
edges-corr,16,sfa,cosmoothed,816200189,794812542,False,0.0023866017750080277
edges-corr,16,sfa,cosmoothed,816200189,816200189,True,0.6535028350840928
edges-corr,16,sfa,cosmoothed,816200189,847657808,False,0.05641485634532405
edges-corr,16,sfa,cosmoothed,847657808,766640955,False,0.06048954080409077
edges-corr,16,sfa,cosmoothed,847657808,767871931,False,0.006435103174448788
edges-corr,16,sfa,cosmoothed,847657808,771160300,False,0.0023515269543392158
edges-corr,16,sfa,cosmoothed,847657808,771990200,False,0.0032817333526812503
edges-corr,16,sfa,cosmoothed,847657808,774875821,False,0.02197504799233689
edges-corr,16,sfa,cosmoothed,847657808,778240327,False,0.01994930304874111
edges-corr,16,sfa,cosmoothed,847657808,778998620,False,0.0012272046418593649
edges-corr,16,sfa,cosmoothed,847657808,779839471,False,0.007870650196868218
edges-corr,16,sfa,cosmoothed,847657808,781842082,False,0.002250953985836412
edges-corr,16,sfa,cosmoothed,847657808,787025148,False,0.08266041234565605
edges-corr,16,sfa,cosmoothed,847657808,789848216,False,0.06677275994058701
edges-corr,16,sfa,cosmoothed,847657808,793224716,False,0.04029194631564785
edges-corr,16,sfa,cosmoothed,847657808,794812542,False,0.04818395898258302
edges-corr,16,sfa,cosmoothed,847657808,816200189,False,0.04175989099965108
edges-corr,16,sfa,cosmoothed,847657808,847657808,True,0.6437308172535033
edges-corr,20,sfa,cosmoothed,766640955,766640955,True,0.6489671746924677
edges-corr,20,sfa,cosmoothed,766640955,767871931,False,0.0012195592710834554
edges-corr,20,sfa,cosmoothed,766640955,771160300,False,0.0038174999550796133
edges-corr,20,sfa,cosmoothed,766640955,771990200,False,0.042643589670934755
edges-corr,20,sfa,cosmoothed,766640955,774875821,False,0.0038482189692972775
edges-corr,20,sfa,cosmoothed,766640955,778240327,False,0.02035577080117174
edges-corr,20,sfa,cosmoothed,766640955,778998620,False,0.026893876028808585
edges-corr,20,sfa,cosmoothed,766640955,779839471,False,0.03153036476259801
edges-corr,20,sfa,cosmoothed,766640955,781842082,False,0.012548539743260449
edges-corr,20,sfa,cosmoothed,766640955,787025148,False,0.002341344384160581
edges-corr,20,sfa,cosmoothed,766640955,789848216,False,0.034712186038112144
edges-corr,20,sfa,cosmoothed,766640955,793224716,False,0.0187781806491461
edges-corr,20,sfa,cosmoothed,766640955,794812542,False,0.01517569748857538
edges-corr,20,sfa,cosmoothed,766640955,816200189,False,0.016911212189512647
edges-corr,20,sfa,cosmoothed,766640955,847657808,False,0.022077016811755695
edges-corr,20,sfa,cosmoothed,767871931,766640955,False,0.029577365182029594
edges-corr,20,sfa,cosmoothed,767871931,767871931,True,0.7500765246030269
edges-corr,20,sfa,cosmoothed,767871931,771160300,False,0.00026286929631740713
edges-corr,20,sfa,cosmoothed,767871931,771990200,False,0.10570670564887098
edges-corr,20,sfa,cosmoothed,767871931,774875821,False,0.07379456007392327
edges-corr,20,sfa,cosmoothed,767871931,778240327,False,0.005474843570205199
edges-corr,20,sfa,cosmoothed,767871931,778998620,False,0.26287427429850874
edges-corr,20,sfa,cosmoothed,767871931,779839471,False,0.042552750798386614
edges-corr,20,sfa,cosmoothed,767871931,781842082,False,0.12583965286156623
edges-corr,20,sfa,cosmoothed,767871931,787025148,False,0.035964844500006324
edges-corr,20,sfa,cosmoothed,767871931,789848216,False,0.007271843991102931
edges-corr,20,sfa,cosmoothed,767871931,793224716,False,0.03702590665240352
edges-corr,20,sfa,cosmoothed,767871931,794812542,False,0.014167883596754615
edges-corr,20,sfa,cosmoothed,767871931,816200189,False,0.004163337730537606
edges-corr,20,sfa,cosmoothed,767871931,847657808,False,0.00025062986314890065
edges-corr,20,sfa,cosmoothed,771160300,766640955,False,0.04613132248087093
edges-corr,20,sfa,cosmoothed,771160300,767871931,False,0.03942937330255935
edges-corr,20,sfa,cosmoothed,771160300,771160300,True,0.8861274028559644
edges-corr,20,sfa,cosmoothed,771160300,771990200,False,0.10037677882953042
edges-corr,20,sfa,cosmoothed,771160300,774875821,False,0.002555145925340202
edges-corr,20,sfa,cosmoothed,771160300,778240327,False,0.0388016777511512
edges-corr,20,sfa,cosmoothed,771160300,778998620,False,0.18070956811393496
edges-corr,20,sfa,cosmoothed,771160300,779839471,False,0.1621588381966643
edges-corr,20,sfa,cosmoothed,771160300,781842082,False,0.0011061137228929865
edges-corr,20,sfa,cosmoothed,771160300,787025148,False,0.05091921767303319
edges-corr,20,sfa,cosmoothed,771160300,789848216,False,0.022914026085027503
edges-corr,20,sfa,cosmoothed,771160300,793224716,False,0.07213954924784123
edges-corr,20,sfa,cosmoothed,771160300,794812542,False,0.014733025603908944
edges-corr,20,sfa,cosmoothed,771160300,816200189,False,0.015923548634917566
edges-corr,20,sfa,cosmoothed,771160300,847657808,False,0.07848082259053876
edges-corr,20,sfa,cosmoothed,771990200,766640955,False,0.048000625999557144
edges-corr,20,sfa,cosmoothed,771990200,767871931,False,0.08693350988066655
edges-corr,20,sfa,cosmoothed,771990200,771160300,False,0.08819092413761472
edges-corr,20,sfa,cosmoothed,771990200,771990200,True,0.7792956489067722
edges-corr,20,sfa,cosmoothed,771990200,774875821,False,0.008210814784280708
edges-corr,20,sfa,cosmoothed,771990200,778240327,False,0.050729032652737156
edges-corr,20,sfa,cosmoothed,771990200,778998620,False,0.24079226605913034
edges-corr,20,sfa,cosmoothed,771990200,779839471,False,0.11681340623106885
edges-corr,20,sfa,cosmoothed,771990200,781842082,False,0.05081235933744671
edges-corr,20,sfa,cosmoothed,771990200,787025148,False,0.1802154467151909
edges-corr,20,sfa,cosmoothed,771990200,789848216,False,0.0007191456168139307
edges-corr,20,sfa,cosmoothed,771990200,793224716,False,0.0010017894579039993
edges-corr,20,sfa,cosmoothed,771990200,794812542,False,0.02173173358153862
edges-corr,20,sfa,cosmoothed,771990200,816200189,False,0.007850291194744521
edges-corr,20,sfa,cosmoothed,771990200,847657808,False,0.002832741173183003
edges-corr,20,sfa,cosmoothed,774875821,766640955,False,1.1071388524292232e-06
edges-corr,20,sfa,cosmoothed,774875821,767871931,False,0.04231755187630133
edges-corr,20,sfa,cosmoothed,774875821,771160300,False,0.032153272129320634
edges-corr,20,sfa,cosmoothed,774875821,771990200,False,0.007069635236454467
edges-corr,20,sfa,cosmoothed,774875821,774875821,True,0.7461715178398547
edges-corr,20,sfa,cosmoothed,774875821,778240327,False,0.0004526493364391606
edges-corr,20,sfa,cosmoothed,774875821,778998620,False,0.020057507677026954
edges-corr,20,sfa,cosmoothed,774875821,779839471,False,0.0015442920422409432
edges-corr,20,sfa,cosmoothed,774875821,781842082,False,7.437602046143353e-05
edges-corr,20,sfa,cosmoothed,774875821,787025148,False,0.00953034833969267
edges-corr,20,sfa,cosmoothed,774875821,789848216,False,0.011308315128126306
edges-corr,20,sfa,cosmoothed,774875821,793224716,False,0.0003783245626987048
edges-corr,20,sfa,cosmoothed,774875821,794812542,False,0.005192373280258253
edges-corr,20,sfa,cosmoothed,774875821,816200189,False,0.0003195714807615144
edges-corr,20,sfa,cosmoothed,774875821,847657808,False,0.020753870275624253
edges-corr,20,sfa,cosmoothed,778240327,766640955,False,0.01225148757074941
edges-corr,20,sfa,cosmoothed,778240327,767871931,False,0.0008128178714022811
edges-corr,20,sfa,cosmoothed,778240327,771160300,False,0.03181992035855234
edges-corr,20,sfa,cosmoothed,778240327,771990200,False,0.02836453973893843
edges-corr,20,sfa,cosmoothed,778240327,774875821,False,0.005018459875951242
edges-corr,20,sfa,cosmoothed,778240327,778240327,True,0.772525451914491
edges-corr,20,sfa,cosmoothed,778240327,778998620,False,0.0009581313540687823
edges-corr,20,sfa,cosmoothed,778240327,779839471,False,0.024141565691427825
edges-corr,20,sfa,cosmoothed,778240327,781842082,False,0.0018068340153547826
edges-corr,20,sfa,cosmoothed,778240327,787025148,False,0.0536531577283293
edges-corr,20,sfa,cosmoothed,778240327,789848216,False,0.046085848792110494
edges-corr,20,sfa,cosmoothed,778240327,793224716,False,0.015867597385305198
edges-corr,20,sfa,cosmoothed,778240327,794812542,False,0.01315942780697275
edges-corr,20,sfa,cosmoothed,778240327,816200189,False,0.01811958474368763
edges-corr,20,sfa,cosmoothed,778240327,847657808,False,0.02013613473694987
edges-corr,20,sfa,cosmoothed,778998620,766640955,False,0.06968795601821218
edges-corr,20,sfa,cosmoothed,778998620,767871931,False,0.2920855685338926
edges-corr,20,sfa,cosmoothed,778998620,771160300,False,0.17690386214797618
edges-corr,20,sfa,cosmoothed,778998620,771990200,False,0.2848770884864022
edges-corr,20,sfa,cosmoothed,778998620,774875821,False,0.02061297484342912
edges-corr,20,sfa,cosmoothed,778998620,778240327,False,0.0024715653056174786
edges-corr,20,sfa,cosmoothed,778998620,778998620,True,0.8605916101786552
edges-corr,20,sfa,cosmoothed,778998620,779839471,False,0.34330867393027686
edges-corr,20,sfa,cosmoothed,778998620,781842082,False,0.003761238184205439
edges-corr,20,sfa,cosmoothed,778998620,787025148,False,0.17109370101559815
edges-corr,20,sfa,cosmoothed,778998620,789848216,False,0.013691146041510947
edges-corr,20,sfa,cosmoothed,778998620,793224716,False,0.0011041230213464886
edges-corr,20,sfa,cosmoothed,778998620,794812542,False,0.0784314177384361
edges-corr,20,sfa,cosmoothed,778998620,816200189,False,0.0065089961317312305
edges-corr,20,sfa,cosmoothed,778998620,847657808,False,0.02153679219069146
edges-corr,20,sfa,cosmoothed,779839471,766640955,False,0.04409531771967332
edges-corr,20,sfa,cosmoothed,779839471,767871931,False,0.032015599156308805
edges-corr,20,sfa,cosmoothed,779839471,771160300,False,0.09319532009800276
edges-corr,20,sfa,cosmoothed,779839471,771990200,False,0.13044416030257155
edges-corr,20,sfa,cosmoothed,779839471,774875821,False,0.029805442300488635
edges-corr,20,sfa,cosmoothed,779839471,778240327,False,0.0037796226110438347
edges-corr,20,sfa,cosmoothed,779839471,778998620,False,0.2636224701064878
edges-corr,20,sfa,cosmoothed,779839471,779839471,True,0.650077681780953
edges-corr,20,sfa,cosmoothed,779839471,781842082,False,0.0033943745176435963
edges-corr,20,sfa,cosmoothed,779839471,787025148,False,0.1540443023415203
edges-corr,20,sfa,cosmoothed,779839471,789848216,False,0.015894729936399062
edges-corr,20,sfa,cosmoothed,779839471,793224716,False,0.0030292495147438855
edges-corr,20,sfa,cosmoothed,779839471,794812542,False,0.0657076547030127
edges-corr,20,sfa,cosmoothed,779839471,816200189,False,0.058089574751053905
edges-corr,20,sfa,cosmoothed,779839471,847657808,False,0.06256848274630164
edges-corr,20,sfa,cosmoothed,781842082,766640955,False,0.02437671947182749
edges-corr,20,sfa,cosmoothed,781842082,767871931,False,0.10652072398219226
edges-corr,20,sfa,cosmoothed,781842082,771160300,False,0.0003832902712190394
edges-corr,20,sfa,cosmoothed,781842082,771990200,False,0.02615953513555091
edges-corr,20,sfa,cosmoothed,781842082,774875821,False,4.971955544108088e-05
edges-corr,20,sfa,cosmoothed,781842082,778240327,False,0.00011126934002755054
edges-corr,20,sfa,cosmoothed,781842082,778998620,False,0.00706995122565084
edges-corr,20,sfa,cosmoothed,781842082,779839471,False,0.004090974509809647
edges-corr,20,sfa,cosmoothed,781842082,781842082,True,0.8831966490547805
edges-corr,20,sfa,cosmoothed,781842082,787025148,False,0.0003252871538554595
edges-corr,20,sfa,cosmoothed,781842082,789848216,False,0.05439252057173688
edges-corr,20,sfa,cosmoothed,781842082,793224716,False,0.023216441792897807
edges-corr,20,sfa,cosmoothed,781842082,794812542,False,0.013256468972981997
edges-corr,20,sfa,cosmoothed,781842082,816200189,False,0.08040128158847815
edges-corr,20,sfa,cosmoothed,781842082,847657808,False,5.9073168499176114e-05
edges-corr,20,sfa,cosmoothed,787025148,766640955,False,0.017546471076988732
edges-corr,20,sfa,cosmoothed,787025148,767871931,False,0.009212037448994036
edges-corr,20,sfa,cosmoothed,787025148,771160300,False,0.01716136752870836
edges-corr,20,sfa,cosmoothed,787025148,771990200,False,0.08375228567816921
edges-corr,20,sfa,cosmoothed,787025148,774875821,False,1.7973155398398853e-05
edges-corr,20,sfa,cosmoothed,787025148,778240327,False,0.09334991493200262
edges-corr,20,sfa,cosmoothed,787025148,778998620,False,0.055292497978307056
edges-corr,20,sfa,cosmoothed,787025148,779839471,False,0.10690662500627524
edges-corr,20,sfa,cosmoothed,787025148,781842082,False,0.0001277175472639191
edges-corr,20,sfa,cosmoothed,787025148,787025148,True,0.8385037393265259
edges-corr,20,sfa,cosmoothed,787025148,789848216,False,0.001113009963780635
edges-corr,20,sfa,cosmoothed,787025148,793224716,False,0.0007740578749141728
edges-corr,20,sfa,cosmoothed,787025148,794812542,False,0.01858550734714607
edges-corr,20,sfa,cosmoothed,787025148,816200189,False,0.01577374405268737
edges-corr,20,sfa,cosmoothed,787025148,847657808,False,0.023239395345276814
edges-corr,20,sfa,cosmoothed,789848216,766640955,False,0.05611217267310678
edges-corr,20,sfa,cosmoothed,789848216,767871931,False,0.022311955270741788
edges-corr,20,sfa,cosmoothed,789848216,771160300,False,0.010470572571727689
edges-corr,20,sfa,cosmoothed,789848216,771990200,False,0.0005906819822220186
edges-corr,20,sfa,cosmoothed,789848216,774875821,False,0.016322336724186693
edges-corr,20,sfa,cosmoothed,789848216,778240327,False,0.06335686296842039
edges-corr,20,sfa,cosmoothed,789848216,778998620,False,0.007148789568242568
edges-corr,20,sfa,cosmoothed,789848216,779839471,False,0.028035173276080665
edges-corr,20,sfa,cosmoothed,789848216,781842082,False,0.06314862086310993
edges-corr,20,sfa,cosmoothed,789848216,787025148,False,0.00897228387102964
edges-corr,20,sfa,cosmoothed,789848216,789848216,True,0.9286249328115198
edges-corr,20,sfa,cosmoothed,789848216,793224716,False,0.007196775382377665
edges-corr,20,sfa,cosmoothed,789848216,794812542,False,0.041184969836802816
edges-corr,20,sfa,cosmoothed,789848216,816200189,False,0.01000101917025337
edges-corr,20,sfa,cosmoothed,789848216,847657808,False,0.06837715944717246
edges-corr,20,sfa,cosmoothed,793224716,766640955,False,0.004621558420693094
edges-corr,20,sfa,cosmoothed,793224716,767871931,False,0.11851407979156035
edges-corr,20,sfa,cosmoothed,793224716,771160300,False,0.036890109853853235
edges-corr,20,sfa,cosmoothed,793224716,771990200,False,0.0003996161547820054
edges-corr,20,sfa,cosmoothed,793224716,774875821,False,0.0013715635523675837
edges-corr,20,sfa,cosmoothed,793224716,778240327,False,0.02282413874309813
edges-corr,20,sfa,cosmoothed,793224716,778998620,False,0.0004899692178328101
edges-corr,20,sfa,cosmoothed,793224716,779839471,False,0.0032095914260226754
edges-corr,20,sfa,cosmoothed,793224716,781842082,False,0.029749692369387053
edges-corr,20,sfa,cosmoothed,793224716,787025148,False,0.0001506313763393435
edges-corr,20,sfa,cosmoothed,793224716,789848216,False,0.007888076580107668
edges-corr,20,sfa,cosmoothed,793224716,793224716,True,0.932237130677794
edges-corr,20,sfa,cosmoothed,793224716,794812542,False,0.02841501317804882
edges-corr,20,sfa,cosmoothed,793224716,816200189,False,0.004023056364771141
edges-corr,20,sfa,cosmoothed,793224716,847657808,False,0.064784501566956
edges-corr,20,sfa,cosmoothed,794812542,766640955,False,0.03765615319259723
edges-corr,20,sfa,cosmoothed,794812542,767871931,False,0.001969773955724921
edges-corr,20,sfa,cosmoothed,794812542,771160300,False,0.0004359158189966629
edges-corr,20,sfa,cosmoothed,794812542,771990200,False,0.018988690773703163
edges-corr,20,sfa,cosmoothed,794812542,774875821,False,0.011721918166728846
edges-corr,20,sfa,cosmoothed,794812542,778240327,False,0.013268184997476326
edges-corr,20,sfa,cosmoothed,794812542,778998620,False,0.06619805496535118
edges-corr,20,sfa,cosmoothed,794812542,779839471,False,0.07402552778665636
edges-corr,20,sfa,cosmoothed,794812542,781842082,False,0.006628150904196896
edges-corr,20,sfa,cosmoothed,794812542,787025148,False,0.023094313241484123
edges-corr,20,sfa,cosmoothed,794812542,789848216,False,0.019660582661286587
edges-corr,20,sfa,cosmoothed,794812542,793224716,False,0.01520205664390072
edges-corr,20,sfa,cosmoothed,794812542,794812542,True,0.7660137012039204
edges-corr,20,sfa,cosmoothed,794812542,816200189,False,0.0015452944110517029
edges-corr,20,sfa,cosmoothed,794812542,847657808,False,0.017125409305812404
edges-corr,20,sfa,cosmoothed,816200189,766640955,False,0.04232297233685655
edges-corr,20,sfa,cosmoothed,816200189,767871931,False,0.028510266137259613
edges-corr,20,sfa,cosmoothed,816200189,771160300,False,0.0025057441442308875
edges-corr,20,sfa,cosmoothed,816200189,771990200,False,0.0007799651519603163
edges-corr,20,sfa,cosmoothed,816200189,774875821,False,0.01178930062212443
edges-corr,20,sfa,cosmoothed,816200189,778240327,False,0.06253858263285444
edges-corr,20,sfa,cosmoothed,816200189,778998620,False,0.005721840197908142
edges-corr,20,sfa,cosmoothed,816200189,779839471,False,0.0013705361295963336
edges-corr,20,sfa,cosmoothed,816200189,781842082,False,0.07329520664172007
edges-corr,20,sfa,cosmoothed,816200189,787025148,False,0.01983961744779737
edges-corr,20,sfa,cosmoothed,816200189,789848216,False,0.024865125170032035
edges-corr,20,sfa,cosmoothed,816200189,793224716,False,0.00960490148240744
edges-corr,20,sfa,cosmoothed,816200189,794812542,False,0.0033314550853658226
edges-corr,20,sfa,cosmoothed,816200189,816200189,True,0.682353905567245
edges-corr,20,sfa,cosmoothed,816200189,847657808,False,0.05925393885887013
edges-corr,20,sfa,cosmoothed,847657808,766640955,False,0.061785355570461394
edges-corr,20,sfa,cosmoothed,847657808,767871931,False,0.006940530523069967
edges-corr,20,sfa,cosmoothed,847657808,771160300,False,0.0022102316006859923
edges-corr,20,sfa,cosmoothed,847657808,771990200,False,0.003907001231444132
edges-corr,20,sfa,cosmoothed,847657808,774875821,False,0.022464321016882893
edges-corr,20,sfa,cosmoothed,847657808,778240327,False,0.022645996933545666
edges-corr,20,sfa,cosmoothed,847657808,778998620,False,0.0016850802994526565
edges-corr,20,sfa,cosmoothed,847657808,779839471,False,0.008249817192867435
edges-corr,20,sfa,cosmoothed,847657808,781842082,False,0.0030703709490025478
edges-corr,20,sfa,cosmoothed,847657808,787025148,False,0.0967631216730196
edges-corr,20,sfa,cosmoothed,847657808,789848216,False,0.08359345635532756
edges-corr,20,sfa,cosmoothed,847657808,793224716,False,0.043238896159720715
edges-corr,20,sfa,cosmoothed,847657808,794812542,False,0.0553985767650594
edges-corr,20,sfa,cosmoothed,847657808,816200189,False,0.04985165558377759
edges-corr,20,sfa,cosmoothed,847657808,847657808,True,0.6653081457871018
edges-corr,24,sfa,cosmoothed,766640955,766640955,True,0.6538478662358951
edges-corr,24,sfa,cosmoothed,766640955,767871931,False,0.001217378544512262
edges-corr,24,sfa,cosmoothed,766640955,771160300,False,0.0032219877895676543
edges-corr,24,sfa,cosmoothed,766640955,771990200,False,0.04456754256974192
edges-corr,24,sfa,cosmoothed,766640955,774875821,False,0.0034639284185619392
edges-corr,24,sfa,cosmoothed,766640955,778240327,False,0.019019683099777137
edges-corr,24,sfa,cosmoothed,766640955,778998620,False,0.027023659640642062
edges-corr,24,sfa,cosmoothed,766640955,779839471,False,0.03537732139565323
edges-corr,24,sfa,cosmoothed,766640955,781842082,False,0.013965293420285572
edges-corr,24,sfa,cosmoothed,766640955,787025148,False,0.0019112870663603335
edges-corr,24,sfa,cosmoothed,766640955,789848216,False,0.0358802562833
edges-corr,24,sfa,cosmoothed,766640955,793224716,False,0.020963814679669273
edges-corr,24,sfa,cosmoothed,766640955,794812542,False,0.015541671540898848
edges-corr,24,sfa,cosmoothed,766640955,816200189,False,0.01748492846036607
edges-corr,24,sfa,cosmoothed,766640955,847657808,False,0.022144950679649795
edges-corr,24,sfa,cosmoothed,767871931,766640955,False,0.031496061474557954
edges-corr,24,sfa,cosmoothed,767871931,767871931,True,0.7563323184571951
edges-corr,24,sfa,cosmoothed,767871931,771160300,False,0.00017620450150629898
edges-corr,24,sfa,cosmoothed,767871931,771990200,False,0.10990939254316977
edges-corr,24,sfa,cosmoothed,767871931,774875821,False,0.0803455187580065
edges-corr,24,sfa,cosmoothed,767871931,778240327,False,0.0061044572968720736
edges-corr,24,sfa,cosmoothed,767871931,778998620,False,0.2683847425792313
edges-corr,24,sfa,cosmoothed,767871931,779839471,False,0.045181680614189805
edges-corr,24,sfa,cosmoothed,767871931,781842082,False,0.1310507667541492
edges-corr,24,sfa,cosmoothed,767871931,787025148,False,0.03643596282295691
edges-corr,24,sfa,cosmoothed,767871931,789848216,False,0.00768531224944821
edges-corr,24,sfa,cosmoothed,767871931,793224716,False,0.039124195232455215
edges-corr,24,sfa,cosmoothed,767871931,794812542,False,0.015922246487046154
edges-corr,24,sfa,cosmoothed,767871931,816200189,False,0.004639720550696718
edges-corr,24,sfa,cosmoothed,767871931,847657808,False,0.00019130268950664586
edges-corr,24,sfa,cosmoothed,771160300,766640955,False,0.048101585108981666
edges-corr,24,sfa,cosmoothed,771160300,767871931,False,0.04073553113797527
edges-corr,24,sfa,cosmoothed,771160300,771160300,True,0.8906244732148334
edges-corr,24,sfa,cosmoothed,771160300,771990200,False,0.10521617543591182
edges-corr,24,sfa,cosmoothed,771160300,774875821,False,0.0024083750405102444
edges-corr,24,sfa,cosmoothed,771160300,778240327,False,0.04106432427580447
edges-corr,24,sfa,cosmoothed,771160300,778998620,False,0.18790223399141368
edges-corr,24,sfa,cosmoothed,771160300,779839471,False,0.17315243006971479
edges-corr,24,sfa,cosmoothed,771160300,781842082,False,0.0009867615452592972
edges-corr,24,sfa,cosmoothed,771160300,787025148,False,0.05297823266451023
edges-corr,24,sfa,cosmoothed,771160300,789848216,False,0.02488143817697403
edges-corr,24,sfa,cosmoothed,771160300,793224716,False,0.07538437297727389
edges-corr,24,sfa,cosmoothed,771160300,794812542,False,0.016109265002856903
edges-corr,24,sfa,cosmoothed,771160300,816200189,False,0.017222028929712092
edges-corr,24,sfa,cosmoothed,771160300,847657808,False,0.08343335892286956
edges-corr,24,sfa,cosmoothed,771990200,766640955,False,0.050279540897070304
edges-corr,24,sfa,cosmoothed,771990200,767871931,False,0.09532247282550654
edges-corr,24,sfa,cosmoothed,771990200,771160300,False,0.09176619460719121
edges-corr,24,sfa,cosmoothed,771990200,771990200,True,0.7929790784824405
edges-corr,24,sfa,cosmoothed,771990200,774875821,False,0.0081128099999298
edges-corr,24,sfa,cosmoothed,771990200,778240327,False,0.0537267621526178
edges-corr,24,sfa,cosmoothed,771990200,778998620,False,0.2542695355659527
edges-corr,24,sfa,cosmoothed,771990200,779839471,False,0.12621024104373393
edges-corr,24,sfa,cosmoothed,771990200,781842082,False,0.05155993072991523
edges-corr,24,sfa,cosmoothed,771990200,787025148,False,0.19075678360227194
edges-corr,24,sfa,cosmoothed,771990200,789848216,False,0.0011633220100634087
edges-corr,24,sfa,cosmoothed,771990200,793224716,False,0.0013746194179287251
edges-corr,24,sfa,cosmoothed,771990200,794812542,False,0.02338537700058107
edges-corr,24,sfa,cosmoothed,771990200,816200189,False,0.007496037134110153
edges-corr,24,sfa,cosmoothed,771990200,847657808,False,0.0029802084038853265
edges-corr,24,sfa,cosmoothed,774875821,766640955,False,1.109833373308285e-06
edges-corr,24,sfa,cosmoothed,774875821,767871931,False,0.04766687924043705
edges-corr,24,sfa,cosmoothed,774875821,771160300,False,0.03280728102450166
edges-corr,24,sfa,cosmoothed,774875821,771990200,False,0.007936995814940367
edges-corr,24,sfa,cosmoothed,774875821,774875821,True,0.7483936720571237
edges-corr,24,sfa,cosmoothed,774875821,778240327,False,0.0007695886794806178
edges-corr,24,sfa,cosmoothed,774875821,778998620,False,0.02201548836853144
edges-corr,24,sfa,cosmoothed,774875821,779839471,False,0.0017782291458201464
edges-corr,24,sfa,cosmoothed,774875821,781842082,False,5.395319692361394e-05
edges-corr,24,sfa,cosmoothed,774875821,787025148,False,0.009018404979287412
edges-corr,24,sfa,cosmoothed,774875821,789848216,False,0.013597817593182715
edges-corr,24,sfa,cosmoothed,774875821,793224716,False,0.00032629292173210487
edges-corr,24,sfa,cosmoothed,774875821,794812542,False,0.005659235260769509
edges-corr,24,sfa,cosmoothed,774875821,816200189,False,0.0005984236062535512
edges-corr,24,sfa,cosmoothed,774875821,847657808,False,0.021682256648554207
edges-corr,24,sfa,cosmoothed,778240327,766640955,False,0.011654390208920598
edges-corr,24,sfa,cosmoothed,778240327,767871931,False,0.0009025994483814368
edges-corr,24,sfa,cosmoothed,778240327,771160300,False,0.031627171912036595
edges-corr,24,sfa,cosmoothed,778240327,771990200,False,0.03068202444477082
edges-corr,24,sfa,cosmoothed,778240327,774875821,False,0.005631438546910844
edges-corr,24,sfa,cosmoothed,778240327,778240327,True,0.7927080162219706
edges-corr,24,sfa,cosmoothed,778240327,778998620,False,0.001292734005561579
edges-corr,24,sfa,cosmoothed,778240327,779839471,False,0.02489204986820858
edges-corr,24,sfa,cosmoothed,778240327,781842082,False,0.001585858527080954
edges-corr,24,sfa,cosmoothed,778240327,787025148,False,0.05700508529122872
edges-corr,24,sfa,cosmoothed,778240327,789848216,False,0.04815410391488827
edges-corr,24,sfa,cosmoothed,778240327,793224716,False,0.015432823016201866
edges-corr,24,sfa,cosmoothed,778240327,794812542,False,0.014598532900934328
edges-corr,24,sfa,cosmoothed,778240327,816200189,False,0.019430865572149868
edges-corr,24,sfa,cosmoothed,778240327,847657808,False,0.01983513084021555
edges-corr,24,sfa,cosmoothed,778998620,766640955,False,0.07217063049503943
edges-corr,24,sfa,cosmoothed,778998620,767871931,False,0.3048052044798989
edges-corr,24,sfa,cosmoothed,778998620,771160300,False,0.18133679271822326
edges-corr,24,sfa,cosmoothed,778998620,771990200,False,0.29829664722347227
edges-corr,24,sfa,cosmoothed,778998620,774875821,False,0.02226632310622409
edges-corr,24,sfa,cosmoothed,778998620,778240327,False,0.002680283476302282
edges-corr,24,sfa,cosmoothed,778998620,778998620,True,0.8693326411821305
edges-corr,24,sfa,cosmoothed,778998620,779839471,False,0.36125648364377877
edges-corr,24,sfa,cosmoothed,778998620,781842082,False,0.004019669748043682
edges-corr,24,sfa,cosmoothed,778998620,787025148,False,0.18070233733664096
edges-corr,24,sfa,cosmoothed,778998620,789848216,False,0.014602288419470342
edges-corr,24,sfa,cosmoothed,778998620,793224716,False,0.0011846052017815193
edges-corr,24,sfa,cosmoothed,778998620,794812542,False,0.08130884915722192
edges-corr,24,sfa,cosmoothed,778998620,816200189,False,0.007535026909481708
edges-corr,24,sfa,cosmoothed,778998620,847657808,False,0.0228229401341776
edges-corr,24,sfa,cosmoothed,779839471,766640955,False,0.04929612231624386
edges-corr,24,sfa,cosmoothed,779839471,767871931,False,0.03995708092566383
edges-corr,24,sfa,cosmoothed,779839471,771160300,False,0.09928638334887668
edges-corr,24,sfa,cosmoothed,779839471,771990200,False,0.13733217774002904
edges-corr,24,sfa,cosmoothed,779839471,774875821,False,0.03525624607521481
edges-corr,24,sfa,cosmoothed,779839471,778240327,False,0.005744448755840781
edges-corr,24,sfa,cosmoothed,779839471,778998620,False,0.28035123572675225
edges-corr,24,sfa,cosmoothed,779839471,779839471,True,0.6705861723199014
edges-corr,24,sfa,cosmoothed,779839471,781842082,False,0.003146202417039651
edges-corr,24,sfa,cosmoothed,779839471,787025148,False,0.16388750126057267
edges-corr,24,sfa,cosmoothed,779839471,789848216,False,0.01877818059396604
edges-corr,24,sfa,cosmoothed,779839471,793224716,False,0.003755122908434595
edges-corr,24,sfa,cosmoothed,779839471,794812542,False,0.07344775694002113
edges-corr,24,sfa,cosmoothed,779839471,816200189,False,0.06344209521509976
edges-corr,24,sfa,cosmoothed,779839471,847657808,False,0.06603748164182578
edges-corr,24,sfa,cosmoothed,781842082,766640955,False,0.026569690126968016
edges-corr,24,sfa,cosmoothed,781842082,767871931,False,0.1088948483733156
edges-corr,24,sfa,cosmoothed,781842082,771160300,False,0.0007825391426803351
edges-corr,24,sfa,cosmoothed,781842082,771990200,False,0.025720480622509964
edges-corr,24,sfa,cosmoothed,781842082,774875821,False,8.50871096147471e-06
edges-corr,24,sfa,cosmoothed,781842082,778240327,False,5.024992719577132e-05
edges-corr,24,sfa,cosmoothed,781842082,778998620,False,0.006814551382741624
edges-corr,24,sfa,cosmoothed,781842082,779839471,False,0.004902645066151469
edges-corr,24,sfa,cosmoothed,781842082,781842082,True,0.8888982368578421
edges-corr,24,sfa,cosmoothed,781842082,787025148,False,6.985349762491676e-05
edges-corr,24,sfa,cosmoothed,781842082,789848216,False,0.06249711426864829
edges-corr,24,sfa,cosmoothed,781842082,793224716,False,0.024111789892408846
edges-corr,24,sfa,cosmoothed,781842082,794812542,False,0.015711624144199913
edges-corr,24,sfa,cosmoothed,781842082,816200189,False,0.08819518538046221
edges-corr,24,sfa,cosmoothed,781842082,847657808,False,8.222662929276297e-05
edges-corr,24,sfa,cosmoothed,787025148,766640955,False,0.01775245953625371
edges-corr,24,sfa,cosmoothed,787025148,767871931,False,0.009591116097495862
edges-corr,24,sfa,cosmoothed,787025148,771160300,False,0.01669988618818123
edges-corr,24,sfa,cosmoothed,787025148,771990200,False,0.08999421716600044
edges-corr,24,sfa,cosmoothed,787025148,774875821,False,4.468414021135705e-05
edges-corr,24,sfa,cosmoothed,787025148,778240327,False,0.10208940361328744
edges-corr,24,sfa,cosmoothed,787025148,778998620,False,0.057870072917065564
edges-corr,24,sfa,cosmoothed,787025148,779839471,False,0.11231671245345595
edges-corr,24,sfa,cosmoothed,787025148,781842082,False,0.00025823012678280607
edges-corr,24,sfa,cosmoothed,787025148,787025148,True,0.8472224942011514
edges-corr,24,sfa,cosmoothed,787025148,789848216,False,0.0007722243413667186
edges-corr,24,sfa,cosmoothed,787025148,793224716,False,0.0009752989368605466
edges-corr,24,sfa,cosmoothed,787025148,794812542,False,0.019663371840494975
edges-corr,24,sfa,cosmoothed,787025148,816200189,False,0.017847715319739922
edges-corr,24,sfa,cosmoothed,787025148,847657808,False,0.026066620972135586
edges-corr,24,sfa,cosmoothed,789848216,766640955,False,0.06054738046030787
edges-corr,24,sfa,cosmoothed,789848216,767871931,False,0.023960581043279187
edges-corr,24,sfa,cosmoothed,789848216,771160300,False,0.010589282339310833
edges-corr,24,sfa,cosmoothed,789848216,771990200,False,0.00023232512074381544
edges-corr,24,sfa,cosmoothed,789848216,774875821,False,0.019259344556860063
edges-corr,24,sfa,cosmoothed,789848216,778240327,False,0.06906593968771212
edges-corr,24,sfa,cosmoothed,789848216,778998620,False,0.0068848712234826194
edges-corr,24,sfa,cosmoothed,789848216,779839471,False,0.031156665065953163
edges-corr,24,sfa,cosmoothed,789848216,781842082,False,0.07012495101734711
edges-corr,24,sfa,cosmoothed,789848216,787025148,False,0.010240824810736564
edges-corr,24,sfa,cosmoothed,789848216,789848216,True,0.9330348114870795
edges-corr,24,sfa,cosmoothed,789848216,793224716,False,0.008067784876177162
edges-corr,24,sfa,cosmoothed,789848216,794812542,False,0.04599350103645139
edges-corr,24,sfa,cosmoothed,789848216,816200189,False,0.010038277282593204
edges-corr,24,sfa,cosmoothed,789848216,847657808,False,0.07357884746651241
edges-corr,24,sfa,cosmoothed,793224716,766640955,False,0.00455756996081566
edges-corr,24,sfa,cosmoothed,793224716,767871931,False,0.1237856519789904
edges-corr,24,sfa,cosmoothed,793224716,771160300,False,0.03823378516468169
edges-corr,24,sfa,cosmoothed,793224716,771990200,False,0.0004521463354710516
edges-corr,24,sfa,cosmoothed,793224716,774875821,False,0.0012563665340352783
edges-corr,24,sfa,cosmoothed,793224716,778240327,False,0.023186584510269507
edges-corr,24,sfa,cosmoothed,793224716,778998620,False,0.0006808085841292778
edges-corr,24,sfa,cosmoothed,793224716,779839471,False,0.002870671316958476
edges-corr,24,sfa,cosmoothed,793224716,781842082,False,0.03092777813977915
edges-corr,24,sfa,cosmoothed,793224716,787025148,False,9.587803846793917e-05
edges-corr,24,sfa,cosmoothed,793224716,789848216,False,0.009518405316812332
edges-corr,24,sfa,cosmoothed,793224716,793224716,True,0.9373830257302082
edges-corr,24,sfa,cosmoothed,793224716,794812542,False,0.029423611676122664
edges-corr,24,sfa,cosmoothed,793224716,816200189,False,0.0039430133502161
edges-corr,24,sfa,cosmoothed,793224716,847657808,False,0.06907550060423354
edges-corr,24,sfa,cosmoothed,794812542,766640955,False,0.03945777169240177
edges-corr,24,sfa,cosmoothed,794812542,767871931,False,0.0029508380013722013
edges-corr,24,sfa,cosmoothed,794812542,771160300,False,0.0005569909042050891
edges-corr,24,sfa,cosmoothed,794812542,771990200,False,0.02177508974473693
edges-corr,24,sfa,cosmoothed,794812542,774875821,False,0.015488212656765081
edges-corr,24,sfa,cosmoothed,794812542,778240327,False,0.01377268703815414
edges-corr,24,sfa,cosmoothed,794812542,778998620,False,0.0665488703041529
edges-corr,24,sfa,cosmoothed,794812542,779839471,False,0.08187745470193496
edges-corr,24,sfa,cosmoothed,794812542,781842082,False,0.007750952673361634
edges-corr,24,sfa,cosmoothed,794812542,787025148,False,0.02624508495403412
edges-corr,24,sfa,cosmoothed,794812542,789848216,False,0.02090126133256837
edges-corr,24,sfa,cosmoothed,794812542,793224716,False,0.016463267559111528
edges-corr,24,sfa,cosmoothed,794812542,794812542,True,0.770832773082659
edges-corr,24,sfa,cosmoothed,794812542,816200189,False,0.0015291765808111211
edges-corr,24,sfa,cosmoothed,794812542,847657808,False,0.019181331123794366
edges-corr,24,sfa,cosmoothed,816200189,766640955,False,0.04696252571337142
edges-corr,24,sfa,cosmoothed,816200189,767871931,False,0.030862157240746105
edges-corr,24,sfa,cosmoothed,816200189,771160300,False,0.001991963440342867
edges-corr,24,sfa,cosmoothed,816200189,771990200,False,0.0005718374354769398
edges-corr,24,sfa,cosmoothed,816200189,774875821,False,0.014138279075726855
edges-corr,24,sfa,cosmoothed,816200189,778240327,False,0.06679402160212695
edges-corr,24,sfa,cosmoothed,816200189,778998620,False,0.006834910153016423
edges-corr,24,sfa,cosmoothed,816200189,779839471,False,0.0008336414355161188
edges-corr,24,sfa,cosmoothed,816200189,781842082,False,0.07888125162563506
edges-corr,24,sfa,cosmoothed,816200189,787025148,False,0.021387936981707115
edges-corr,24,sfa,cosmoothed,816200189,789848216,False,0.022494024174760555
edges-corr,24,sfa,cosmoothed,816200189,793224716,False,0.009967602177017029
edges-corr,24,sfa,cosmoothed,816200189,794812542,False,0.004398422988234921
edges-corr,24,sfa,cosmoothed,816200189,816200189,True,0.7070880020654619
edges-corr,24,sfa,cosmoothed,816200189,847657808,False,0.06167771832635524
edges-corr,24,sfa,cosmoothed,847657808,766640955,False,0.06147735276804202
edges-corr,24,sfa,cosmoothed,847657808,767871931,False,0.007200928634740761
edges-corr,24,sfa,cosmoothed,847657808,771160300,False,0.0024203763720410253
edges-corr,24,sfa,cosmoothed,847657808,771990200,False,0.004728220943741252
edges-corr,24,sfa,cosmoothed,847657808,774875821,False,0.022555186688909233
edges-corr,24,sfa,cosmoothed,847657808,778240327,False,0.02420221594388983
edges-corr,24,sfa,cosmoothed,847657808,778998620,False,0.0024566266747334162
edges-corr,24,sfa,cosmoothed,847657808,779839471,False,0.00890142549032747
edges-corr,24,sfa,cosmoothed,847657808,781842082,False,0.003995259788168932
edges-corr,24,sfa,cosmoothed,847657808,787025148,False,0.10752799801093439
edges-corr,24,sfa,cosmoothed,847657808,789848216,False,0.09492783791918605
edges-corr,24,sfa,cosmoothed,847657808,793224716,False,0.04592745993837925
edges-corr,24,sfa,cosmoothed,847657808,794812542,False,0.06252565030883664
edges-corr,24,sfa,cosmoothed,847657808,816200189,False,0.05803189459471824
edges-corr,24,sfa,cosmoothed,847657808,847657808,True,0.6825129962465178
edges-corr,32,sfa,cosmoothed,766640955,766640955,True,0.656362028522115
edges-corr,32,sfa,cosmoothed,766640955,767871931,False,0.0011496906012903917
edges-corr,32,sfa,cosmoothed,766640955,771160300,False,0.002115196708865391
edges-corr,32,sfa,cosmoothed,766640955,771990200,False,0.047491554168279916
edges-corr,32,sfa,cosmoothed,766640955,774875821,False,0.003019799699593328
edges-corr,32,sfa,cosmoothed,766640955,778240327,False,0.016004903322496968
edges-corr,32,sfa,cosmoothed,766640955,778998620,False,0.026416634813144792
edges-corr,32,sfa,cosmoothed,766640955,779839471,False,0.04394697765573602
edges-corr,32,sfa,cosmoothed,766640955,781842082,False,0.017371657491816954
edges-corr,32,sfa,cosmoothed,766640955,787025148,False,0.0010455430856783584
edges-corr,32,sfa,cosmoothed,766640955,789848216,False,0.03675564285733743
edges-corr,32,sfa,cosmoothed,766640955,793224716,False,0.027261410862643647
edges-corr,32,sfa,cosmoothed,766640955,794812542,False,0.01776431612204023
edges-corr,32,sfa,cosmoothed,766640955,816200189,False,0.01838755401551711
edges-corr,32,sfa,cosmoothed,766640955,847657808,False,0.02215491838051987
edges-corr,32,sfa,cosmoothed,767871931,766640955,False,0.03414195079624957
edges-corr,32,sfa,cosmoothed,767871931,767871931,True,0.765609941919466
edges-corr,32,sfa,cosmoothed,767871931,771160300,False,0.0002202110347650185
edges-corr,32,sfa,cosmoothed,767871931,771990200,False,0.11999930948480128
edges-corr,32,sfa,cosmoothed,767871931,774875821,False,0.09299594755651458
edges-corr,32,sfa,cosmoothed,767871931,778240327,False,0.007879468862150922
edges-corr,32,sfa,cosmoothed,767871931,778998620,False,0.28147522410582754
edges-corr,32,sfa,cosmoothed,767871931,779839471,False,0.053337480318385797
edges-corr,32,sfa,cosmoothed,767871931,781842082,False,0.14206354752663053
edges-corr,32,sfa,cosmoothed,767871931,787025148,False,0.04004288250285323
edges-corr,32,sfa,cosmoothed,767871931,789848216,False,0.007375779600036904
edges-corr,32,sfa,cosmoothed,767871931,793224716,False,0.04228657630544657
edges-corr,32,sfa,cosmoothed,767871931,794812542,False,0.019247234774605486
edges-corr,32,sfa,cosmoothed,767871931,816200189,False,0.005819043394005773
edges-corr,32,sfa,cosmoothed,767871931,847657808,False,5.222294764531038e-05
edges-corr,32,sfa,cosmoothed,771160300,766640955,False,0.05167370012451981
edges-corr,32,sfa,cosmoothed,771160300,767871931,False,0.04188809778362756
edges-corr,32,sfa,cosmoothed,771160300,771160300,True,0.8947078012109919
edges-corr,32,sfa,cosmoothed,771160300,771990200,False,0.11646102244509601
edges-corr,32,sfa,cosmoothed,771160300,774875821,False,0.002034629296686752
edges-corr,32,sfa,cosmoothed,771160300,778240327,False,0.04379294289037696
edges-corr,32,sfa,cosmoothed,771160300,778998620,False,0.20221567594524395
edges-corr,32,sfa,cosmoothed,771160300,779839471,False,0.1972274680730191
edges-corr,32,sfa,cosmoothed,771160300,781842082,False,0.0007650168994218575
edges-corr,32,sfa,cosmoothed,771160300,787025148,False,0.05897314274825214
edges-corr,32,sfa,cosmoothed,771160300,789848216,False,0.02689334549215769
edges-corr,32,sfa,cosmoothed,771160300,793224716,False,0.08279445963588919
edges-corr,32,sfa,cosmoothed,771160300,794812542,False,0.01997271523171031
edges-corr,32,sfa,cosmoothed,771160300,816200189,False,0.01947561568441838
edges-corr,32,sfa,cosmoothed,771160300,847657808,False,0.095101027603784
edges-corr,32,sfa,cosmoothed,771990200,766640955,False,0.054825137762289984
edges-corr,32,sfa,cosmoothed,771990200,767871931,False,0.1127716303462791
edges-corr,32,sfa,cosmoothed,771990200,771160300,False,0.09958386546575025
edges-corr,32,sfa,cosmoothed,771990200,771990200,True,0.8122173306588284
edges-corr,32,sfa,cosmoothed,771990200,774875821,False,0.007457113578753146
edges-corr,32,sfa,cosmoothed,771990200,778240327,False,0.0588408309483545
edges-corr,32,sfa,cosmoothed,771990200,778998620,False,0.2808112436114631
edges-corr,32,sfa,cosmoothed,771990200,779839471,False,0.14364659906229396
edges-corr,32,sfa,cosmoothed,771990200,781842082,False,0.052624677589939786
edges-corr,32,sfa,cosmoothed,771990200,787025148,False,0.21184246577580354
edges-corr,32,sfa,cosmoothed,771990200,789848216,False,0.0023622931962067454
edges-corr,32,sfa,cosmoothed,771990200,793224716,False,0.0021288187291867242
edges-corr,32,sfa,cosmoothed,771990200,794812542,False,0.028194054657058296
edges-corr,32,sfa,cosmoothed,771990200,816200189,False,0.0061565219548021695
edges-corr,32,sfa,cosmoothed,771990200,847657808,False,0.0030185384905481306
edges-corr,32,sfa,cosmoothed,774875821,766640955,False,4.466838936778389e-06
edges-corr,32,sfa,cosmoothed,774875821,767871931,False,0.06027596412831887
edges-corr,32,sfa,cosmoothed,774875821,771160300,False,0.03429571507733578
edges-corr,32,sfa,cosmoothed,774875821,771990200,False,0.0091568536205171
edges-corr,32,sfa,cosmoothed,774875821,774875821,True,0.7525914826963802
edges-corr,32,sfa,cosmoothed,774875821,778240327,False,0.0017942085959283564
edges-corr,32,sfa,cosmoothed,774875821,778998620,False,0.026095480910887932
edges-corr,32,sfa,cosmoothed,774875821,779839471,False,0.001874787770495362
edges-corr,32,sfa,cosmoothed,774875821,781842082,False,2.2825227708563027e-05
edges-corr,32,sfa,cosmoothed,774875821,787025148,False,0.008597493481803938
edges-corr,32,sfa,cosmoothed,774875821,789848216,False,0.018373647874615855
edges-corr,32,sfa,cosmoothed,774875821,793224716,False,0.00027480946029814795
edges-corr,32,sfa,cosmoothed,774875821,794812542,False,0.006549223867679755
edges-corr,32,sfa,cosmoothed,774875821,816200189,False,0.0011683221443007455
edges-corr,32,sfa,cosmoothed,774875821,847657808,False,0.02317126075848443
edges-corr,32,sfa,cosmoothed,778240327,766640955,False,0.011416313362897643
edges-corr,32,sfa,cosmoothed,778240327,767871931,False,0.0007840844813530578
edges-corr,32,sfa,cosmoothed,778240327,771160300,False,0.03291687221679327
edges-corr,32,sfa,cosmoothed,778240327,771990200,False,0.033788246206079516
edges-corr,32,sfa,cosmoothed,778240327,774875821,False,0.00656213532049809
edges-corr,32,sfa,cosmoothed,778240327,778240327,True,0.8232708497279124
edges-corr,32,sfa,cosmoothed,778240327,778998620,False,0.001794614796798025
edges-corr,32,sfa,cosmoothed,778240327,779839471,False,0.02606300781987165
edges-corr,32,sfa,cosmoothed,778240327,781842082,False,0.0011588657325645537
edges-corr,32,sfa,cosmoothed,778240327,787025148,False,0.06232882082728709
edges-corr,32,sfa,cosmoothed,778240327,789848216,False,0.05155145104636436
edges-corr,32,sfa,cosmoothed,778240327,793224716,False,0.014074889109665683
edges-corr,32,sfa,cosmoothed,778240327,794812542,False,0.01687684898203946
edges-corr,32,sfa,cosmoothed,778240327,816200189,False,0.019708767774195758
edges-corr,32,sfa,cosmoothed,778240327,847657808,False,0.019440036102393032
edges-corr,32,sfa,cosmoothed,778998620,766640955,False,0.07587632737198685
edges-corr,32,sfa,cosmoothed,778998620,767871931,False,0.33078319246336635
edges-corr,32,sfa,cosmoothed,778998620,771160300,False,0.18846162198186817
edges-corr,32,sfa,cosmoothed,778998620,771990200,False,0.3274274172193377
edges-corr,32,sfa,cosmoothed,778998620,774875821,False,0.025695123182696008
edges-corr,32,sfa,cosmoothed,778998620,778240327,False,0.0033204918608964965
edges-corr,32,sfa,cosmoothed,778998620,778998620,True,0.8836916621011687
edges-corr,32,sfa,cosmoothed,778998620,779839471,False,0.39909902452581775
edges-corr,32,sfa,cosmoothed,778998620,781842082,False,0.004757152840915854
edges-corr,32,sfa,cosmoothed,778998620,787025148,False,0.201901724473923
edges-corr,32,sfa,cosmoothed,778998620,789848216,False,0.015803531427262766
edges-corr,32,sfa,cosmoothed,778998620,793224716,False,0.001403709299418491
edges-corr,32,sfa,cosmoothed,778998620,794812542,False,0.08816870963256224
edges-corr,32,sfa,cosmoothed,778998620,816200189,False,0.009792568432004536
edges-corr,32,sfa,cosmoothed,778998620,847657808,False,0.025589967111222287
edges-corr,32,sfa,cosmoothed,779839471,766640955,False,0.05880000310340433
edges-corr,32,sfa,cosmoothed,779839471,767871931,False,0.05973714796352678
edges-corr,32,sfa,cosmoothed,779839471,771160300,False,0.11636113540610829
edges-corr,32,sfa,cosmoothed,779839471,771990200,False,0.15681852082529382
edges-corr,32,sfa,cosmoothed,779839471,774875821,False,0.043361272744910924
edges-corr,32,sfa,cosmoothed,779839471,778240327,False,0.00934345727111694
edges-corr,32,sfa,cosmoothed,779839471,778998620,False,0.31954493317073485
edges-corr,32,sfa,cosmoothed,779839471,779839471,True,0.7090803536070625
edges-corr,32,sfa,cosmoothed,779839471,781842082,False,0.002820917675218767
edges-corr,32,sfa,cosmoothed,779839471,787025148,False,0.18199925195057798
edges-corr,32,sfa,cosmoothed,779839471,789848216,False,0.02445148610041138
edges-corr,32,sfa,cosmoothed,779839471,793224716,False,0.004796734720074755
edges-corr,32,sfa,cosmoothed,779839471,794812542,False,0.09086502058457355
edges-corr,32,sfa,cosmoothed,779839471,816200189,False,0.0744910504248778
edges-corr,32,sfa,cosmoothed,779839471,847657808,False,0.07382855302412854
edges-corr,32,sfa,cosmoothed,781842082,766640955,False,0.02982280609887035
edges-corr,32,sfa,cosmoothed,781842082,767871931,False,0.11579860825379372
edges-corr,32,sfa,cosmoothed,781842082,771160300,False,0.001841673268409703
edges-corr,32,sfa,cosmoothed,781842082,771990200,False,0.02542481663519891
edges-corr,32,sfa,cosmoothed,781842082,774875821,False,3.420442306070037e-05
edges-corr,32,sfa,cosmoothed,781842082,778240327,False,1.0207666515362324e-07
edges-corr,32,sfa,cosmoothed,781842082,778998620,False,0.006740645939177606
edges-corr,32,sfa,cosmoothed,781842082,779839471,False,0.006643551399053075
edges-corr,32,sfa,cosmoothed,781842082,781842082,True,0.894242004498675
edges-corr,32,sfa,cosmoothed,781842082,787025148,False,0.00012517196009051567
edges-corr,32,sfa,cosmoothed,781842082,789848216,False,0.07763633719953857
edges-corr,32,sfa,cosmoothed,781842082,793224716,False,0.02659410234798329
edges-corr,32,sfa,cosmoothed,781842082,794812542,False,0.021183197663882488
edges-corr,32,sfa,cosmoothed,781842082,816200189,False,0.09898278129224262
edges-corr,32,sfa,cosmoothed,781842082,847657808,False,0.0001624167085893386
edges-corr,32,sfa,cosmoothed,787025148,766640955,False,0.017309979833049542
edges-corr,32,sfa,cosmoothed,787025148,767871931,False,0.010989845319750466
edges-corr,32,sfa,cosmoothed,787025148,771160300,False,0.018025577629170574
edges-corr,32,sfa,cosmoothed,787025148,771990200,False,0.10316316111181045
edges-corr,32,sfa,cosmoothed,787025148,774875821,False,0.0006215571826652044
edges-corr,32,sfa,cosmoothed,787025148,778240327,False,0.11809029815989215
edges-corr,32,sfa,cosmoothed,787025148,778998620,False,0.06628265934410106
edges-corr,32,sfa,cosmoothed,787025148,779839471,False,0.12319589248747076
edges-corr,32,sfa,cosmoothed,787025148,781842082,False,0.0004750194408811112
edges-corr,32,sfa,cosmoothed,787025148,787025148,True,0.8584002036088815
edges-corr,32,sfa,cosmoothed,787025148,789848216,False,0.000413853793218927
edges-corr,32,sfa,cosmoothed,787025148,793224716,False,0.0012132213773689607
edges-corr,32,sfa,cosmoothed,787025148,794812542,False,0.021464659673911913
edges-corr,32,sfa,cosmoothed,787025148,816200189,False,0.02300118287523077
edges-corr,32,sfa,cosmoothed,787025148,847657808,False,0.03221165325621396
edges-corr,32,sfa,cosmoothed,789848216,766640955,False,0.0659291922709386
edges-corr,32,sfa,cosmoothed,789848216,767871931,False,0.023976624685568916
edges-corr,32,sfa,cosmoothed,789848216,771160300,False,0.010310788106802483
edges-corr,32,sfa,cosmoothed,789848216,771990200,False,8.004068624402455e-05
edges-corr,32,sfa,cosmoothed,789848216,774875821,False,0.023734740594784896
edges-corr,32,sfa,cosmoothed,789848216,778240327,False,0.07961104536328947
edges-corr,32,sfa,cosmoothed,789848216,778998620,False,0.0056049194014258326
edges-corr,32,sfa,cosmoothed,789848216,779839471,False,0.03384723414473182
edges-corr,32,sfa,cosmoothed,789848216,781842082,False,0.08447022493567559
edges-corr,32,sfa,cosmoothed,789848216,787025148,False,0.012157755830469514
edges-corr,32,sfa,cosmoothed,789848216,789848216,True,0.9377040424881945
edges-corr,32,sfa,cosmoothed,789848216,793224716,False,0.009483158084980433
edges-corr,32,sfa,cosmoothed,789848216,794812542,False,0.05468428052115188
edges-corr,32,sfa,cosmoothed,789848216,816200189,False,0.010368372462586194
edges-corr,32,sfa,cosmoothed,789848216,847657808,False,0.08191294435847367
edges-corr,32,sfa,cosmoothed,793224716,766640955,False,0.004464859606639032
edges-corr,32,sfa,cosmoothed,793224716,767871931,False,0.1345473561604632
edges-corr,32,sfa,cosmoothed,793224716,771160300,False,0.041629625264497136
edges-corr,32,sfa,cosmoothed,793224716,771990200,False,0.0006727226406461047
edges-corr,32,sfa,cosmoothed,793224716,774875821,False,0.0009553876655024636
edges-corr,32,sfa,cosmoothed,793224716,778240327,False,0.022550917489850872
edges-corr,32,sfa,cosmoothed,793224716,778998620,False,0.0011766016764091095
edges-corr,32,sfa,cosmoothed,793224716,779839471,False,0.0023233851034353712
edges-corr,32,sfa,cosmoothed,793224716,781842082,False,0.03319197507652312
edges-corr,32,sfa,cosmoothed,793224716,787025148,False,1.616402966796876e-05
edges-corr,32,sfa,cosmoothed,793224716,789848216,False,0.012226647500881161
edges-corr,32,sfa,cosmoothed,793224716,793224716,True,0.9367564904999195
edges-corr,32,sfa,cosmoothed,793224716,794812542,False,0.03184922220087161
edges-corr,32,sfa,cosmoothed,793224716,816200189,False,0.0037833894448597795
edges-corr,32,sfa,cosmoothed,793224716,847657808,False,0.077902114925107
edges-corr,32,sfa,cosmoothed,794812542,766640955,False,0.04205558131727714
edges-corr,32,sfa,cosmoothed,794812542,767871931,False,0.005277370361700409
edges-corr,32,sfa,cosmoothed,794812542,771160300,False,0.0008969385011790253
edges-corr,32,sfa,cosmoothed,794812542,771990200,False,0.029006193833706284
edges-corr,32,sfa,cosmoothed,794812542,774875821,False,0.024601990000658235
edges-corr,32,sfa,cosmoothed,794812542,778240327,False,0.013618200151945724
edges-corr,32,sfa,cosmoothed,794812542,778998620,False,0.06805099099344139
edges-corr,32,sfa,cosmoothed,794812542,779839471,False,0.09663922917075385
edges-corr,32,sfa,cosmoothed,794812542,781842082,False,0.010086320311695205
edges-corr,32,sfa,cosmoothed,794812542,787025148,False,0.031986461516920715
edges-corr,32,sfa,cosmoothed,794812542,789848216,False,0.022384129516763707
edges-corr,32,sfa,cosmoothed,794812542,793224716,False,0.018453493079685433
edges-corr,32,sfa,cosmoothed,794812542,794812542,True,0.7763303504194807
edges-corr,32,sfa,cosmoothed,794812542,816200189,False,0.0008716764190861382
edges-corr,32,sfa,cosmoothed,794812542,847657808,False,0.024878310968910113
edges-corr,32,sfa,cosmoothed,816200189,766640955,False,0.05511739376315238
edges-corr,32,sfa,cosmoothed,816200189,767871931,False,0.03805796308784666
edges-corr,32,sfa,cosmoothed,816200189,771160300,False,0.001394313432666076
edges-corr,32,sfa,cosmoothed,816200189,771990200,False,0.0001085807669462535
edges-corr,32,sfa,cosmoothed,816200189,774875821,False,0.02025984163143104
edges-corr,32,sfa,cosmoothed,816200189,778240327,False,0.07464684491612678
edges-corr,32,sfa,cosmoothed,816200189,778998620,False,0.010789156500731168
edges-corr,32,sfa,cosmoothed,816200189,779839471,False,0.00019699671883862993
edges-corr,32,sfa,cosmoothed,816200189,781842082,False,0.08938713043949342
edges-corr,32,sfa,cosmoothed,816200189,787025148,False,0.02721552181904766
edges-corr,32,sfa,cosmoothed,816200189,789848216,False,0.017278719676262325
edges-corr,32,sfa,cosmoothed,816200189,793224716,False,0.011037941307888122
edges-corr,32,sfa,cosmoothed,816200189,794812542,False,0.008848468690637608
edges-corr,32,sfa,cosmoothed,816200189,816200189,True,0.7278333271605264
edges-corr,32,sfa,cosmoothed,816200189,847657808,False,0.0653991979733808
edges-corr,32,sfa,cosmoothed,847657808,766640955,False,0.058900825609698
edges-corr,32,sfa,cosmoothed,847657808,767871931,False,0.007673217902020842
edges-corr,32,sfa,cosmoothed,847657808,771160300,False,0.0037541936258736774
edges-corr,32,sfa,cosmoothed,847657808,771990200,False,0.00638546896485748
edges-corr,32,sfa,cosmoothed,847657808,774875821,False,0.02293227186401039
edges-corr,32,sfa,cosmoothed,847657808,778240327,False,0.0272453096733741
edges-corr,32,sfa,cosmoothed,847657808,778998620,False,0.004385493753183271
edges-corr,32,sfa,cosmoothed,847657808,779839471,False,0.009863798084059338
edges-corr,32,sfa,cosmoothed,847657808,781842082,False,0.004863763606939471
edges-corr,32,sfa,cosmoothed,847657808,787025148,False,0.1236323450261049
edges-corr,32,sfa,cosmoothed,847657808,789848216,False,0.10880933248894187
edges-corr,32,sfa,cosmoothed,847657808,793224716,False,0.05104882592032077
edges-corr,32,sfa,cosmoothed,847657808,794812542,False,0.07585870879143161
edges-corr,32,sfa,cosmoothed,847657808,816200189,False,0.06938865646361178
edges-corr,32,sfa,cosmoothed,847657808,847657808,True,0.7059504836382473
edges-corr,40,sfa,cosmoothed,766640955,766640955,True,0.6458128761871696
edges-corr,40,sfa,cosmoothed,766640955,767871931,False,0.0007759237657412285
edges-corr,40,sfa,cosmoothed,766640955,771160300,False,0.001137691285552176
edges-corr,40,sfa,cosmoothed,766640955,771990200,False,0.049261646683163726
edges-corr,40,sfa,cosmoothed,766640955,774875821,False,0.0023517204171617867
edges-corr,40,sfa,cosmoothed,766640955,778240327,False,0.012338207400998537
edges-corr,40,sfa,cosmoothed,766640955,778998620,False,0.024832845974794265
edges-corr,40,sfa,cosmoothed,766640955,779839471,False,0.05148463168261953
edges-corr,40,sfa,cosmoothed,766640955,781842082,False,0.020074116687595206
edges-corr,40,sfa,cosmoothed,766640955,787025148,False,0.0005246298149598737
edges-corr,40,sfa,cosmoothed,766640955,789848216,False,0.03475656766558893
edges-corr,40,sfa,cosmoothed,766640955,793224716,False,0.033412255103331304
edges-corr,40,sfa,cosmoothed,766640955,794812542,False,0.019553529970572036
edges-corr,40,sfa,cosmoothed,766640955,816200189,False,0.019093561003619284
edges-corr,40,sfa,cosmoothed,766640955,847657808,False,0.021824812198940342
edges-corr,40,sfa,cosmoothed,767871931,766640955,False,0.03576284163858453
edges-corr,40,sfa,cosmoothed,767871931,767871931,True,0.772165595890261
edges-corr,40,sfa,cosmoothed,767871931,771160300,False,0.00034527290769248935
edges-corr,40,sfa,cosmoothed,767871931,771990200,False,0.13020933934011567
edges-corr,40,sfa,cosmoothed,767871931,774875821,False,0.10330459640469122
edges-corr,40,sfa,cosmoothed,767871931,778240327,False,0.01016363382846824
edges-corr,40,sfa,cosmoothed,767871931,778998620,False,0.29395477223490546
edges-corr,40,sfa,cosmoothed,767871931,779839471,False,0.06337418552255641
edges-corr,40,sfa,cosmoothed,767871931,781842082,False,0.1540324933806382
edges-corr,40,sfa,cosmoothed,767871931,787025148,False,0.04400692195268727
edges-corr,40,sfa,cosmoothed,767871931,789848216,False,0.006780659930447444
edges-corr,40,sfa,cosmoothed,767871931,793224716,False,0.045187375876737795
edges-corr,40,sfa,cosmoothed,767871931,794812542,False,0.02243350240648033
edges-corr,40,sfa,cosmoothed,767871931,816200189,False,0.0072762696264096925
edges-corr,40,sfa,cosmoothed,767871931,847657808,False,1.1328098253653263e-06
edges-corr,40,sfa,cosmoothed,771160300,766640955,False,0.05525499515753737
edges-corr,40,sfa,cosmoothed,771160300,767871931,False,0.042861143392304665
edges-corr,40,sfa,cosmoothed,771160300,771160300,True,0.8948214055039154
edges-corr,40,sfa,cosmoothed,771160300,771990200,False,0.12891043263786117
edges-corr,40,sfa,cosmoothed,771160300,774875821,False,0.0018279086831779953
edges-corr,40,sfa,cosmoothed,771160300,778240327,False,0.04522403511724627
edges-corr,40,sfa,cosmoothed,771160300,778998620,False,0.21724950084385933
edges-corr,40,sfa,cosmoothed,771160300,779839471,False,0.22427737235510825
edges-corr,40,sfa,cosmoothed,771160300,781842082,False,0.0005801184784595961
edges-corr,40,sfa,cosmoothed,771160300,787025148,False,0.06573299730725728
edges-corr,40,sfa,cosmoothed,771160300,789848216,False,0.02756602724667314
edges-corr,40,sfa,cosmoothed,771160300,793224716,False,0.0914505389724769
edges-corr,40,sfa,cosmoothed,771160300,794812542,False,0.025114488881330214
edges-corr,40,sfa,cosmoothed,771160300,816200189,False,0.02140258460660038
edges-corr,40,sfa,cosmoothed,771160300,847657808,False,0.10739364677417403
edges-corr,40,sfa,cosmoothed,771990200,766640955,False,0.06057231818616129
edges-corr,40,sfa,cosmoothed,771990200,767871931,False,0.13136693991617748
edges-corr,40,sfa,cosmoothed,771990200,771160300,False,0.10661512337323759
edges-corr,40,sfa,cosmoothed,771990200,771990200,True,0.8259464104034178
edges-corr,40,sfa,cosmoothed,771990200,774875821,False,0.007696812043116756
edges-corr,40,sfa,cosmoothed,771990200,778240327,False,0.06408322007066536
edges-corr,40,sfa,cosmoothed,771990200,778998620,False,0.3090426983442577
edges-corr,40,sfa,cosmoothed,771990200,779839471,False,0.1615305186400293
edges-corr,40,sfa,cosmoothed,771990200,781842082,False,0.053343841021138996
edges-corr,40,sfa,cosmoothed,771990200,787025148,False,0.232012202997066
edges-corr,40,sfa,cosmoothed,771990200,789848216,False,0.0038540668075484883
edges-corr,40,sfa,cosmoothed,771990200,793224716,False,0.0029706056594218083
edges-corr,40,sfa,cosmoothed,771990200,794812542,False,0.034455942205467716
edges-corr,40,sfa,cosmoothed,771990200,816200189,False,0.004692951574019523
edges-corr,40,sfa,cosmoothed,771990200,847657808,False,0.0029633110067561457
edges-corr,40,sfa,cosmoothed,774875821,766640955,False,7.297493790320109e-05
edges-corr,40,sfa,cosmoothed,774875821,767871931,False,0.07391504309219363
edges-corr,40,sfa,cosmoothed,774875821,771160300,False,0.03533694626830979
edges-corr,40,sfa,cosmoothed,774875821,771990200,False,0.010368406836985823
edges-corr,40,sfa,cosmoothed,774875821,774875821,True,0.7588058331258899
edges-corr,40,sfa,cosmoothed,774875821,778240327,False,0.0033065109581315115
edges-corr,40,sfa,cosmoothed,774875821,778998620,False,0.03081714742164686
edges-corr,40,sfa,cosmoothed,774875821,779839471,False,0.0017084825333723338
edges-corr,40,sfa,cosmoothed,774875821,781842082,False,3.6228817533884043e-06
edges-corr,40,sfa,cosmoothed,774875821,787025148,False,0.008677079155187272
edges-corr,40,sfa,cosmoothed,774875821,789848216,False,0.02240519349808668
edges-corr,40,sfa,cosmoothed,774875821,793224716,False,0.00030092275872913954
edges-corr,40,sfa,cosmoothed,774875821,794812542,False,0.007354713874602044
edges-corr,40,sfa,cosmoothed,774875821,816200189,False,0.0015537842953142367
edges-corr,40,sfa,cosmoothed,774875821,847657808,False,0.02354725588044578
edges-corr,40,sfa,cosmoothed,778240327,766640955,False,0.011450287970612478
edges-corr,40,sfa,cosmoothed,778240327,767871931,False,0.0007866418392786742
edges-corr,40,sfa,cosmoothed,778240327,771160300,False,0.03440333246553621
edges-corr,40,sfa,cosmoothed,778240327,771990200,False,0.0359932348130697
edges-corr,40,sfa,cosmoothed,778240327,774875821,False,0.008077229226510904
edges-corr,40,sfa,cosmoothed,778240327,778240327,True,0.8460554034372778
edges-corr,40,sfa,cosmoothed,778240327,778998620,False,0.002340399099700722
edges-corr,40,sfa,cosmoothed,778240327,779839471,False,0.02686992651759398
edges-corr,40,sfa,cosmoothed,778240327,781842082,False,0.0007696799656212263
edges-corr,40,sfa,cosmoothed,778240327,787025148,False,0.06654787869923957
edges-corr,40,sfa,cosmoothed,778240327,789848216,False,0.056701390809312344
edges-corr,40,sfa,cosmoothed,778240327,793224716,False,0.0121405847081834
edges-corr,40,sfa,cosmoothed,778240327,794812542,False,0.019236637389297376
edges-corr,40,sfa,cosmoothed,778240327,816200189,False,0.01955093792532011
edges-corr,40,sfa,cosmoothed,778240327,847657808,False,0.01859930243498618
edges-corr,40,sfa,cosmoothed,778998620,766640955,False,0.07956181694710723
edges-corr,40,sfa,cosmoothed,778998620,767871931,False,0.3571926562342599
edges-corr,40,sfa,cosmoothed,778998620,771160300,False,0.19431472361769456
edges-corr,40,sfa,cosmoothed,778998620,771990200,False,0.35873490703928207
edges-corr,40,sfa,cosmoothed,778998620,774875821,False,0.0293622574862872
edges-corr,40,sfa,cosmoothed,778998620,778240327,False,0.004204302183663207
edges-corr,40,sfa,cosmoothed,778998620,778998620,True,0.8933609186812761
edges-corr,40,sfa,cosmoothed,778998620,779839471,False,0.4386123011952117
edges-corr,40,sfa,cosmoothed,778998620,781842082,False,0.006095702857287764
edges-corr,40,sfa,cosmoothed,778998620,787025148,False,0.2228714134002633
edges-corr,40,sfa,cosmoothed,778998620,789848216,False,0.01582935320929415
edges-corr,40,sfa,cosmoothed,778998620,793224716,False,0.001704871037151582
edges-corr,40,sfa,cosmoothed,778998620,794812542,False,0.09599698560174257
edges-corr,40,sfa,cosmoothed,778998620,816200189,False,0.012681584571412757
edges-corr,40,sfa,cosmoothed,778998620,847657808,False,0.0294671161641578
edges-corr,40,sfa,cosmoothed,779839471,766640955,False,0.07007445878138911
edges-corr,40,sfa,cosmoothed,779839471,767871931,False,0.08593552730558757
edges-corr,40,sfa,cosmoothed,779839471,771160300,False,0.1368426253503948
edges-corr,40,sfa,cosmoothed,779839471,771990200,False,0.17752876213270202
edges-corr,40,sfa,cosmoothed,779839471,774875821,False,0.04910310942003547
edges-corr,40,sfa,cosmoothed,779839471,778240327,False,0.01133606546677575
edges-corr,40,sfa,cosmoothed,779839471,778998620,False,0.36611408123001915
edges-corr,40,sfa,cosmoothed,779839471,779839471,True,0.7389669250169449
edges-corr,40,sfa,cosmoothed,779839471,781842082,False,0.002277207866130088
edges-corr,40,sfa,cosmoothed,779839471,787025148,False,0.19957755407765562
edges-corr,40,sfa,cosmoothed,779839471,789848216,False,0.029499133624351134
edges-corr,40,sfa,cosmoothed,779839471,793224716,False,0.0057902179299250825
edges-corr,40,sfa,cosmoothed,779839471,794812542,False,0.10681920663863889
edges-corr,40,sfa,cosmoothed,779839471,816200189,False,0.08270006413419037
edges-corr,40,sfa,cosmoothed,779839471,847657808,False,0.08066271082446498
edges-corr,40,sfa,cosmoothed,781842082,766640955,False,0.030006675424117148
edges-corr,40,sfa,cosmoothed,781842082,767871931,False,0.12502566296093476
edges-corr,40,sfa,cosmoothed,781842082,771160300,False,0.0029127525523868574
edges-corr,40,sfa,cosmoothed,781842082,771990200,False,0.025772933944430778
edges-corr,40,sfa,cosmoothed,781842082,774875821,False,0.00012613517590902455
edges-corr,40,sfa,cosmoothed,781842082,778240327,False,5.100905399756852e-05
edges-corr,40,sfa,cosmoothed,781842082,778998620,False,0.0074220496768733395
edges-corr,40,sfa,cosmoothed,781842082,779839471,False,0.008285711860175436
edges-corr,40,sfa,cosmoothed,781842082,781842082,True,0.896097140873156
edges-corr,40,sfa,cosmoothed,781842082,787025148,False,0.0008352920019160741
edges-corr,40,sfa,cosmoothed,781842082,789848216,False,0.08933460889982581
edges-corr,40,sfa,cosmoothed,781842082,793224716,False,0.027287296856465637
edges-corr,40,sfa,cosmoothed,781842082,794812542,False,0.026355788851652892
edges-corr,40,sfa,cosmoothed,781842082,816200189,False,0.10491851642570309
edges-corr,40,sfa,cosmoothed,781842082,847657808,False,0.0003101721163625362
edges-corr,40,sfa,cosmoothed,787025148,766640955,False,0.016329894039056606
edges-corr,40,sfa,cosmoothed,787025148,767871931,False,0.011970630069148698
edges-corr,40,sfa,cosmoothed,787025148,771160300,False,0.02083558812910078
edges-corr,40,sfa,cosmoothed,787025148,771990200,False,0.1167939501272816
edges-corr,40,sfa,cosmoothed,787025148,774875821,False,0.0013596423908082984
edges-corr,40,sfa,cosmoothed,787025148,778240327,False,0.12784163549384978
edges-corr,40,sfa,cosmoothed,787025148,778998620,False,0.07686105652041325
edges-corr,40,sfa,cosmoothed,787025148,779839471,False,0.13449121649952864
edges-corr,40,sfa,cosmoothed,787025148,781842082,False,0.0007712593424933067
edges-corr,40,sfa,cosmoothed,787025148,787025148,True,0.8646807862615404
edges-corr,40,sfa,cosmoothed,787025148,789848216,False,0.00027337589676021374
edges-corr,40,sfa,cosmoothed,787025148,793224716,False,0.0014427358194880166
edges-corr,40,sfa,cosmoothed,787025148,794812542,False,0.024742555637953807
edges-corr,40,sfa,cosmoothed,787025148,816200189,False,0.02877326235001283
edges-corr,40,sfa,cosmoothed,787025148,847657808,False,0.03852972770503988
edges-corr,40,sfa,cosmoothed,789848216,766640955,False,0.06899108108766235
edges-corr,40,sfa,cosmoothed,789848216,767871931,False,0.02373496190679558
edges-corr,40,sfa,cosmoothed,789848216,771160300,False,0.01022554380634776
edges-corr,40,sfa,cosmoothed,789848216,771990200,False,0.00082489150672796
edges-corr,40,sfa,cosmoothed,789848216,774875821,False,0.026451489350848813
edges-corr,40,sfa,cosmoothed,789848216,778240327,False,0.09045382391129639
edges-corr,40,sfa,cosmoothed,789848216,778998620,False,0.004937647155132541
edges-corr,40,sfa,cosmoothed,789848216,779839471,False,0.037004642521880335
edges-corr,40,sfa,cosmoothed,789848216,781842082,False,0.09781381768259195
edges-corr,40,sfa,cosmoothed,789848216,787025148,False,0.013103865323377357
edges-corr,40,sfa,cosmoothed,789848216,789848216,True,0.9440320859483743
edges-corr,40,sfa,cosmoothed,789848216,793224716,False,0.011013632033861612
edges-corr,40,sfa,cosmoothed,789848216,794812542,False,0.062108660710419435
edges-corr,40,sfa,cosmoothed,789848216,816200189,False,0.010880551087931534
edges-corr,40,sfa,cosmoothed,789848216,847657808,False,0.08914646150009012
edges-corr,40,sfa,cosmoothed,793224716,766640955,False,0.0041868271582520015
edges-corr,40,sfa,cosmoothed,793224716,767871931,False,0.1442975897673354
edges-corr,40,sfa,cosmoothed,793224716,771160300,False,0.0462586376095031
edges-corr,40,sfa,cosmoothed,793224716,771990200,False,0.001132709826668759
edges-corr,40,sfa,cosmoothed,793224716,774875821,False,0.0009094098457835427
edges-corr,40,sfa,cosmoothed,793224716,778240327,False,0.02086090986885715
edges-corr,40,sfa,cosmoothed,793224716,778998620,False,0.0016549046828319431
edges-corr,40,sfa,cosmoothed,793224716,779839471,False,0.0016891211907292395
edges-corr,40,sfa,cosmoothed,793224716,781842082,False,0.03466341070893268
edges-corr,40,sfa,cosmoothed,793224716,787025148,False,3.787169362514277e-06
edges-corr,40,sfa,cosmoothed,793224716,789848216,False,0.014956930863754271
edges-corr,40,sfa,cosmoothed,793224716,793224716,True,0.9308961154000864
edges-corr,40,sfa,cosmoothed,793224716,794812542,False,0.034990725538947845
edges-corr,40,sfa,cosmoothed,793224716,816200189,False,0.003537441512573016
edges-corr,40,sfa,cosmoothed,793224716,847657808,False,0.08978786655596194
edges-corr,40,sfa,cosmoothed,794812542,766640955,False,0.04448965951697566
edges-corr,40,sfa,cosmoothed,794812542,767871931,False,0.007600064268451637
edges-corr,40,sfa,cosmoothed,794812542,771160300,False,0.0015490921047036077
edges-corr,40,sfa,cosmoothed,794812542,771990200,False,0.039421723358667074
edges-corr,40,sfa,cosmoothed,794812542,774875821,False,0.03461996130776336
edges-corr,40,sfa,cosmoothed,794812542,778240327,False,0.013367395778141522
edges-corr,40,sfa,cosmoothed,794812542,778998620,False,0.06972848032665523
edges-corr,40,sfa,cosmoothed,794812542,779839471,False,0.11049704860576302
edges-corr,40,sfa,cosmoothed,794812542,781842082,False,0.011461963256967958
edges-corr,40,sfa,cosmoothed,794812542,787025148,False,0.038642935459795066
edges-corr,40,sfa,cosmoothed,794812542,789848216,False,0.02494238861444949
edges-corr,40,sfa,cosmoothed,794812542,793224716,False,0.020308832757697737
edges-corr,40,sfa,cosmoothed,794812542,794812542,True,0.7792691788593051
edges-corr,40,sfa,cosmoothed,794812542,816200189,False,0.00026958782686268266
edges-corr,40,sfa,cosmoothed,794812542,847657808,False,0.03366853017808968
edges-corr,40,sfa,cosmoothed,816200189,766640955,False,0.06270188846649315
edges-corr,40,sfa,cosmoothed,816200189,767871931,False,0.048023661173177364
edges-corr,40,sfa,cosmoothed,816200189,771160300,False,0.0010354278251773256
edges-corr,40,sfa,cosmoothed,816200189,771990200,False,7.395151113368091e-05
edges-corr,40,sfa,cosmoothed,816200189,774875821,False,0.027202579454684458
edges-corr,40,sfa,cosmoothed,816200189,778240327,False,0.08512156708454945
edges-corr,40,sfa,cosmoothed,816200189,778998620,False,0.016518479685815417
edges-corr,40,sfa,cosmoothed,816200189,779839471,False,1.0095080714358433e-06
edges-corr,40,sfa,cosmoothed,816200189,781842082,False,0.09882945729028787
edges-corr,40,sfa,cosmoothed,816200189,787025148,False,0.03325203915187004
edges-corr,40,sfa,cosmoothed,816200189,789848216,False,0.014186493606907904
edges-corr,40,sfa,cosmoothed,816200189,793224716,False,0.013592156932151402
edges-corr,40,sfa,cosmoothed,816200189,794812542,False,0.016778884583559413
edges-corr,40,sfa,cosmoothed,816200189,816200189,True,0.725347665955237
edges-corr,40,sfa,cosmoothed,816200189,847657808,False,0.06784201872882142
edges-corr,40,sfa,cosmoothed,847657808,766640955,False,0.05600129722308657
edges-corr,40,sfa,cosmoothed,847657808,767871931,False,0.007246829561549675
edges-corr,40,sfa,cosmoothed,847657808,771160300,False,0.005973296167221076
edges-corr,40,sfa,cosmoothed,847657808,771990200,False,0.008252537665985847
edges-corr,40,sfa,cosmoothed,847657808,774875821,False,0.02253722454996321
edges-corr,40,sfa,cosmoothed,847657808,778240327,False,0.0305757569606355
edges-corr,40,sfa,cosmoothed,847657808,778998620,False,0.007012964786868148
edges-corr,40,sfa,cosmoothed,847657808,779839471,False,0.011113066776329315
edges-corr,40,sfa,cosmoothed,847657808,781842082,False,0.005730329659696596
edges-corr,40,sfa,cosmoothed,847657808,787025148,False,0.1367435747268639
edges-corr,40,sfa,cosmoothed,847657808,789848216,False,0.12070123350603784
edges-corr,40,sfa,cosmoothed,847657808,793224716,False,0.05744187331347747
edges-corr,40,sfa,cosmoothed,847657808,794812542,False,0.08976385534683454
edges-corr,40,sfa,cosmoothed,847657808,816200189,False,0.07835437598101393
edges-corr,40,sfa,cosmoothed,847657808,847657808,True,0.7178218793174459
edges-corr,48,sfa,cosmoothed,766640955,766640955,True,0.636150667698407
edges-corr,48,sfa,cosmoothed,766640955,767871931,False,0.0002664458306051199
edges-corr,48,sfa,cosmoothed,766640955,771160300,False,0.0003731709936798151
edges-corr,48,sfa,cosmoothed,766640955,771990200,False,0.05111493574803691
edges-corr,48,sfa,cosmoothed,766640955,774875821,False,0.0018604421626574846
edges-corr,48,sfa,cosmoothed,766640955,778240327,False,0.008509111278175309
edges-corr,48,sfa,cosmoothed,766640955,778998620,False,0.02241450248613452
edges-corr,48,sfa,cosmoothed,766640955,779839471,False,0.058534535240456556
edges-corr,48,sfa,cosmoothed,766640955,781842082,False,0.023567970528530775
edges-corr,48,sfa,cosmoothed,766640955,787025148,False,0.00014351309581983024
edges-corr,48,sfa,cosmoothed,766640955,789848216,False,0.030238464190808934
edges-corr,48,sfa,cosmoothed,766640955,793224716,False,0.03921568030809757
edges-corr,48,sfa,cosmoothed,766640955,794812542,False,0.022115789711249067
edges-corr,48,sfa,cosmoothed,766640955,816200189,False,0.020150750952221866
edges-corr,48,sfa,cosmoothed,766640955,847657808,False,0.02035721462647544
edges-corr,48,sfa,cosmoothed,767871931,766640955,False,0.036260840659455486
edges-corr,48,sfa,cosmoothed,767871931,767871931,True,0.7766811447327374
edges-corr,48,sfa,cosmoothed,767871931,771160300,False,0.00048729240182844943
edges-corr,48,sfa,cosmoothed,767871931,771990200,False,0.14106356002652093
edges-corr,48,sfa,cosmoothed,767871931,774875821,False,0.11249405807703686
edges-corr,48,sfa,cosmoothed,767871931,778240327,False,0.012588813506603312
edges-corr,48,sfa,cosmoothed,767871931,778998620,False,0.3059010019889248
edges-corr,48,sfa,cosmoothed,767871931,779839471,False,0.07338733802166375
edges-corr,48,sfa,cosmoothed,767871931,781842082,False,0.1695055970007547
edges-corr,48,sfa,cosmoothed,767871931,787025148,False,0.04820344095047687
edges-corr,48,sfa,cosmoothed,767871931,789848216,False,0.005830009822152569
edges-corr,48,sfa,cosmoothed,767871931,793224716,False,0.04830575956903916
edges-corr,48,sfa,cosmoothed,767871931,794812542,False,0.024778690894060748
edges-corr,48,sfa,cosmoothed,767871931,816200189,False,0.00933933598333404
edges-corr,48,sfa,cosmoothed,767871931,847657808,False,0.00012641522499782671
edges-corr,48,sfa,cosmoothed,771160300,766640955,False,0.059779656997387264
edges-corr,48,sfa,cosmoothed,771160300,767871931,False,0.044469357686014906
edges-corr,48,sfa,cosmoothed,771160300,771160300,True,0.8932077670566428
edges-corr,48,sfa,cosmoothed,771160300,771990200,False,0.14275750410090246
edges-corr,48,sfa,cosmoothed,771160300,774875821,False,0.0017298305765925891
edges-corr,48,sfa,cosmoothed,771160300,778240327,False,0.04596244807581017
edges-corr,48,sfa,cosmoothed,771160300,778998620,False,0.2335239071319346
edges-corr,48,sfa,cosmoothed,771160300,779839471,False,0.2532703233532361
edges-corr,48,sfa,cosmoothed,771160300,781842082,False,0.0005418017056864888
edges-corr,48,sfa,cosmoothed,771160300,787025148,False,0.07483242447120081
edges-corr,48,sfa,cosmoothed,771160300,789848216,False,0.028234435719081165
edges-corr,48,sfa,cosmoothed,771160300,793224716,False,0.10062202797434655
edges-corr,48,sfa,cosmoothed,771160300,794812542,False,0.03125768885390813
edges-corr,48,sfa,cosmoothed,771160300,816200189,False,0.023075531992841236
edges-corr,48,sfa,cosmoothed,771160300,847657808,False,0.12060999310332379
edges-corr,48,sfa,cosmoothed,771990200,766640955,False,0.06917265147548515
edges-corr,48,sfa,cosmoothed,771990200,767871931,False,0.15221885673806912
edges-corr,48,sfa,cosmoothed,771990200,771160300,False,0.11509979028140314
edges-corr,48,sfa,cosmoothed,771990200,771990200,True,0.8394805561533396
edges-corr,48,sfa,cosmoothed,771990200,774875821,False,0.009560539914514577
edges-corr,48,sfa,cosmoothed,771990200,778240327,False,0.0693215814044227
edges-corr,48,sfa,cosmoothed,771990200,778998620,False,0.3392110877970788
edges-corr,48,sfa,cosmoothed,771990200,779839471,False,0.17962882470441918
edges-corr,48,sfa,cosmoothed,771990200,781842082,False,0.05352780392148685
edges-corr,48,sfa,cosmoothed,771990200,787025148,False,0.25136794914720045
edges-corr,48,sfa,cosmoothed,771990200,789848216,False,0.005366216844264349
edges-corr,48,sfa,cosmoothed,771990200,793224716,False,0.0040015302647737816
edges-corr,48,sfa,cosmoothed,771990200,794812542,False,0.04277145965008496
edges-corr,48,sfa,cosmoothed,771990200,816200189,False,0.0031724400441681187
edges-corr,48,sfa,cosmoothed,771990200,847657808,False,0.0024176836026373856
edges-corr,48,sfa,cosmoothed,774875821,766640955,False,0.0001940900850097131
edges-corr,48,sfa,cosmoothed,774875821,767871931,False,0.08901904864326317
edges-corr,48,sfa,cosmoothed,774875821,771160300,False,0.0364339666668063
edges-corr,48,sfa,cosmoothed,774875821,771990200,False,0.012630173590130987
edges-corr,48,sfa,cosmoothed,774875821,774875821,True,0.7684952729851794
edges-corr,48,sfa,cosmoothed,774875821,778240327,False,0.0056360940572140784
edges-corr,48,sfa,cosmoothed,774875821,778998620,False,0.03620033901484125
edges-corr,48,sfa,cosmoothed,774875821,779839471,False,0.0014056684906865236
edges-corr,48,sfa,cosmoothed,774875821,781842082,False,1.0923270455731677e-05
edges-corr,48,sfa,cosmoothed,774875821,787025148,False,0.008830142550587129
edges-corr,48,sfa,cosmoothed,774875821,789848216,False,0.024531908843403758
edges-corr,48,sfa,cosmoothed,774875821,793224716,False,0.00038838737027087523
edges-corr,48,sfa,cosmoothed,774875821,794812542,False,0.008344909504757395
edges-corr,48,sfa,cosmoothed,774875821,816200189,False,0.002059894243065301
edges-corr,48,sfa,cosmoothed,774875821,847657808,False,0.023502721833112795
edges-corr,48,sfa,cosmoothed,778240327,766640955,False,0.011190069717076766
edges-corr,48,sfa,cosmoothed,778240327,767871931,False,0.0008998784752352292
edges-corr,48,sfa,cosmoothed,778240327,771160300,False,0.03523053529797166
edges-corr,48,sfa,cosmoothed,778240327,771990200,False,0.0397056204177614
edges-corr,48,sfa,cosmoothed,778240327,774875821,False,0.010757012209280832
edges-corr,48,sfa,cosmoothed,778240327,778240327,True,0.8611733756347337
edges-corr,48,sfa,cosmoothed,778240327,778998620,False,0.003108952236065497
edges-corr,48,sfa,cosmoothed,778240327,779839471,False,0.027497734355407706
edges-corr,48,sfa,cosmoothed,778240327,781842082,False,0.0005034831257184955
edges-corr,48,sfa,cosmoothed,778240327,787025148,False,0.0687241386857646
edges-corr,48,sfa,cosmoothed,778240327,789848216,False,0.061843675400281045
edges-corr,48,sfa,cosmoothed,778240327,793224716,False,0.01011862199747609
edges-corr,48,sfa,cosmoothed,778240327,794812542,False,0.020836462335811642
edges-corr,48,sfa,cosmoothed,778240327,816200189,False,0.019259256509168533
edges-corr,48,sfa,cosmoothed,778240327,847657808,False,0.01791442369314068
edges-corr,48,sfa,cosmoothed,778998620,766640955,False,0.08342709742118708
edges-corr,48,sfa,cosmoothed,778998620,767871931,False,0.3831867771788524
edges-corr,48,sfa,cosmoothed,778998620,771160300,False,0.20032043214647063
edges-corr,48,sfa,cosmoothed,778998620,771990200,False,0.3894831833194227
edges-corr,48,sfa,cosmoothed,778998620,774875821,False,0.0353208261102195
edges-corr,48,sfa,cosmoothed,778998620,778240327,False,0.005108476262261559
edges-corr,48,sfa,cosmoothed,778998620,778998620,True,0.9012573940785056
edges-corr,48,sfa,cosmoothed,778998620,779839471,False,0.47670787565588724
edges-corr,48,sfa,cosmoothed,778998620,781842082,False,0.007914910423298803
edges-corr,48,sfa,cosmoothed,778998620,787025148,False,0.2430939990297484
edges-corr,48,sfa,cosmoothed,778998620,789848216,False,0.015356085751107041
edges-corr,48,sfa,cosmoothed,778998620,793224716,False,0.0020081086531745316
edges-corr,48,sfa,cosmoothed,778998620,794812542,False,0.10428645294736448
edges-corr,48,sfa,cosmoothed,778998620,816200189,False,0.01633741685772348
edges-corr,48,sfa,cosmoothed,778998620,847657808,False,0.03481174750005357
edges-corr,48,sfa,cosmoothed,779839471,766640955,False,0.08382188109247125
edges-corr,48,sfa,cosmoothed,779839471,767871931,False,0.11559717620978974
edges-corr,48,sfa,cosmoothed,779839471,771160300,False,0.1591396173576233
edges-corr,48,sfa,cosmoothed,779839471,771990200,False,0.19874369401592254
edges-corr,48,sfa,cosmoothed,779839471,774875821,False,0.05524589819551409
edges-corr,48,sfa,cosmoothed,779839471,778240327,False,0.012801398849220704
edges-corr,48,sfa,cosmoothed,779839471,778998620,False,0.4124165216139607
edges-corr,48,sfa,cosmoothed,779839471,779839471,True,0.7602027188746369
edges-corr,48,sfa,cosmoothed,779839471,781842082,False,0.0012294653502486212
edges-corr,48,sfa,cosmoothed,779839471,787025148,False,0.21737788617604334
edges-corr,48,sfa,cosmoothed,779839471,789848216,False,0.03367013050179309
edges-corr,48,sfa,cosmoothed,779839471,793224716,False,0.006629003693700837
edges-corr,48,sfa,cosmoothed,779839471,794812542,False,0.12255966237769836
edges-corr,48,sfa,cosmoothed,779839471,816200189,False,0.08729189429553581
edges-corr,48,sfa,cosmoothed,779839471,847657808,False,0.08597873810565634
edges-corr,48,sfa,cosmoothed,781842082,766640955,False,0.028388822422058396
edges-corr,48,sfa,cosmoothed,781842082,767871931,False,0.13795611819031978
edges-corr,48,sfa,cosmoothed,781842082,771160300,False,0.0039100131159060586
edges-corr,48,sfa,cosmoothed,781842082,771990200,False,0.026265591710894473
edges-corr,48,sfa,cosmoothed,781842082,774875821,False,0.00027410758983374364
edges-corr,48,sfa,cosmoothed,781842082,778240327,False,0.0002912782308582092
edges-corr,48,sfa,cosmoothed,781842082,778998620,False,0.008941169589804867
edges-corr,48,sfa,cosmoothed,781842082,779839471,False,0.010351707485195422
edges-corr,48,sfa,cosmoothed,781842082,781842082,True,0.8971929248163723
edges-corr,48,sfa,cosmoothed,781842082,787025148,False,0.001925765875422033
edges-corr,48,sfa,cosmoothed,781842082,789848216,False,0.09860659008614146
edges-corr,48,sfa,cosmoothed,781842082,793224716,False,0.027088063541061344
edges-corr,48,sfa,cosmoothed,781842082,794812542,False,0.030117101364075784
edges-corr,48,sfa,cosmoothed,781842082,816200189,False,0.10738592682711413
edges-corr,48,sfa,cosmoothed,781842082,847657808,False,0.0004619293902214651
edges-corr,48,sfa,cosmoothed,787025148,766640955,False,0.01614483618420082
edges-corr,48,sfa,cosmoothed,787025148,767871931,False,0.01282674568541588
edges-corr,48,sfa,cosmoothed,787025148,771160300,False,0.02615169945124041
edges-corr,48,sfa,cosmoothed,787025148,771990200,False,0.13036803805002653
edges-corr,48,sfa,cosmoothed,787025148,774875821,False,0.00200236747543042
edges-corr,48,sfa,cosmoothed,787025148,778240327,False,0.1341057441413439
edges-corr,48,sfa,cosmoothed,787025148,778998620,False,0.0881878882609444
edges-corr,48,sfa,cosmoothed,787025148,779839471,False,0.1455953591898075
edges-corr,48,sfa,cosmoothed,787025148,781842082,False,0.0012493703769792218
edges-corr,48,sfa,cosmoothed,787025148,787025148,True,0.8678050744684768
edges-corr,48,sfa,cosmoothed,787025148,789848216,False,0.0001365909125787941
edges-corr,48,sfa,cosmoothed,787025148,793224716,False,0.0018714581805415902
edges-corr,48,sfa,cosmoothed,787025148,794812542,False,0.027936025100743386
edges-corr,48,sfa,cosmoothed,787025148,816200189,False,0.03534586663908605
edges-corr,48,sfa,cosmoothed,787025148,847657808,False,0.044332125088372726
edges-corr,48,sfa,cosmoothed,789848216,766640955,False,0.07002108972898557
edges-corr,48,sfa,cosmoothed,789848216,767871931,False,0.022161326991873478
edges-corr,48,sfa,cosmoothed,789848216,771160300,False,0.009791959323943916
edges-corr,48,sfa,cosmoothed,789848216,771990200,False,0.002259031670323092
edges-corr,48,sfa,cosmoothed,789848216,774875821,False,0.028739435365584858
edges-corr,48,sfa,cosmoothed,789848216,778240327,False,0.09950063776451099
edges-corr,48,sfa,cosmoothed,789848216,778998620,False,0.004194245672883536
edges-corr,48,sfa,cosmoothed,789848216,779839471,False,0.0392139257737292
edges-corr,48,sfa,cosmoothed,789848216,781842082,False,0.11120040914304716
edges-corr,48,sfa,cosmoothed,789848216,787025148,False,0.013772458414520785
edges-corr,48,sfa,cosmoothed,789848216,789848216,True,0.9478719721693228
edges-corr,48,sfa,cosmoothed,789848216,793224716,False,0.012646647946297704
edges-corr,48,sfa,cosmoothed,789848216,794812542,False,0.06925410135877015
edges-corr,48,sfa,cosmoothed,789848216,816200189,False,0.012129101252997787
edges-corr,48,sfa,cosmoothed,789848216,847657808,False,0.09514341547991384
edges-corr,48,sfa,cosmoothed,793224716,766640955,False,0.003719932835191129
edges-corr,48,sfa,cosmoothed,793224716,767871931,False,0.15144287344187046
edges-corr,48,sfa,cosmoothed,793224716,771160300,False,0.05176151617722443
edges-corr,48,sfa,cosmoothed,793224716,771990200,False,0.0017369930915547035
edges-corr,48,sfa,cosmoothed,793224716,774875821,False,0.0010853737468867596
edges-corr,48,sfa,cosmoothed,793224716,778240327,False,0.018638671300580514
edges-corr,48,sfa,cosmoothed,793224716,778998620,False,0.0022289498493664266
edges-corr,48,sfa,cosmoothed,793224716,779839471,False,0.0011521152784454765
edges-corr,48,sfa,cosmoothed,793224716,781842082,False,0.03504186857160721
edges-corr,48,sfa,cosmoothed,793224716,787025148,False,5.063352096686887e-05
edges-corr,48,sfa,cosmoothed,793224716,789848216,False,0.017883967996432864
edges-corr,48,sfa,cosmoothed,793224716,793224716,True,0.9242643363189198
edges-corr,48,sfa,cosmoothed,793224716,794812542,False,0.03777733478131237
edges-corr,48,sfa,cosmoothed,793224716,816200189,False,0.0033651309316567223
edges-corr,48,sfa,cosmoothed,793224716,847657808,False,0.10099450365556618
edges-corr,48,sfa,cosmoothed,794812542,766640955,False,0.04510518377843947
edges-corr,48,sfa,cosmoothed,794812542,767871931,False,0.009144834559574162
edges-corr,48,sfa,cosmoothed,794812542,771160300,False,0.00271374768880232
edges-corr,48,sfa,cosmoothed,794812542,771990200,False,0.05074259765485566
edges-corr,48,sfa,cosmoothed,794812542,774875821,False,0.04561374751362805
edges-corr,48,sfa,cosmoothed,794812542,778240327,False,0.01379686074590494
edges-corr,48,sfa,cosmoothed,794812542,778998620,False,0.0713484454963069
edges-corr,48,sfa,cosmoothed,794812542,779839471,False,0.12091160953131071
edges-corr,48,sfa,cosmoothed,794812542,781842082,False,0.011600272799527755
edges-corr,48,sfa,cosmoothed,794812542,787025148,False,0.0469121391995547
edges-corr,48,sfa,cosmoothed,794812542,789848216,False,0.02761388154795119
edges-corr,48,sfa,cosmoothed,794812542,793224716,False,0.0214009649908487
edges-corr,48,sfa,cosmoothed,794812542,794812542,True,0.7808768703992948
edges-corr,48,sfa,cosmoothed,794812542,816200189,False,9.262376574524549e-07
edges-corr,48,sfa,cosmoothed,794812542,847657808,False,0.044108318060446135
edges-corr,48,sfa,cosmoothed,816200189,766640955,False,0.0708719921633581
edges-corr,48,sfa,cosmoothed,816200189,767871931,False,0.05789947057084153
edges-corr,48,sfa,cosmoothed,816200189,771160300,False,0.000605069025937793
edges-corr,48,sfa,cosmoothed,816200189,771990200,False,0.0005969385877524937
edges-corr,48,sfa,cosmoothed,816200189,774875821,False,0.03364720762721691
edges-corr,48,sfa,cosmoothed,816200189,778240327,False,0.09402207436165015
edges-corr,48,sfa,cosmoothed,816200189,778998620,False,0.02208981427592689
edges-corr,48,sfa,cosmoothed,816200189,779839471,False,9.357347633959648e-05
edges-corr,48,sfa,cosmoothed,816200189,781842082,False,0.1058888435665781
edges-corr,48,sfa,cosmoothed,816200189,787025148,False,0.040067019596958166
edges-corr,48,sfa,cosmoothed,816200189,789848216,False,0.013000271661194239
edges-corr,48,sfa,cosmoothed,816200189,793224716,False,0.01692608257414918
edges-corr,48,sfa,cosmoothed,816200189,794812542,False,0.02897879998097592
edges-corr,48,sfa,cosmoothed,816200189,816200189,True,0.7198633405261443
edges-corr,48,sfa,cosmoothed,816200189,847657808,False,0.06932678664995741
edges-corr,48,sfa,cosmoothed,847657808,766640955,False,0.05212070929746745
edges-corr,48,sfa,cosmoothed,847657808,767871931,False,0.005795311488593928
edges-corr,48,sfa,cosmoothed,847657808,771160300,False,0.008547102994552058
edges-corr,48,sfa,cosmoothed,847657808,771990200,False,0.011032124660753286
edges-corr,48,sfa,cosmoothed,847657808,774875821,False,0.02110569539031221
edges-corr,48,sfa,cosmoothed,847657808,778240327,False,0.033935982695211225
edges-corr,48,sfa,cosmoothed,847657808,778998620,False,0.010577879576685524
edges-corr,48,sfa,cosmoothed,847657808,779839471,False,0.012251871641485512
edges-corr,48,sfa,cosmoothed,847657808,781842082,False,0.007248528027810376
edges-corr,48,sfa,cosmoothed,847657808,787025148,False,0.15049627822598746
edges-corr,48,sfa,cosmoothed,847657808,789848216,False,0.13313206827228163
edges-corr,48,sfa,cosmoothed,847657808,793224716,False,0.06547277356588929
edges-corr,48,sfa,cosmoothed,847657808,794812542,False,0.10566059299233313
edges-corr,48,sfa,cosmoothed,847657808,816200189,False,0.08480495496533957
edges-corr,48,sfa,cosmoothed,847657808,847657808,True,0.7269306957309053
edges-corr,60,sfa,cosmoothed,766640955,766640955,True,0.6105517401200219
edges-corr,60,sfa,cosmoothed,766640955,767871931,False,8.364163347705789e-06
edges-corr,60,sfa,cosmoothed,766640955,771160300,False,2.843639245953437e-06
edges-corr,60,sfa,cosmoothed,766640955,771990200,False,0.055226945231947516
edges-corr,60,sfa,cosmoothed,766640955,774875821,False,0.0017311571935256442
edges-corr,60,sfa,cosmoothed,766640955,778240327,False,0.004499796195399968
edges-corr,60,sfa,cosmoothed,766640955,778998620,False,0.01815721914754906
edges-corr,60,sfa,cosmoothed,766640955,779839471,False,0.06735384391868107
edges-corr,60,sfa,cosmoothed,766640955,781842082,False,0.02939490130204451
edges-corr,60,sfa,cosmoothed,766640955,787025148,False,3.9058823246810814e-05
edges-corr,60,sfa,cosmoothed,766640955,789848216,False,0.021122743099305383
edges-corr,60,sfa,cosmoothed,766640955,793224716,False,0.046055143753717026
edges-corr,60,sfa,cosmoothed,766640955,794812542,False,0.02569336554927062
edges-corr,60,sfa,cosmoothed,766640955,816200189,False,0.022927017715041714
edges-corr,60,sfa,cosmoothed,766640955,847657808,False,0.015749497064233536
edges-corr,60,sfa,cosmoothed,767871931,766640955,False,0.03559623491269607
edges-corr,60,sfa,cosmoothed,767871931,767871931,True,0.78236626605733
edges-corr,60,sfa,cosmoothed,767871931,771160300,False,0.0010265189336325239
edges-corr,60,sfa,cosmoothed,767871931,771990200,False,0.15941614374386
edges-corr,60,sfa,cosmoothed,767871931,774875821,False,0.12978118422959933
edges-corr,60,sfa,cosmoothed,767871931,778240327,False,0.015133343602850987
edges-corr,60,sfa,cosmoothed,767871931,778998620,False,0.32530408092633667
edges-corr,60,sfa,cosmoothed,767871931,779839471,False,0.08774338969922083
edges-corr,60,sfa,cosmoothed,767871931,781842082,False,0.19621686745241865
edges-corr,60,sfa,cosmoothed,767871931,787025148,False,0.05448904546283068
edges-corr,60,sfa,cosmoothed,767871931,789848216,False,0.0046346394721863485
edges-corr,60,sfa,cosmoothed,767871931,793224716,False,0.051917313473525364
edges-corr,60,sfa,cosmoothed,767871931,794812542,False,0.02556049666930117
edges-corr,60,sfa,cosmoothed,767871931,816200189,False,0.014033597962995999
edges-corr,60,sfa,cosmoothed,767871931,847657808,False,0.0007673990460216112
edges-corr,60,sfa,cosmoothed,771160300,766640955,False,0.06621616688328158
edges-corr,60,sfa,cosmoothed,771160300,767871931,False,0.04793668362458806
edges-corr,60,sfa,cosmoothed,771160300,771160300,True,0.8913479625336583
edges-corr,60,sfa,cosmoothed,771160300,771990200,False,0.16321815502755246
edges-corr,60,sfa,cosmoothed,771160300,774875821,False,0.0015044615214453395
edges-corr,60,sfa,cosmoothed,771160300,778240327,False,0.04595979867279435
edges-corr,60,sfa,cosmoothed,771160300,778998620,False,0.2569908237798108
edges-corr,60,sfa,cosmoothed,771160300,779839471,False,0.29399451017933004
edges-corr,60,sfa,cosmoothed,771160300,781842082,False,0.0005655841429844515
edges-corr,60,sfa,cosmoothed,771160300,787025148,False,0.08903154261426223
edges-corr,60,sfa,cosmoothed,771160300,789848216,False,0.028673853712822057
edges-corr,60,sfa,cosmoothed,771160300,793224716,False,0.11402257220260337
edges-corr,60,sfa,cosmoothed,771160300,794812542,False,0.04163800507976173
edges-corr,60,sfa,cosmoothed,771160300,816200189,False,0.024358054131808263
edges-corr,60,sfa,cosmoothed,771160300,847657808,False,0.13962302692803155
edges-corr,60,sfa,cosmoothed,771990200,766640955,False,0.08595919475169572
edges-corr,60,sfa,cosmoothed,771990200,767871931,False,0.18629251521048762
edges-corr,60,sfa,cosmoothed,771990200,771160300,False,0.13036005671262813
edges-corr,60,sfa,cosmoothed,771990200,771990200,True,0.859908248723447
edges-corr,60,sfa,cosmoothed,771990200,774875821,False,0.016266864236070974
edges-corr,60,sfa,cosmoothed,771990200,778240327,False,0.07527228351021531
edges-corr,60,sfa,cosmoothed,771990200,778998620,False,0.3886303281564998
edges-corr,60,sfa,cosmoothed,771990200,779839471,False,0.20963680571231924
edges-corr,60,sfa,cosmoothed,771990200,781842082,False,0.054440726774209844
edges-corr,60,sfa,cosmoothed,771990200,787025148,False,0.2752916164943665
edges-corr,60,sfa,cosmoothed,771990200,789848216,False,0.00724535242653955
edges-corr,60,sfa,cosmoothed,771990200,793224716,False,0.005897628952975065
edges-corr,60,sfa,cosmoothed,771990200,794812542,False,0.05791996514850977
edges-corr,60,sfa,cosmoothed,771990200,816200189,False,0.0010848174711809322
edges-corr,60,sfa,cosmoothed,771990200,847657808,False,0.0009344590938843315
edges-corr,60,sfa,cosmoothed,774875821,766640955,False,0.0005147338348732514
edges-corr,60,sfa,cosmoothed,774875821,767871931,False,0.11331408212208288
edges-corr,60,sfa,cosmoothed,774875821,771160300,False,0.03803913751211121
edges-corr,60,sfa,cosmoothed,774875821,771990200,False,0.018566267894082528
edges-corr,60,sfa,cosmoothed,774875821,774875821,True,0.7808136593204078
edges-corr,60,sfa,cosmoothed,774875821,778240327,False,0.011495101153706385
edges-corr,60,sfa,cosmoothed,774875821,778998620,False,0.0454598135726884
edges-corr,60,sfa,cosmoothed,774875821,779839471,False,0.0006912103587803686
edges-corr,60,sfa,cosmoothed,774875821,781842082,False,0.0003873403902182286
edges-corr,60,sfa,cosmoothed,774875821,787025148,False,0.009109884531125018
edges-corr,60,sfa,cosmoothed,774875821,789848216,False,0.026159733412830493
edges-corr,60,sfa,cosmoothed,774875821,793224716,False,0.0009392047379079404
edges-corr,60,sfa,cosmoothed,774875821,794812542,False,0.010103535103429635
edges-corr,60,sfa,cosmoothed,774875821,816200189,False,0.003348672188228214
edges-corr,60,sfa,cosmoothed,774875821,847657808,False,0.024384894748569964
edges-corr,60,sfa,cosmoothed,778240327,766640955,False,0.01010323182201016
edges-corr,60,sfa,cosmoothed,778240327,767871931,False,0.0009326319153037851
edges-corr,60,sfa,cosmoothed,778240327,771160300,False,0.03575423264618998
edges-corr,60,sfa,cosmoothed,778240327,771990200,False,0.045393989273561974
edges-corr,60,sfa,cosmoothed,778240327,774875821,False,0.01667337578137336
edges-corr,60,sfa,cosmoothed,778240327,778240327,True,0.8738491889229095
edges-corr,60,sfa,cosmoothed,778240327,778998620,False,0.0047740782023833
edges-corr,60,sfa,cosmoothed,778240327,779839471,False,0.027960809094189187
edges-corr,60,sfa,cosmoothed,778240327,781842082,False,0.00020098106098979287
edges-corr,60,sfa,cosmoothed,778240327,787025148,False,0.06980219974433843
edges-corr,60,sfa,cosmoothed,778240327,789848216,False,0.06639778681544835
edges-corr,60,sfa,cosmoothed,778240327,793224716,False,0.006772631985630958
edges-corr,60,sfa,cosmoothed,778240327,794812542,False,0.02179854430927485
edges-corr,60,sfa,cosmoothed,778240327,816200189,False,0.01859384858725072
edges-corr,60,sfa,cosmoothed,778240327,847657808,False,0.017370326121304937
edges-corr,60,sfa,cosmoothed,778998620,766640955,False,0.08890107263252268
edges-corr,60,sfa,cosmoothed,778998620,767871931,False,0.4198846125384087
edges-corr,60,sfa,cosmoothed,778998620,771160300,False,0.21025727098017277
edges-corr,60,sfa,cosmoothed,778998620,771990200,False,0.4344493828952221
edges-corr,60,sfa,cosmoothed,778998620,774875821,False,0.049469055750838334
edges-corr,60,sfa,cosmoothed,778998620,778240327,False,0.0059109778789366175
edges-corr,60,sfa,cosmoothed,778998620,778998620,True,0.9115835207381829
edges-corr,60,sfa,cosmoothed,778998620,779839471,False,0.5293509764119032
edges-corr,60,sfa,cosmoothed,778998620,781842082,False,0.011673811822829712
edges-corr,60,sfa,cosmoothed,778998620,787025148,False,0.27065659150381616
edges-corr,60,sfa,cosmoothed,778998620,789848216,False,0.015298350020890576
edges-corr,60,sfa,cosmoothed,778998620,793224716,False,0.002214923339810663
edges-corr,60,sfa,cosmoothed,778998620,794812542,False,0.11620415145416725
edges-corr,60,sfa,cosmoothed,778998620,816200189,False,0.0223993730881761
edges-corr,60,sfa,cosmoothed,778998620,847657808,False,0.04659146083160435
edges-corr,60,sfa,cosmoothed,779839471,766640955,False,0.10232429859748605
edges-corr,60,sfa,cosmoothed,779839471,767871931,False,0.15702985742920364
edges-corr,60,sfa,cosmoothed,779839471,771160300,False,0.19005240442412732
edges-corr,60,sfa,cosmoothed,779839471,771990200,False,0.23183987722539864
edges-corr,60,sfa,cosmoothed,779839471,774875821,False,0.062075523235692466
edges-corr,60,sfa,cosmoothed,779839471,778240327,False,0.013332470386976745
edges-corr,60,sfa,cosmoothed,779839471,778998620,False,0.4777774954254438
edges-corr,60,sfa,cosmoothed,779839471,779839471,True,0.7856194671077285
edges-corr,60,sfa,cosmoothed,779839471,781842082,False,0.0002761694128581349
edges-corr,60,sfa,cosmoothed,779839471,787025148,False,0.2428298788150167
edges-corr,60,sfa,cosmoothed,779839471,789848216,False,0.03820703198625753
edges-corr,60,sfa,cosmoothed,779839471,793224716,False,0.007226969355128015
edges-corr,60,sfa,cosmoothed,779839471,794812542,False,0.14229054810961894
edges-corr,60,sfa,cosmoothed,779839471,816200189,False,0.09281885704467469
edges-corr,60,sfa,cosmoothed,779839471,847657808,False,0.09035190843707555
edges-corr,60,sfa,cosmoothed,781842082,766640955,False,0.024289497102546354
edges-corr,60,sfa,cosmoothed,781842082,767871931,False,0.16114053620175645
edges-corr,60,sfa,cosmoothed,781842082,771160300,False,0.00482382068182264
edges-corr,60,sfa,cosmoothed,781842082,771990200,False,0.02774601201571485
edges-corr,60,sfa,cosmoothed,781842082,774875821,False,0.0005596995852775511
edges-corr,60,sfa,cosmoothed,781842082,778240327,False,0.0011615950536205985
edges-corr,60,sfa,cosmoothed,781842082,778998620,False,0.013105408336997647
edges-corr,60,sfa,cosmoothed,781842082,779839471,False,0.013169858289130209
edges-corr,60,sfa,cosmoothed,781842082,781842082,True,0.8971987156041501
edges-corr,60,sfa,cosmoothed,781842082,787025148,False,0.00418916939752816
edges-corr,60,sfa,cosmoothed,781842082,789848216,False,0.10716380196151888
edges-corr,60,sfa,cosmoothed,781842082,793224716,False,0.02602112479798424
edges-corr,60,sfa,cosmoothed,781842082,794812542,False,0.0331650157570869
edges-corr,60,sfa,cosmoothed,781842082,816200189,False,0.1061553300562464
edges-corr,60,sfa,cosmoothed,781842082,847657808,False,0.0005816523643700926
edges-corr,60,sfa,cosmoothed,787025148,766640955,False,0.015343392596664285
edges-corr,60,sfa,cosmoothed,787025148,767871931,False,0.014883284638138915
edges-corr,60,sfa,cosmoothed,787025148,771160300,False,0.0342249754944176
edges-corr,60,sfa,cosmoothed,787025148,771990200,False,0.14561084278446065
edges-corr,60,sfa,cosmoothed,787025148,774875821,False,0.0032340035468090508
edges-corr,60,sfa,cosmoothed,787025148,778240327,False,0.14125719816310786
edges-corr,60,sfa,cosmoothed,787025148,778998620,False,0.10515963434877904
edges-corr,60,sfa,cosmoothed,787025148,779839471,False,0.15943453092234772
edges-corr,60,sfa,cosmoothed,787025148,781842082,False,0.002912334911603135
edges-corr,60,sfa,cosmoothed,787025148,787025148,True,0.8737372248228226
edges-corr,60,sfa,cosmoothed,787025148,789848216,False,3.084116469970149e-06
edges-corr,60,sfa,cosmoothed,787025148,793224716,False,0.002929063071135096
edges-corr,60,sfa,cosmoothed,787025148,794812542,False,0.03311944468081112
edges-corr,60,sfa,cosmoothed,787025148,816200189,False,0.04422414625249038
edges-corr,60,sfa,cosmoothed,787025148,847657808,False,0.05167687326296843
edges-corr,60,sfa,cosmoothed,789848216,766640955,False,0.06991549820212647
edges-corr,60,sfa,cosmoothed,789848216,767871931,False,0.02043549499013099
edges-corr,60,sfa,cosmoothed,789848216,771160300,False,0.009066466701136654
edges-corr,60,sfa,cosmoothed,789848216,771990200,False,0.004943999389504537
edges-corr,60,sfa,cosmoothed,789848216,774875821,False,0.033572349802112336
edges-corr,60,sfa,cosmoothed,789848216,778240327,False,0.11098962434078061
edges-corr,60,sfa,cosmoothed,789848216,778998620,False,0.003613532207415834
edges-corr,60,sfa,cosmoothed,789848216,779839471,False,0.04235413399818437
edges-corr,60,sfa,cosmoothed,789848216,781842082,False,0.13002006169051156
edges-corr,60,sfa,cosmoothed,789848216,787025148,False,0.014116302903440054
edges-corr,60,sfa,cosmoothed,789848216,789848216,True,0.951546127783061
edges-corr,60,sfa,cosmoothed,789848216,793224716,False,0.015287665224568522
edges-corr,60,sfa,cosmoothed,789848216,794812542,False,0.07731466951209012
edges-corr,60,sfa,cosmoothed,789848216,816200189,False,0.014633702413418898
edges-corr,60,sfa,cosmoothed,789848216,847657808,False,0.10167312340465204
edges-corr,60,sfa,cosmoothed,793224716,766640955,False,0.002848731886407049
edges-corr,60,sfa,cosmoothed,793224716,767871931,False,0.1563116817766574
edges-corr,60,sfa,cosmoothed,793224716,771160300,False,0.06140051950150397
edges-corr,60,sfa,cosmoothed,793224716,771990200,False,0.0029959535655311982
edges-corr,60,sfa,cosmoothed,793224716,774875821,False,0.0024511481820053685
edges-corr,60,sfa,cosmoothed,793224716,778240327,False,0.014038501804680767
edges-corr,60,sfa,cosmoothed,793224716,778998620,False,0.002593460293371777
edges-corr,60,sfa,cosmoothed,793224716,779839471,False,0.0004468641103768051
edges-corr,60,sfa,cosmoothed,793224716,781842082,False,0.033517571336448095
edges-corr,60,sfa,cosmoothed,793224716,787025148,False,0.0003649938727993948
edges-corr,60,sfa,cosmoothed,793224716,789848216,False,0.023003579670522373
edges-corr,60,sfa,cosmoothed,793224716,793224716,True,0.9159029033928167
edges-corr,60,sfa,cosmoothed,793224716,794812542,False,0.04324878910035692
edges-corr,60,sfa,cosmoothed,793224716,816200189,False,0.002879387290773188
edges-corr,60,sfa,cosmoothed,793224716,847657808,False,0.11715702439990852
edges-corr,60,sfa,cosmoothed,794812542,766640955,False,0.0449388735130809
edges-corr,60,sfa,cosmoothed,794812542,767871931,False,0.008921727876281945
edges-corr,60,sfa,cosmoothed,794812542,771160300,False,0.005885455546107549
edges-corr,60,sfa,cosmoothed,794812542,771990200,False,0.07270565162205364
edges-corr,60,sfa,cosmoothed,794812542,774875821,False,0.06181459718102505
edges-corr,60,sfa,cosmoothed,794812542,778240327,False,0.015002147534640834
edges-corr,60,sfa,cosmoothed,794812542,778998620,False,0.07625795822695704
edges-corr,60,sfa,cosmoothed,794812542,779839471,False,0.13462341716701326
edges-corr,60,sfa,cosmoothed,794812542,781842082,False,0.010015916064041824
edges-corr,60,sfa,cosmoothed,794812542,787025148,False,0.062181729893289385
edges-corr,60,sfa,cosmoothed,794812542,789848216,False,0.03106962852089568
edges-corr,60,sfa,cosmoothed,794812542,793224716,False,0.023983390044660432
edges-corr,60,sfa,cosmoothed,794812542,794812542,True,0.7877745313865049
edges-corr,60,sfa,cosmoothed,794812542,816200189,False,0.0006312141488235941
edges-corr,60,sfa,cosmoothed,794812542,847657808,False,0.06331794816091421
edges-corr,60,sfa,cosmoothed,816200189,766640955,False,0.08050275062235376
edges-corr,60,sfa,cosmoothed,816200189,767871931,False,0.07339991701887419
edges-corr,60,sfa,cosmoothed,816200189,771160300,False,8.044464769811485e-05
edges-corr,60,sfa,cosmoothed,816200189,771990200,False,0.0017245858358715578
edges-corr,60,sfa,cosmoothed,816200189,774875821,False,0.041336781600138144
edges-corr,60,sfa,cosmoothed,816200189,778240327,False,0.10800599401535571
edges-corr,60,sfa,cosmoothed,816200189,778998620,False,0.03001742633663224
edges-corr,60,sfa,cosmoothed,816200189,779839471,False,0.00037399105444403544
edges-corr,60,sfa,cosmoothed,816200189,781842082,False,0.11297477957414621
edges-corr,60,sfa,cosmoothed,816200189,787025148,False,0.049463435961518955
edges-corr,60,sfa,cosmoothed,816200189,789848216,False,0.013208779327570388
edges-corr,60,sfa,cosmoothed,816200189,793224716,False,0.022815249614166616
edges-corr,60,sfa,cosmoothed,816200189,794812542,False,0.05320062639792717
edges-corr,60,sfa,cosmoothed,816200189,816200189,True,0.7116510117171312
edges-corr,60,sfa,cosmoothed,816200189,847657808,False,0.06768846325764817
edges-corr,60,sfa,cosmoothed,847657808,766640955,False,0.047282705450172983
edges-corr,60,sfa,cosmoothed,847657808,767871931,False,0.003921940432708035
edges-corr,60,sfa,cosmoothed,847657808,771160300,False,0.014115877194402823
edges-corr,60,sfa,cosmoothed,847657808,771990200,False,0.01783375156938817
edges-corr,60,sfa,cosmoothed,847657808,774875821,False,0.019921832407788158
edges-corr,60,sfa,cosmoothed,847657808,778240327,False,0.039226712846621464
edges-corr,60,sfa,cosmoothed,847657808,778998620,False,0.02000101868063514
edges-corr,60,sfa,cosmoothed,847657808,779839471,False,0.014396747491424791
edges-corr,60,sfa,cosmoothed,847657808,781842082,False,0.010156771609336151
edges-corr,60,sfa,cosmoothed,847657808,787025148,False,0.1742064944956545
edges-corr,60,sfa,cosmoothed,847657808,789848216,False,0.14814978322512448
edges-corr,60,sfa,cosmoothed,847657808,793224716,False,0.07796891335116714
edges-corr,60,sfa,cosmoothed,847657808,794812542,False,0.13826915288787353
edges-corr,60,sfa,cosmoothed,847657808,816200189,False,0.09177925807689648
edges-corr,60,sfa,cosmoothed,847657808,847657808,True,0.7330494211705021
edges-corr,90,sfa,cosmoothed,766640955,766640955,True,0.5518280966658389
edges-corr,90,sfa,cosmoothed,766640955,767871931,False,0.00098054406474968
edges-corr,90,sfa,cosmoothed,766640955,771160300,False,0.0008322842336623765
edges-corr,90,sfa,cosmoothed,766640955,771990200,False,0.06769593017300006
edges-corr,90,sfa,cosmoothed,766640955,774875821,False,0.006184947539511828
edges-corr,90,sfa,cosmoothed,766640955,778240327,False,0.0001100451121206443
edges-corr,90,sfa,cosmoothed,766640955,778998620,False,0.009902877109026034
edges-corr,90,sfa,cosmoothed,766640955,779839471,False,0.08117145718586226
edges-corr,90,sfa,cosmoothed,766640955,781842082,False,0.04502459146382874
edges-corr,90,sfa,cosmoothed,766640955,787025148,False,0.0006784692348613964
edges-corr,90,sfa,cosmoothed,766640955,789848216,False,0.003531445608356752
edges-corr,90,sfa,cosmoothed,766640955,793224716,False,0.05315820830881532
edges-corr,90,sfa,cosmoothed,766640955,794812542,False,0.033168208758506255
edges-corr,90,sfa,cosmoothed,766640955,816200189,False,0.034122442011943324
edges-corr,90,sfa,cosmoothed,766640955,847657808,False,0.00612079996913869
edges-corr,90,sfa,cosmoothed,767871931,766640955,False,0.03762842882966838
edges-corr,90,sfa,cosmoothed,767871931,767871931,True,0.800377823588705
edges-corr,90,sfa,cosmoothed,767871931,771160300,False,0.006411123212977931
edges-corr,90,sfa,cosmoothed,767871931,771990200,False,0.20315931949198754
edges-corr,90,sfa,cosmoothed,767871931,774875821,False,0.16166814979364522
edges-corr,90,sfa,cosmoothed,767871931,778240327,False,0.015516239937279757
edges-corr,90,sfa,cosmoothed,767871931,778998620,False,0.377179351145536
edges-corr,90,sfa,cosmoothed,767871931,779839471,False,0.11421515724377171
edges-corr,90,sfa,cosmoothed,767871931,781842082,False,0.27550836805610157
edges-corr,90,sfa,cosmoothed,767871931,787025148,False,0.06556223598328177
edges-corr,90,sfa,cosmoothed,767871931,789848216,False,0.0024628249129931227
edges-corr,90,sfa,cosmoothed,767871931,793224716,False,0.057119163572294705
edges-corr,90,sfa,cosmoothed,767871931,794812542,False,0.019464633445625035
edges-corr,90,sfa,cosmoothed,767871931,816200189,False,0.040273378058239176
edges-corr,90,sfa,cosmoothed,767871931,847657808,False,0.004296871781475567
edges-corr,90,sfa,cosmoothed,771160300,766640955,False,0.08873995395840747
edges-corr,90,sfa,cosmoothed,771160300,767871931,False,0.07103338729597455
edges-corr,90,sfa,cosmoothed,771160300,771160300,True,0.8885911059854188
edges-corr,90,sfa,cosmoothed,771160300,771990200,False,0.2126179974185791
edges-corr,90,sfa,cosmoothed,771160300,774875821,False,0.0005474896108769873
edges-corr,90,sfa,cosmoothed,771160300,778240327,False,0.04314491785700936
edges-corr,90,sfa,cosmoothed,771160300,778998620,False,0.3234950135668098
edges-corr,90,sfa,cosmoothed,771160300,779839471,False,0.3646968425216673
edges-corr,90,sfa,cosmoothed,771160300,781842082,False,0.0013203977425111687
edges-corr,90,sfa,cosmoothed,771160300,787025148,False,0.12332595873247337
edges-corr,90,sfa,cosmoothed,771160300,789848216,False,0.030670316211238648
edges-corr,90,sfa,cosmoothed,771160300,793224716,False,0.1376556015328935
edges-corr,90,sfa,cosmoothed,771160300,794812542,False,0.07987588781389525
edges-corr,90,sfa,cosmoothed,771160300,816200189,False,0.029093833554063024
edges-corr,90,sfa,cosmoothed,771160300,847657808,False,0.18099899219924762
edges-corr,90,sfa,cosmoothed,771990200,766640955,False,0.14130459933905234
edges-corr,90,sfa,cosmoothed,771990200,767871931,False,0.24621083806889585
edges-corr,90,sfa,cosmoothed,771990200,771160300,False,0.16951053230095017
edges-corr,90,sfa,cosmoothed,771990200,771990200,True,0.8969088677234818
edges-corr,90,sfa,cosmoothed,771990200,774875821,False,0.04880406511557184
edges-corr,90,sfa,cosmoothed,771990200,778240327,False,0.08956529278847206
edges-corr,90,sfa,cosmoothed,771990200,778998620,False,0.49440149135832806
edges-corr,90,sfa,cosmoothed,771990200,779839471,False,0.28187355097887834
edges-corr,90,sfa,cosmoothed,771990200,781842082,False,0.055048591493116784
edges-corr,90,sfa,cosmoothed,771990200,787025148,False,0.30859859818046703
edges-corr,90,sfa,cosmoothed,771990200,789848216,False,0.009559257438677264
edges-corr,90,sfa,cosmoothed,771990200,793224716,False,0.016943369187829155
edges-corr,90,sfa,cosmoothed,771990200,794812542,False,0.10392543368206626
edges-corr,90,sfa,cosmoothed,771990200,816200189,False,0.0002669621829929267
edges-corr,90,sfa,cosmoothed,771990200,847657808,False,0.0018738708628463125
edges-corr,90,sfa,cosmoothed,774875821,766640955,False,0.006450913204161162
edges-corr,90,sfa,cosmoothed,774875821,767871931,False,0.1484604448816271
edges-corr,90,sfa,cosmoothed,774875821,771160300,False,0.040165209676837205
edges-corr,90,sfa,cosmoothed,774875821,771990200,False,0.03808300255905315
edges-corr,90,sfa,cosmoothed,774875821,774875821,True,0.8102082872599873
edges-corr,90,sfa,cosmoothed,774875821,778240327,False,0.028909574655331064
edges-corr,90,sfa,cosmoothed,774875821,778998620,False,0.06774285165714358
edges-corr,90,sfa,cosmoothed,774875821,779839471,False,0.00048264368064808986
edges-corr,90,sfa,cosmoothed,774875821,781842082,False,0.0026707065260173093
edges-corr,90,sfa,cosmoothed,774875821,787025148,False,0.010872791453313347
edges-corr,90,sfa,cosmoothed,774875821,789848216,False,0.024982712066960087
edges-corr,90,sfa,cosmoothed,774875821,793224716,False,0.004679914800737585
edges-corr,90,sfa,cosmoothed,774875821,794812542,False,0.022227442809649174
edges-corr,90,sfa,cosmoothed,774875821,816200189,False,0.010398845831735776
edges-corr,90,sfa,cosmoothed,774875821,847657808,False,0.036765541370441954
edges-corr,90,sfa,cosmoothed,778240327,766640955,False,0.006934250825914538
edges-corr,90,sfa,cosmoothed,778240327,767871931,False,0.00019865851666679948
edges-corr,90,sfa,cosmoothed,778240327,771160300,False,0.03576658563832571
edges-corr,90,sfa,cosmoothed,778240327,771990200,False,0.06479778682731212
edges-corr,90,sfa,cosmoothed,778240327,774875821,False,0.03405097058759413
edges-corr,90,sfa,cosmoothed,778240327,778240327,True,0.8828729767243186
edges-corr,90,sfa,cosmoothed,778240327,778998620,False,0.009282290479754096
edges-corr,90,sfa,cosmoothed,778240327,779839471,False,0.028509460935699782
edges-corr,90,sfa,cosmoothed,778240327,781842082,False,9.509960851817871e-05
edges-corr,90,sfa,cosmoothed,778240327,787025148,False,0.06981462598060882
edges-corr,90,sfa,cosmoothed,778240327,789848216,False,0.06987066452152227
edges-corr,90,sfa,cosmoothed,778240327,793224716,False,0.00041198330526723476
edges-corr,90,sfa,cosmoothed,778240327,794812542,False,0.018598513437275047
edges-corr,90,sfa,cosmoothed,778240327,816200189,False,0.018248926853285625
edges-corr,90,sfa,cosmoothed,778240327,847657808,False,0.015727945701862787
edges-corr,90,sfa,cosmoothed,778998620,766640955,False,0.0990185692501538
edges-corr,90,sfa,cosmoothed,778998620,767871931,False,0.4903652210308127
edges-corr,90,sfa,cosmoothed,778998620,771160300,False,0.23931061818784716
edges-corr,90,sfa,cosmoothed,778998620,771990200,False,0.5252927142725694
edges-corr,90,sfa,cosmoothed,778998620,774875821,False,0.0919419611875385
edges-corr,90,sfa,cosmoothed,778998620,778240327,False,0.006184838707319017
edges-corr,90,sfa,cosmoothed,778998620,778998620,True,0.9262096614209804
edges-corr,90,sfa,cosmoothed,778998620,779839471,False,0.6137797329715616
edges-corr,90,sfa,cosmoothed,778998620,781842082,False,0.024098094787165566
edges-corr,90,sfa,cosmoothed,778998620,787025148,False,0.3306309441192081
edges-corr,90,sfa,cosmoothed,778998620,789848216,False,0.015831317768848444
edges-corr,90,sfa,cosmoothed,778998620,793224716,False,0.0008999468104102079
edges-corr,90,sfa,cosmoothed,778998620,794812542,False,0.1441416582183701
edges-corr,90,sfa,cosmoothed,778998620,816200189,False,0.04003711249279451
edges-corr,90,sfa,cosmoothed,778998620,847657808,False,0.08824213403850505
edges-corr,90,sfa,cosmoothed,779839471,766640955,False,0.13734609120251795
edges-corr,90,sfa,cosmoothed,779839471,767871931,False,0.23252095561223932
edges-corr,90,sfa,cosmoothed,779839471,771160300,False,0.2458935012030359
edges-corr,90,sfa,cosmoothed,779839471,771990200,False,0.32268211620150866
edges-corr,90,sfa,cosmoothed,779839471,774875821,False,0.07736953745462012
edges-corr,90,sfa,cosmoothed,779839471,778240327,False,0.010940767652705337
edges-corr,90,sfa,cosmoothed,779839471,778998620,False,0.5904618195679956
edges-corr,90,sfa,cosmoothed,779839471,779839471,True,0.8377326955335382
edges-corr,90,sfa,cosmoothed,779839471,781842082,False,0.0005815326739251056
edges-corr,90,sfa,cosmoothed,779839471,787025148,False,0.2925506952500841
edges-corr,90,sfa,cosmoothed,779839471,789848216,False,0.04597933384760441
edges-corr,90,sfa,cosmoothed,779839471,793224716,False,0.009045504936949202
edges-corr,90,sfa,cosmoothed,779839471,794812542,False,0.18215167579677954
edges-corr,90,sfa,cosmoothed,779839471,816200189,False,0.09589206828023428
edges-corr,90,sfa,cosmoothed,779839471,847657808,False,0.09550823779901098
edges-corr,90,sfa,cosmoothed,781842082,766640955,False,0.011484104598043558
edges-corr,90,sfa,cosmoothed,781842082,767871931,False,0.21550430811618967
edges-corr,90,sfa,cosmoothed,781842082,771160300,False,0.006137328917171315
edges-corr,90,sfa,cosmoothed,781842082,771990200,False,0.0345041293868133
edges-corr,90,sfa,cosmoothed,781842082,774875821,False,0.0005264262262620924
edges-corr,90,sfa,cosmoothed,781842082,778240327,False,0.003978994363110581
edges-corr,90,sfa,cosmoothed,781842082,778998620,False,0.0315412835847544
edges-corr,90,sfa,cosmoothed,781842082,779839471,False,0.015729777399275148
edges-corr,90,sfa,cosmoothed,781842082,781842082,True,0.8947592709364571
edges-corr,90,sfa,cosmoothed,781842082,787025148,False,0.01042636766531348
edges-corr,90,sfa,cosmoothed,781842082,789848216,False,0.10682169304724111
edges-corr,90,sfa,cosmoothed,781842082,793224716,False,0.02368340589700845
edges-corr,90,sfa,cosmoothed,781842082,794812542,False,0.03597127532764845
edges-corr,90,sfa,cosmoothed,781842082,816200189,False,0.10012117810970028
edges-corr,90,sfa,cosmoothed,781842082,847657808,False,0.0004720126298185898
edges-corr,90,sfa,cosmoothed,787025148,766640955,False,0.014171503297708526
edges-corr,90,sfa,cosmoothed,787025148,767871931,False,0.021157376673950457
edges-corr,90,sfa,cosmoothed,787025148,771160300,False,0.05832442671142023
edges-corr,90,sfa,cosmoothed,787025148,771990200,False,0.1774953337718574
edges-corr,90,sfa,cosmoothed,787025148,774875821,False,0.002212853180074867
edges-corr,90,sfa,cosmoothed,787025148,778240327,False,0.1623087966706086
edges-corr,90,sfa,cosmoothed,787025148,778998620,False,0.1478858260621833
edges-corr,90,sfa,cosmoothed,787025148,779839471,False,0.18949394417889137
edges-corr,90,sfa,cosmoothed,787025148,781842082,False,0.011781708519622939
edges-corr,90,sfa,cosmoothed,787025148,787025148,True,0.8908122941917564
edges-corr,90,sfa,cosmoothed,787025148,789848216,False,0.00091646200872773
edges-corr,90,sfa,cosmoothed,787025148,793224716,False,0.005824932331407526
edges-corr,90,sfa,cosmoothed,787025148,794812542,False,0.05091348783680092
edges-corr,90,sfa,cosmoothed,787025148,816200189,False,0.06958322179600822
edges-corr,90,sfa,cosmoothed,787025148,847657808,False,0.06964221207510023
edges-corr,90,sfa,cosmoothed,789848216,766640955,False,0.05755242483008201
edges-corr,90,sfa,cosmoothed,789848216,767871931,False,0.02147884022794243
edges-corr,90,sfa,cosmoothed,789848216,771160300,False,0.008852320591953285
edges-corr,90,sfa,cosmoothed,789848216,771990200,False,0.011099797728374073
edges-corr,90,sfa,cosmoothed,789848216,774875821,False,0.037422199438973035
edges-corr,90,sfa,cosmoothed,789848216,778240327,False,0.12455408045875707
edges-corr,90,sfa,cosmoothed,789848216,778998620,False,0.003261543861466284
edges-corr,90,sfa,cosmoothed,789848216,779839471,False,0.0481615878437568
edges-corr,90,sfa,cosmoothed,789848216,781842082,False,0.15498736242612893
edges-corr,90,sfa,cosmoothed,789848216,787025148,False,0.01363145407214418
edges-corr,90,sfa,cosmoothed,789848216,789848216,True,0.9578703045771711
edges-corr,90,sfa,cosmoothed,789848216,793224716,False,0.028245252917500224
edges-corr,90,sfa,cosmoothed,789848216,794812542,False,0.09381556113743716
edges-corr,90,sfa,cosmoothed,789848216,816200189,False,0.014316686229874134
edges-corr,90,sfa,cosmoothed,789848216,847657808,False,0.12056987798200411
edges-corr,90,sfa,cosmoothed,793224716,766640955,False,0.001540116067662754
edges-corr,90,sfa,cosmoothed,793224716,767871931,False,0.15133369116210507
edges-corr,90,sfa,cosmoothed,793224716,771160300,False,0.09742425163024186
edges-corr,90,sfa,cosmoothed,793224716,771990200,False,0.010294133935389575
edges-corr,90,sfa,cosmoothed,793224716,774875821,False,0.009664740534874332
edges-corr,90,sfa,cosmoothed,793224716,778240327,False,0.002402471034153761
edges-corr,90,sfa,cosmoothed,793224716,778998620,False,0.0014587529297209647
edges-corr,90,sfa,cosmoothed,793224716,779839471,False,2.787080296349689e-05
edges-corr,90,sfa,cosmoothed,793224716,781842082,False,0.025976755680022272
edges-corr,90,sfa,cosmoothed,793224716,787025148,False,0.0032513077205633305
edges-corr,90,sfa,cosmoothed,793224716,789848216,False,0.04560099181828704
edges-corr,90,sfa,cosmoothed,793224716,793224716,True,0.8955968916183752
edges-corr,90,sfa,cosmoothed,793224716,794812542,False,0.07216024515011762
edges-corr,90,sfa,cosmoothed,793224716,816200189,False,0.0010303400440094211
edges-corr,90,sfa,cosmoothed,793224716,847657808,False,0.1602226046113071
edges-corr,90,sfa,cosmoothed,794812542,766640955,False,0.03351352756739447
edges-corr,90,sfa,cosmoothed,794812542,767871931,False,0.006188150666566121
edges-corr,90,sfa,cosmoothed,794812542,771160300,False,0.01824621651305483
edges-corr,90,sfa,cosmoothed,794812542,771990200,False,0.12267592479886161
edges-corr,90,sfa,cosmoothed,794812542,774875821,False,0.09828744696946419
edges-corr,90,sfa,cosmoothed,794812542,778240327,False,0.01486955729126929
edges-corr,90,sfa,cosmoothed,794812542,778998620,False,0.08536465865018233
edges-corr,90,sfa,cosmoothed,794812542,779839471,False,0.15369734728298165
edges-corr,90,sfa,cosmoothed,794812542,781842082,False,0.005853449282555785
edges-corr,90,sfa,cosmoothed,794812542,787025148,False,0.11919700030290516
edges-corr,90,sfa,cosmoothed,794812542,789848216,False,0.04221739925969584
edges-corr,90,sfa,cosmoothed,794812542,793224716,False,0.036093937796191466
edges-corr,90,sfa,cosmoothed,794812542,794812542,True,0.8213789540064584
edges-corr,90,sfa,cosmoothed,794812542,816200189,False,0.0070137819850032545
edges-corr,90,sfa,cosmoothed,794812542,847657808,False,0.11817196620266199
edges-corr,90,sfa,cosmoothed,816200189,766640955,False,0.08677812211179556
edges-corr,90,sfa,cosmoothed,816200189,767871931,False,0.12378811081067563
edges-corr,90,sfa,cosmoothed,816200189,771160300,False,0.0006091405052863143
edges-corr,90,sfa,cosmoothed,816200189,771990200,False,0.005325631451673879
edges-corr,90,sfa,cosmoothed,816200189,774875821,False,0.041133276088239086
edges-corr,90,sfa,cosmoothed,816200189,778240327,False,0.1399855134140454
edges-corr,90,sfa,cosmoothed,816200189,778998620,False,0.05262481203140385
edges-corr,90,sfa,cosmoothed,816200189,779839471,False,0.0009043821230186846
edges-corr,90,sfa,cosmoothed,816200189,781842082,False,0.11454283412795048
edges-corr,90,sfa,cosmoothed,816200189,787025148,False,0.0693044030251966
edges-corr,90,sfa,cosmoothed,816200189,789848216,False,0.012342061624975574
edges-corr,90,sfa,cosmoothed,816200189,793224716,False,0.03837356885881152
edges-corr,90,sfa,cosmoothed,816200189,794812542,False,0.09802620371135834
edges-corr,90,sfa,cosmoothed,816200189,816200189,True,0.6801524539001752
edges-corr,90,sfa,cosmoothed,816200189,847657808,False,0.05428318292044299
edges-corr,90,sfa,cosmoothed,847657808,766640955,False,0.040128981955339524
edges-corr,90,sfa,cosmoothed,847657808,767871931,False,0.0009353689724483817
edges-corr,90,sfa,cosmoothed,847657808,771160300,False,0.028745230903906863
edges-corr,90,sfa,cosmoothed,847657808,771990200,False,0.04223783352302598
edges-corr,90,sfa,cosmoothed,847657808,774875821,False,0.03584299167857999
edges-corr,90,sfa,cosmoothed,847657808,778240327,False,0.05087564235299414
edges-corr,90,sfa,cosmoothed,847657808,778998620,False,0.051303605461359494
edges-corr,90,sfa,cosmoothed,847657808,779839471,False,0.02120483930515537
edges-corr,90,sfa,cosmoothed,847657808,781842082,False,0.017649257858523042
edges-corr,90,sfa,cosmoothed,847657808,787025148,False,0.23978077810874385
edges-corr,90,sfa,cosmoothed,847657808,789848216,False,0.1790651896294433
edges-corr,90,sfa,cosmoothed,847657808,793224716,False,0.11405837013390024
edges-corr,90,sfa,cosmoothed,847657808,794812542,False,0.22935682723492465
edges-corr,90,sfa,cosmoothed,847657808,816200189,False,0.09644302483971874
edges-corr,90,sfa,cosmoothed,847657808,847657808,True,0.74924773766494
edges-corr,120,sfa,cosmoothed,766640955,766640955,True,0.5094606881803655
edges-corr,120,sfa,cosmoothed,766640955,767871931,False,0.0021591227150260053
edges-corr,120,sfa,cosmoothed,766640955,771160300,False,0.0009288945873840239
edges-corr,120,sfa,cosmoothed,766640955,771990200,False,0.0713011277371182
edges-corr,120,sfa,cosmoothed,766640955,774875821,False,0.023911692274217355
edges-corr,120,sfa,cosmoothed,766640955,778240327,False,0.0017063754819048238
edges-corr,120,sfa,cosmoothed,766640955,778998620,False,0.008667768026238693
edges-corr,120,sfa,cosmoothed,766640955,779839471,False,0.08767531904461447
edges-corr,120,sfa,cosmoothed,766640955,781842082,False,0.07088846124359234
edges-corr,120,sfa,cosmoothed,766640955,787025148,False,0.0004711503993690059
edges-corr,120,sfa,cosmoothed,766640955,789848216,False,1.1293958774539153e-06
edges-corr,120,sfa,cosmoothed,766640955,793224716,False,0.05619017989829679
edges-corr,120,sfa,cosmoothed,766640955,794812542,False,0.03653440474013817
edges-corr,120,sfa,cosmoothed,766640955,816200189,False,0.05478806999893438
edges-corr,120,sfa,cosmoothed,766640955,847657808,False,0.0026474114183432456
edges-corr,120,sfa,cosmoothed,767871931,766640955,False,0.04524242921741593
edges-corr,120,sfa,cosmoothed,767871931,767871931,True,0.820671238617936
edges-corr,120,sfa,cosmoothed,767871931,771160300,False,0.020693155192406956
edges-corr,120,sfa,cosmoothed,767871931,771990200,False,0.24374198195976654
edges-corr,120,sfa,cosmoothed,767871931,774875821,False,0.18189529508038696
edges-corr,120,sfa,cosmoothed,767871931,778240327,False,0.011746422001134708
edges-corr,120,sfa,cosmoothed,767871931,778998620,False,0.42553928714388783
edges-corr,120,sfa,cosmoothed,767871931,779839471,False,0.13917689115679377
edges-corr,120,sfa,cosmoothed,767871931,781842082,False,0.3463812529505269
edges-corr,120,sfa,cosmoothed,767871931,787025148,False,0.07466627138324129
edges-corr,120,sfa,cosmoothed,767871931,789848216,False,0.0009681362108691923
edges-corr,120,sfa,cosmoothed,767871931,793224716,False,0.0566803622777774
edges-corr,120,sfa,cosmoothed,767871931,794812542,False,0.012145023857027155
edges-corr,120,sfa,cosmoothed,767871931,816200189,False,0.09461882776663026
edges-corr,120,sfa,cosmoothed,767871931,847657808,False,0.012269704012245778
edges-corr,120,sfa,cosmoothed,771160300,766640955,False,0.12886497353198065
edges-corr,120,sfa,cosmoothed,771160300,767871931,False,0.10595180071538118
edges-corr,120,sfa,cosmoothed,771160300,771160300,True,0.8868202821840433
edges-corr,120,sfa,cosmoothed,771160300,771990200,False,0.2646567717787842
edges-corr,120,sfa,cosmoothed,771160300,774875821,False,3.9714227058075514e-05
edges-corr,120,sfa,cosmoothed,771160300,778240327,False,0.0345041909222554
edges-corr,120,sfa,cosmoothed,771160300,778998620,False,0.4048794139540741
edges-corr,120,sfa,cosmoothed,771160300,779839471,False,0.4089037942441698
edges-corr,120,sfa,cosmoothed,771160300,781842082,False,0.0019467569937941715
edges-corr,120,sfa,cosmoothed,771160300,787025148,False,0.15750732875156565
edges-corr,120,sfa,cosmoothed,771160300,789848216,False,0.03579672573673211
edges-corr,120,sfa,cosmoothed,771160300,793224716,False,0.14917405969506753
edges-corr,120,sfa,cosmoothed,771160300,794812542,False,0.13791601895770142
edges-corr,120,sfa,cosmoothed,771160300,816200189,False,0.0410586140420823
edges-corr,120,sfa,cosmoothed,771160300,847657808,False,0.22161879369374365
edges-corr,120,sfa,cosmoothed,771990200,766640955,False,0.19663932237506956
edges-corr,120,sfa,cosmoothed,771990200,767871931,False,0.2873354045321896
edges-corr,120,sfa,cosmoothed,771990200,771160300,False,0.2185981075156796
edges-corr,120,sfa,cosmoothed,771990200,771990200,True,0.9280601475403347
edges-corr,120,sfa,cosmoothed,771990200,774875821,False,0.08694111410853785
edges-corr,120,sfa,cosmoothed,771990200,778240327,False,0.10916908418880666
edges-corr,120,sfa,cosmoothed,771990200,778998620,False,0.5866007399096996
edges-corr,120,sfa,cosmoothed,771990200,779839471,False,0.3534563994703018
edges-corr,120,sfa,cosmoothed,771990200,781842082,False,0.05691178620882252
edges-corr,120,sfa,cosmoothed,771990200,787025148,False,0.3264726371167511
edges-corr,120,sfa,cosmoothed,771990200,789848216,False,0.00753572015969179
edges-corr,120,sfa,cosmoothed,771990200,793224716,False,0.03383660141788428
edges-corr,120,sfa,cosmoothed,771990200,794812542,False,0.14463881628924985
edges-corr,120,sfa,cosmoothed,771990200,816200189,False,0.007111932761278487
edges-corr,120,sfa,cosmoothed,771990200,847657808,False,0.019118081148087995
edges-corr,120,sfa,cosmoothed,774875821,766640955,False,0.022404219054738543
edges-corr,120,sfa,cosmoothed,774875821,767871931,False,0.15773082676281827
edges-corr,120,sfa,cosmoothed,774875821,771160300,False,0.03706934625313672
edges-corr,120,sfa,cosmoothed,774875821,771990200,False,0.0616677497975148
edges-corr,120,sfa,cosmoothed,774875821,774875821,True,0.8090235899822741
edges-corr,120,sfa,cosmoothed,774875821,778240327,False,0.04223666980346853
edges-corr,120,sfa,cosmoothed,774875821,778998620,False,0.07950161609865582
edges-corr,120,sfa,cosmoothed,774875821,779839471,False,0.0018755771400121863
edges-corr,120,sfa,cosmoothed,774875821,781842082,False,0.004553756407232107
edges-corr,120,sfa,cosmoothed,774875821,787025148,False,0.011530833720354726
edges-corr,120,sfa,cosmoothed,774875821,789848216,False,0.022749944129384386
edges-corr,120,sfa,cosmoothed,774875821,793224716,False,0.0106775862330857
edges-corr,120,sfa,cosmoothed,774875821,794812542,False,0.04764193692155608
edges-corr,120,sfa,cosmoothed,774875821,816200189,False,0.015219703390359277
edges-corr,120,sfa,cosmoothed,774875821,847657808,False,0.06109771610099178
edges-corr,120,sfa,cosmoothed,778240327,766640955,False,0.006104991036479391
edges-corr,120,sfa,cosmoothed,778240327,767871931,False,5.8198474145327913e-05
edges-corr,120,sfa,cosmoothed,778240327,771160300,False,0.03272604346836275
edges-corr,120,sfa,cosmoothed,778240327,771990200,False,0.08932321657046391
edges-corr,120,sfa,cosmoothed,778240327,774875821,False,0.04572313822830912
edges-corr,120,sfa,cosmoothed,778240327,778240327,True,0.8848614061659151
edges-corr,120,sfa,cosmoothed,778240327,778998620,False,0.011811894247709712
edges-corr,120,sfa,cosmoothed,778240327,779839471,False,0.027192393774877883
edges-corr,120,sfa,cosmoothed,778240327,781842082,False,0.0004105401380356683
edges-corr,120,sfa,cosmoothed,778240327,787025148,False,0.07178741647203853
edges-corr,120,sfa,cosmoothed,778240327,789848216,False,0.06851575087821414
edges-corr,120,sfa,cosmoothed,778240327,793224716,False,0.0008109499399061149
edges-corr,120,sfa,cosmoothed,778240327,794812542,False,0.012062351851321363
edges-corr,120,sfa,cosmoothed,778240327,816200189,False,0.018399821258417343
edges-corr,120,sfa,cosmoothed,778240327,847657808,False,0.01698380382728067
edges-corr,120,sfa,cosmoothed,778998620,766640955,False,0.11479008081130812
edges-corr,120,sfa,cosmoothed,778998620,767871931,False,0.5498265243601521
edges-corr,120,sfa,cosmoothed,778998620,771160300,False,0.27710682472777765
edges-corr,120,sfa,cosmoothed,778998620,771990200,False,0.5917100752485587
edges-corr,120,sfa,cosmoothed,778998620,774875821,False,0.13078059837470465
edges-corr,120,sfa,cosmoothed,778998620,778240327,False,0.006223918843977104
edges-corr,120,sfa,cosmoothed,778998620,778998620,True,0.9359852059794491
edges-corr,120,sfa,cosmoothed,778998620,779839471,False,0.6659076056993668
edges-corr,120,sfa,cosmoothed,778998620,781842082,False,0.03438947907226923
edges-corr,120,sfa,cosmoothed,778998620,787025148,False,0.3857863372717646
edges-corr,120,sfa,cosmoothed,778998620,789848216,False,0.017054100060903663
edges-corr,120,sfa,cosmoothed,778998620,793224716,False,5.107247644089758e-05
edges-corr,120,sfa,cosmoothed,778998620,794812542,False,0.16745807673685262
edges-corr,120,sfa,cosmoothed,778998620,816200189,False,0.06822935215247336
edges-corr,120,sfa,cosmoothed,778998620,847657808,False,0.13801210079958814
edges-corr,120,sfa,cosmoothed,779839471,766640955,False,0.17260665773860462
edges-corr,120,sfa,cosmoothed,779839471,767871931,False,0.30292955380895065
edges-corr,120,sfa,cosmoothed,779839471,771160300,False,0.3047047593770901
edges-corr,120,sfa,cosmoothed,779839471,771990200,False,0.4212430476023371
edges-corr,120,sfa,cosmoothed,779839471,774875821,False,0.10133680420320601
edges-corr,120,sfa,cosmoothed,779839471,778240327,False,0.009467779309528761
edges-corr,120,sfa,cosmoothed,779839471,778998620,False,0.6767678742187401
edges-corr,120,sfa,cosmoothed,779839471,779839471,True,0.8782690820602254
edges-corr,120,sfa,cosmoothed,779839471,781842082,False,0.0028451214782299083
edges-corr,120,sfa,cosmoothed,779839471,787025148,False,0.34014899083396033
edges-corr,120,sfa,cosmoothed,779839471,789848216,False,0.06340089759648324
edges-corr,120,sfa,cosmoothed,779839471,793224716,False,0.009941311402359378
edges-corr,120,sfa,cosmoothed,779839471,794812542,False,0.2032403108145399
edges-corr,120,sfa,cosmoothed,779839471,816200189,False,0.08755816635062201
edges-corr,120,sfa,cosmoothed,779839471,847657808,False,0.10119865590008639
edges-corr,120,sfa,cosmoothed,781842082,766640955,False,0.005374182302664475
edges-corr,120,sfa,cosmoothed,781842082,767871931,False,0.25840740388907935
edges-corr,120,sfa,cosmoothed,781842082,771160300,False,0.006420184284768208
edges-corr,120,sfa,cosmoothed,781842082,771990200,False,0.0443386325743708
edges-corr,120,sfa,cosmoothed,781842082,774875821,False,0.0009554423780014839
edges-corr,120,sfa,cosmoothed,781842082,778240327,False,0.005265921173752686
edges-corr,120,sfa,cosmoothed,781842082,778998620,False,0.054748637407326294
edges-corr,120,sfa,cosmoothed,781842082,779839471,False,0.014280646779587977
edges-corr,120,sfa,cosmoothed,781842082,781842082,True,0.8926860919664683
edges-corr,120,sfa,cosmoothed,781842082,787025148,False,0.017505503631273026
edges-corr,120,sfa,cosmoothed,781842082,789848216,False,0.104312538176565
edges-corr,120,sfa,cosmoothed,781842082,793224716,False,0.024595965955587527
edges-corr,120,sfa,cosmoothed,781842082,794812542,False,0.03365997707787839
edges-corr,120,sfa,cosmoothed,781842082,816200189,False,0.10418418061817103
edges-corr,120,sfa,cosmoothed,781842082,847657808,False,0.0013196220808987607
edges-corr,120,sfa,cosmoothed,787025148,766640955,False,0.010050829394977121
edges-corr,120,sfa,cosmoothed,787025148,767871931,False,0.025907922651532796
edges-corr,120,sfa,cosmoothed,787025148,771160300,False,0.08729922734776355
edges-corr,120,sfa,cosmoothed,787025148,771990200,False,0.20741583366703106
edges-corr,120,sfa,cosmoothed,787025148,774875821,False,0.0009291542291960048
edges-corr,120,sfa,cosmoothed,787025148,778240327,False,0.18796259030400472
edges-corr,120,sfa,cosmoothed,787025148,778998620,False,0.1862186295385734
edges-corr,120,sfa,cosmoothed,787025148,779839471,False,0.21802998158008943
edges-corr,120,sfa,cosmoothed,787025148,781842082,False,0.028490145025963004
edges-corr,120,sfa,cosmoothed,787025148,787025148,True,0.903025992908234
edges-corr,120,sfa,cosmoothed,787025148,789848216,False,0.004612206481044084
edges-corr,120,sfa,cosmoothed,787025148,793224716,False,0.011405142290786532
edges-corr,120,sfa,cosmoothed,787025148,794812542,False,0.08481307543213178
edges-corr,120,sfa,cosmoothed,787025148,816200189,False,0.09851628627166965
edges-corr,120,sfa,cosmoothed,787025148,847657808,False,0.09049689152337721
edges-corr,120,sfa,cosmoothed,789848216,766640955,False,0.053380064365921485
edges-corr,120,sfa,cosmoothed,789848216,767871931,False,0.02354389746421341
edges-corr,120,sfa,cosmoothed,789848216,771160300,False,0.010505842973711373
edges-corr,120,sfa,cosmoothed,789848216,771990200,False,0.008612372981713575
edges-corr,120,sfa,cosmoothed,789848216,774875821,False,0.047008748508035415
edges-corr,120,sfa,cosmoothed,789848216,778240327,False,0.12269260008444209
edges-corr,120,sfa,cosmoothed,789848216,778998620,False,0.0054534930736112545
edges-corr,120,sfa,cosmoothed,789848216,779839471,False,0.0575332453744949
edges-corr,120,sfa,cosmoothed,789848216,781842082,False,0.17215831928626696
edges-corr,120,sfa,cosmoothed,789848216,787025148,False,0.01043197559691214
edges-corr,120,sfa,cosmoothed,789848216,789848216,True,0.9622054072776296
edges-corr,120,sfa,cosmoothed,789848216,793224716,False,0.04395957046664643
edges-corr,120,sfa,cosmoothed,789848216,794812542,False,0.1011424472590929
edges-corr,120,sfa,cosmoothed,789848216,816200189,False,0.005429955728393507
edges-corr,120,sfa,cosmoothed,789848216,847657808,False,0.14323005020248072
edges-corr,120,sfa,cosmoothed,793224716,766640955,False,0.0036391059147343288
edges-corr,120,sfa,cosmoothed,793224716,767871931,False,0.14354061877293142
edges-corr,120,sfa,cosmoothed,793224716,771160300,False,0.14415044145777384
edges-corr,120,sfa,cosmoothed,793224716,771990200,False,0.020751919720298263
edges-corr,120,sfa,cosmoothed,793224716,774875821,False,0.018060610653323872
edges-corr,120,sfa,cosmoothed,793224716,778240327,False,0.00029561081112829005
edges-corr,120,sfa,cosmoothed,793224716,778998620,False,0.0003464802182092259
edges-corr,120,sfa,cosmoothed,793224716,779839471,False,0.00018054536645242177
edges-corr,120,sfa,cosmoothed,793224716,781842082,False,0.02344020847948454
edges-corr,120,sfa,cosmoothed,793224716,787025148,False,0.008723384518834691
edges-corr,120,sfa,cosmoothed,793224716,789848216,False,0.061193099642161845
edges-corr,120,sfa,cosmoothed,793224716,793224716,True,0.888639218901294
edges-corr,120,sfa,cosmoothed,793224716,794812542,False,0.11742299643890969
edges-corr,120,sfa,cosmoothed,793224716,816200189,False,0.0002886457902048924
edges-corr,120,sfa,cosmoothed,793224716,847657808,False,0.1813602758556998
edges-corr,120,sfa,cosmoothed,794812542,766640955,False,0.019286175734230117
edges-corr,120,sfa,cosmoothed,794812542,767871931,False,0.004213078970361626
edges-corr,120,sfa,cosmoothed,794812542,771160300,False,0.037971654786703474
edges-corr,120,sfa,cosmoothed,794812542,771990200,False,0.14712356907938887
edges-corr,120,sfa,cosmoothed,794812542,774875821,False,0.11293759733774483
edges-corr,120,sfa,cosmoothed,794812542,778240327,False,0.00956714884552563
edges-corr,120,sfa,cosmoothed,794812542,778998620,False,0.09483566275501099
edges-corr,120,sfa,cosmoothed,794812542,779839471,False,0.1622053489316515
edges-corr,120,sfa,cosmoothed,794812542,781842082,False,0.003259190829145242
edges-corr,120,sfa,cosmoothed,794812542,787025148,False,0.18508336347463014
edges-corr,120,sfa,cosmoothed,794812542,789848216,False,0.045511504773385565
edges-corr,120,sfa,cosmoothed,794812542,793224716,False,0.054048488621572466
edges-corr,120,sfa,cosmoothed,794812542,794812542,True,0.848804348893817
edges-corr,120,sfa,cosmoothed,794812542,816200189,False,0.012464136229519395
edges-corr,120,sfa,cosmoothed,794812542,847657808,False,0.17540375404528108
edges-corr,120,sfa,cosmoothed,816200189,766640955,False,0.08496233451287424
edges-corr,120,sfa,cosmoothed,816200189,767871931,False,0.1828114826907767
edges-corr,120,sfa,cosmoothed,816200189,771160300,False,0.0017375697427534597
edges-corr,120,sfa,cosmoothed,816200189,771990200,False,0.010178481009360084
edges-corr,120,sfa,cosmoothed,816200189,774875821,False,0.050361789839749024
edges-corr,120,sfa,cosmoothed,816200189,778240327,False,0.15436410320676314
edges-corr,120,sfa,cosmoothed,816200189,778998620,False,0.07562699229478997
edges-corr,120,sfa,cosmoothed,816200189,779839471,False,0.0011903978293597468
edges-corr,120,sfa,cosmoothed,816200189,781842082,False,0.11737968727870653
edges-corr,120,sfa,cosmoothed,816200189,787025148,False,0.08247231690411468
edges-corr,120,sfa,cosmoothed,816200189,789848216,False,0.006755558104276199
edges-corr,120,sfa,cosmoothed,816200189,793224716,False,0.05936971421273166
edges-corr,120,sfa,cosmoothed,816200189,794812542,False,0.12236234860549373
edges-corr,120,sfa,cosmoothed,816200189,816200189,True,0.6745248689359528
edges-corr,120,sfa,cosmoothed,816200189,847657808,False,0.0393351913336754
edges-corr,120,sfa,cosmoothed,847657808,766640955,False,0.04108926946212034
edges-corr,120,sfa,cosmoothed,847657808,767871931,False,3.372399524360702e-05
edges-corr,120,sfa,cosmoothed,847657808,771160300,False,0.048913129801233246
edges-corr,120,sfa,cosmoothed,847657808,771990200,False,0.07090429838800302
edges-corr,120,sfa,cosmoothed,847657808,774875821,False,0.07711039804406555
edges-corr,120,sfa,cosmoothed,847657808,778240327,False,0.07575356497349628
edges-corr,120,sfa,cosmoothed,847657808,778998620,False,0.08256931905580543
edges-corr,120,sfa,cosmoothed,847657808,779839471,False,0.028517231659114198
edges-corr,120,sfa,cosmoothed,847657808,781842082,False,0.0271951392364884
edges-corr,120,sfa,cosmoothed,847657808,787025148,False,0.3065194717039123
edges-corr,120,sfa,cosmoothed,847657808,789848216,False,0.20013482934722138
edges-corr,120,sfa,cosmoothed,847657808,793224716,False,0.127290899325847
edges-corr,120,sfa,cosmoothed,847657808,794812542,False,0.3134949708064882
edges-corr,120,sfa,cosmoothed,847657808,816200189,False,0.09797712359060762
edges-corr,120,sfa,cosmoothed,847657808,847657808,True,0.7626519905530827
edges-corr,180,sfa,cosmoothed,766640955,766640955,True,0.47653838046797825
edges-corr,180,sfa,cosmoothed,766640955,767871931,False,0.0007739752673806241
edges-corr,180,sfa,cosmoothed,766640955,771160300,False,0.0010540955459998741
edges-corr,180,sfa,cosmoothed,766640955,771990200,False,0.06543657282507612
edges-corr,180,sfa,cosmoothed,766640955,774875821,False,0.114653527798557
edges-corr,180,sfa,cosmoothed,766640955,778240327,False,0.012813812732890858
edges-corr,180,sfa,cosmoothed,766640955,778998620,False,0.021426067897568263
edges-corr,180,sfa,cosmoothed,766640955,779839471,False,0.09470845100535169
edges-corr,180,sfa,cosmoothed,766640955,781842082,False,0.1307077968932119
edges-corr,180,sfa,cosmoothed,766640955,787025148,False,0.0002991880392589621
edges-corr,180,sfa,cosmoothed,766640955,789848216,False,1.5989762307428697e-05
edges-corr,180,sfa,cosmoothed,766640955,793224716,False,0.04474900282917829
edges-corr,180,sfa,cosmoothed,766640955,794812542,False,0.03561044420872997
edges-corr,180,sfa,cosmoothed,766640955,816200189,False,0.07387057596100327
edges-corr,180,sfa,cosmoothed,766640955,847657808,False,0.003691829599030062
edges-corr,180,sfa,cosmoothed,767871931,766640955,False,0.062414213076156376
edges-corr,180,sfa,cosmoothed,767871931,767871931,True,0.8471646687022696
edges-corr,180,sfa,cosmoothed,767871931,771160300,False,0.07547325005029101
edges-corr,180,sfa,cosmoothed,767871931,771990200,False,0.31619689607721146
edges-corr,180,sfa,cosmoothed,767871931,774875821,False,0.22784806547551753
edges-corr,180,sfa,cosmoothed,767871931,778240327,False,0.0026573416875434433
edges-corr,180,sfa,cosmoothed,767871931,778998620,False,0.49173166567744814
edges-corr,180,sfa,cosmoothed,767871931,779839471,False,0.19555159241128128
edges-corr,180,sfa,cosmoothed,767871931,781842082,False,0.4364363129980707
edges-corr,180,sfa,cosmoothed,767871931,787025148,False,0.10250256659877383
edges-corr,180,sfa,cosmoothed,767871931,789848216,False,0.0009143857062714588
edges-corr,180,sfa,cosmoothed,767871931,793224716,False,0.042656667325421345
edges-corr,180,sfa,cosmoothed,767871931,794812542,False,0.0037835919427652064
edges-corr,180,sfa,cosmoothed,767871931,816200189,False,0.23725620118177318
edges-corr,180,sfa,cosmoothed,767871931,847657808,False,0.03589634558637718
edges-corr,180,sfa,cosmoothed,771160300,766640955,False,0.2002832223719289
edges-corr,180,sfa,cosmoothed,771160300,767871931,False,0.199812675519513
edges-corr,180,sfa,cosmoothed,771160300,771160300,True,0.8971624527652539
edges-corr,180,sfa,cosmoothed,771160300,771990200,False,0.4523138508105985
edges-corr,180,sfa,cosmoothed,771160300,774875821,False,0.0027421081271299377
edges-corr,180,sfa,cosmoothed,771160300,778240327,False,0.008423639774326126
edges-corr,180,sfa,cosmoothed,771160300,778998620,False,0.5601386586606102
edges-corr,180,sfa,cosmoothed,771160300,779839471,False,0.5120196946819981
edges-corr,180,sfa,cosmoothed,771160300,781842082,False,0.006420836842532632
edges-corr,180,sfa,cosmoothed,771160300,787025148,False,0.28332676786591904
edges-corr,180,sfa,cosmoothed,771160300,789848216,False,0.04849712544968284
edges-corr,180,sfa,cosmoothed,771160300,793224716,False,0.1662533991068461
edges-corr,180,sfa,cosmoothed,771160300,794812542,False,0.26200465096964526
edges-corr,180,sfa,cosmoothed,771160300,816200189,False,0.08447231204700043
edges-corr,180,sfa,cosmoothed,771160300,847657808,False,0.2838650574259408
edges-corr,180,sfa,cosmoothed,771990200,766640955,False,0.2809790101766136
edges-corr,180,sfa,cosmoothed,771990200,767871931,False,0.33984899142336394
edges-corr,180,sfa,cosmoothed,771990200,771160300,False,0.38923284572259237
edges-corr,180,sfa,cosmoothed,771990200,771990200,True,0.965591347803163
edges-corr,180,sfa,cosmoothed,771990200,774875821,False,0.16341888449528033
edges-corr,180,sfa,cosmoothed,771990200,778240327,False,0.12212753301111498
edges-corr,180,sfa,cosmoothed,771990200,778998620,False,0.7213802763996272
edges-corr,180,sfa,cosmoothed,771990200,779839471,False,0.4708638111673342
edges-corr,180,sfa,cosmoothed,771990200,781842082,False,0.05075907168942222
edges-corr,180,sfa,cosmoothed,771990200,787025148,False,0.374160206469742
edges-corr,180,sfa,cosmoothed,771990200,789848216,False,0.0008889470098413326
edges-corr,180,sfa,cosmoothed,771990200,793224716,False,0.09457547175221141
edges-corr,180,sfa,cosmoothed,771990200,794812542,False,0.22394492420570086
edges-corr,180,sfa,cosmoothed,771990200,816200189,False,0.033260369787191414
edges-corr,180,sfa,cosmoothed,771990200,847657808,False,0.09271967867618912
edges-corr,180,sfa,cosmoothed,774875821,766640955,False,0.060858439355188504
edges-corr,180,sfa,cosmoothed,774875821,767871931,False,0.15797201997885804
edges-corr,180,sfa,cosmoothed,774875821,771160300,False,0.03756780928440905
edges-corr,180,sfa,cosmoothed,774875821,771990200,False,0.08910180733615959
edges-corr,180,sfa,cosmoothed,774875821,774875821,True,0.8092169811502549
edges-corr,180,sfa,cosmoothed,774875821,778240327,False,0.033588802338415095
edges-corr,180,sfa,cosmoothed,774875821,778998620,False,0.08654710403384878
edges-corr,180,sfa,cosmoothed,774875821,779839471,False,0.006383967977468198
edges-corr,180,sfa,cosmoothed,774875821,781842082,False,0.02462717499350019
edges-corr,180,sfa,cosmoothed,774875821,787025148,False,0.012642437692439537
edges-corr,180,sfa,cosmoothed,774875821,789848216,False,0.02131257781802263
edges-corr,180,sfa,cosmoothed,774875821,793224716,False,0.027658760023249254
edges-corr,180,sfa,cosmoothed,774875821,794812542,False,0.07474075199827322
edges-corr,180,sfa,cosmoothed,774875821,816200189,False,0.011920068446643515
edges-corr,180,sfa,cosmoothed,774875821,847657808,False,0.1402794599769345
edges-corr,180,sfa,cosmoothed,778240327,766640955,False,0.00157550592737739
edges-corr,180,sfa,cosmoothed,778240327,767871931,False,0.0038371329309427583
edges-corr,180,sfa,cosmoothed,778240327,771160300,False,0.017923802793633512
edges-corr,180,sfa,cosmoothed,778240327,771990200,False,0.10785867487458381
edges-corr,180,sfa,cosmoothed,778240327,774875821,False,0.0394671386100308
edges-corr,180,sfa,cosmoothed,778240327,778240327,True,0.8739342187661137
edges-corr,180,sfa,cosmoothed,778240327,778998620,False,0.009652840906144343
edges-corr,180,sfa,cosmoothed,778240327,779839471,False,0.021996841581728613
edges-corr,180,sfa,cosmoothed,778240327,781842082,False,0.0024189175591761585
edges-corr,180,sfa,cosmoothed,778240327,787025148,False,0.05861199248531149
edges-corr,180,sfa,cosmoothed,778240327,789848216,False,0.056669401491348
edges-corr,180,sfa,cosmoothed,778240327,793224716,False,0.003979503581914262
edges-corr,180,sfa,cosmoothed,778240327,794812542,False,0.0001743512853520133
edges-corr,180,sfa,cosmoothed,778240327,816200189,False,0.009852339992264888
edges-corr,180,sfa,cosmoothed,778240327,847657808,False,0.0267168083436259
edges-corr,180,sfa,cosmoothed,778998620,766640955,False,0.18023583913390456
edges-corr,180,sfa,cosmoothed,778998620,767871931,False,0.6399752054305267
edges-corr,180,sfa,cosmoothed,778998620,771160300,False,0.3635230653136206
edges-corr,180,sfa,cosmoothed,778998620,771990200,False,0.7113002631208202
edges-corr,180,sfa,cosmoothed,778998620,774875821,False,0.20663218561680782
edges-corr,180,sfa,cosmoothed,778998620,778240327,False,0.0070123928236978305
edges-corr,180,sfa,cosmoothed,778998620,778998620,True,0.9438702339992054
edges-corr,180,sfa,cosmoothed,778998620,779839471,False,0.7340336070257106
edges-corr,180,sfa,cosmoothed,778998620,781842082,False,0.04412299621798178
edges-corr,180,sfa,cosmoothed,778998620,787025148,False,0.47617843949194216
edges-corr,180,sfa,cosmoothed,778998620,789848216,False,0.02821562795794142
edges-corr,180,sfa,cosmoothed,778998620,793224716,False,0.0008967708779282312
edges-corr,180,sfa,cosmoothed,778998620,794812542,False,0.2075550257871381
edges-corr,180,sfa,cosmoothed,778998620,816200189,False,0.11605614256093283
edges-corr,180,sfa,cosmoothed,778998620,847657808,False,0.1882051059245601
edges-corr,180,sfa,cosmoothed,779839471,766640955,False,0.2872559185957048
edges-corr,180,sfa,cosmoothed,779839471,767871931,False,0.4377029079684323
edges-corr,180,sfa,cosmoothed,779839471,771160300,False,0.43265201418094884
edges-corr,180,sfa,cosmoothed,779839471,771990200,False,0.5648806972389684
edges-corr,180,sfa,cosmoothed,779839471,774875821,False,0.16192864993976214
edges-corr,180,sfa,cosmoothed,779839471,778240327,False,0.00646454931291551
edges-corr,180,sfa,cosmoothed,779839471,778998620,False,0.7469729061168348
edges-corr,180,sfa,cosmoothed,779839471,779839471,True,0.9271239580795332
edges-corr,180,sfa,cosmoothed,779839471,781842082,False,0.007520982611385334
edges-corr,180,sfa,cosmoothed,779839471,787025148,False,0.4330503185962321
edges-corr,180,sfa,cosmoothed,779839471,789848216,False,0.11246336910235696
edges-corr,180,sfa,cosmoothed,779839471,793224716,False,0.01325068343324655
edges-corr,180,sfa,cosmoothed,779839471,794812542,False,0.20843457784058586
edges-corr,180,sfa,cosmoothed,779839471,816200189,False,0.08603191590143631
edges-corr,180,sfa,cosmoothed,779839471,847657808,False,0.11357319283167634
edges-corr,180,sfa,cosmoothed,781842082,766640955,False,0.0045577371274709184
edges-corr,180,sfa,cosmoothed,781842082,767871931,False,0.28085424805459636
edges-corr,180,sfa,cosmoothed,781842082,771160300,False,0.0022715466009629696
edges-corr,180,sfa,cosmoothed,781842082,771990200,False,0.05427799290831859
edges-corr,180,sfa,cosmoothed,781842082,774875821,False,0.009472985104681053
edges-corr,180,sfa,cosmoothed,781842082,778240327,False,0.0069231872910738845
edges-corr,180,sfa,cosmoothed,781842082,778998620,False,0.07667701785562776
edges-corr,180,sfa,cosmoothed,781842082,779839471,False,0.014844640169278273
edges-corr,180,sfa,cosmoothed,781842082,781842082,True,0.8990089757352949
edges-corr,180,sfa,cosmoothed,781842082,787025148,False,0.026747790378634815
edges-corr,180,sfa,cosmoothed,781842082,789848216,False,0.10285037664634118
edges-corr,180,sfa,cosmoothed,781842082,793224716,False,0.015278595879919626
edges-corr,180,sfa,cosmoothed,781842082,794812542,False,0.042699058696117724
edges-corr,180,sfa,cosmoothed,781842082,816200189,False,0.114850411509464
edges-corr,180,sfa,cosmoothed,781842082,847657808,False,0.004568217934141721
edges-corr,180,sfa,cosmoothed,787025148,766640955,False,0.0020328174267406863
edges-corr,180,sfa,cosmoothed,787025148,767871931,False,0.04236189148822537
edges-corr,180,sfa,cosmoothed,787025148,771160300,False,0.19165437139810396
edges-corr,180,sfa,cosmoothed,787025148,771990200,False,0.26590990248291313
edges-corr,180,sfa,cosmoothed,787025148,774875821,False,0.0031414084600577064
edges-corr,180,sfa,cosmoothed,787025148,778240327,False,0.22914934303968254
edges-corr,180,sfa,cosmoothed,787025148,778998620,False,0.24484594108545552
edges-corr,180,sfa,cosmoothed,787025148,779839471,False,0.2940895079286739
edges-corr,180,sfa,cosmoothed,787025148,781842082,False,0.06448953068756622
edges-corr,180,sfa,cosmoothed,787025148,787025148,True,0.9192227294361762
edges-corr,180,sfa,cosmoothed,787025148,789848216,False,0.023720233098206044
edges-corr,180,sfa,cosmoothed,787025148,793224716,False,0.023151173283296078
edges-corr,180,sfa,cosmoothed,787025148,794812542,False,0.1789435651715984
edges-corr,180,sfa,cosmoothed,787025148,816200189,False,0.15132560676169768
edges-corr,180,sfa,cosmoothed,787025148,847657808,False,0.15799850243940872
edges-corr,180,sfa,cosmoothed,789848216,766640955,False,0.060567411064948236
edges-corr,180,sfa,cosmoothed,789848216,767871931,False,0.04434969101822484
edges-corr,180,sfa,cosmoothed,789848216,771160300,False,0.02218455791863594
edges-corr,180,sfa,cosmoothed,789848216,771990200,False,2.7046363015824374e-06
edges-corr,180,sfa,cosmoothed,789848216,774875821,False,0.12177421702742228
edges-corr,180,sfa,cosmoothed,789848216,778240327,False,0.10111440921672872
edges-corr,180,sfa,cosmoothed,789848216,778998620,False,0.023430543522692436
edges-corr,180,sfa,cosmoothed,789848216,779839471,False,0.09229299162098976
edges-corr,180,sfa,cosmoothed,789848216,781842082,False,0.17514081161534964
edges-corr,180,sfa,cosmoothed,789848216,787025148,False,0.0003127379267455159
edges-corr,180,sfa,cosmoothed,789848216,789848216,True,0.9655672412032389
edges-corr,180,sfa,cosmoothed,789848216,793224716,False,0.0637576067401811
edges-corr,180,sfa,cosmoothed,789848216,794812542,False,0.10010539578045108
edges-corr,180,sfa,cosmoothed,789848216,816200189,False,0.016749172414333255
edges-corr,180,sfa,cosmoothed,789848216,847657808,False,0.1588284425957965
edges-corr,180,sfa,cosmoothed,793224716,766640955,False,0.025967763370228405
edges-corr,180,sfa,cosmoothed,793224716,767871931,False,0.10602910257169877
edges-corr,180,sfa,cosmoothed,793224716,771160300,False,0.276445838455001
edges-corr,180,sfa,cosmoothed,793224716,771990200,False,0.07295765022734096
edges-corr,180,sfa,cosmoothed,793224716,774875821,False,0.037210158916517515
edges-corr,180,sfa,cosmoothed,793224716,778240327,False,0.0036064921666029348
edges-corr,180,sfa,cosmoothed,793224716,778998620,False,0.004499380894185762
edges-corr,180,sfa,cosmoothed,793224716,779839471,False,0.00529306982541838
edges-corr,180,sfa,cosmoothed,793224716,781842082,False,0.010849481042909632
edges-corr,180,sfa,cosmoothed,793224716,787025148,False,0.02911015021253302
edges-corr,180,sfa,cosmoothed,793224716,789848216,False,0.04198895608871439
edges-corr,180,sfa,cosmoothed,793224716,793224716,True,0.8890771106200019
edges-corr,180,sfa,cosmoothed,793224716,794812542,False,0.17324030314322475
edges-corr,180,sfa,cosmoothed,793224716,816200189,False,6.38626132652471e-05
edges-corr,180,sfa,cosmoothed,793224716,847657808,False,0.10577626444014818
edges-corr,180,sfa,cosmoothed,794812542,766640955,False,0.011778186616173773
edges-corr,180,sfa,cosmoothed,794812542,767871931,False,0.00023351923802383966
edges-corr,180,sfa,cosmoothed,794812542,771160300,False,0.1249124861986302
edges-corr,180,sfa,cosmoothed,794812542,771990200,False,0.18118030911307506
edges-corr,180,sfa,cosmoothed,794812542,774875821,False,0.11556049895523522
edges-corr,180,sfa,cosmoothed,794812542,778240327,False,0.0007443092079524102
edges-corr,180,sfa,cosmoothed,794812542,778998620,False,0.13664048787570837
edges-corr,180,sfa,cosmoothed,794812542,779839471,False,0.19956614154382174
edges-corr,180,sfa,cosmoothed,794812542,781842082,False,0.0040530391212352575
edges-corr,180,sfa,cosmoothed,794812542,787025148,False,0.336529941699297
edges-corr,180,sfa,cosmoothed,794812542,789848216,False,0.030715249465924212
edges-corr,180,sfa,cosmoothed,794812542,793224716,False,0.09715732493782711
edges-corr,180,sfa,cosmoothed,794812542,794812542,True,0.8451205773362104
edges-corr,180,sfa,cosmoothed,794812542,816200189,False,0.0035951391996713964
edges-corr,180,sfa,cosmoothed,794812542,847657808,False,0.3229553353255153
edges-corr,180,sfa,cosmoothed,816200189,766640955,False,0.05828035419868015
edges-corr,180,sfa,cosmoothed,816200189,767871931,False,0.27215859283461213
edges-corr,180,sfa,cosmoothed,816200189,771160300,False,0.0034717863173694984
edges-corr,180,sfa,cosmoothed,816200189,771990200,False,0.024054310887419383
edges-corr,180,sfa,cosmoothed,816200189,774875821,False,0.10073250708515824
edges-corr,180,sfa,cosmoothed,816200189,778240327,False,0.13231073078452618
edges-corr,180,sfa,cosmoothed,816200189,778998620,False,0.09099679945248906
edges-corr,180,sfa,cosmoothed,816200189,779839471,False,0.0001546518318880496
edges-corr,180,sfa,cosmoothed,816200189,781842082,False,0.14543265955030715
edges-corr,180,sfa,cosmoothed,816200189,787025148,False,0.09579831619934062
edges-corr,180,sfa,cosmoothed,816200189,789848216,False,0.0061301051587507125
edges-corr,180,sfa,cosmoothed,816200189,793224716,False,0.09228372218404347
edges-corr,180,sfa,cosmoothed,816200189,794812542,False,0.13944980777141947
edges-corr,180,sfa,cosmoothed,816200189,816200189,True,0.743157242209629
edges-corr,180,sfa,cosmoothed,816200189,847657808,False,0.01922247619270273
edges-corr,180,sfa,cosmoothed,847657808,766640955,False,0.02923179520438228
edges-corr,180,sfa,cosmoothed,847657808,767871931,False,0.003942234018453111
edges-corr,180,sfa,cosmoothed,847657808,771160300,False,0.12068328285168166
edges-corr,180,sfa,cosmoothed,847657808,771990200,False,0.12707418193127212
edges-corr,180,sfa,cosmoothed,847657808,774875821,False,0.15565995240833874
edges-corr,180,sfa,cosmoothed,847657808,778240327,False,0.12511720131589177
edges-corr,180,sfa,cosmoothed,847657808,778998620,False,0.11930912902547453
edges-corr,180,sfa,cosmoothed,847657808,779839471,False,0.051789336341436426
edges-corr,180,sfa,cosmoothed,847657808,781842082,False,0.038198135447765354
edges-corr,180,sfa,cosmoothed,847657808,787025148,False,0.3923164946220799
edges-corr,180,sfa,cosmoothed,847657808,789848216,False,0.18995407236065173
edges-corr,180,sfa,cosmoothed,847657808,793224716,False,0.09932525011096227
edges-corr,180,sfa,cosmoothed,847657808,794812542,False,0.4398144953273894
edges-corr,180,sfa,cosmoothed,847657808,816200189,False,0.08353953151896337
edges-corr,180,sfa,cosmoothed,847657808,847657808,True,0.8062317578410904
edges-corr,240,sfa,cosmoothed,766640955,766640955,True,0.4870659420539407
edges-corr,240,sfa,cosmoothed,766640955,767871931,False,1.6576141769891555e-06
edges-corr,240,sfa,cosmoothed,766640955,771160300,False,0.00024112884185888248
edges-corr,240,sfa,cosmoothed,766640955,771990200,False,0.06669810073169426
edges-corr,240,sfa,cosmoothed,766640955,774875821,False,0.20540405382743196
edges-corr,240,sfa,cosmoothed,766640955,778240327,False,0.010021466129835286
edges-corr,240,sfa,cosmoothed,766640955,778998620,False,0.028739419833701322
edges-corr,240,sfa,cosmoothed,766640955,779839471,False,0.09366329622363094
edges-corr,240,sfa,cosmoothed,766640955,781842082,False,0.17825654670686938
edges-corr,240,sfa,cosmoothed,766640955,787025148,False,0.006400006453431404
edges-corr,240,sfa,cosmoothed,766640955,789848216,False,0.012506856938164616
edges-corr,240,sfa,cosmoothed,766640955,793224716,False,0.010393642347881867
edges-corr,240,sfa,cosmoothed,766640955,794812542,False,0.014941466967754193
edges-corr,240,sfa,cosmoothed,766640955,816200189,False,0.12571859024656062
edges-corr,240,sfa,cosmoothed,766640955,847657808,False,0.02858557357251866
edges-corr,240,sfa,cosmoothed,767871931,766640955,False,0.0852313967020628
edges-corr,240,sfa,cosmoothed,767871931,767871931,True,0.8498176316264315
edges-corr,240,sfa,cosmoothed,767871931,771160300,False,0.1537417735676306
edges-corr,240,sfa,cosmoothed,767871931,771990200,False,0.383623147786886
edges-corr,240,sfa,cosmoothed,767871931,774875821,False,0.2706618355841053
edges-corr,240,sfa,cosmoothed,767871931,778240327,False,5.366922025512713e-05
edges-corr,240,sfa,cosmoothed,767871931,778998620,False,0.5483689416829204
edges-corr,240,sfa,cosmoothed,767871931,779839471,False,0.23474080082568227
edges-corr,240,sfa,cosmoothed,767871931,781842082,False,0.4594293026133993
edges-corr,240,sfa,cosmoothed,767871931,787025148,False,0.14157924115944423
edges-corr,240,sfa,cosmoothed,767871931,789848216,False,0.0023729684763210968
edges-corr,240,sfa,cosmoothed,767871931,793224716,False,0.013194141383105791
edges-corr,240,sfa,cosmoothed,767871931,794812542,False,0.0017950221637751652
edges-corr,240,sfa,cosmoothed,767871931,816200189,False,0.2821401371596913
edges-corr,240,sfa,cosmoothed,767871931,847657808,False,0.05431755059913963
edges-corr,240,sfa,cosmoothed,771160300,766640955,False,0.22442145187061385
edges-corr,240,sfa,cosmoothed,771160300,767871931,False,0.29458565513399504
edges-corr,240,sfa,cosmoothed,771160300,771160300,True,0.9253841956629311
edges-corr,240,sfa,cosmoothed,771160300,771990200,False,0.670972151393014
edges-corr,240,sfa,cosmoothed,771160300,774875821,False,0.02151305044870417
edges-corr,240,sfa,cosmoothed,771160300,778240327,False,0.0002546049000084089
edges-corr,240,sfa,cosmoothed,771160300,778998620,False,0.6711817940633577
edges-corr,240,sfa,cosmoothed,771160300,779839471,False,0.5761815695758584
edges-corr,240,sfa,cosmoothed,771160300,781842082,False,0.02495333288758171
edges-corr,240,sfa,cosmoothed,771160300,787025148,False,0.4396774522801439
edges-corr,240,sfa,cosmoothed,771160300,789848216,False,0.05908232488496902
edges-corr,240,sfa,cosmoothed,771160300,793224716,False,0.21599250114633112
edges-corr,240,sfa,cosmoothed,771160300,794812542,False,0.34611352658259453
edges-corr,240,sfa,cosmoothed,771160300,816200189,False,0.14015786258100335
edges-corr,240,sfa,cosmoothed,771160300,847657808,False,0.3249550487565209
edges-corr,240,sfa,cosmoothed,771990200,766640955,False,0.3587888614953683
edges-corr,240,sfa,cosmoothed,771990200,767871931,False,0.42841147837202415
edges-corr,240,sfa,cosmoothed,771990200,771160300,False,0.6033964993472085
edges-corr,240,sfa,cosmoothed,771990200,771990200,True,0.97842063941411
edges-corr,240,sfa,cosmoothed,771990200,774875821,False,0.22069770513499576
edges-corr,240,sfa,cosmoothed,771990200,778240327,False,0.0964531773847877
edges-corr,240,sfa,cosmoothed,771990200,778998620,False,0.831190663052031
edges-corr,240,sfa,cosmoothed,771990200,779839471,False,0.5583107492963306
edges-corr,240,sfa,cosmoothed,771990200,781842082,False,0.06778590992244028
edges-corr,240,sfa,cosmoothed,771990200,787025148,False,0.4373747401595419
edges-corr,240,sfa,cosmoothed,771990200,789848216,False,0.005479192879399055
edges-corr,240,sfa,cosmoothed,771990200,793224716,False,0.1648615365712034
edges-corr,240,sfa,cosmoothed,771990200,794812542,False,0.3082572756586758
edges-corr,240,sfa,cosmoothed,771990200,816200189,False,0.0767200268253876
edges-corr,240,sfa,cosmoothed,771990200,847657808,False,0.1816718502108538
edges-corr,240,sfa,cosmoothed,774875821,766640955,False,0.11150478160469186
edges-corr,240,sfa,cosmoothed,774875821,767871931,False,0.1869589277845544
edges-corr,240,sfa,cosmoothed,774875821,771160300,False,0.024929653538052765
edges-corr,240,sfa,cosmoothed,774875821,771990200,False,0.11504811913108627
edges-corr,240,sfa,cosmoothed,774875821,774875821,True,0.7799187288954883
edges-corr,240,sfa,cosmoothed,774875821,778240327,False,0.011366886085648488
edges-corr,240,sfa,cosmoothed,774875821,778998620,False,0.11795005159715322
edges-corr,240,sfa,cosmoothed,774875821,779839471,False,0.012668404072729143
edges-corr,240,sfa,cosmoothed,774875821,781842082,False,0.06661400706732895
edges-corr,240,sfa,cosmoothed,774875821,787025148,False,0.01523022956393857
edges-corr,240,sfa,cosmoothed,774875821,789848216,False,0.011183955519449302
edges-corr,240,sfa,cosmoothed,774875821,793224716,False,0.039166429107484836
edges-corr,240,sfa,cosmoothed,774875821,794812542,False,0.054847004879192925
edges-corr,240,sfa,cosmoothed,774875821,816200189,False,0.007875976415948067
edges-corr,240,sfa,cosmoothed,774875821,847657808,False,0.17473800919975632
edges-corr,240,sfa,cosmoothed,778240327,766640955,False,2.3351920356964997e-05
edges-corr,240,sfa,cosmoothed,778240327,767871931,False,0.01658727832143523
edges-corr,240,sfa,cosmoothed,778240327,771160300,False,0.012626707124700815
edges-corr,240,sfa,cosmoothed,778240327,771990200,False,0.07454307097613777
edges-corr,240,sfa,cosmoothed,778240327,774875821,False,0.015436819160939861
edges-corr,240,sfa,cosmoothed,778240327,778240327,True,0.8444959619383101
edges-corr,240,sfa,cosmoothed,778240327,778998620,False,0.009065471515909957
edges-corr,240,sfa,cosmoothed,778240327,779839471,False,0.018709480164993356
edges-corr,240,sfa,cosmoothed,778240327,781842082,False,0.003578919168123074
edges-corr,240,sfa,cosmoothed,778240327,787025148,False,0.03156790181570486
edges-corr,240,sfa,cosmoothed,778240327,789848216,False,0.031040246323738224
edges-corr,240,sfa,cosmoothed,778240327,793224716,False,0.005507457279133535
edges-corr,240,sfa,cosmoothed,778240327,794812542,False,0.015230566635264826
edges-corr,240,sfa,cosmoothed,778240327,816200189,False,0.0028108494110387684
edges-corr,240,sfa,cosmoothed,778240327,847657808,False,0.03764037019767182
edges-corr,240,sfa,cosmoothed,778998620,766640955,False,0.26910111418431737
edges-corr,240,sfa,cosmoothed,778998620,767871931,False,0.7012365077563404
edges-corr,240,sfa,cosmoothed,778998620,771160300,False,0.48370274428939913
edges-corr,240,sfa,cosmoothed,778998620,771990200,False,0.772545082760465
edges-corr,240,sfa,cosmoothed,778998620,774875821,False,0.2715670634868415
edges-corr,240,sfa,cosmoothed,778998620,778240327,False,0.011121082450783372
edges-corr,240,sfa,cosmoothed,778998620,778998620,True,0.944077692603918
edges-corr,240,sfa,cosmoothed,778998620,779839471,False,0.7733012280658992
edges-corr,240,sfa,cosmoothed,778998620,781842082,False,0.049736371646217366
edges-corr,240,sfa,cosmoothed,778998620,787025148,False,0.5360628216489228
edges-corr,240,sfa,cosmoothed,778998620,789848216,False,0.06292756026288622
edges-corr,240,sfa,cosmoothed,778998620,793224716,False,0.005234613009859464
edges-corr,240,sfa,cosmoothed,778998620,794812542,False,0.26625891960631126
edges-corr,240,sfa,cosmoothed,778998620,816200189,False,0.14284121447859324
edges-corr,240,sfa,cosmoothed,778998620,847657808,False,0.20666553011137526
edges-corr,240,sfa,cosmoothed,779839471,766640955,False,0.43173705620219915
edges-corr,240,sfa,cosmoothed,779839471,767871931,False,0.520880785039666
edges-corr,240,sfa,cosmoothed,779839471,771160300,False,0.5683858395285045
edges-corr,240,sfa,cosmoothed,779839471,771990200,False,0.626488931709025
edges-corr,240,sfa,cosmoothed,779839471,774875821,False,0.2564892556764763
edges-corr,240,sfa,cosmoothed,779839471,778240327,False,0.001789528717960495
edges-corr,240,sfa,cosmoothed,779839471,778998620,False,0.7559029700820495
edges-corr,240,sfa,cosmoothed,779839471,779839471,True,0.951129217475088
edges-corr,240,sfa,cosmoothed,779839471,781842082,False,0.005346277257846814
edges-corr,240,sfa,cosmoothed,779839471,787025148,False,0.4921162681701735
edges-corr,240,sfa,cosmoothed,779839471,789848216,False,0.20234384993476243
edges-corr,240,sfa,cosmoothed,779839471,793224716,False,0.019653640623911502
edges-corr,240,sfa,cosmoothed,779839471,794812542,False,0.22106637700740134
edges-corr,240,sfa,cosmoothed,779839471,816200189,False,0.10709070655384863
edges-corr,240,sfa,cosmoothed,779839471,847657808,False,0.1174659498593759
edges-corr,240,sfa,cosmoothed,781842082,766640955,False,0.0015305003414350967
edges-corr,240,sfa,cosmoothed,781842082,767871931,False,0.27674206643733523
edges-corr,240,sfa,cosmoothed,781842082,771160300,False,0.00039964197438357513
edges-corr,240,sfa,cosmoothed,781842082,771990200,False,0.06365132290277273
edges-corr,240,sfa,cosmoothed,781842082,774875821,False,0.024510950557318383
edges-corr,240,sfa,cosmoothed,781842082,778240327,False,0.008527883170283445
edges-corr,240,sfa,cosmoothed,781842082,778998620,False,0.08854447023683713
edges-corr,240,sfa,cosmoothed,781842082,779839471,False,0.012843180640306005
edges-corr,240,sfa,cosmoothed,781842082,781842082,True,0.9105529097449733
edges-corr,240,sfa,cosmoothed,781842082,787025148,False,0.021282652125559062
edges-corr,240,sfa,cosmoothed,781842082,789848216,False,0.12695478075183203
edges-corr,240,sfa,cosmoothed,781842082,793224716,False,0.0025606916609824787
edges-corr,240,sfa,cosmoothed,781842082,794812542,False,0.03732499805652383
edges-corr,240,sfa,cosmoothed,781842082,816200189,False,0.11888076302288195
edges-corr,240,sfa,cosmoothed,781842082,847657808,False,0.005310137672846576
edges-corr,240,sfa,cosmoothed,787025148,766640955,False,0.003642386085679485
edges-corr,240,sfa,cosmoothed,787025148,767871931,False,0.08000286088939769
edges-corr,240,sfa,cosmoothed,787025148,771160300,False,0.35325825602151006
edges-corr,240,sfa,cosmoothed,787025148,771990200,False,0.30683114944304096
edges-corr,240,sfa,cosmoothed,787025148,774875821,False,0.014987843563031693
edges-corr,240,sfa,cosmoothed,787025148,778240327,False,0.2484776164443559
edges-corr,240,sfa,cosmoothed,787025148,778998620,False,0.29428923051699585
edges-corr,240,sfa,cosmoothed,787025148,779839471,False,0.3876486265318941
edges-corr,240,sfa,cosmoothed,787025148,781842082,False,0.06138492595760339
edges-corr,240,sfa,cosmoothed,787025148,787025148,True,0.9290917039924222
edges-corr,240,sfa,cosmoothed,787025148,789848216,False,0.07545917821608294
edges-corr,240,sfa,cosmoothed,787025148,793224716,False,0.04565531869035006
edges-corr,240,sfa,cosmoothed,787025148,794812542,False,0.2929551948142407
edges-corr,240,sfa,cosmoothed,787025148,816200189,False,0.21766724326511422
edges-corr,240,sfa,cosmoothed,787025148,847657808,False,0.28066007574768653
edges-corr,240,sfa,cosmoothed,789848216,766640955,False,0.11056792873622323
edges-corr,240,sfa,cosmoothed,789848216,767871931,False,0.10337220161884858
edges-corr,240,sfa,cosmoothed,789848216,771160300,False,0.06463286572427074
edges-corr,240,sfa,cosmoothed,789848216,771990200,False,0.02559740715034926
edges-corr,240,sfa,cosmoothed,789848216,774875821,False,0.17927693917608872
edges-corr,240,sfa,cosmoothed,789848216,778240327,False,0.05793839217535368
edges-corr,240,sfa,cosmoothed,789848216,778998620,False,0.0857685990142724
edges-corr,240,sfa,cosmoothed,789848216,779839471,False,0.21828172144855368
edges-corr,240,sfa,cosmoothed,789848216,781842082,False,0.2028059478578586
edges-corr,240,sfa,cosmoothed,789848216,787025148,False,0.025356563290281152
edges-corr,240,sfa,cosmoothed,789848216,789848216,True,0.9653474966095589
edges-corr,240,sfa,cosmoothed,789848216,793224716,False,0.05924683073662772
edges-corr,240,sfa,cosmoothed,789848216,794812542,False,0.06952818713583593
edges-corr,240,sfa,cosmoothed,789848216,816200189,False,0.07101077375008985
edges-corr,240,sfa,cosmoothed,789848216,847657808,False,0.10635651471135575
edges-corr,240,sfa,cosmoothed,793224716,766640955,False,0.04290935665522914
edges-corr,240,sfa,cosmoothed,793224716,767871931,False,0.03345067077145845
edges-corr,240,sfa,cosmoothed,793224716,771160300,False,0.45146962701356985
edges-corr,240,sfa,cosmoothed,793224716,771990200,False,0.15073642475491508
edges-corr,240,sfa,cosmoothed,793224716,774875821,False,0.03948016813983108
edges-corr,240,sfa,cosmoothed,793224716,778240327,False,0.00737976821599306
edges-corr,240,sfa,cosmoothed,793224716,778998620,False,0.03283188079752189
edges-corr,240,sfa,cosmoothed,793224716,779839471,False,0.024187367797407353
edges-corr,240,sfa,cosmoothed,793224716,781842082,False,1.6106173852136752e-05
edges-corr,240,sfa,cosmoothed,793224716,787025148,False,0.07707578709434122
edges-corr,240,sfa,cosmoothed,793224716,789848216,False,0.013163282687211193
edges-corr,240,sfa,cosmoothed,793224716,793224716,True,0.8716221742642473
edges-corr,240,sfa,cosmoothed,793224716,794812542,False,0.17411118703892753
edges-corr,240,sfa,cosmoothed,793224716,816200189,False,0.01309476401565907
edges-corr,240,sfa,cosmoothed,793224716,847657808,False,0.0539320709787047
edges-corr,240,sfa,cosmoothed,794812542,766640955,False,0.008259430161065905
edges-corr,240,sfa,cosmoothed,794812542,767871931,False,0.010545998950416594
edges-corr,240,sfa,cosmoothed,794812542,771160300,False,0.30323109926243164
edges-corr,240,sfa,cosmoothed,794812542,771990200,False,0.23366184259688386
edges-corr,240,sfa,cosmoothed,794812542,774875821,False,0.04942064127676474
edges-corr,240,sfa,cosmoothed,794812542,778240327,False,0.05893317125719479
edges-corr,240,sfa,cosmoothed,794812542,778998620,False,0.21812420292078227
edges-corr,240,sfa,cosmoothed,794812542,779839471,False,0.27804079783260327
edges-corr,240,sfa,cosmoothed,794812542,781842082,False,0.008478176650873089
edges-corr,240,sfa,cosmoothed,794812542,787025148,False,0.5306300107627954
edges-corr,240,sfa,cosmoothed,794812542,789848216,False,0.007012250881713526
edges-corr,240,sfa,cosmoothed,794812542,793224716,False,0.10987615381081159
edges-corr,240,sfa,cosmoothed,794812542,794812542,True,0.8054818095300295
edges-corr,240,sfa,cosmoothed,794812542,816200189,False,0.01383122154139679
edges-corr,240,sfa,cosmoothed,794812542,847657808,False,0.561308957497617
edges-corr,240,sfa,cosmoothed,816200189,766640955,False,0.034665893683663664
edges-corr,240,sfa,cosmoothed,816200189,767871931,False,0.3321817120538339
edges-corr,240,sfa,cosmoothed,816200189,771160300,False,0.0018545767073069122
edges-corr,240,sfa,cosmoothed,816200189,771990200,False,0.051188883614473595
edges-corr,240,sfa,cosmoothed,816200189,774875821,False,0.11474147884705187
edges-corr,240,sfa,cosmoothed,816200189,778240327,False,0.10307953618377508
edges-corr,240,sfa,cosmoothed,816200189,778998620,False,0.12337274966843734
edges-corr,240,sfa,cosmoothed,816200189,779839471,False,0.011015572024229167
edges-corr,240,sfa,cosmoothed,816200189,781842082,False,0.17144822538722415
edges-corr,240,sfa,cosmoothed,816200189,787025148,False,0.11790861655562228
edges-corr,240,sfa,cosmoothed,816200189,789848216,False,0.038724197632287696
edges-corr,240,sfa,cosmoothed,816200189,793224716,False,0.08494295479809802
edges-corr,240,sfa,cosmoothed,816200189,794812542,False,0.10229612781741461
edges-corr,240,sfa,cosmoothed,816200189,816200189,True,0.7777706511004947
edges-corr,240,sfa,cosmoothed,816200189,847657808,False,0.015941744520845673
edges-corr,240,sfa,cosmoothed,847657808,766640955,False,0.024584336923650627
edges-corr,240,sfa,cosmoothed,847657808,767871931,False,0.007927756991453996
edges-corr,240,sfa,cosmoothed,847657808,771160300,False,0.20182089685790222
edges-corr,240,sfa,cosmoothed,847657808,771990200,False,0.1722082774183833
edges-corr,240,sfa,cosmoothed,847657808,774875821,False,0.12452328330250671
edges-corr,240,sfa,cosmoothed,847657808,778240327,False,0.21265053779410809
edges-corr,240,sfa,cosmoothed,847657808,778998620,False,0.14098160328094195
edges-corr,240,sfa,cosmoothed,847657808,779839471,False,0.06657167953989356
edges-corr,240,sfa,cosmoothed,847657808,781842082,False,0.041094149867157266
edges-corr,240,sfa,cosmoothed,847657808,787025148,False,0.45594500380902264
edges-corr,240,sfa,cosmoothed,847657808,789848216,False,0.13106031251096475
edges-corr,240,sfa,cosmoothed,847657808,793224716,False,0.09270324407750749
edges-corr,240,sfa,cosmoothed,847657808,794812542,False,0.5712230255465007
edges-corr,240,sfa,cosmoothed,847657808,816200189,False,0.08751791943750276
edges-corr,240,sfa,cosmoothed,847657808,847657808,True,0.8283252327106861
edges-corr,300,sfa,cosmoothed,766640955,766640955,True,0.5158520417617855
edges-corr,300,sfa,cosmoothed,766640955,767871931,False,0.00014903582357157977
edges-corr,300,sfa,cosmoothed,766640955,771160300,False,0.0025295255883798296
edges-corr,300,sfa,cosmoothed,766640955,771990200,False,0.04265824808362367
edges-corr,300,sfa,cosmoothed,766640955,774875821,False,0.18800552748452953
edges-corr,300,sfa,cosmoothed,766640955,778240327,False,0.0026599768464379606
edges-corr,300,sfa,cosmoothed,766640955,778998620,False,0.01722620126592289
edges-corr,300,sfa,cosmoothed,766640955,779839471,False,0.05545984362033306
edges-corr,300,sfa,cosmoothed,766640955,781842082,False,0.17310398360375634
edges-corr,300,sfa,cosmoothed,766640955,787025148,False,0.03583527164909827
edges-corr,300,sfa,cosmoothed,766640955,789848216,False,0.09752184515898073
edges-corr,300,sfa,cosmoothed,766640955,793224716,False,0.005814310338634489
edges-corr,300,sfa,cosmoothed,766640955,794812542,False,1.4786211630660208e-06
edges-corr,300,sfa,cosmoothed,766640955,816200189,False,0.22358026381770402
edges-corr,300,sfa,cosmoothed,766640955,847657808,False,0.12038774614099028
edges-corr,300,sfa,cosmoothed,767871931,766640955,False,0.1286359138830483
edges-corr,300,sfa,cosmoothed,767871931,767871931,True,0.8422794781014659
edges-corr,300,sfa,cosmoothed,767871931,771160300,False,0.27377963074297146
edges-corr,300,sfa,cosmoothed,767871931,771990200,False,0.4595513876726373
edges-corr,300,sfa,cosmoothed,767871931,774875821,False,0.32398550273558285
edges-corr,300,sfa,cosmoothed,767871931,778240327,False,9.565501007811368e-06
edges-corr,300,sfa,cosmoothed,767871931,778998620,False,0.6129218755845601
edges-corr,300,sfa,cosmoothed,767871931,779839471,False,0.28482625596494043
edges-corr,300,sfa,cosmoothed,767871931,781842082,False,0.44504590237661246
edges-corr,300,sfa,cosmoothed,767871931,787025148,False,0.2016060477486125
edges-corr,300,sfa,cosmoothed,767871931,789848216,False,0.005780755276915341
edges-corr,300,sfa,cosmoothed,767871931,793224716,False,0.003254570492132421
edges-corr,300,sfa,cosmoothed,767871931,794812542,False,0.03841738979968112
edges-corr,300,sfa,cosmoothed,767871931,816200189,False,0.278703528415303
edges-corr,300,sfa,cosmoothed,767871931,847657808,False,0.08634533799644574
edges-corr,300,sfa,cosmoothed,771160300,766640955,False,0.2736486428649948
edges-corr,300,sfa,cosmoothed,771160300,767871931,False,0.42406667264141684
edges-corr,300,sfa,cosmoothed,771160300,771160300,True,0.9477323229151444
edges-corr,300,sfa,cosmoothed,771160300,771990200,False,0.779995907321018
edges-corr,300,sfa,cosmoothed,771160300,774875821,False,0.09683802074228062
edges-corr,300,sfa,cosmoothed,771160300,778240327,False,0.025003250622732943
edges-corr,300,sfa,cosmoothed,771160300,778998620,False,0.7600240464568666
edges-corr,300,sfa,cosmoothed,771160300,779839471,False,0.6300964878940174
edges-corr,300,sfa,cosmoothed,771160300,781842082,False,0.04867843632888599
edges-corr,300,sfa,cosmoothed,771160300,787025148,False,0.566961523867084
edges-corr,300,sfa,cosmoothed,771160300,789848216,False,0.06846294824742201
edges-corr,300,sfa,cosmoothed,771160300,793224716,False,0.27871300088261786
edges-corr,300,sfa,cosmoothed,771160300,794812542,False,0.4265792788499516
edges-corr,300,sfa,cosmoothed,771160300,816200189,False,0.23197891374693694
edges-corr,300,sfa,cosmoothed,771160300,847657808,False,0.3414215897694769
edges-corr,300,sfa,cosmoothed,771990200,766640955,False,0.40577425870052747
edges-corr,300,sfa,cosmoothed,771990200,767871931,False,0.5330368014325854
edges-corr,300,sfa,cosmoothed,771990200,771160300,False,0.7139662335105245
edges-corr,300,sfa,cosmoothed,771990200,771990200,True,0.9833829394731194
edges-corr,300,sfa,cosmoothed,771990200,774875821,False,0.300648210000668
edges-corr,300,sfa,cosmoothed,771990200,778240327,False,0.09491961168807728
edges-corr,300,sfa,cosmoothed,771990200,778998620,False,0.8875615925680255
edges-corr,300,sfa,cosmoothed,771990200,779839471,False,0.590590589052088
edges-corr,300,sfa,cosmoothed,771990200,781842082,False,0.10375239631643125
edges-corr,300,sfa,cosmoothed,771990200,787025148,False,0.4832943213074664
edges-corr,300,sfa,cosmoothed,771990200,789848216,False,0.025057264637181838
edges-corr,300,sfa,cosmoothed,771990200,793224716,False,0.21068600867083428
edges-corr,300,sfa,cosmoothed,771990200,794812542,False,0.4184744737939246
edges-corr,300,sfa,cosmoothed,771990200,816200189,False,0.12397283511482389
edges-corr,300,sfa,cosmoothed,771990200,847657808,False,0.24079337312866306
edges-corr,300,sfa,cosmoothed,774875821,766640955,False,0.1342802650802908
edges-corr,300,sfa,cosmoothed,774875821,767871931,False,0.2128742500809964
edges-corr,300,sfa,cosmoothed,774875821,771160300,False,0.00815202557242681
edges-corr,300,sfa,cosmoothed,774875821,771990200,False,0.1349798786384578
edges-corr,300,sfa,cosmoothed,774875821,774875821,True,0.7191028764195099
edges-corr,300,sfa,cosmoothed,774875821,778240327,False,4.296520963400203e-05
edges-corr,300,sfa,cosmoothed,774875821,778998620,False,0.1516673353279231
edges-corr,300,sfa,cosmoothed,774875821,779839471,False,0.019751109990595015
edges-corr,300,sfa,cosmoothed,774875821,781842082,False,0.09923463935474759
edges-corr,300,sfa,cosmoothed,774875821,787025148,False,0.02386079314308452
edges-corr,300,sfa,cosmoothed,774875821,789848216,False,0.004280558071364422
edges-corr,300,sfa,cosmoothed,774875821,793224716,False,0.01669470496136614
edges-corr,300,sfa,cosmoothed,774875821,794812542,False,0.01826143870124702
edges-corr,300,sfa,cosmoothed,774875821,816200189,False,0.011192492318450487
edges-corr,300,sfa,cosmoothed,774875821,847657808,False,0.096831012744633
edges-corr,300,sfa,cosmoothed,778240327,766640955,False,0.004268682532833755
edges-corr,300,sfa,cosmoothed,778240327,767871931,False,0.035594098575946885
edges-corr,300,sfa,cosmoothed,778240327,771160300,False,0.01103520745168849
edges-corr,300,sfa,cosmoothed,778240327,771990200,False,0.050254632279131926
edges-corr,300,sfa,cosmoothed,778240327,774875821,False,0.0006755491706112783
edges-corr,300,sfa,cosmoothed,778240327,778240327,True,0.7935786737707989
edges-corr,300,sfa,cosmoothed,778240327,778998620,False,0.009459417288505599
edges-corr,300,sfa,cosmoothed,778240327,779839471,False,0.023685583747363785
edges-corr,300,sfa,cosmoothed,778240327,781842082,False,9.084520540576995e-06
edges-corr,300,sfa,cosmoothed,778240327,787025148,False,0.013927316394703123
edges-corr,300,sfa,cosmoothed,778240327,789848216,False,0.033524739261475735
edges-corr,300,sfa,cosmoothed,778240327,793224716,False,0.007942582023889722
edges-corr,300,sfa,cosmoothed,778240327,794812542,False,0.07561527674512075
edges-corr,300,sfa,cosmoothed,778240327,816200189,False,0.001612847400642736
edges-corr,300,sfa,cosmoothed,778240327,847657808,False,0.08293823430368362
edges-corr,300,sfa,cosmoothed,778998620,766640955,False,0.3459079091857411
edges-corr,300,sfa,cosmoothed,778998620,767871931,False,0.7743609796453743
edges-corr,300,sfa,cosmoothed,778998620,771160300,False,0.6179987848976586
edges-corr,300,sfa,cosmoothed,778998620,771990200,False,0.793309719340495
edges-corr,300,sfa,cosmoothed,778998620,774875821,False,0.357429612870942
edges-corr,300,sfa,cosmoothed,778998620,778240327,False,0.025349634648842177
edges-corr,300,sfa,cosmoothed,778998620,778998620,True,0.9422317971183153
edges-corr,300,sfa,cosmoothed,778998620,779839471,False,0.7947434291548813
edges-corr,300,sfa,cosmoothed,778998620,781842082,False,0.059093693852180953
edges-corr,300,sfa,cosmoothed,778998620,787025148,False,0.5905731028269724
edges-corr,300,sfa,cosmoothed,778998620,789848216,False,0.10639488972354295
edges-corr,300,sfa,cosmoothed,778998620,793224716,False,0.026946770630368502
edges-corr,300,sfa,cosmoothed,778998620,794812542,False,0.3346330330613539
edges-corr,300,sfa,cosmoothed,778998620,816200189,False,0.19850482739690514
edges-corr,300,sfa,cosmoothed,778998620,847657808,False,0.25388447227882
edges-corr,300,sfa,cosmoothed,779839471,766640955,False,0.48231972122611855
edges-corr,300,sfa,cosmoothed,779839471,767871931,False,0.6089495688306119
edges-corr,300,sfa,cosmoothed,779839471,771160300,False,0.6835706522175691
edges-corr,300,sfa,cosmoothed,779839471,771990200,False,0.6427383212363416
edges-corr,300,sfa,cosmoothed,779839471,774875821,False,0.36336973992329064
edges-corr,300,sfa,cosmoothed,779839471,778240327,False,0.00034057507331675075
edges-corr,300,sfa,cosmoothed,779839471,778998620,False,0.7747171035574669
edges-corr,300,sfa,cosmoothed,779839471,779839471,True,0.9661939921203588
edges-corr,300,sfa,cosmoothed,779839471,781842082,False,0.0029202937934281184
edges-corr,300,sfa,cosmoothed,779839471,787025148,False,0.5421972668531274
edges-corr,300,sfa,cosmoothed,779839471,789848216,False,0.283691924282423
edges-corr,300,sfa,cosmoothed,779839471,793224716,False,0.03810211118826272
edges-corr,300,sfa,cosmoothed,779839471,794812542,False,0.25503292339381206
edges-corr,300,sfa,cosmoothed,779839471,816200189,False,0.16728739364034964
edges-corr,300,sfa,cosmoothed,779839471,847657808,False,0.14083570689149896
edges-corr,300,sfa,cosmoothed,781842082,766640955,False,4.724696449815813e-05
edges-corr,300,sfa,cosmoothed,781842082,767871931,False,0.24222031589359236
edges-corr,300,sfa,cosmoothed,781842082,771160300,False,0.012592155663876975
edges-corr,300,sfa,cosmoothed,781842082,771990200,False,0.086333388753187
edges-corr,300,sfa,cosmoothed,781842082,774875821,False,0.03814093036245147
edges-corr,300,sfa,cosmoothed,781842082,778240327,False,0.0056057800013555766
edges-corr,300,sfa,cosmoothed,781842082,778998620,False,0.10558757465862184
edges-corr,300,sfa,cosmoothed,781842082,779839471,False,0.008236716241749315
edges-corr,300,sfa,cosmoothed,781842082,781842082,True,0.9163934294695887
edges-corr,300,sfa,cosmoothed,781842082,787025148,False,0.009683214463179223
edges-corr,300,sfa,cosmoothed,781842082,789848216,False,0.17115303852626912
edges-corr,300,sfa,cosmoothed,781842082,793224716,False,0.002757356034765881
edges-corr,300,sfa,cosmoothed,781842082,794812542,False,0.012302122850763925
edges-corr,300,sfa,cosmoothed,781842082,816200189,False,0.10625818255131236
edges-corr,300,sfa,cosmoothed,781842082,847657808,False,0.005188326623883605
edges-corr,300,sfa,cosmoothed,787025148,766640955,False,0.02577917118101228
edges-corr,300,sfa,cosmoothed,787025148,767871931,False,0.14167403481388807
edges-corr,300,sfa,cosmoothed,787025148,771160300,False,0.5099077160136047
edges-corr,300,sfa,cosmoothed,787025148,771990200,False,0.34830384885527366
edges-corr,300,sfa,cosmoothed,787025148,774875821,False,0.019307110061593358
edges-corr,300,sfa,cosmoothed,787025148,778240327,False,0.27508551496078304
edges-corr,300,sfa,cosmoothed,787025148,778998620,False,0.3427023798369432
edges-corr,300,sfa,cosmoothed,787025148,779839471,False,0.4850820192002074
edges-corr,300,sfa,cosmoothed,787025148,781842082,False,0.03684241609688207
edges-corr,300,sfa,cosmoothed,787025148,787025148,True,0.9441144750387748
edges-corr,300,sfa,cosmoothed,787025148,789848216,False,0.13506782328743458
edges-corr,300,sfa,cosmoothed,787025148,793224716,False,0.08908958143176723
edges-corr,300,sfa,cosmoothed,787025148,794812542,False,0.4025752191069001
edges-corr,300,sfa,cosmoothed,787025148,816200189,False,0.288384723258401
edges-corr,300,sfa,cosmoothed,787025148,847657808,False,0.4265712675541481
edges-corr,300,sfa,cosmoothed,789848216,766640955,False,0.2637568660489871
edges-corr,300,sfa,cosmoothed,789848216,767871931,False,0.1831745722080954
edges-corr,300,sfa,cosmoothed,789848216,771160300,False,0.1382491430724681
edges-corr,300,sfa,cosmoothed,789848216,771990200,False,0.0842888965963326
edges-corr,300,sfa,cosmoothed,789848216,774875821,False,0.23563114200131938
edges-corr,300,sfa,cosmoothed,789848216,778240327,False,0.03954304051349856
edges-corr,300,sfa,cosmoothed,789848216,778998620,False,0.16168966094913648
edges-corr,300,sfa,cosmoothed,789848216,779839471,False,0.402122759848473
edges-corr,300,sfa,cosmoothed,789848216,781842082,False,0.22631613350775828
edges-corr,300,sfa,cosmoothed,789848216,787025148,False,0.10387197471754063
edges-corr,300,sfa,cosmoothed,789848216,789848216,True,0.9525717021045695
edges-corr,300,sfa,cosmoothed,789848216,793224716,False,0.013248039444226903
edges-corr,300,sfa,cosmoothed,789848216,794812542,False,0.016497966821489993
edges-corr,300,sfa,cosmoothed,789848216,816200189,False,0.07763759624691621
edges-corr,300,sfa,cosmoothed,789848216,847657808,False,0.03796559654246803
edges-corr,300,sfa,cosmoothed,793224716,766640955,False,0.038604023706494385
edges-corr,300,sfa,cosmoothed,793224716,767871931,False,0.0019467698864358695
edges-corr,300,sfa,cosmoothed,793224716,771160300,False,0.57583677108165
edges-corr,300,sfa,cosmoothed,793224716,771990200,False,0.238856711856333
edges-corr,300,sfa,cosmoothed,793224716,774875821,False,0.007344695863914917
edges-corr,300,sfa,cosmoothed,793224716,778240327,False,0.017921011065077666
edges-corr,300,sfa,cosmoothed,793224716,778998620,False,0.11177025522776984
edges-corr,300,sfa,cosmoothed,793224716,779839471,False,0.08251046728970865
edges-corr,300,sfa,cosmoothed,793224716,781842082,False,0.012499910312536878
edges-corr,300,sfa,cosmoothed,793224716,787025148,False,0.17725464238694646
edges-corr,300,sfa,cosmoothed,793224716,789848216,False,0.0007522054075764727
edges-corr,300,sfa,cosmoothed,793224716,793224716,True,0.8198661806353587
edges-corr,300,sfa,cosmoothed,793224716,794812542,False,0.16675599015390746
edges-corr,300,sfa,cosmoothed,793224716,816200189,False,0.08865420045372352
edges-corr,300,sfa,cosmoothed,793224716,847657808,False,0.07657411482761697
edges-corr,300,sfa,cosmoothed,794812542,766640955,False,0.009389390962636789
edges-corr,300,sfa,cosmoothed,794812542,767871931,False,0.0671097102142739
edges-corr,300,sfa,cosmoothed,794812542,771160300,False,0.4095890221902989
edges-corr,300,sfa,cosmoothed,794812542,771990200,False,0.2880069010622461
edges-corr,300,sfa,cosmoothed,794812542,774875821,False,0.005898622611427845
edges-corr,300,sfa,cosmoothed,794812542,778240327,False,0.2564128789638698
edges-corr,300,sfa,cosmoothed,794812542,778998620,False,0.28665449442887136
edges-corr,300,sfa,cosmoothed,794812542,779839471,False,0.33121689851354996
edges-corr,300,sfa,cosmoothed,794812542,781842082,False,0.010383157746246126
edges-corr,300,sfa,cosmoothed,794812542,787025148,False,0.7146164161358832
edges-corr,300,sfa,cosmoothed,794812542,789848216,False,0.001882602020210664
edges-corr,300,sfa,cosmoothed,794812542,793224716,False,0.07482410859931052
edges-corr,300,sfa,cosmoothed,794812542,794812542,True,0.7681120977234618
edges-corr,300,sfa,cosmoothed,794812542,816200189,False,0.08605750058546376
edges-corr,300,sfa,cosmoothed,794812542,847657808,False,0.7002049646324382
edges-corr,300,sfa,cosmoothed,816200189,766640955,False,0.01806891543796903
edges-corr,300,sfa,cosmoothed,816200189,767871931,False,0.3598559398789709
edges-corr,300,sfa,cosmoothed,816200189,771160300,False,0.06234678854960288
edges-corr,300,sfa,cosmoothed,816200189,771990200,False,0.08823962999851155
edges-corr,300,sfa,cosmoothed,816200189,774875821,False,0.10702822216202384
edges-corr,300,sfa,cosmoothed,816200189,778240327,False,0.07666525481202556
edges-corr,300,sfa,cosmoothed,816200189,778998620,False,0.179015078347433
edges-corr,300,sfa,cosmoothed,816200189,779839471,False,0.05446425471444028
edges-corr,300,sfa,cosmoothed,816200189,781842082,False,0.19423496509535912
edges-corr,300,sfa,cosmoothed,816200189,787025148,False,0.16622242307259363
edges-corr,300,sfa,cosmoothed,816200189,789848216,False,0.04748125051332085
edges-corr,300,sfa,cosmoothed,816200189,793224716,False,0.02435807954218213
edges-corr,300,sfa,cosmoothed,816200189,794812542,False,0.027048466799629155
edges-corr,300,sfa,cosmoothed,816200189,816200189,True,0.7695851727697383
edges-corr,300,sfa,cosmoothed,816200189,847657808,False,0.05219546608006762
edges-corr,300,sfa,cosmoothed,847657808,766640955,False,0.022129596225972048
edges-corr,300,sfa,cosmoothed,847657808,767871931,False,0.027912652093188148
edges-corr,300,sfa,cosmoothed,847657808,771160300,False,0.2674643750307083
edges-corr,300,sfa,cosmoothed,847657808,771990200,False,0.2192368688741952
edges-corr,300,sfa,cosmoothed,847657808,774875821,False,0.050061139326087384
edges-corr,300,sfa,cosmoothed,847657808,778240327,False,0.41696462495465664
edges-corr,300,sfa,cosmoothed,847657808,778998620,False,0.17996041225726253
edges-corr,300,sfa,cosmoothed,847657808,779839471,False,0.0848548177309271
edges-corr,300,sfa,cosmoothed,847657808,781842082,False,0.052383231523821155
edges-corr,300,sfa,cosmoothed,847657808,787025148,False,0.543782799077314
edges-corr,300,sfa,cosmoothed,847657808,789848216,False,0.07678615212601285
edges-corr,300,sfa,cosmoothed,847657808,793224716,False,0.13232645643060317
edges-corr,300,sfa,cosmoothed,847657808,794812542,False,0.6240951148959086
edges-corr,300,sfa,cosmoothed,847657808,816200189,False,0.12477151991852797
edges-corr,300,sfa,cosmoothed,847657808,847657808,True,0.8578758287325751
edges-corr,450,sfa,cosmoothed,766640955,766640955,True,0.16920607155464082
edges-corr,450,sfa,cosmoothed,766640955,767871931,False,0.10597551584972166
edges-corr,450,sfa,cosmoothed,766640955,771160300,False,0.18697841288258332
edges-corr,450,sfa,cosmoothed,766640955,771990200,False,0.04558756664547667
edges-corr,450,sfa,cosmoothed,766640955,774875821,False,0.037438079624915445
edges-corr,450,sfa,cosmoothed,766640955,778240327,False,0.09232180380380081
edges-corr,450,sfa,cosmoothed,766640955,778998620,False,0.05804426935056817
edges-corr,450,sfa,cosmoothed,766640955,779839471,False,0.0350673028263081
edges-corr,450,sfa,cosmoothed,766640955,781842082,False,0.12180948745753269
edges-corr,450,sfa,cosmoothed,766640955,787025148,False,0.3043322992605898
edges-corr,450,sfa,cosmoothed,766640955,789848216,False,0.0021253567622352785
edges-corr,450,sfa,cosmoothed,766640955,793224716,False,0.0834596830034999
edges-corr,450,sfa,cosmoothed,766640955,794812542,False,0.09597479158202418
edges-corr,450,sfa,cosmoothed,766640955,816200189,False,0.39296561628279664
edges-corr,450,sfa,cosmoothed,766640955,847657808,False,0.25621845428789214
edges-corr,450,sfa,cosmoothed,767871931,766640955,False,0.2034601364844076
edges-corr,450,sfa,cosmoothed,767871931,767871931,True,0.8824092181983306
edges-corr,450,sfa,cosmoothed,767871931,771160300,False,0.7245983928174262
edges-corr,450,sfa,cosmoothed,767871931,771990200,False,0.7869517386533506
edges-corr,450,sfa,cosmoothed,767871931,774875821,False,0.3421584247982072
edges-corr,450,sfa,cosmoothed,767871931,778240327,False,0.05619755752670865
edges-corr,450,sfa,cosmoothed,767871931,778998620,False,0.8402557474074012
edges-corr,450,sfa,cosmoothed,767871931,779839471,False,0.49645909233034646
edges-corr,450,sfa,cosmoothed,767871931,781842082,False,0.47420155142444576
edges-corr,450,sfa,cosmoothed,767871931,787025148,False,0.47328771878027165
edges-corr,450,sfa,cosmoothed,767871931,789848216,False,0.0007590700666693466
edges-corr,450,sfa,cosmoothed,767871931,793224716,False,0.5628886145967592
edges-corr,450,sfa,cosmoothed,767871931,794812542,False,0.4559323025225562
edges-corr,450,sfa,cosmoothed,767871931,816200189,False,0.5158487816578103
edges-corr,450,sfa,cosmoothed,767871931,847657808,False,0.4389281569930249
edges-corr,450,sfa,cosmoothed,771160300,766640955,False,0.33126750827640467
edges-corr,450,sfa,cosmoothed,771160300,767871931,False,0.8664693380268845
edges-corr,450,sfa,cosmoothed,771160300,771160300,True,0.9519325593519113
edges-corr,450,sfa,cosmoothed,771160300,771990200,False,0.8567196466631974
edges-corr,450,sfa,cosmoothed,771160300,774875821,False,0.39414953763855654
edges-corr,450,sfa,cosmoothed,771160300,778240327,False,0.10619690035733882
edges-corr,450,sfa,cosmoothed,771160300,778998620,False,0.9048305596336884
edges-corr,450,sfa,cosmoothed,771160300,779839471,False,0.7321544878010159
edges-corr,450,sfa,cosmoothed,771160300,781842082,False,0.2040190409974493
edges-corr,450,sfa,cosmoothed,771160300,787025148,False,0.6718962595427554
edges-corr,450,sfa,cosmoothed,771160300,789848216,False,0.06484201034115405
edges-corr,450,sfa,cosmoothed,771160300,793224716,False,0.6760374005153077
edges-corr,450,sfa,cosmoothed,771160300,794812542,False,0.5700301070895507
edges-corr,450,sfa,cosmoothed,771160300,816200189,False,0.6024240957168772
edges-corr,450,sfa,cosmoothed,771160300,847657808,False,0.5503822786097085
edges-corr,450,sfa,cosmoothed,771990200,766640955,False,0.3253796926016883
edges-corr,450,sfa,cosmoothed,771990200,767871931,False,0.8050031390142067
edges-corr,450,sfa,cosmoothed,771990200,771160300,False,0.7936743976976581
edges-corr,450,sfa,cosmoothed,771990200,771990200,True,0.992477033139605
edges-corr,450,sfa,cosmoothed,771990200,774875821,False,0.40077621736437474
edges-corr,450,sfa,cosmoothed,771990200,778240327,False,0.20334965108798378
edges-corr,450,sfa,cosmoothed,771990200,778998620,False,0.9584075304955713
edges-corr,450,sfa,cosmoothed,771990200,779839471,False,0.6446858315251736
edges-corr,450,sfa,cosmoothed,771990200,781842082,False,0.2824877966785341
edges-corr,450,sfa,cosmoothed,771990200,787025148,False,0.5984497722781914
edges-corr,450,sfa,cosmoothed,771990200,789848216,False,0.007127433918971254
edges-corr,450,sfa,cosmoothed,771990200,793224716,False,0.6466295065967361
edges-corr,450,sfa,cosmoothed,771990200,794812542,False,0.6746851480824098
edges-corr,450,sfa,cosmoothed,771990200,816200189,False,0.4296982433511258
edges-corr,450,sfa,cosmoothed,771990200,847657808,False,0.5102688933329396
edges-corr,450,sfa,cosmoothed,774875821,766640955,False,0.1716211205793663
edges-corr,450,sfa,cosmoothed,774875821,767871931,False,0.13224070472694516
edges-corr,450,sfa,cosmoothed,774875821,771160300,False,0.01900387373440996
edges-corr,450,sfa,cosmoothed,774875821,771990200,False,0.19245601869441697
edges-corr,450,sfa,cosmoothed,774875821,774875821,True,0.48725358924545314
edges-corr,450,sfa,cosmoothed,774875821,778240327,False,0.00017437743960662248
edges-corr,450,sfa,cosmoothed,774875821,778998620,False,0.18812546910353806
edges-corr,450,sfa,cosmoothed,774875821,779839471,False,0.0036663115311702512
edges-corr,450,sfa,cosmoothed,774875821,781842082,False,0.3492951633375735
edges-corr,450,sfa,cosmoothed,774875821,787025148,False,0.024633583913457494
edges-corr,450,sfa,cosmoothed,774875821,789848216,False,0.06634223429606081
edges-corr,450,sfa,cosmoothed,774875821,793224716,False,0.10575707134507911
edges-corr,450,sfa,cosmoothed,774875821,794812542,False,0.046263314124986465
edges-corr,450,sfa,cosmoothed,774875821,816200189,False,0.024701762944054143
edges-corr,450,sfa,cosmoothed,774875821,847657808,False,0.011538100353427843
edges-corr,450,sfa,cosmoothed,778240327,766640955,False,0.018618669255719714
edges-corr,450,sfa,cosmoothed,778240327,767871931,False,0.014462603125178967
edges-corr,450,sfa,cosmoothed,778240327,771160300,False,0.00858452092331438
edges-corr,450,sfa,cosmoothed,778240327,771990200,False,0.06452539115252529
edges-corr,450,sfa,cosmoothed,778240327,774875821,False,0.00040290748091603056
edges-corr,450,sfa,cosmoothed,778240327,778240327,True,0.6687967449482927
edges-corr,450,sfa,cosmoothed,778240327,778998620,False,0.019750011376450344
edges-corr,450,sfa,cosmoothed,778240327,779839471,False,0.03391818790023126
edges-corr,450,sfa,cosmoothed,778240327,781842082,False,0.07819543909178543
edges-corr,450,sfa,cosmoothed,778240327,787025148,False,0.0042109074801403796
edges-corr,450,sfa,cosmoothed,778240327,789848216,False,0.34062249873835065
edges-corr,450,sfa,cosmoothed,778240327,793224716,False,0.010213049944939061
edges-corr,450,sfa,cosmoothed,778240327,794812542,False,0.1822472319270387
edges-corr,450,sfa,cosmoothed,778240327,816200189,False,0.0678287883215314
edges-corr,450,sfa,cosmoothed,778240327,847657808,False,0.09985559195712004
edges-corr,450,sfa,cosmoothed,778998620,766640955,False,0.3233701756134282
edges-corr,450,sfa,cosmoothed,778998620,767871931,False,0.9325724880286931
edges-corr,450,sfa,cosmoothed,778998620,771160300,False,0.8803069091019373
edges-corr,450,sfa,cosmoothed,778998620,771990200,False,0.8494961938545335
edges-corr,450,sfa,cosmoothed,778998620,774875821,False,0.3939140859953267
edges-corr,450,sfa,cosmoothed,778998620,778240327,False,0.11068650075602343
edges-corr,450,sfa,cosmoothed,778998620,778998620,True,0.9364544475115899
edges-corr,450,sfa,cosmoothed,778998620,779839471,False,0.8260917371549485
edges-corr,450,sfa,cosmoothed,778998620,781842082,False,0.15744923443326628
edges-corr,450,sfa,cosmoothed,778998620,787025148,False,0.7308772208568485
edges-corr,450,sfa,cosmoothed,778998620,789848216,False,0.06786230586075558
edges-corr,450,sfa,cosmoothed,778998620,793224716,False,0.5156761121222503
edges-corr,450,sfa,cosmoothed,778998620,794812542,False,0.6066543088765325
edges-corr,450,sfa,cosmoothed,778998620,816200189,False,0.625189739491436
edges-corr,450,sfa,cosmoothed,778998620,847657808,False,0.5810801122750296
edges-corr,450,sfa,cosmoothed,779839471,766640955,False,0.45376578242143795
edges-corr,450,sfa,cosmoothed,779839471,767871931,False,0.8320455433506521
edges-corr,450,sfa,cosmoothed,779839471,771160300,False,0.7993685817688191
edges-corr,450,sfa,cosmoothed,779839471,771990200,False,0.6920434763609996
edges-corr,450,sfa,cosmoothed,779839471,774875821,False,0.45903630007279206
edges-corr,450,sfa,cosmoothed,779839471,778240327,False,0.034676072838193565
edges-corr,450,sfa,cosmoothed,779839471,778998620,False,0.7890513800380788
edges-corr,450,sfa,cosmoothed,779839471,779839471,True,0.9722496805803921
edges-corr,450,sfa,cosmoothed,779839471,781842082,False,0.01542778118545653
edges-corr,450,sfa,cosmoothed,779839471,787025148,False,0.6678677486166962
edges-corr,450,sfa,cosmoothed,779839471,789848216,False,0.23754519919880793
edges-corr,450,sfa,cosmoothed,779839471,793224716,False,0.3762005687210884
edges-corr,450,sfa,cosmoothed,779839471,794812542,False,0.43751214797039606
edges-corr,450,sfa,cosmoothed,779839471,816200189,False,0.547843385077194
edges-corr,450,sfa,cosmoothed,779839471,847657808,False,0.38244817086111804
edges-corr,450,sfa,cosmoothed,781842082,766640955,False,0.008121192647618219
edges-corr,450,sfa,cosmoothed,781842082,767871931,False,0.2916233966409829
edges-corr,450,sfa,cosmoothed,781842082,771160300,False,0.16147804051783077
edges-corr,450,sfa,cosmoothed,781842082,771990200,False,0.3492203635301963
edges-corr,450,sfa,cosmoothed,781842082,774875821,False,0.09490545524073064
edges-corr,450,sfa,cosmoothed,781842082,778240327,False,0.017031739734286858
edges-corr,450,sfa,cosmoothed,781842082,778998620,False,0.3212916302917867
edges-corr,450,sfa,cosmoothed,781842082,779839471,False,0.013208644564542724
edges-corr,450,sfa,cosmoothed,781842082,781842082,True,0.9434093359585523
edges-corr,450,sfa,cosmoothed,781842082,787025148,False,0.03977968620702952
edges-corr,450,sfa,cosmoothed,781842082,789848216,False,0.19156690481666155
edges-corr,450,sfa,cosmoothed,781842082,793224716,False,0.3436470591115155
edges-corr,450,sfa,cosmoothed,781842082,794812542,False,0.18119239863041653
edges-corr,450,sfa,cosmoothed,781842082,816200189,False,0.12018032832656679
edges-corr,450,sfa,cosmoothed,781842082,847657808,False,0.14241866031465414
edges-corr,450,sfa,cosmoothed,787025148,766640955,False,0.05654842929669657
edges-corr,450,sfa,cosmoothed,787025148,767871931,False,0.4899526726879805
edges-corr,450,sfa,cosmoothed,787025148,771160300,False,0.7040736912754674
edges-corr,450,sfa,cosmoothed,787025148,771990200,False,0.5023884943561344
edges-corr,450,sfa,cosmoothed,787025148,774875821,False,0.06641770549097122
edges-corr,450,sfa,cosmoothed,787025148,778240327,False,0.2919927433413879
edges-corr,450,sfa,cosmoothed,787025148,778998620,False,0.5264509467970895
edges-corr,450,sfa,cosmoothed,787025148,779839471,False,0.6801933687173952
edges-corr,450,sfa,cosmoothed,787025148,781842082,False,0.0091850629503929
edges-corr,450,sfa,cosmoothed,787025148,787025148,True,0.9819697602718576
edges-corr,450,sfa,cosmoothed,787025148,789848216,False,0.08094517430970032
edges-corr,450,sfa,cosmoothed,787025148,793224716,False,0.35654939005916
edges-corr,450,sfa,cosmoothed,787025148,794812542,False,0.5576032428089215
edges-corr,450,sfa,cosmoothed,787025148,816200189,False,0.7217698929940237
edges-corr,450,sfa,cosmoothed,787025148,847657808,False,0.6278142129084577
edges-corr,450,sfa,cosmoothed,789848216,766640955,False,0.4255036781519785
edges-corr,450,sfa,cosmoothed,789848216,767871931,False,0.26677586041955914
edges-corr,450,sfa,cosmoothed,789848216,771160300,False,0.34787613466368683
edges-corr,450,sfa,cosmoothed,789848216,771990200,False,0.10289362127075125
edges-corr,450,sfa,cosmoothed,789848216,774875821,False,0.2636152749959545
edges-corr,450,sfa,cosmoothed,789848216,778240327,False,0.09682388163045187
edges-corr,450,sfa,cosmoothed,789848216,778998620,False,0.1691636182216903
edges-corr,450,sfa,cosmoothed,789848216,779839471,False,0.5620895152408355
edges-corr,450,sfa,cosmoothed,789848216,781842082,False,0.1658213053203591
edges-corr,450,sfa,cosmoothed,789848216,787025148,False,0.15960179352213166
edges-corr,450,sfa,cosmoothed,789848216,789848216,True,0.9102302368593349
edges-corr,450,sfa,cosmoothed,789848216,793224716,False,0.05244979570857425
edges-corr,450,sfa,cosmoothed,789848216,794812542,False,0.0094990668098027
edges-corr,450,sfa,cosmoothed,789848216,816200189,False,0.1550868092045824
edges-corr,450,sfa,cosmoothed,789848216,847657808,False,0.004658265488692944
edges-corr,450,sfa,cosmoothed,793224716,766640955,False,0.16036198220561132
edges-corr,450,sfa,cosmoothed,793224716,767871931,False,0.6073912967681504
edges-corr,450,sfa,cosmoothed,793224716,771160300,False,0.7995655672730538
edges-corr,450,sfa,cosmoothed,793224716,771990200,False,0.6505814448508783
edges-corr,450,sfa,cosmoothed,793224716,774875821,False,0.16416782082076625
edges-corr,450,sfa,cosmoothed,793224716,778240327,False,0.07664331407370374
edges-corr,450,sfa,cosmoothed,793224716,778998620,False,0.6443652789232237
edges-corr,450,sfa,cosmoothed,793224716,779839471,False,0.5542492302087413
edges-corr,450,sfa,cosmoothed,793224716,781842082,False,0.1890396975868217
edges-corr,450,sfa,cosmoothed,793224716,787025148,False,0.6550231605475455
edges-corr,450,sfa,cosmoothed,793224716,789848216,False,0.032468885831402054
edges-corr,450,sfa,cosmoothed,793224716,793224716,True,0.811535495650408
edges-corr,450,sfa,cosmoothed,793224716,794812542,False,0.508439950219345
edges-corr,450,sfa,cosmoothed,793224716,816200189,False,0.7261906069386546
edges-corr,450,sfa,cosmoothed,793224716,847657808,False,0.46564995574607004
edges-corr,450,sfa,cosmoothed,794812542,766640955,False,0.012009706701748146
edges-corr,450,sfa,cosmoothed,794812542,767871931,False,0.2679190107808922
edges-corr,450,sfa,cosmoothed,794812542,771160300,False,0.3934806644740444
edges-corr,450,sfa,cosmoothed,794812542,771990200,False,0.3683612934871994
edges-corr,450,sfa,cosmoothed,794812542,774875821,False,0.008831753282251576
edges-corr,450,sfa,cosmoothed,794812542,778240327,False,0.4143295049248874
edges-corr,450,sfa,cosmoothed,794812542,778998620,False,0.3732935162082016
edges-corr,450,sfa,cosmoothed,794812542,779839471,False,0.4119629302242112
edges-corr,450,sfa,cosmoothed,794812542,781842082,False,0.017824864965927705
edges-corr,450,sfa,cosmoothed,794812542,787025148,False,0.7817941364147782
edges-corr,450,sfa,cosmoothed,794812542,789848216,False,0.007417508804641209
edges-corr,450,sfa,cosmoothed,794812542,793224716,False,0.25004795197945506
edges-corr,450,sfa,cosmoothed,794812542,794812542,True,0.7465884119707179
edges-corr,450,sfa,cosmoothed,794812542,816200189,False,0.5715197415645282
edges-corr,450,sfa,cosmoothed,794812542,847657808,False,0.7287056916266149
edges-corr,450,sfa,cosmoothed,816200189,766640955,False,0.04625609624305621
edges-corr,450,sfa,cosmoothed,816200189,767871931,False,0.7067927804741991
edges-corr,450,sfa,cosmoothed,816200189,771160300,False,0.7056940342951327
edges-corr,450,sfa,cosmoothed,816200189,771990200,False,0.619918059527148
edges-corr,450,sfa,cosmoothed,816200189,774875821,False,0.15598249963248104
edges-corr,450,sfa,cosmoothed,816200189,778240327,False,0.11355476678708372
edges-corr,450,sfa,cosmoothed,816200189,778998620,False,0.6866362440381832
edges-corr,450,sfa,cosmoothed,816200189,779839471,False,0.46364986555860177
edges-corr,450,sfa,cosmoothed,816200189,781842082,False,0.34143250920665846
edges-corr,450,sfa,cosmoothed,816200189,787025148,False,0.6753196269077637
edges-corr,450,sfa,cosmoothed,816200189,789848216,False,0.0003405195685866115
edges-corr,450,sfa,cosmoothed,816200189,793224716,False,0.5026055364048098
edges-corr,450,sfa,cosmoothed,816200189,794812542,False,0.4793600378082896
edges-corr,450,sfa,cosmoothed,816200189,816200189,True,0.7631360706423139
edges-corr,450,sfa,cosmoothed,816200189,847657808,False,0.5946264619443438
edges-corr,450,sfa,cosmoothed,847657808,766640955,False,0.00020742447303800484
edges-corr,450,sfa,cosmoothed,847657808,767871931,False,0.3199206771645399
edges-corr,450,sfa,cosmoothed,847657808,771160300,False,0.4315442843791327
edges-corr,450,sfa,cosmoothed,847657808,771990200,False,0.47392754073087434
edges-corr,450,sfa,cosmoothed,847657808,774875821,False,0.011612367546641226
edges-corr,450,sfa,cosmoothed,847657808,778240327,False,0.5888799200406184
edges-corr,450,sfa,cosmoothed,847657808,778998620,False,0.44089408169723665
edges-corr,450,sfa,cosmoothed,847657808,779839471,False,0.2575535764814309
edges-corr,450,sfa,cosmoothed,847657808,781842082,False,0.22085854516866193
edges-corr,450,sfa,cosmoothed,847657808,787025148,False,0.734193830700955
edges-corr,450,sfa,cosmoothed,847657808,789848216,False,0.04778771759371286
edges-corr,450,sfa,cosmoothed,847657808,793224716,False,0.3972126184314755
edges-corr,450,sfa,cosmoothed,847657808,794812542,False,0.7478271762587025
edges-corr,450,sfa,cosmoothed,847657808,816200189,False,0.5525748456860479
edges-corr,450,sfa,cosmoothed,847657808,847657808,True,0.8710198471072077
edges-corr,600,sfa,cosmoothed,766640955,766640955,True,0.06316447119505374
edges-corr,600,sfa,cosmoothed,766640955,767871931,False,0.5883000468961965
edges-corr,600,sfa,cosmoothed,766640955,771160300,False,0.7841288509594135
edges-corr,600,sfa,cosmoothed,766640955,771990200,False,0.5860148934939902
edges-corr,600,sfa,cosmoothed,766640955,774875821,False,0.051645126500671136
edges-corr,600,sfa,cosmoothed,766640955,778240327,False,0.11382336756983141
edges-corr,600,sfa,cosmoothed,766640955,778998620,False,0.6290521600474764
edges-corr,600,sfa,cosmoothed,766640955,779839471,False,0.6174994578465388
edges-corr,600,sfa,cosmoothed,766640955,781842082,False,0.2540512613073919
edges-corr,600,sfa,cosmoothed,766640955,787025148,False,0.7660517940186005
edges-corr,600,sfa,cosmoothed,766640955,789848216,False,0.04299669256634941
edges-corr,600,sfa,cosmoothed,766640955,793224716,False,0.5757343594852312
edges-corr,600,sfa,cosmoothed,766640955,794812542,False,0.6530112367633389
edges-corr,600,sfa,cosmoothed,766640955,816200189,False,0.7195331715882546
edges-corr,600,sfa,cosmoothed,766640955,847657808,False,0.6727564288704646
edges-corr,600,sfa,cosmoothed,767871931,766640955,False,0.32919555222406494
edges-corr,600,sfa,cosmoothed,767871931,767871931,True,0.9419969116254954
edges-corr,600,sfa,cosmoothed,767871931,771160300,False,0.7788538345374908
edges-corr,600,sfa,cosmoothed,767871931,771990200,False,0.946989736668368
edges-corr,600,sfa,cosmoothed,767871931,774875821,False,0.4060302620370157
edges-corr,600,sfa,cosmoothed,767871931,778240327,False,0.2641103349135426
edges-corr,600,sfa,cosmoothed,767871931,778998620,False,0.9549513610501038
edges-corr,600,sfa,cosmoothed,767871931,779839471,False,0.6361770988247507
edges-corr,600,sfa,cosmoothed,767871931,781842082,False,0.6013044934768955
edges-corr,600,sfa,cosmoothed,767871931,787025148,False,0.675598903536451
edges-corr,600,sfa,cosmoothed,767871931,789848216,False,0.0016457934873046383
edges-corr,600,sfa,cosmoothed,767871931,793224716,False,0.6333355595126011
edges-corr,600,sfa,cosmoothed,767871931,794812542,False,0.6199293801699213
edges-corr,600,sfa,cosmoothed,767871931,816200189,False,0.6784927412379252
edges-corr,600,sfa,cosmoothed,767871931,847657808,False,0.6370867663653308
edges-corr,600,sfa,cosmoothed,771160300,766640955,False,0.31421821430325564
edges-corr,600,sfa,cosmoothed,771160300,767871931,False,0.8794718586149429
edges-corr,600,sfa,cosmoothed,771160300,771160300,True,0.963827317086632
edges-corr,600,sfa,cosmoothed,771160300,771990200,False,0.8943746619320788
edges-corr,600,sfa,cosmoothed,771160300,774875821,False,0.17324831802168145
edges-corr,600,sfa,cosmoothed,771160300,778240327,False,0.13191991822167976
edges-corr,600,sfa,cosmoothed,771160300,778998620,False,0.9378767500720574
edges-corr,600,sfa,cosmoothed,771160300,779839471,False,0.787977820187962
edges-corr,600,sfa,cosmoothed,771160300,781842082,False,0.43965371247206475
edges-corr,600,sfa,cosmoothed,771160300,787025148,False,0.7916121821329066
edges-corr,600,sfa,cosmoothed,771160300,789848216,False,0.015455721148476194
edges-corr,600,sfa,cosmoothed,771160300,793224716,False,0.7244633614880448
edges-corr,600,sfa,cosmoothed,771160300,794812542,False,0.7878799509090187
edges-corr,600,sfa,cosmoothed,771160300,816200189,False,0.7110106889963563
edges-corr,600,sfa,cosmoothed,771160300,847657808,False,0.7843624847396201
edges-corr,600,sfa,cosmoothed,771990200,766640955,False,0.3648067599011767
edges-corr,600,sfa,cosmoothed,771990200,767871931,False,0.9113086081992287
edges-corr,600,sfa,cosmoothed,771990200,771160300,False,0.8327363373454852
edges-corr,600,sfa,cosmoothed,771990200,771990200,True,0.9946226018963156
edges-corr,600,sfa,cosmoothed,771990200,774875821,False,0.3595478688306058
edges-corr,600,sfa,cosmoothed,771990200,778240327,False,0.2946525388997331
edges-corr,600,sfa,cosmoothed,771990200,778998620,False,0.9755729377615034
edges-corr,600,sfa,cosmoothed,771990200,779839471,False,0.6912117911956371
edges-corr,600,sfa,cosmoothed,771990200,781842082,False,0.5483160663573928
edges-corr,600,sfa,cosmoothed,771990200,787025148,False,0.7358704653679019
edges-corr,600,sfa,cosmoothed,771990200,789848216,False,0.0011507005053246883
edges-corr,600,sfa,cosmoothed,771990200,793224716,False,0.7065382317538429
edges-corr,600,sfa,cosmoothed,771990200,794812542,False,0.7602503844605794
edges-corr,600,sfa,cosmoothed,771990200,816200189,False,0.6299393804967136
edges-corr,600,sfa,cosmoothed,771990200,847657808,False,0.6923773921574218
edges-corr,600,sfa,cosmoothed,774875821,766640955,False,0.024306428618799263
edges-corr,600,sfa,cosmoothed,774875821,767871931,False,0.13946504555202596
edges-corr,600,sfa,cosmoothed,774875821,771160300,False,0.00602362384246927
edges-corr,600,sfa,cosmoothed,774875821,771990200,False,0.21320323722087497
edges-corr,600,sfa,cosmoothed,774875821,774875821,True,0.5830012480084846
edges-corr,600,sfa,cosmoothed,774875821,778240327,False,0.2678221984687538
edges-corr,600,sfa,cosmoothed,774875821,778998620,False,0.1704596739877912
edges-corr,600,sfa,cosmoothed,774875821,779839471,False,0.00012762280220870623
edges-corr,600,sfa,cosmoothed,774875821,781842082,False,0.467695953498928
edges-corr,600,sfa,cosmoothed,774875821,787025148,False,0.006364439742944682
edges-corr,600,sfa,cosmoothed,774875821,789848216,False,0.1734363400807792
edges-corr,600,sfa,cosmoothed,774875821,793224716,False,0.05350324077385617
edges-corr,600,sfa,cosmoothed,774875821,794812542,False,0.034617692515082316
edges-corr,600,sfa,cosmoothed,774875821,816200189,False,0.0236114873758777
edges-corr,600,sfa,cosmoothed,774875821,847657808,False,0.015154241322743177
edges-corr,600,sfa,cosmoothed,778240327,766640955,False,0.016983998362529198
edges-corr,600,sfa,cosmoothed,778240327,767871931,False,0.0002521308092327073
edges-corr,600,sfa,cosmoothed,778240327,771160300,False,0.03163608121192833
edges-corr,600,sfa,cosmoothed,778240327,771990200,False,0.03701654145657415
edges-corr,600,sfa,cosmoothed,778240327,774875821,False,0.06594881131320096
edges-corr,600,sfa,cosmoothed,778240327,778240327,True,0.5840377246552626
edges-corr,600,sfa,cosmoothed,778240327,778998620,False,0.007205406745630373
edges-corr,600,sfa,cosmoothed,778240327,779839471,False,0.12401470811343834
edges-corr,600,sfa,cosmoothed,778240327,781842082,False,0.33933076851488636
edges-corr,600,sfa,cosmoothed,778240327,787025148,False,0.01583003916912749
edges-corr,600,sfa,cosmoothed,778240327,789848216,False,0.6814339019213311
edges-corr,600,sfa,cosmoothed,778240327,793224716,False,0.018383884915305564
edges-corr,600,sfa,cosmoothed,778240327,794812542,False,0.00045376177432266865
edges-corr,600,sfa,cosmoothed,778240327,816200189,False,0.0001529745806932135
edges-corr,600,sfa,cosmoothed,778240327,847657808,False,0.012733377928474572
edges-corr,600,sfa,cosmoothed,778998620,766640955,False,0.34008469039466
edges-corr,600,sfa,cosmoothed,778998620,767871931,False,0.9085421657893783
edges-corr,600,sfa,cosmoothed,778998620,771160300,False,0.9465899527158064
edges-corr,600,sfa,cosmoothed,778998620,771990200,False,0.8746976445677574
edges-corr,600,sfa,cosmoothed,778998620,774875821,False,0.2820159369772718
edges-corr,600,sfa,cosmoothed,778998620,778240327,False,0.16142113504907182
edges-corr,600,sfa,cosmoothed,778998620,778998620,True,0.9257571550763454
edges-corr,600,sfa,cosmoothed,778998620,779839471,False,0.8840616441953845
edges-corr,600,sfa,cosmoothed,778998620,781842082,False,0.31560918803408944
edges-corr,600,sfa,cosmoothed,778998620,787025148,False,0.8876211622083039
edges-corr,600,sfa,cosmoothed,778998620,789848216,False,0.04264254733143189
edges-corr,600,sfa,cosmoothed,778998620,793224716,False,0.6977932690668408
edges-corr,600,sfa,cosmoothed,778998620,794812542,False,0.7419632874859531
edges-corr,600,sfa,cosmoothed,778998620,816200189,False,0.7744179291658945
edges-corr,600,sfa,cosmoothed,778998620,847657808,False,0.7224522944021361
edges-corr,600,sfa,cosmoothed,779839471,766640955,False,0.4278475743834748
edges-corr,600,sfa,cosmoothed,779839471,767871931,False,0.8328526604470768
edges-corr,600,sfa,cosmoothed,779839471,771160300,False,0.8981912896106089
edges-corr,600,sfa,cosmoothed,779839471,771990200,False,0.7519650478371213
edges-corr,600,sfa,cosmoothed,779839471,774875821,False,0.28076267565834684
edges-corr,600,sfa,cosmoothed,779839471,778240327,False,0.08667283656975787
edges-corr,600,sfa,cosmoothed,779839471,778998620,False,0.8172623855879195
edges-corr,600,sfa,cosmoothed,779839471,779839471,True,0.9589666800944409
edges-corr,600,sfa,cosmoothed,779839471,781842082,False,0.15685041262948965
edges-corr,600,sfa,cosmoothed,779839471,787025148,False,0.8180176818647121
edges-corr,600,sfa,cosmoothed,779839471,789848216,False,0.07458067445007092
edges-corr,600,sfa,cosmoothed,779839471,793224716,False,0.5974490826650244
edges-corr,600,sfa,cosmoothed,779839471,794812542,False,0.6886949690314592
edges-corr,600,sfa,cosmoothed,779839471,816200189,False,0.6871171288978906
edges-corr,600,sfa,cosmoothed,779839471,847657808,False,0.6649775626237291
edges-corr,600,sfa,cosmoothed,781842082,766640955,False,0.08251308548121569
edges-corr,600,sfa,cosmoothed,781842082,767871931,False,0.5417480138189669
edges-corr,600,sfa,cosmoothed,781842082,771160300,False,0.3994246663166661
edges-corr,600,sfa,cosmoothed,781842082,771990200,False,0.6955978077488115
edges-corr,600,sfa,cosmoothed,781842082,774875821,False,0.21454569830615863
edges-corr,600,sfa,cosmoothed,781842082,778240327,False,0.24374923168418516
edges-corr,600,sfa,cosmoothed,781842082,778998620,False,0.670698976690787
edges-corr,600,sfa,cosmoothed,781842082,779839471,False,0.18327475854590086
edges-corr,600,sfa,cosmoothed,781842082,781842082,True,0.9634442116431793
edges-corr,600,sfa,cosmoothed,781842082,787025148,False,0.26059922563574855
edges-corr,600,sfa,cosmoothed,781842082,789848216,False,0.09877029338450492
edges-corr,600,sfa,cosmoothed,781842082,793224716,False,0.4334645901176382
edges-corr,600,sfa,cosmoothed,781842082,794812542,False,0.42144509110616385
edges-corr,600,sfa,cosmoothed,781842082,816200189,False,0.3327052652462837
edges-corr,600,sfa,cosmoothed,781842082,847657808,False,0.4061009468050325
edges-corr,600,sfa,cosmoothed,787025148,766640955,False,0.16222178655700722
edges-corr,600,sfa,cosmoothed,787025148,767871931,False,0.6527997933393848
edges-corr,600,sfa,cosmoothed,787025148,771160300,False,0.8122032919447976
edges-corr,600,sfa,cosmoothed,787025148,771990200,False,0.6406830098750056
edges-corr,600,sfa,cosmoothed,787025148,774875821,False,0.16285222632873525
edges-corr,600,sfa,cosmoothed,787025148,778240327,False,0.22498348795382303
edges-corr,600,sfa,cosmoothed,787025148,778998620,False,0.6562536593141128
edges-corr,600,sfa,cosmoothed,787025148,779839471,False,0.7750918179546611
edges-corr,600,sfa,cosmoothed,787025148,781842082,False,0.13223783820247278
edges-corr,600,sfa,cosmoothed,787025148,787025148,True,0.990360253383041
edges-corr,600,sfa,cosmoothed,787025148,789848216,False,0.06274243264302244
edges-corr,600,sfa,cosmoothed,787025148,793224716,False,0.6755390709595462
edges-corr,600,sfa,cosmoothed,787025148,794812542,False,0.668463022512
edges-corr,600,sfa,cosmoothed,787025148,816200189,False,0.7563788658009944
edges-corr,600,sfa,cosmoothed,787025148,847657808,False,0.64935748435012
edges-corr,600,sfa,cosmoothed,789848216,766640955,False,0.32520533520001205
edges-corr,600,sfa,cosmoothed,789848216,767871931,False,0.4555001364952888
edges-corr,600,sfa,cosmoothed,789848216,771160300,False,0.47780287449175696
edges-corr,600,sfa,cosmoothed,789848216,771990200,False,0.22965190684333484
edges-corr,600,sfa,cosmoothed,789848216,774875821,False,0.12352060418997417
edges-corr,600,sfa,cosmoothed,789848216,778240327,False,0.031609406554648056
edges-corr,600,sfa,cosmoothed,789848216,778998620,False,0.31338942664462227
edges-corr,600,sfa,cosmoothed,789848216,779839471,False,0.7081434003356093
edges-corr,600,sfa,cosmoothed,789848216,781842082,False,0.0018144647592104868
edges-corr,600,sfa,cosmoothed,789848216,787025148,False,0.44475912951963087
edges-corr,600,sfa,cosmoothed,789848216,789848216,True,0.6763967622828606
edges-corr,600,sfa,cosmoothed,789848216,793224716,False,0.12906689161500334
edges-corr,600,sfa,cosmoothed,789848216,794812542,False,0.16149041973440964
edges-corr,600,sfa,cosmoothed,789848216,816200189,False,0.33953770585703624
edges-corr,600,sfa,cosmoothed,789848216,847657808,False,0.15946748395356894
edges-corr,600,sfa,cosmoothed,793224716,766640955,False,0.15957554520167055
edges-corr,600,sfa,cosmoothed,793224716,767871931,False,0.731243776908267
edges-corr,600,sfa,cosmoothed,793224716,771160300,False,0.9031852127623271
edges-corr,600,sfa,cosmoothed,793224716,771990200,False,0.7804424950228829
edges-corr,600,sfa,cosmoothed,793224716,774875821,False,0.12188387669556999
edges-corr,600,sfa,cosmoothed,793224716,778240327,False,0.2254863116614249
edges-corr,600,sfa,cosmoothed,793224716,778998620,False,0.8073025358429894
edges-corr,600,sfa,cosmoothed,793224716,779839471,False,0.720809926659066
edges-corr,600,sfa,cosmoothed,793224716,781842082,False,0.3441579241758604
edges-corr,600,sfa,cosmoothed,793224716,787025148,False,0.8969921599112938
edges-corr,600,sfa,cosmoothed,793224716,789848216,False,0.007544059775932432
edges-corr,600,sfa,cosmoothed,793224716,793224716,True,0.8115506267687266
edges-corr,600,sfa,cosmoothed,793224716,794812542,False,0.7633126198584856
edges-corr,600,sfa,cosmoothed,793224716,816200189,False,0.8121721489852775
edges-corr,600,sfa,cosmoothed,793224716,847657808,False,0.8331291087790687
edges-corr,600,sfa,cosmoothed,794812542,766640955,False,0.15557303773072292
edges-corr,600,sfa,cosmoothed,794812542,767871931,False,0.475923019557671
edges-corr,600,sfa,cosmoothed,794812542,771160300,False,0.7938713533910243
edges-corr,600,sfa,cosmoothed,794812542,771990200,False,0.5743268944357577
edges-corr,600,sfa,cosmoothed,794812542,774875821,False,0.05319682938096713
edges-corr,600,sfa,cosmoothed,794812542,778240327,False,0.14022829411184795
edges-corr,600,sfa,cosmoothed,794812542,778998620,False,0.5787404410953831
edges-corr,600,sfa,cosmoothed,794812542,779839471,False,0.6964649832831646
edges-corr,600,sfa,cosmoothed,794812542,781842082,False,0.1123099771648594
edges-corr,600,sfa,cosmoothed,794812542,787025148,False,0.8406680024196657
edges-corr,600,sfa,cosmoothed,794812542,789848216,False,0.007025718201409406
edges-corr,600,sfa,cosmoothed,794812542,793224716,False,0.6806475286862804
edges-corr,600,sfa,cosmoothed,794812542,794812542,True,0.8707478751647268
edges-corr,600,sfa,cosmoothed,794812542,816200189,False,0.5265397920837873
edges-corr,600,sfa,cosmoothed,794812542,847657808,False,0.6639764802653392
edges-corr,600,sfa,cosmoothed,816200189,766640955,False,0.11898343119338432
edges-corr,600,sfa,cosmoothed,816200189,767871931,False,0.7243039568886486
edges-corr,600,sfa,cosmoothed,816200189,771160300,False,0.5439923762214239
edges-corr,600,sfa,cosmoothed,816200189,771990200,False,0.7271909643474691
edges-corr,600,sfa,cosmoothed,816200189,774875821,False,0.4138737889834997
edges-corr,600,sfa,cosmoothed,816200189,778240327,False,0.4361174706806788
edges-corr,600,sfa,cosmoothed,816200189,778998620,False,0.719516758281575
edges-corr,600,sfa,cosmoothed,816200189,779839471,False,0.4097069038744792
edges-corr,600,sfa,cosmoothed,816200189,781842082,False,0.5425298942318889
edges-corr,600,sfa,cosmoothed,816200189,787025148,False,0.5863836773894157
edges-corr,600,sfa,cosmoothed,816200189,789848216,False,0.003337757647258807
edges-corr,600,sfa,cosmoothed,816200189,793224716,False,0.47338914269819254
edges-corr,600,sfa,cosmoothed,816200189,794812542,False,0.4058241337539024
edges-corr,600,sfa,cosmoothed,816200189,816200189,True,0.8132611599905143
edges-corr,600,sfa,cosmoothed,816200189,847657808,False,0.48636971293362485
edges-corr,600,sfa,cosmoothed,847657808,766640955,False,0.12657827500584298
edges-corr,600,sfa,cosmoothed,847657808,767871931,False,0.6502942586854251
edges-corr,600,sfa,cosmoothed,847657808,771160300,False,0.8103899003719928
edges-corr,600,sfa,cosmoothed,847657808,771990200,False,0.7685249199804965
edges-corr,600,sfa,cosmoothed,847657808,774875821,False,0.1279614336445486
edges-corr,600,sfa,cosmoothed,847657808,778240327,False,0.37422165466161916
edges-corr,600,sfa,cosmoothed,847657808,778998620,False,0.7482450345764531
edges-corr,600,sfa,cosmoothed,847657808,779839471,False,0.6030550977042256
edges-corr,600,sfa,cosmoothed,847657808,781842082,False,0.3707235035778043
edges-corr,600,sfa,cosmoothed,847657808,787025148,False,0.8717445324837662
edges-corr,600,sfa,cosmoothed,847657808,789848216,False,0.00266046444170469
edges-corr,600,sfa,cosmoothed,847657808,793224716,False,0.8477148962399063
edges-corr,600,sfa,cosmoothed,847657808,794812542,False,0.815748027855247
edges-corr,600,sfa,cosmoothed,847657808,816200189,False,0.7343147985110333
edges-corr,600,sfa,cosmoothed,847657808,847657808,True,0.8714048229240132
edges-corr,900,sfa,cosmoothed,766640955,766640955,True,0.2268728865292693
edges-corr,900,sfa,cosmoothed,766640955,767871931,False,0.8489066905965579
edges-corr,900,sfa,cosmoothed,766640955,771160300,False,0.6792741261623917
edges-corr,900,sfa,cosmoothed,766640955,771990200,False,0.7252791736353177
edges-corr,900,sfa,cosmoothed,766640955,774875821,False,0.5483556585762771
edges-corr,900,sfa,cosmoothed,766640955,778240327,False,0.07219087456305746
edges-corr,900,sfa,cosmoothed,766640955,778998620,False,0.7715508874497155
edges-corr,900,sfa,cosmoothed,766640955,779839471,False,0.5529001743124918
edges-corr,900,sfa,cosmoothed,766640955,781842082,False,0.6612187328489202
edges-corr,900,sfa,cosmoothed,766640955,787025148,False,0.5357997390047051
edges-corr,900,sfa,cosmoothed,766640955,789848216,False,0.0199542402401293
edges-corr,900,sfa,cosmoothed,766640955,793224716,False,0.23482432865896494
edges-corr,900,sfa,cosmoothed,766640955,794812542,False,0.5536104721270919
edges-corr,900,sfa,cosmoothed,766640955,816200189,False,0.6997697424081932
edges-corr,900,sfa,cosmoothed,766640955,847657808,False,0.5181736070969414
edges-corr,900,sfa,cosmoothed,767871931,766640955,False,0.38613231153860716
edges-corr,900,sfa,cosmoothed,767871931,767871931,True,0.9443439237441205
edges-corr,900,sfa,cosmoothed,767871931,771160300,False,0.7826038406745242
edges-corr,900,sfa,cosmoothed,767871931,771990200,False,0.8327384783940063
edges-corr,900,sfa,cosmoothed,767871931,774875821,False,0.6999120381107586
edges-corr,900,sfa,cosmoothed,767871931,778240327,False,0.15621328010862312
edges-corr,900,sfa,cosmoothed,767871931,778998620,False,0.8763113245362097
edges-corr,900,sfa,cosmoothed,767871931,779839471,False,0.6573950098959312
edges-corr,900,sfa,cosmoothed,767871931,781842082,False,0.6921374637831257
edges-corr,900,sfa,cosmoothed,767871931,787025148,False,0.6466003276525412
edges-corr,900,sfa,cosmoothed,767871931,789848216,False,0.000963260101623993
edges-corr,900,sfa,cosmoothed,767871931,793224716,False,0.34748321366344165
edges-corr,900,sfa,cosmoothed,767871931,794812542,False,0.6696534745925595
edges-corr,900,sfa,cosmoothed,767871931,816200189,False,0.805703476018336
edges-corr,900,sfa,cosmoothed,767871931,847657808,False,0.6549198805591224
edges-corr,900,sfa,cosmoothed,771160300,766640955,False,0.557444833289799
edges-corr,900,sfa,cosmoothed,771160300,767871931,False,0.8872868376375721
edges-corr,900,sfa,cosmoothed,771160300,771160300,True,0.9764161444076355
edges-corr,900,sfa,cosmoothed,771160300,771990200,False,0.9808812336489827
edges-corr,900,sfa,cosmoothed,771160300,774875821,False,0.7957552157323385
edges-corr,900,sfa,cosmoothed,771160300,778240327,False,0.3212755476442511
edges-corr,900,sfa,cosmoothed,771160300,778998620,False,0.9604483455136604
edges-corr,900,sfa,cosmoothed,771160300,779839471,False,0.8352245947951865
edges-corr,900,sfa,cosmoothed,771160300,781842082,False,0.4444409314918444
edges-corr,900,sfa,cosmoothed,771160300,787025148,False,0.8250005573034602
edges-corr,900,sfa,cosmoothed,771160300,789848216,False,0.06091841962120925
edges-corr,900,sfa,cosmoothed,771160300,793224716,False,0.5259215921019181
edges-corr,900,sfa,cosmoothed,771160300,794812542,False,0.8370817204348078
edges-corr,900,sfa,cosmoothed,771160300,816200189,False,0.863642315744386
edges-corr,900,sfa,cosmoothed,771160300,847657808,False,0.6775212741510174
edges-corr,900,sfa,cosmoothed,771990200,766640955,False,0.5756111966422548
edges-corr,900,sfa,cosmoothed,771990200,767871931,False,0.8708890657950834
edges-corr,900,sfa,cosmoothed,771990200,771160300,False,0.9762914281796253
edges-corr,900,sfa,cosmoothed,771990200,771990200,True,0.9939880952982455
edges-corr,900,sfa,cosmoothed,771990200,774875821,False,0.8172106062341689
edges-corr,900,sfa,cosmoothed,771990200,778240327,False,0.42124966287247345
edges-corr,900,sfa,cosmoothed,771990200,778998620,False,0.9559190117288867
edges-corr,900,sfa,cosmoothed,771990200,779839471,False,0.8636787585487999
edges-corr,900,sfa,cosmoothed,771990200,781842082,False,0.3932536887484693
edges-corr,900,sfa,cosmoothed,771990200,787025148,False,0.8658063606166221
edges-corr,900,sfa,cosmoothed,771990200,789848216,False,0.046169925119835455
edges-corr,900,sfa,cosmoothed,771990200,793224716,False,0.5281971169787631
edges-corr,900,sfa,cosmoothed,771990200,794812542,False,0.886092151984674
edges-corr,900,sfa,cosmoothed,771990200,816200189,False,0.8599436999861061
edges-corr,900,sfa,cosmoothed,771990200,847657808,False,0.6935060815617987
edges-corr,900,sfa,cosmoothed,774875821,766640955,False,0.34116900455054483
edges-corr,900,sfa,cosmoothed,774875821,767871931,False,0.8649003315392219
edges-corr,900,sfa,cosmoothed,774875821,771160300,False,0.8413587742285606
edges-corr,900,sfa,cosmoothed,774875821,771990200,False,0.8909265762670203
edges-corr,900,sfa,cosmoothed,774875821,774875821,True,0.8394205588316201
edges-corr,900,sfa,cosmoothed,774875821,778240327,False,0.25373852291861404
edges-corr,900,sfa,cosmoothed,774875821,778998620,False,0.909430069225479
edges-corr,900,sfa,cosmoothed,774875821,779839471,False,0.7115614763545698
edges-corr,900,sfa,cosmoothed,774875821,781842082,False,0.5159440463602418
edges-corr,900,sfa,cosmoothed,774875821,787025148,False,0.7436413623829923
edges-corr,900,sfa,cosmoothed,774875821,789848216,False,0.028480393635495517
edges-corr,900,sfa,cosmoothed,774875821,793224716,False,0.46615051997985807
edges-corr,900,sfa,cosmoothed,774875821,794812542,False,0.7641549860875243
edges-corr,900,sfa,cosmoothed,774875821,816200189,False,0.8108385786638563
edges-corr,900,sfa,cosmoothed,774875821,847657808,False,0.6640656408444241
edges-corr,900,sfa,cosmoothed,778240327,766640955,False,0.6276938440335647
edges-corr,900,sfa,cosmoothed,778240327,767871931,False,0.8295371408033654
edges-corr,900,sfa,cosmoothed,778240327,771160300,False,0.9599227704134288
edges-corr,900,sfa,cosmoothed,778240327,771990200,False,0.9584991622252061
edges-corr,900,sfa,cosmoothed,778240327,774875821,False,0.8184402419568491
edges-corr,900,sfa,cosmoothed,778240327,778240327,True,0.5664022039350168
edges-corr,900,sfa,cosmoothed,778240327,778998620,False,0.9362118169626388
edges-corr,900,sfa,cosmoothed,778240327,779839471,False,0.9559993504837073
edges-corr,900,sfa,cosmoothed,778240327,781842082,False,0.2233686039586713
edges-corr,900,sfa,cosmoothed,778240327,787025148,False,0.9514226622190537
edges-corr,900,sfa,cosmoothed,778240327,789848216,False,0.10301036508642293
edges-corr,900,sfa,cosmoothed,778240327,793224716,False,0.4884759268807849
edges-corr,900,sfa,cosmoothed,778240327,794812542,False,0.9416748915989727
edges-corr,900,sfa,cosmoothed,778240327,816200189,False,0.8239132136450887
edges-corr,900,sfa,cosmoothed,778240327,847657808,False,0.794477785473963
edges-corr,900,sfa,cosmoothed,778998620,766640955,False,0.5512713102275141
edges-corr,900,sfa,cosmoothed,778998620,767871931,False,0.8927685187795197
edges-corr,900,sfa,cosmoothed,778998620,771160300,False,0.894755054478636
edges-corr,900,sfa,cosmoothed,778998620,771990200,False,0.9203487231003117
edges-corr,900,sfa,cosmoothed,778998620,774875821,False,0.8009875542233039
edges-corr,900,sfa,cosmoothed,778998620,778240327,False,0.5147720346757745
edges-corr,900,sfa,cosmoothed,778998620,778998620,True,0.9465808145956043
edges-corr,900,sfa,cosmoothed,778998620,779839471,False,0.968139110772761
edges-corr,900,sfa,cosmoothed,778998620,781842082,False,0.24392409084414357
edges-corr,900,sfa,cosmoothed,778998620,787025148,False,0.9625138996038951
edges-corr,900,sfa,cosmoothed,778998620,789848216,False,0.09090005145546862
edges-corr,900,sfa,cosmoothed,778998620,793224716,False,0.33554377417924897
edges-corr,900,sfa,cosmoothed,778998620,794812542,False,0.9487461591490737
edges-corr,900,sfa,cosmoothed,778998620,816200189,False,0.863130553431961
edges-corr,900,sfa,cosmoothed,778998620,847657808,False,0.8808725937102219
edges-corr,900,sfa,cosmoothed,779839471,766640955,False,0.5552342102043033
edges-corr,900,sfa,cosmoothed,779839471,767871931,False,0.8568379145431305
edges-corr,900,sfa,cosmoothed,779839471,771160300,False,0.9238913148223183
edges-corr,900,sfa,cosmoothed,779839471,771990200,False,0.9457242798271716
edges-corr,900,sfa,cosmoothed,779839471,774875821,False,0.8023822401333351
edges-corr,900,sfa,cosmoothed,779839471,778240327,False,0.5562601109473625
edges-corr,900,sfa,cosmoothed,779839471,778998620,False,0.9435949550286648
edges-corr,900,sfa,cosmoothed,779839471,779839471,True,0.9590577230053858
edges-corr,900,sfa,cosmoothed,779839471,781842082,False,0.23945598255355138
edges-corr,900,sfa,cosmoothed,779839471,787025148,False,0.9730453060541943
edges-corr,900,sfa,cosmoothed,779839471,789848216,False,0.08452631081853605
edges-corr,900,sfa,cosmoothed,779839471,793224716,False,0.4115634178345803
edges-corr,900,sfa,cosmoothed,779839471,794812542,False,0.957202140804188
edges-corr,900,sfa,cosmoothed,779839471,816200189,False,0.8729001317671489
edges-corr,900,sfa,cosmoothed,779839471,847657808,False,0.8486988456892888
edges-corr,900,sfa,cosmoothed,781842082,766640955,False,0.07286367045562778
edges-corr,900,sfa,cosmoothed,781842082,767871931,False,0.5732351987032411
edges-corr,900,sfa,cosmoothed,781842082,771160300,False,0.37110036669150515
edges-corr,900,sfa,cosmoothed,781842082,771990200,False,0.42014787628000116
edges-corr,900,sfa,cosmoothed,781842082,774875821,False,0.30395378799734196
edges-corr,900,sfa,cosmoothed,781842082,778240327,False,0.001970638224596665
edges-corr,900,sfa,cosmoothed,781842082,778998620,False,0.4638405400281397
edges-corr,900,sfa,cosmoothed,781842082,779839471,False,0.19056049417934062
edges-corr,900,sfa,cosmoothed,781842082,781842082,True,0.9796401672998023
edges-corr,900,sfa,cosmoothed,781842082,787025148,False,0.20624169520226843
edges-corr,900,sfa,cosmoothed,781842082,789848216,False,0.06449791937603079
edges-corr,900,sfa,cosmoothed,781842082,793224716,False,0.18227095877992414
edges-corr,900,sfa,cosmoothed,781842082,794812542,False,0.22729737951367168
edges-corr,900,sfa,cosmoothed,781842082,816200189,False,0.5001869645627937
edges-corr,900,sfa,cosmoothed,781842082,847657808,False,0.23663760572269207
edges-corr,900,sfa,cosmoothed,787025148,766640955,False,0.5292191404816131
edges-corr,900,sfa,cosmoothed,787025148,767871931,False,0.7009217705066777
edges-corr,900,sfa,cosmoothed,787025148,771160300,False,0.8737901059416725
edges-corr,900,sfa,cosmoothed,787025148,771990200,False,0.866347157416537
edges-corr,900,sfa,cosmoothed,787025148,774875821,False,0.7471481334385826
edges-corr,900,sfa,cosmoothed,787025148,778240327,False,0.6555585572032544
edges-corr,900,sfa,cosmoothed,787025148,778998620,False,0.8490107471077897
edges-corr,900,sfa,cosmoothed,787025148,779839471,False,0.9529671509729303
edges-corr,900,sfa,cosmoothed,787025148,781842082,False,0.0959994849307421
edges-corr,900,sfa,cosmoothed,787025148,787025148,True,0.9815423385757526
edges-corr,900,sfa,cosmoothed,787025148,789848216,False,0.1852416222056026
edges-corr,900,sfa,cosmoothed,787025148,793224716,False,0.3930756915149496
edges-corr,900,sfa,cosmoothed,787025148,794812542,False,0.9277798569362553
edges-corr,900,sfa,cosmoothed,787025148,816200189,False,0.7605005847319087
edges-corr,900,sfa,cosmoothed,787025148,847657808,False,0.7695451651378938
edges-corr,900,sfa,cosmoothed,789848216,766640955,False,0.5024030568322446
edges-corr,900,sfa,cosmoothed,789848216,767871931,False,0.6198413239001348
edges-corr,900,sfa,cosmoothed,789848216,771160300,False,0.7764646273415802
edges-corr,900,sfa,cosmoothed,789848216,771990200,False,0.7463979679847615
edges-corr,900,sfa,cosmoothed,789848216,774875821,False,0.6110741867909489
edges-corr,900,sfa,cosmoothed,789848216,778240327,False,0.44671046567063477
edges-corr,900,sfa,cosmoothed,789848216,778998620,False,0.7578730338025602
edges-corr,900,sfa,cosmoothed,789848216,779839471,False,0.8788395862217219
edges-corr,900,sfa,cosmoothed,789848216,781842082,False,0.04931846523770019
edges-corr,900,sfa,cosmoothed,789848216,787025148,False,0.8322515348480514
edges-corr,900,sfa,cosmoothed,789848216,789848216,True,0.4771288941046278
edges-corr,900,sfa,cosmoothed,789848216,793224716,False,0.2583013993043855
edges-corr,900,sfa,cosmoothed,789848216,794812542,False,0.7832861097754793
edges-corr,900,sfa,cosmoothed,789848216,816200189,False,0.5985117649423121
edges-corr,900,sfa,cosmoothed,789848216,847657808,False,0.6013885568114031
edges-corr,900,sfa,cosmoothed,793224716,766640955,False,0.49583085729925525
edges-corr,900,sfa,cosmoothed,793224716,767871931,False,0.553683605804394
edges-corr,900,sfa,cosmoothed,793224716,771160300,False,0.8140621710021859
edges-corr,900,sfa,cosmoothed,793224716,771990200,False,0.8107947907682588
edges-corr,900,sfa,cosmoothed,793224716,774875821,False,0.689048508589273
edges-corr,900,sfa,cosmoothed,793224716,778240327,False,0.34028609432648466
edges-corr,900,sfa,cosmoothed,793224716,778998620,False,0.7016257434616929
edges-corr,900,sfa,cosmoothed,793224716,779839471,False,0.5599432653510317
edges-corr,900,sfa,cosmoothed,793224716,781842082,False,0.34817473382555564
edges-corr,900,sfa,cosmoothed,793224716,787025148,False,0.5879548140049828
edges-corr,900,sfa,cosmoothed,793224716,789848216,False,0.015459789696194545
edges-corr,900,sfa,cosmoothed,793224716,793224716,True,0.8503980556862745
edges-corr,900,sfa,cosmoothed,793224716,794812542,False,0.630759751142196
edges-corr,900,sfa,cosmoothed,793224716,816200189,False,0.6122826543829976
edges-corr,900,sfa,cosmoothed,793224716,847657808,False,0.41020320738885685
edges-corr,900,sfa,cosmoothed,794812542,766640955,False,0.574242300549889
edges-corr,900,sfa,cosmoothed,794812542,767871931,False,0.7888288284848295
edges-corr,900,sfa,cosmoothed,794812542,771160300,False,0.8266292089301539
edges-corr,900,sfa,cosmoothed,794812542,771990200,False,0.8355992190159812
edges-corr,900,sfa,cosmoothed,794812542,774875821,False,0.6922034122446282
edges-corr,900,sfa,cosmoothed,794812542,778240327,False,0.5817543018485584
edges-corr,900,sfa,cosmoothed,794812542,778998620,False,0.8617562689637209
edges-corr,900,sfa,cosmoothed,794812542,779839471,False,0.9649031805711982
edges-corr,900,sfa,cosmoothed,794812542,781842082,False,0.13910420299076368
edges-corr,900,sfa,cosmoothed,794812542,787025148,False,0.9348977708485395
edges-corr,900,sfa,cosmoothed,794812542,789848216,False,0.13340952803118863
edges-corr,900,sfa,cosmoothed,794812542,793224716,False,0.2399350601860001
edges-corr,900,sfa,cosmoothed,794812542,794812542,True,0.9447558911888542
edges-corr,900,sfa,cosmoothed,794812542,816200189,False,0.7633367960976194
edges-corr,900,sfa,cosmoothed,794812542,847657808,False,0.7976187164795832
edges-corr,900,sfa,cosmoothed,816200189,766640955,False,0.25248529678450227
edges-corr,900,sfa,cosmoothed,816200189,767871931,False,0.8201394212315097
edges-corr,900,sfa,cosmoothed,816200189,771160300,False,0.7550435506132619
edges-corr,900,sfa,cosmoothed,816200189,771990200,False,0.7994242573885538
edges-corr,900,sfa,cosmoothed,816200189,774875821,False,0.6824962236149655
edges-corr,900,sfa,cosmoothed,816200189,778240327,False,0.18377270185815286
edges-corr,900,sfa,cosmoothed,816200189,778998620,False,0.8588666210431097
edges-corr,900,sfa,cosmoothed,816200189,779839471,False,0.6189492588710945
edges-corr,900,sfa,cosmoothed,816200189,781842082,False,0.5942687050036999
edges-corr,900,sfa,cosmoothed,816200189,787025148,False,0.691739253505476
edges-corr,900,sfa,cosmoothed,816200189,789848216,False,0.0025269579231874135
edges-corr,900,sfa,cosmoothed,816200189,793224716,False,0.3712082698435652
edges-corr,900,sfa,cosmoothed,816200189,794812542,False,0.6936301342551431
edges-corr,900,sfa,cosmoothed,816200189,816200189,True,0.8652237412242578
edges-corr,900,sfa,cosmoothed,816200189,847657808,False,0.6183938884266486
edges-corr,900,sfa,cosmoothed,847657808,766640955,False,0.4475501741363662
edges-corr,900,sfa,cosmoothed,847657808,767871931,False,0.8383486196172274
edges-corr,900,sfa,cosmoothed,847657808,771160300,False,0.8234858005865451
edges-corr,900,sfa,cosmoothed,847657808,771990200,False,0.8544887221230237
edges-corr,900,sfa,cosmoothed,847657808,774875821,False,0.7668899516254819
edges-corr,900,sfa,cosmoothed,847657808,778240327,False,0.5485264164838611
edges-corr,900,sfa,cosmoothed,847657808,778998620,False,0.8907338456538891
edges-corr,900,sfa,cosmoothed,847657808,779839471,False,0.9374401477684587
edges-corr,900,sfa,cosmoothed,847657808,781842082,False,0.19411817662992267
edges-corr,900,sfa,cosmoothed,847657808,787025148,False,0.9669090665811038
edges-corr,900,sfa,cosmoothed,847657808,789848216,False,0.0800824214626075
edges-corr,900,sfa,cosmoothed,847657808,793224716,False,0.2983349038636176
edges-corr,900,sfa,cosmoothed,847657808,794812542,False,0.9206568946069903
edges-corr,900,sfa,cosmoothed,847657808,816200189,False,0.8386914628441681
edges-corr,900,sfa,cosmoothed,847657808,847657808,True,0.929451107265767
node-var,1,sfa,cosmoothed,766640955,766640955,True,0.08967421190501852
node-var,1,sfa,cosmoothed,766640955,767871931,False,4.6951232711978226e-05
node-var,1,sfa,cosmoothed,766640955,771160300,False,6.934928864488656e-05
node-var,1,sfa,cosmoothed,766640955,771990200,False,0.004877637798917358
node-var,1,sfa,cosmoothed,766640955,774875821,False,4.773516487104396e-06
node-var,1,sfa,cosmoothed,766640955,778240327,False,0.0007142502994130145
node-var,1,sfa,cosmoothed,766640955,778998620,False,0.006048769624625571
node-var,1,sfa,cosmoothed,766640955,779839471,False,0.0006226402206322223
node-var,1,sfa,cosmoothed,766640955,781842082,False,0.0017756135512936593
node-var,1,sfa,cosmoothed,766640955,787025148,False,0.00016874654840811945
node-var,1,sfa,cosmoothed,766640955,789848216,False,0.0007952701168563766
node-var,1,sfa,cosmoothed,766640955,793224716,False,0.0001011539738695163
node-var,1,sfa,cosmoothed,766640955,794812542,False,0.0027659997750356657
node-var,1,sfa,cosmoothed,766640955,816200189,False,0.0072298416158305895
node-var,1,sfa,cosmoothed,766640955,847657808,False,0.005788092715823852
node-var,1,sfa,cosmoothed,767871931,766640955,False,0.007202462473524839
node-var,1,sfa,cosmoothed,767871931,767871931,True,0.24906551715207406
node-var,1,sfa,cosmoothed,767871931,771160300,False,5.928662145575318e-07
node-var,1,sfa,cosmoothed,767871931,771990200,False,0.028168865703812697
node-var,1,sfa,cosmoothed,767871931,774875821,False,0.009313393255557367
node-var,1,sfa,cosmoothed,767871931,778240327,False,0.0026407663715185595
node-var,1,sfa,cosmoothed,767871931,778998620,False,0.059019499117405075
node-var,1,sfa,cosmoothed,767871931,779839471,False,0.0035457013719318664
node-var,1,sfa,cosmoothed,767871931,781842082,False,0.03153731550418502
node-var,1,sfa,cosmoothed,767871931,787025148,False,0.0024764211376903894
node-var,1,sfa,cosmoothed,767871931,789848216,False,0.0014609953416332446
node-var,1,sfa,cosmoothed,767871931,793224716,False,0.011349708344964049
node-var,1,sfa,cosmoothed,767871931,794812542,False,0.0074670778821100126
node-var,1,sfa,cosmoothed,767871931,816200189,False,9.178009570230501e-05
node-var,1,sfa,cosmoothed,767871931,847657808,False,0.0009721554973787269
node-var,1,sfa,cosmoothed,771160300,766640955,False,0.01586367040727715
node-var,1,sfa,cosmoothed,771160300,767871931,False,0.034319548170755325
node-var,1,sfa,cosmoothed,771160300,771160300,True,0.19031347798830514
node-var,1,sfa,cosmoothed,771160300,771990200,False,0.03632896515470285
node-var,1,sfa,cosmoothed,771160300,774875821,False,5.583162502099219e-05
node-var,1,sfa,cosmoothed,771160300,778240327,False,0.0082177065799078
node-var,1,sfa,cosmoothed,771160300,778998620,False,0.07935569788104797
node-var,1,sfa,cosmoothed,771160300,779839471,False,0.055336722116080775
node-var,1,sfa,cosmoothed,771160300,781842082,False,0.003675656947670044
node-var,1,sfa,cosmoothed,771160300,787025148,False,0.04103756625931148
node-var,1,sfa,cosmoothed,771160300,789848216,False,0.0007509629343366603
node-var,1,sfa,cosmoothed,771160300,793224716,False,0.003297676984966327
node-var,1,sfa,cosmoothed,771160300,794812542,False,0.013939042857978767
node-var,1,sfa,cosmoothed,771160300,816200189,False,0.0014193971305249773
node-var,1,sfa,cosmoothed,771160300,847657808,False,0.014472641070449455
node-var,1,sfa,cosmoothed,771990200,766640955,False,0.014881317195976665
node-var,1,sfa,cosmoothed,771990200,767871931,False,0.05461222223453695
node-var,1,sfa,cosmoothed,771990200,771160300,False,0.019357795037510506
node-var,1,sfa,cosmoothed,771990200,771990200,True,0.1785422932857889
node-var,1,sfa,cosmoothed,771990200,774875821,False,0.0009887616718101525
node-var,1,sfa,cosmoothed,771990200,778240327,False,0.001180751802594917
node-var,1,sfa,cosmoothed,771990200,778998620,False,0.10153659368786139
node-var,1,sfa,cosmoothed,771990200,779839471,False,0.04490665769088203
node-var,1,sfa,cosmoothed,771990200,781842082,False,0.028614194801723628
node-var,1,sfa,cosmoothed,771990200,787025148,False,0.028329960906662444
node-var,1,sfa,cosmoothed,771990200,789848216,False,0.0010159628394211138
node-var,1,sfa,cosmoothed,771990200,793224716,False,0.0011885866898963596
node-var,1,sfa,cosmoothed,771990200,794812542,False,0.0026531275079914934
node-var,1,sfa,cosmoothed,771990200,816200189,False,0.01395119016053795
node-var,1,sfa,cosmoothed,771990200,847657808,False,0.0014482480755956273
node-var,1,sfa,cosmoothed,774875821,766640955,False,0.0007935247256676865
node-var,1,sfa,cosmoothed,774875821,767871931,False,0.004713834009493309
node-var,1,sfa,cosmoothed,774875821,771160300,False,0.004356259491944088
node-var,1,sfa,cosmoothed,774875821,771990200,False,0.008973786115138414
node-var,1,sfa,cosmoothed,774875821,774875821,True,0.16643801666904198
node-var,1,sfa,cosmoothed,774875821,778240327,False,0.0015045449715916008
node-var,1,sfa,cosmoothed,774875821,778998620,False,0.010420825236413024
node-var,1,sfa,cosmoothed,774875821,779839471,False,0.0005030471456385239
node-var,1,sfa,cosmoothed,774875821,781842082,False,0.0009261942081993326
node-var,1,sfa,cosmoothed,774875821,787025148,False,0.00010731202853140046
node-var,1,sfa,cosmoothed,774875821,789848216,False,0.0023719641224994557
node-var,1,sfa,cosmoothed,774875821,793224716,False,0.004907987828066272
node-var,1,sfa,cosmoothed,774875821,794812542,False,2.0236004908577265e-05
node-var,1,sfa,cosmoothed,774875821,816200189,False,0.0016870316155334331
node-var,1,sfa,cosmoothed,774875821,847657808,False,0.004975287137372238
node-var,1,sfa,cosmoothed,778240327,766640955,False,0.002553770733487813
node-var,1,sfa,cosmoothed,778240327,767871931,False,3.739588065076018e-05
node-var,1,sfa,cosmoothed,778240327,771160300,False,0.0004863666818632547
node-var,1,sfa,cosmoothed,778240327,771990200,False,0.00596385216199843
node-var,1,sfa,cosmoothed,778240327,774875821,False,0.0030660135542384392
node-var,1,sfa,cosmoothed,778240327,778240327,True,0.32205253581719745
node-var,1,sfa,cosmoothed,778240327,778998620,False,0.00021316542060571643
node-var,1,sfa,cosmoothed,778240327,779839471,False,0.000489909647313264
node-var,1,sfa,cosmoothed,778240327,781842082,False,9.611367803250283e-05
node-var,1,sfa,cosmoothed,778240327,787025148,False,0.007821372083870225
node-var,1,sfa,cosmoothed,778240327,789848216,False,0.007786552635428955
node-var,1,sfa,cosmoothed,778240327,793224716,False,0.0020196164266346466
node-var,1,sfa,cosmoothed,778240327,794812542,False,0.00017920759414661498
node-var,1,sfa,cosmoothed,778240327,816200189,False,0.0001869194878451668
node-var,1,sfa,cosmoothed,778240327,847657808,False,0.001873761746899428
node-var,1,sfa,cosmoothed,778998620,766640955,False,0.01681740271441565
node-var,1,sfa,cosmoothed,778998620,767871931,False,0.0761022733679241
node-var,1,sfa,cosmoothed,778998620,771160300,False,0.05188999738793092
node-var,1,sfa,cosmoothed,778998620,771990200,False,0.05311540046271617
node-var,1,sfa,cosmoothed,778998620,774875821,False,0.008660606479681353
node-var,1,sfa,cosmoothed,778998620,778240327,False,0.0004607343532014576
node-var,1,sfa,cosmoothed,778998620,778998620,True,0.33047220469047733
node-var,1,sfa,cosmoothed,778998620,779839471,False,0.052798658155377154
node-var,1,sfa,cosmoothed,778998620,781842082,False,0.010978524824875997
node-var,1,sfa,cosmoothed,778998620,787025148,False,0.039562359243025855
node-var,1,sfa,cosmoothed,778998620,789848216,False,0.0003659022477816133
node-var,1,sfa,cosmoothed,778998620,793224716,False,0.004171897001401597
node-var,1,sfa,cosmoothed,778998620,794812542,False,0.02236743060565134
node-var,1,sfa,cosmoothed,778998620,816200189,False,0.023651100561318607
node-var,1,sfa,cosmoothed,778998620,847657808,False,0.018484256697502973
node-var,1,sfa,cosmoothed,779839471,766640955,False,0.004402008706848549
node-var,1,sfa,cosmoothed,779839471,767871931,False,0.004456246122568279
node-var,1,sfa,cosmoothed,779839471,771160300,False,0.026391473612292844
node-var,1,sfa,cosmoothed,779839471,771990200,False,0.04581953542104784
node-var,1,sfa,cosmoothed,779839471,774875821,False,0.0002965727089904395
node-var,1,sfa,cosmoothed,779839471,778240327,False,0.0033322576274062775
node-var,1,sfa,cosmoothed,779839471,778998620,False,0.08399152767599671
node-var,1,sfa,cosmoothed,779839471,779839471,True,0.18892829842824418
node-var,1,sfa,cosmoothed,779839471,781842082,False,4.4729331149829426e-05
node-var,1,sfa,cosmoothed,779839471,787025148,False,0.03598572785347153
node-var,1,sfa,cosmoothed,779839471,789848216,False,3.379374388345092e-05
node-var,1,sfa,cosmoothed,779839471,793224716,False,0.0032512916894742784
node-var,1,sfa,cosmoothed,779839471,794812542,False,0.010372009813045039
node-var,1,sfa,cosmoothed,779839471,816200189,False,0.01802123613424423
node-var,1,sfa,cosmoothed,779839471,847657808,False,0.021442604534564196
node-var,1,sfa,cosmoothed,781842082,766640955,False,0.0071121633294286895
node-var,1,sfa,cosmoothed,781842082,767871931,False,0.044550169240504714
node-var,1,sfa,cosmoothed,781842082,771160300,False,0.00501040261587902
node-var,1,sfa,cosmoothed,781842082,771990200,False,0.012816641103759501
node-var,1,sfa,cosmoothed,781842082,774875821,False,0.0011794778368604375
node-var,1,sfa,cosmoothed,781842082,778240327,False,0.0012703812879895674
node-var,1,sfa,cosmoothed,781842082,778998620,False,0.0016688772851979107
node-var,1,sfa,cosmoothed,781842082,779839471,False,0.0019629687075824274
node-var,1,sfa,cosmoothed,781842082,781842082,True,0.31180143415508765
node-var,1,sfa,cosmoothed,781842082,787025148,False,0.0022160281392852367
node-var,1,sfa,cosmoothed,781842082,789848216,False,0.00915040383519634
node-var,1,sfa,cosmoothed,781842082,793224716,False,0.004888531807800874
node-var,1,sfa,cosmoothed,781842082,794812542,False,0.00013972200879348837
node-var,1,sfa,cosmoothed,781842082,816200189,False,0.011997740898163986
node-var,1,sfa,cosmoothed,781842082,847657808,False,0.004336224644245393
node-var,1,sfa,cosmoothed,787025148,766640955,False,4.416906981707762e-05
node-var,1,sfa,cosmoothed,787025148,767871931,False,0.0008092378325002482
node-var,1,sfa,cosmoothed,787025148,771160300,False,1.875495713437106e-05
node-var,1,sfa,cosmoothed,787025148,771990200,False,0.0033286591124403347
node-var,1,sfa,cosmoothed,787025148,774875821,False,0.00011366081371704358
node-var,1,sfa,cosmoothed,787025148,778240327,False,0.004176874263847287
node-var,1,sfa,cosmoothed,787025148,778998620,False,0.0049673566259509335
node-var,1,sfa,cosmoothed,787025148,779839471,False,0.006146855608978099
node-var,1,sfa,cosmoothed,787025148,781842082,False,0.000651011868464666
node-var,1,sfa,cosmoothed,787025148,787025148,True,0.04985735114308532
node-var,1,sfa,cosmoothed,787025148,789848216,False,9.274270248381896e-05
node-var,1,sfa,cosmoothed,787025148,793224716,False,3.963038910672466e-06
node-var,1,sfa,cosmoothed,787025148,794812542,False,0.002563847245855997
node-var,1,sfa,cosmoothed,787025148,816200189,False,0.0006080781674624117
node-var,1,sfa,cosmoothed,787025148,847657808,False,0.0004852751703214214
node-var,1,sfa,cosmoothed,789848216,766640955,False,0.0067558798818579185
node-var,1,sfa,cosmoothed,789848216,767871931,False,0.00996990277198471
node-var,1,sfa,cosmoothed,789848216,771160300,False,0.0015458295223118432
node-var,1,sfa,cosmoothed,789848216,771990200,False,0.009688218382963442
node-var,1,sfa,cosmoothed,789848216,774875821,False,0.003121803365827544
node-var,1,sfa,cosmoothed,789848216,778240327,False,0.000539611990851301
node-var,1,sfa,cosmoothed,789848216,778998620,False,0.013852200606160535
node-var,1,sfa,cosmoothed,789848216,779839471,False,0.009548006813327804
node-var,1,sfa,cosmoothed,789848216,781842082,False,0.002632405599673071
node-var,1,sfa,cosmoothed,789848216,787025148,False,0.0050648261393178885
node-var,1,sfa,cosmoothed,789848216,789848216,True,0.2221477970963776
node-var,1,sfa,cosmoothed,789848216,793224716,False,5.902284603900039e-06
node-var,1,sfa,cosmoothed,789848216,794812542,False,0.00015339758882048808
node-var,1,sfa,cosmoothed,789848216,816200189,False,0.0005198413096104135
node-var,1,sfa,cosmoothed,789848216,847657808,False,0.0036513962689777592
node-var,1,sfa,cosmoothed,793224716,766640955,False,0.0008178583238695885
node-var,1,sfa,cosmoothed,793224716,767871931,False,0.01799197369302614
node-var,1,sfa,cosmoothed,793224716,771160300,False,0.009133379752015844
node-var,1,sfa,cosmoothed,793224716,771990200,False,0.00032355862098598306
node-var,1,sfa,cosmoothed,793224716,774875821,False,0.0008054402239616675
node-var,1,sfa,cosmoothed,793224716,778240327,False,0.0001492974730808215
node-var,1,sfa,cosmoothed,793224716,778998620,False,0.00045638473763153935
node-var,1,sfa,cosmoothed,793224716,779839471,False,0.0027398688098254557
node-var,1,sfa,cosmoothed,793224716,781842082,False,0.007772097669090357
node-var,1,sfa,cosmoothed,793224716,787025148,False,0.0019253719901215739
node-var,1,sfa,cosmoothed,793224716,789848216,False,0.0009525843002493667
node-var,1,sfa,cosmoothed,793224716,793224716,True,0.296018581883375
node-var,1,sfa,cosmoothed,793224716,794812542,False,0.003792049569883872
node-var,1,sfa,cosmoothed,793224716,816200189,False,0.0008865232439007621
node-var,1,sfa,cosmoothed,793224716,847657808,False,0.013220707837706234
node-var,1,sfa,cosmoothed,794812542,766640955,False,0.008102405440662916
node-var,1,sfa,cosmoothed,794812542,767871931,False,0.00011578474714532025
node-var,1,sfa,cosmoothed,794812542,771160300,False,0.0010777554044529701
node-var,1,sfa,cosmoothed,794812542,771990200,False,0.015089710429407899
node-var,1,sfa,cosmoothed,794812542,774875821,False,0.007032910971349172
node-var,1,sfa,cosmoothed,794812542,778240327,False,0.0020647302780374514
node-var,1,sfa,cosmoothed,794812542,778998620,False,0.024443672084962134
node-var,1,sfa,cosmoothed,794812542,779839471,False,0.021125503149749137
node-var,1,sfa,cosmoothed,794812542,781842082,False,0.00039752799979385047
node-var,1,sfa,cosmoothed,794812542,787025148,False,0.018503480449359608
node-var,1,sfa,cosmoothed,794812542,789848216,False,0.0030889214910721475
node-var,1,sfa,cosmoothed,794812542,793224716,False,0.004818701889675704
node-var,1,sfa,cosmoothed,794812542,794812542,True,0.32766369269627466
node-var,1,sfa,cosmoothed,794812542,816200189,False,0.003948251769528495
node-var,1,sfa,cosmoothed,794812542,847657808,False,0.008987503443657304
node-var,1,sfa,cosmoothed,816200189,766640955,False,0.007769965963048902
node-var,1,sfa,cosmoothed,816200189,767871931,False,0.0028951849822747514
node-var,1,sfa,cosmoothed,816200189,771160300,False,0.00039350256016870396
node-var,1,sfa,cosmoothed,816200189,771990200,False,1.0320584242518341e-06
node-var,1,sfa,cosmoothed,816200189,774875821,False,0.005046405397359224
node-var,1,sfa,cosmoothed,816200189,778240327,False,0.017787645861986598
node-var,1,sfa,cosmoothed,816200189,778998620,False,0.004521897199145756
node-var,1,sfa,cosmoothed,816200189,779839471,False,1.4674619351763878e-05
node-var,1,sfa,cosmoothed,816200189,781842082,False,0.00477268525013614
node-var,1,sfa,cosmoothed,816200189,787025148,False,0.009080011496855238
node-var,1,sfa,cosmoothed,816200189,789848216,False,0.0013185804108998154
node-var,1,sfa,cosmoothed,816200189,793224716,False,0.00012846100406087464
node-var,1,sfa,cosmoothed,816200189,794812542,False,0.0025708885201411544
node-var,1,sfa,cosmoothed,816200189,816200189,True,0.10337913813234297
node-var,1,sfa,cosmoothed,816200189,847657808,False,0.0036121285423214144
node-var,1,sfa,cosmoothed,847657808,766640955,False,0.012585571895777699
node-var,1,sfa,cosmoothed,847657808,767871931,False,0.0012271203738093675
node-var,1,sfa,cosmoothed,847657808,771160300,False,0.0002775104405794809
node-var,1,sfa,cosmoothed,847657808,771990200,False,0.002390525373554236
node-var,1,sfa,cosmoothed,847657808,774875821,False,0.0015351102583886819
node-var,1,sfa,cosmoothed,847657808,778240327,False,0.006288599485775377
node-var,1,sfa,cosmoothed,847657808,778998620,False,0.005414144600543538
node-var,1,sfa,cosmoothed,847657808,779839471,False,0.005698829826070002
node-var,1,sfa,cosmoothed,847657808,781842082,False,0.005278760070952239
node-var,1,sfa,cosmoothed,847657808,787025148,False,0.040836905264595776
node-var,1,sfa,cosmoothed,847657808,789848216,False,0.013497070260386913
node-var,1,sfa,cosmoothed,847657808,793224716,False,0.007832775306208491
node-var,1,sfa,cosmoothed,847657808,794812542,False,0.011825678385828018
node-var,1,sfa,cosmoothed,847657808,816200189,False,0.01067961431337115
node-var,1,sfa,cosmoothed,847657808,847657808,True,0.1760711379251053
node-var,2,sfa,cosmoothed,766640955,766640955,True,0.14320144621773692
node-var,2,sfa,cosmoothed,766640955,767871931,False,4.068314127252516e-05
node-var,2,sfa,cosmoothed,766640955,771160300,False,6.418524517664366e-05
node-var,2,sfa,cosmoothed,766640955,771990200,False,0.009984894273698945
node-var,2,sfa,cosmoothed,766640955,774875821,False,6.671053223380814e-05
node-var,2,sfa,cosmoothed,766640955,778240327,False,0.0012752410498991901
node-var,2,sfa,cosmoothed,766640955,778998620,False,0.010905968673010635
node-var,2,sfa,cosmoothed,766640955,779839471,False,0.0011961988731584393
node-var,2,sfa,cosmoothed,766640955,781842082,False,0.0028701406502490115
node-var,2,sfa,cosmoothed,766640955,787025148,False,0.00015776289302844946
node-var,2,sfa,cosmoothed,766640955,789848216,False,0.0015621380708166683
node-var,2,sfa,cosmoothed,766640955,793224716,False,0.0002718000299088602
node-var,2,sfa,cosmoothed,766640955,794812542,False,0.004882781196849234
node-var,2,sfa,cosmoothed,766640955,816200189,False,0.012092351004978205
node-var,2,sfa,cosmoothed,766640955,847657808,False,0.010787845481603829
node-var,2,sfa,cosmoothed,767871931,766640955,False,0.010623624654909227
node-var,2,sfa,cosmoothed,767871931,767871931,True,0.36707827319529474
node-var,2,sfa,cosmoothed,767871931,771160300,False,1.7345280255078557e-06
node-var,2,sfa,cosmoothed,767871931,771990200,False,0.0417526391024539
node-var,2,sfa,cosmoothed,767871931,774875821,False,0.015518886199376983
node-var,2,sfa,cosmoothed,767871931,778240327,False,0.004064643933407076
node-var,2,sfa,cosmoothed,767871931,778998620,False,0.08941169582435417
node-var,2,sfa,cosmoothed,767871931,779839471,False,0.005747005086222817
node-var,2,sfa,cosmoothed,767871931,781842082,False,0.04752914090744965
node-var,2,sfa,cosmoothed,767871931,787025148,False,0.004692144179906681
node-var,2,sfa,cosmoothed,767871931,789848216,False,0.0019648209682288195
node-var,2,sfa,cosmoothed,767871931,793224716,False,0.018198044386048624
node-var,2,sfa,cosmoothed,767871931,794812542,False,0.010475911536069717
node-var,2,sfa,cosmoothed,767871931,816200189,False,4.4336259772790325e-05
node-var,2,sfa,cosmoothed,767871931,847657808,False,0.0017247080663661868
node-var,2,sfa,cosmoothed,771160300,766640955,False,0.023061707764198403
node-var,2,sfa,cosmoothed,771160300,767871931,False,0.04787612577080882
node-var,2,sfa,cosmoothed,771160300,771160300,True,0.24062080882431622
node-var,2,sfa,cosmoothed,771160300,771990200,False,0.05030136186430407
node-var,2,sfa,cosmoothed,771160300,774875821,False,5.2551821542590005e-05
node-var,2,sfa,cosmoothed,771160300,778240327,False,0.011239951786515382
node-var,2,sfa,cosmoothed,771160300,778998620,False,0.10781698346678097
node-var,2,sfa,cosmoothed,771160300,779839471,False,0.07670853955701604
node-var,2,sfa,cosmoothed,771160300,781842082,False,0.005109701184019379
node-var,2,sfa,cosmoothed,771160300,787025148,False,0.05362911754066756
node-var,2,sfa,cosmoothed,771160300,789848216,False,0.0010830535391749027
node-var,2,sfa,cosmoothed,771160300,793224716,False,0.004533089164308268
node-var,2,sfa,cosmoothed,771160300,794812542,False,0.019651230885202327
node-var,2,sfa,cosmoothed,771160300,816200189,False,0.0022656026738179995
node-var,2,sfa,cosmoothed,771160300,847657808,False,0.019892640756446884
node-var,2,sfa,cosmoothed,771990200,766640955,False,0.022977636045258168
node-var,2,sfa,cosmoothed,771990200,767871931,False,0.08828609765582039
node-var,2,sfa,cosmoothed,771990200,771160300,False,0.0298880415816346
node-var,2,sfa,cosmoothed,771990200,771990200,True,0.26376322757624193
node-var,2,sfa,cosmoothed,771990200,774875821,False,0.001464697405259649
node-var,2,sfa,cosmoothed,771990200,778240327,False,0.002009652577668459
node-var,2,sfa,cosmoothed,771990200,778998620,False,0.16017858378223207
node-var,2,sfa,cosmoothed,771990200,779839471,False,0.07208627180486193
node-var,2,sfa,cosmoothed,771990200,781842082,False,0.04735914448307996
node-var,2,sfa,cosmoothed,771990200,787025148,False,0.0429231003121416
node-var,2,sfa,cosmoothed,771990200,789848216,False,0.0016271133179714202
node-var,2,sfa,cosmoothed,771990200,793224716,False,0.002207536918628201
node-var,2,sfa,cosmoothed,771990200,794812542,False,0.003884075017378377
node-var,2,sfa,cosmoothed,771990200,816200189,False,0.021969515562730316
node-var,2,sfa,cosmoothed,771990200,847657808,False,0.002235537776547905
node-var,2,sfa,cosmoothed,774875821,766640955,False,0.0010311441810876027
node-var,2,sfa,cosmoothed,774875821,767871931,False,0.009095648992393852
node-var,2,sfa,cosmoothed,774875821,771160300,False,0.007198286594305038
node-var,2,sfa,cosmoothed,774875821,771990200,False,0.01547119733000878
node-var,2,sfa,cosmoothed,774875821,774875821,True,0.26487378383750215
node-var,2,sfa,cosmoothed,774875821,778240327,False,0.002318343137542788
node-var,2,sfa,cosmoothed,774875821,778998620,False,0.01760402987866879
node-var,2,sfa,cosmoothed,774875821,779839471,False,0.0009425497682049484
node-var,2,sfa,cosmoothed,774875821,781842082,False,0.0016381277137050214
node-var,2,sfa,cosmoothed,774875821,787025148,False,0.00011675660331438104
node-var,2,sfa,cosmoothed,774875821,789848216,False,0.003830186840109262
node-var,2,sfa,cosmoothed,774875821,793224716,False,0.0071349024770404725
node-var,2,sfa,cosmoothed,774875821,794812542,False,2.8255998655930537e-05
node-var,2,sfa,cosmoothed,774875821,816200189,False,0.002294805333044472
node-var,2,sfa,cosmoothed,774875821,847657808,False,0.008617100598770949
node-var,2,sfa,cosmoothed,778240327,766640955,False,0.003816527593304796
node-var,2,sfa,cosmoothed,778240327,767871931,False,3.536102327728197e-05
node-var,2,sfa,cosmoothed,778240327,771160300,False,0.0008056249171052572
node-var,2,sfa,cosmoothed,778240327,771990200,False,0.008816004202080204
node-var,2,sfa,cosmoothed,778240327,774875821,False,0.004421246918199107
node-var,2,sfa,cosmoothed,778240327,778240327,True,0.4605007962125759
node-var,2,sfa,cosmoothed,778240327,778998620,False,0.0003386589033120443
node-var,2,sfa,cosmoothed,778240327,779839471,False,0.0009060241547846867
node-var,2,sfa,cosmoothed,778240327,781842082,False,8.835291115527071e-05
node-var,2,sfa,cosmoothed,778240327,787025148,False,0.013007940917962812
node-var,2,sfa,cosmoothed,778240327,789848216,False,0.011831388921392228
node-var,2,sfa,cosmoothed,778240327,793224716,False,0.002631300417103942
node-var,2,sfa,cosmoothed,778240327,794812542,False,0.00016317574031247739
node-var,2,sfa,cosmoothed,778240327,816200189,False,0.00026150461969941404
node-var,2,sfa,cosmoothed,778240327,847657808,False,0.003324424312404626
node-var,2,sfa,cosmoothed,778998620,766640955,False,0.019956537728548517
node-var,2,sfa,cosmoothed,778998620,767871931,False,0.0891815011648087
node-var,2,sfa,cosmoothed,778998620,771160300,False,0.06183968559385647
node-var,2,sfa,cosmoothed,778998620,771990200,False,0.06308145105712559
node-var,2,sfa,cosmoothed,778998620,774875821,False,0.010307029633895641
node-var,2,sfa,cosmoothed,778998620,778240327,False,0.000556509761640634
node-var,2,sfa,cosmoothed,778998620,778998620,True,0.3842170067814586
node-var,2,sfa,cosmoothed,778998620,779839471,False,0.06167219758359609
node-var,2,sfa,cosmoothed,778998620,781842082,False,0.01319835104025909
node-var,2,sfa,cosmoothed,778998620,787025148,False,0.048722111577372135
node-var,2,sfa,cosmoothed,778998620,789848216,False,0.0003771990497191122
node-var,2,sfa,cosmoothed,778998620,793224716,False,0.005039360572584142
node-var,2,sfa,cosmoothed,778998620,794812542,False,0.02671783931195916
node-var,2,sfa,cosmoothed,778998620,816200189,False,0.030124688707578225
node-var,2,sfa,cosmoothed,778998620,847657808,False,0.02228817849200559
node-var,2,sfa,cosmoothed,779839471,766640955,False,0.0056005438614501165
node-var,2,sfa,cosmoothed,779839471,767871931,False,0.005321972333966466
node-var,2,sfa,cosmoothed,779839471,771160300,False,0.03286198722167738
node-var,2,sfa,cosmoothed,779839471,771990200,False,0.056259703278027616
node-var,2,sfa,cosmoothed,779839471,774875821,False,0.00036098199285153093
node-var,2,sfa,cosmoothed,779839471,778240327,False,0.003850970546160487
node-var,2,sfa,cosmoothed,779839471,778998620,False,0.10199941879437902
node-var,2,sfa,cosmoothed,779839471,779839471,True,0.22549107772835092
node-var,2,sfa,cosmoothed,779839471,781842082,False,4.678094425634527e-05
node-var,2,sfa,cosmoothed,779839471,787025148,False,0.04429235803766262
node-var,2,sfa,cosmoothed,779839471,789848216,False,4.721002252785559e-05
node-var,2,sfa,cosmoothed,779839471,793224716,False,0.004121848252927719
node-var,2,sfa,cosmoothed,779839471,794812542,False,0.012666190194339073
node-var,2,sfa,cosmoothed,779839471,816200189,False,0.022322414225032325
node-var,2,sfa,cosmoothed,779839471,847657808,False,0.026176630718976388
node-var,2,sfa,cosmoothed,781842082,766640955,False,0.009266840295348197
node-var,2,sfa,cosmoothed,781842082,767871931,False,0.057149527674323145
node-var,2,sfa,cosmoothed,781842082,771160300,False,0.00660822758652553
node-var,2,sfa,cosmoothed,781842082,771990200,False,0.016959222143426773
node-var,2,sfa,cosmoothed,781842082,774875821,False,0.001602905226237198
node-var,2,sfa,cosmoothed,781842082,778240327,False,0.0016882784656990616
node-var,2,sfa,cosmoothed,781842082,778998620,False,0.002026550797915484
node-var,2,sfa,cosmoothed,781842082,779839471,False,0.0026772671679775504
node-var,2,sfa,cosmoothed,781842082,781842082,True,0.3937122547883585
node-var,2,sfa,cosmoothed,781842082,787025148,False,0.002718357392355156
node-var,2,sfa,cosmoothed,781842082,789848216,False,0.012477046610611782
node-var,2,sfa,cosmoothed,781842082,793224716,False,0.005926345023623119
node-var,2,sfa,cosmoothed,781842082,794812542,False,0.0001164451377540418
node-var,2,sfa,cosmoothed,781842082,816200189,False,0.016078644013410987
node-var,2,sfa,cosmoothed,781842082,847657808,False,0.005761167452144804
node-var,2,sfa,cosmoothed,787025148,766640955,False,0.00024530881321814524
node-var,2,sfa,cosmoothed,787025148,767871931,False,0.0014645099565136997
node-var,2,sfa,cosmoothed,787025148,771160300,False,1.5140887844239218e-05
node-var,2,sfa,cosmoothed,787025148,771990200,False,0.003551744030669092
node-var,2,sfa,cosmoothed,787025148,774875821,False,7.989120473366342e-06
node-var,2,sfa,cosmoothed,787025148,778240327,False,0.004958720631236828
node-var,2,sfa,cosmoothed,787025148,778998620,False,0.005755458793526033
node-var,2,sfa,cosmoothed,787025148,779839471,False,0.006875411257530607
node-var,2,sfa,cosmoothed,787025148,781842082,False,0.0007619206695394363
node-var,2,sfa,cosmoothed,787025148,787025148,True,0.044907038648080315
node-var,2,sfa,cosmoothed,787025148,789848216,False,0.00020696069113235673
node-var,2,sfa,cosmoothed,787025148,793224716,False,1.1122702163027716e-05
node-var,2,sfa,cosmoothed,787025148,794812542,False,0.0025750257453627206
node-var,2,sfa,cosmoothed,787025148,816200189,False,0.0010388591992210453
node-var,2,sfa,cosmoothed,787025148,847657808,False,0.0003196883266374029
node-var,2,sfa,cosmoothed,789848216,766640955,False,0.011475588519174372
node-var,2,sfa,cosmoothed,789848216,767871931,False,0.013244194433982106
node-var,2,sfa,cosmoothed,789848216,771160300,False,0.0024310358896114954
node-var,2,sfa,cosmoothed,789848216,771990200,False,0.012380718936101069
node-var,2,sfa,cosmoothed,789848216,774875821,False,0.0044533640120004115
node-var,2,sfa,cosmoothed,789848216,778240327,False,0.0016025251713673552
node-var,2,sfa,cosmoothed,789848216,778998620,False,0.01760053032348153
node-var,2,sfa,cosmoothed,789848216,779839471,False,0.013063625957352363
node-var,2,sfa,cosmoothed,789848216,781842082,False,0.005079065117971022
node-var,2,sfa,cosmoothed,789848216,787025148,False,0.004963391767752473
node-var,2,sfa,cosmoothed,789848216,789848216,True,0.4079130116189141
node-var,2,sfa,cosmoothed,789848216,793224716,False,5.719305606658579e-05
node-var,2,sfa,cosmoothed,789848216,794812542,False,0.0011525452888175277
node-var,2,sfa,cosmoothed,789848216,816200189,False,0.0015357114702197559
node-var,2,sfa,cosmoothed,789848216,847657808,False,0.00869387893121278
node-var,2,sfa,cosmoothed,793224716,766640955,False,0.0010612854111066827
node-var,2,sfa,cosmoothed,793224716,767871931,False,0.02386169998053954
node-var,2,sfa,cosmoothed,793224716,771160300,False,0.012728221884406768
node-var,2,sfa,cosmoothed,793224716,771990200,False,0.000275183704025797
node-var,2,sfa,cosmoothed,793224716,774875821,False,0.0012021369818776115
node-var,2,sfa,cosmoothed,793224716,778240327,False,0.00016269271534362242
node-var,2,sfa,cosmoothed,793224716,778998620,False,0.0007867976353731989
node-var,2,sfa,cosmoothed,793224716,779839471,False,0.0033691406351590582
node-var,2,sfa,cosmoothed,793224716,781842082,False,0.010452411025170692
node-var,2,sfa,cosmoothed,793224716,787025148,False,0.002505654582370146
node-var,2,sfa,cosmoothed,793224716,789848216,False,0.0014220130213168385
node-var,2,sfa,cosmoothed,793224716,793224716,True,0.37881554190388883
node-var,2,sfa,cosmoothed,793224716,794812542,False,0.005287312405479751
node-var,2,sfa,cosmoothed,793224716,816200189,False,0.001191382201562669
node-var,2,sfa,cosmoothed,793224716,847657808,False,0.017972362373485342
node-var,2,sfa,cosmoothed,794812542,766640955,False,0.010011927481863034
node-var,2,sfa,cosmoothed,794812542,767871931,False,0.00017045962283135485
node-var,2,sfa,cosmoothed,794812542,771160300,False,0.0014119023090912598
node-var,2,sfa,cosmoothed,794812542,771990200,False,0.01877940347018623
node-var,2,sfa,cosmoothed,794812542,774875821,False,0.008896570994255962
node-var,2,sfa,cosmoothed,794812542,778240327,False,0.002798104857018143
node-var,2,sfa,cosmoothed,794812542,778998620,False,0.03102038845759628
node-var,2,sfa,cosmoothed,794812542,779839471,False,0.026304785048237283
node-var,2,sfa,cosmoothed,794812542,781842082,False,0.00044332416579112273
node-var,2,sfa,cosmoothed,794812542,787025148,False,0.023324610890601102
node-var,2,sfa,cosmoothed,794812542,789848216,False,0.004113455123636518
node-var,2,sfa,cosmoothed,794812542,793224716,False,0.00629293961894454
node-var,2,sfa,cosmoothed,794812542,794812542,True,0.4025400171485545
node-var,2,sfa,cosmoothed,794812542,816200189,False,0.004901040647616523
node-var,2,sfa,cosmoothed,794812542,847657808,False,0.011511515534680968
node-var,2,sfa,cosmoothed,816200189,766640955,False,0.01177866026822608
node-var,2,sfa,cosmoothed,816200189,767871931,False,0.004298217277159787
node-var,2,sfa,cosmoothed,816200189,771160300,False,0.0006327799885341763
node-var,2,sfa,cosmoothed,816200189,771990200,False,5.559439300089671e-06
node-var,2,sfa,cosmoothed,816200189,774875821,False,0.007707410224546884
node-var,2,sfa,cosmoothed,816200189,778240327,False,0.026659953814432376
node-var,2,sfa,cosmoothed,816200189,778998620,False,0.006520224684508579
node-var,2,sfa,cosmoothed,816200189,779839471,False,1.5158909532736472e-05
node-var,2,sfa,cosmoothed,816200189,781842082,False,0.007186700969845393
node-var,2,sfa,cosmoothed,816200189,787025148,False,0.013595965656327839
node-var,2,sfa,cosmoothed,816200189,789848216,False,0.002050286601775483
node-var,2,sfa,cosmoothed,816200189,793224716,False,0.00016487927316291426
node-var,2,sfa,cosmoothed,816200189,794812542,False,0.0036866721234162935
node-var,2,sfa,cosmoothed,816200189,816200189,True,0.1442953721978931
node-var,2,sfa,cosmoothed,816200189,847657808,False,0.005175654413347438
node-var,2,sfa,cosmoothed,847657808,766640955,False,0.02385465731982048
node-var,2,sfa,cosmoothed,847657808,767871931,False,0.00020714755077220999
node-var,2,sfa,cosmoothed,847657808,771160300,False,4.853721439460296e-05
node-var,2,sfa,cosmoothed,847657808,771990200,False,0.0013986271923923104
node-var,2,sfa,cosmoothed,847657808,774875821,False,0.0022358592434815385
node-var,2,sfa,cosmoothed,847657808,778240327,False,0.012018729725640283
node-var,2,sfa,cosmoothed,847657808,778998620,False,0.006209617875069262
node-var,2,sfa,cosmoothed,847657808,779839471,False,0.007674011585825487
node-var,2,sfa,cosmoothed,847657808,781842082,False,0.005822946062506989
node-var,2,sfa,cosmoothed,847657808,787025148,False,0.06199932807913575
node-var,2,sfa,cosmoothed,847657808,789848216,False,0.02162107979362493
node-var,2,sfa,cosmoothed,847657808,793224716,False,0.012782764741228641
node-var,2,sfa,cosmoothed,847657808,794812542,False,0.01681910922435992
node-var,2,sfa,cosmoothed,847657808,816200189,False,0.021326270156179567
node-var,2,sfa,cosmoothed,847657808,847657808,True,0.3276690172146745
node-var,4,sfa,cosmoothed,766640955,766640955,True,0.24079197382830594
node-var,4,sfa,cosmoothed,766640955,767871931,False,0.00011220760144197873
node-var,4,sfa,cosmoothed,766640955,771160300,False,7.593794572053586e-05
node-var,4,sfa,cosmoothed,766640955,771990200,False,0.02062185784207972
node-var,4,sfa,cosmoothed,766640955,774875821,False,0.00025829686475263786
node-var,4,sfa,cosmoothed,766640955,778240327,False,0.0020458390907801866
node-var,4,sfa,cosmoothed,766640955,778998620,False,0.019351243119930757
node-var,4,sfa,cosmoothed,766640955,779839471,False,0.002841640959413798
node-var,4,sfa,cosmoothed,766640955,781842082,False,0.004169006627932004
node-var,4,sfa,cosmoothed,766640955,787025148,False,0.00030064126225400425
node-var,4,sfa,cosmoothed,766640955,789848216,False,0.002947347378379863
node-var,4,sfa,cosmoothed,766640955,793224716,False,0.0007834406953072374
node-var,4,sfa,cosmoothed,766640955,794812542,False,0.009298257805266616
node-var,4,sfa,cosmoothed,766640955,816200189,False,0.01864647764319025
node-var,4,sfa,cosmoothed,766640955,847657808,False,0.018468735893110145
node-var,4,sfa,cosmoothed,767871931,766640955,False,0.015742671494029626
node-var,4,sfa,cosmoothed,767871931,767871931,True,0.5311245347406626
node-var,4,sfa,cosmoothed,767871931,771160300,False,1.9487433461763795e-05
node-var,4,sfa,cosmoothed,767871931,771990200,False,0.06042482813396863
node-var,4,sfa,cosmoothed,767871931,774875821,False,0.024436286983072795
node-var,4,sfa,cosmoothed,767871931,778240327,False,0.00582204912213716
node-var,4,sfa,cosmoothed,767871931,778998620,False,0.13179468215225312
node-var,4,sfa,cosmoothed,767871931,779839471,False,0.008921001417122482
node-var,4,sfa,cosmoothed,767871931,781842082,False,0.07091705059619939
node-var,4,sfa,cosmoothed,767871931,787025148,False,0.008755830290072708
node-var,4,sfa,cosmoothed,767871931,789848216,False,0.0025490500484780135
node-var,4,sfa,cosmoothed,767871931,793224716,False,0.028439748769977305
node-var,4,sfa,cosmoothed,767871931,794812542,False,0.015382698535270866
node-var,4,sfa,cosmoothed,767871931,816200189,False,1.47066213707586e-06
node-var,4,sfa,cosmoothed,767871931,847657808,False,0.0027408868862988053
node-var,4,sfa,cosmoothed,771160300,766640955,False,0.03677200716224209
node-var,4,sfa,cosmoothed,771160300,767871931,False,0.071193496484987
node-var,4,sfa,cosmoothed,771160300,771160300,True,0.31933732373108176
node-var,4,sfa,cosmoothed,771160300,771990200,False,0.0763712901890158
node-var,4,sfa,cosmoothed,771160300,774875821,False,8.926244861794128e-05
node-var,4,sfa,cosmoothed,771160300,778240327,False,0.016826405754411262
node-var,4,sfa,cosmoothed,771160300,778998620,False,0.15604965732638898
node-var,4,sfa,cosmoothed,771160300,779839471,False,0.1148479676315102
node-var,4,sfa,cosmoothed,771160300,781842082,False,0.007434212525879518
node-var,4,sfa,cosmoothed,771160300,787025148,False,0.07143304073812387
node-var,4,sfa,cosmoothed,771160300,789848216,False,0.0019286731072253047
node-var,4,sfa,cosmoothed,771160300,793224716,False,0.006528242938054717
node-var,4,sfa,cosmoothed,771160300,794812542,False,0.029253337634074412
node-var,4,sfa,cosmoothed,771160300,816200189,False,0.0038905771689784242
node-var,4,sfa,cosmoothed,771160300,847657808,False,0.031010964656447402
node-var,4,sfa,cosmoothed,771990200,766640955,False,0.03237055243881488
node-var,4,sfa,cosmoothed,771990200,767871931,False,0.12543047091979723
node-var,4,sfa,cosmoothed,771990200,771160300,False,0.04545961842548131
node-var,4,sfa,cosmoothed,771990200,771990200,True,0.3658673250339832
node-var,4,sfa,cosmoothed,771990200,774875821,False,0.0017865251565664765
node-var,4,sfa,cosmoothed,771990200,778240327,False,0.003181318170758897
node-var,4,sfa,cosmoothed,771990200,778998620,False,0.22775030000094354
node-var,4,sfa,cosmoothed,771990200,779839471,False,0.10375918949418309
node-var,4,sfa,cosmoothed,771990200,781842082,False,0.06993197973633421
node-var,4,sfa,cosmoothed,771990200,787025148,False,0.061490673071085765
node-var,4,sfa,cosmoothed,771990200,789848216,False,0.003027618957065918
node-var,4,sfa,cosmoothed,771990200,793224716,False,0.0029192412540449426
node-var,4,sfa,cosmoothed,771990200,794812542,False,0.005267005610517555
node-var,4,sfa,cosmoothed,771990200,816200189,False,0.030266748876303654
node-var,4,sfa,cosmoothed,771990200,847657808,False,0.0029384171143194988
node-var,4,sfa,cosmoothed,774875821,766640955,False,0.0013578701136543446
node-var,4,sfa,cosmoothed,774875821,767871931,False,0.015100582005830379
node-var,4,sfa,cosmoothed,774875821,771160300,False,0.010708257987130343
node-var,4,sfa,cosmoothed,774875821,771990200,False,0.023388266757838894
node-var,4,sfa,cosmoothed,774875821,774875821,True,0.37522468846113793
node-var,4,sfa,cosmoothed,774875821,778240327,False,0.003407339726409632
node-var,4,sfa,cosmoothed,774875821,778998620,False,0.02593851001249492
node-var,4,sfa,cosmoothed,774875821,779839471,False,0.0015070099185680226
node-var,4,sfa,cosmoothed,774875821,781842082,False,0.0028783317630271875
node-var,4,sfa,cosmoothed,774875821,787025148,False,0.00014140494349771632
node-var,4,sfa,cosmoothed,774875821,789848216,False,0.00530675708542112
node-var,4,sfa,cosmoothed,774875821,793224716,False,0.00914421168572577
node-var,4,sfa,cosmoothed,774875821,794812542,False,1.5794883736698775e-05
node-var,4,sfa,cosmoothed,774875821,816200189,False,0.0023292053663052006
node-var,4,sfa,cosmoothed,774875821,847657808,False,0.013848133968625007
node-var,4,sfa,cosmoothed,778240327,766640955,False,0.005588269870676534
node-var,4,sfa,cosmoothed,778240327,767871931,False,4.507737546402764e-05
node-var,4,sfa,cosmoothed,778240327,771160300,False,0.0012634062968540996
node-var,4,sfa,cosmoothed,778240327,771990200,False,0.012413670458656928
node-var,4,sfa,cosmoothed,778240327,774875821,False,0.005631913090175836
node-var,4,sfa,cosmoothed,778240327,778240327,True,0.5844901904675662
node-var,4,sfa,cosmoothed,778240327,778998620,False,0.0004020100587972624
node-var,4,sfa,cosmoothed,778240327,779839471,False,0.0017934943711570605
node-var,4,sfa,cosmoothed,778240327,781842082,False,5.1698641005417486e-05
node-var,4,sfa,cosmoothed,778240327,787025148,False,0.01905878017295704
node-var,4,sfa,cosmoothed,778240327,789848216,False,0.017956450719554668
node-var,4,sfa,cosmoothed,778240327,793224716,False,0.0027447484328748067
node-var,4,sfa,cosmoothed,778240327,794812542,False,6.790285713078959e-05
node-var,4,sfa,cosmoothed,778240327,816200189,False,0.00033071816097327017
node-var,4,sfa,cosmoothed,778240327,847657808,False,0.005257220611784628
node-var,4,sfa,cosmoothed,778998620,766640955,False,0.02219872747825895
node-var,4,sfa,cosmoothed,778998620,767871931,False,0.09985109677439599
node-var,4,sfa,cosmoothed,778998620,771160300,False,0.07151819732462542
node-var,4,sfa,cosmoothed,778998620,771990200,False,0.07400409859202149
node-var,4,sfa,cosmoothed,778998620,774875821,False,0.011829231259272623
node-var,4,sfa,cosmoothed,778998620,778240327,False,0.0007698625173134176
node-var,4,sfa,cosmoothed,778998620,778998620,True,0.4269632723237723
node-var,4,sfa,cosmoothed,778998620,779839471,False,0.0696293025651598
node-var,4,sfa,cosmoothed,778998620,781842082,False,0.016050803438818664
node-var,4,sfa,cosmoothed,778998620,787025148,False,0.06007571568855271
node-var,4,sfa,cosmoothed,778998620,789848216,False,0.0002944298619679159
node-var,4,sfa,cosmoothed,778998620,793224716,False,0.005880740829221098
node-var,4,sfa,cosmoothed,778998620,794812542,False,0.031340352114973664
node-var,4,sfa,cosmoothed,778998620,816200189,False,0.0385738772698275
node-var,4,sfa,cosmoothed,778998620,847657808,False,0.02586157657513081
node-var,4,sfa,cosmoothed,779839471,766640955,False,0.007123035580554389
node-var,4,sfa,cosmoothed,779839471,767871931,False,0.006651645974408931
node-var,4,sfa,cosmoothed,779839471,771160300,False,0.04317119800221677
node-var,4,sfa,cosmoothed,779839471,771990200,False,0.06889354477815923
node-var,4,sfa,cosmoothed,779839471,774875821,False,0.0005439516798323941
node-var,4,sfa,cosmoothed,779839471,778240327,False,0.003626213632083196
node-var,4,sfa,cosmoothed,779839471,778998620,False,0.12375288423726966
node-var,4,sfa,cosmoothed,779839471,779839471,True,0.263659725245901
node-var,4,sfa,cosmoothed,779839471,781842082,False,3.288536946852611e-05
node-var,4,sfa,cosmoothed,779839471,787025148,False,0.051848303832132105
node-var,4,sfa,cosmoothed,779839471,789848216,False,8.888456862146427e-05
node-var,4,sfa,cosmoothed,779839471,793224716,False,0.00483313570322286
node-var,4,sfa,cosmoothed,779839471,794812542,False,0.01499665539922125
node-var,4,sfa,cosmoothed,779839471,816200189,False,0.030213286326736442
node-var,4,sfa,cosmoothed,779839471,847657808,False,0.031979096538345346
node-var,4,sfa,cosmoothed,781842082,766640955,False,0.012214202151726472
node-var,4,sfa,cosmoothed,781842082,767871931,False,0.06886572373797806
node-var,4,sfa,cosmoothed,781842082,771160300,False,0.008530476675806557
node-var,4,sfa,cosmoothed,781842082,771990200,False,0.02205477871054947
node-var,4,sfa,cosmoothed,781842082,774875821,False,0.002243636016721642
node-var,4,sfa,cosmoothed,781842082,778240327,False,0.0017936420598081524
node-var,4,sfa,cosmoothed,781842082,778998620,False,0.002327001859576304
node-var,4,sfa,cosmoothed,781842082,779839471,False,0.0036234364910665232
node-var,4,sfa,cosmoothed,781842082,781842082,True,0.4666759025640644
node-var,4,sfa,cosmoothed,781842082,787025148,False,0.0032949104430971365
node-var,4,sfa,cosmoothed,781842082,789848216,False,0.01709492532406403
node-var,4,sfa,cosmoothed,781842082,793224716,False,0.0070177241415962715
node-var,4,sfa,cosmoothed,781842082,794812542,False,0.00011124955225525008
node-var,4,sfa,cosmoothed,781842082,816200189,False,0.02083995675950529
node-var,4,sfa,cosmoothed,781842082,847657808,False,0.007228729211715739
node-var,4,sfa,cosmoothed,787025148,766640955,False,0.0014613968066715245
node-var,4,sfa,cosmoothed,787025148,767871931,False,0.0003164870619282335
node-var,4,sfa,cosmoothed,787025148,771160300,False,0.0012641999157554922
node-var,4,sfa,cosmoothed,787025148,771990200,False,0.030128604426672763
node-var,4,sfa,cosmoothed,787025148,774875821,False,0.0030178045772180765
node-var,4,sfa,cosmoothed,787025148,778240327,False,0.04924044708735645
node-var,4,sfa,cosmoothed,787025148,778998620,False,0.021009511635151388
node-var,4,sfa,cosmoothed,787025148,779839471,False,0.04670455169521254
node-var,4,sfa,cosmoothed,787025148,781842082,False,0.001995965827233624
node-var,4,sfa,cosmoothed,787025148,787025148,True,0.4785871079432949
node-var,4,sfa,cosmoothed,787025148,789848216,False,0.0011851958996385921
node-var,4,sfa,cosmoothed,787025148,793224716,False,0.0043778051934294454
node-var,4,sfa,cosmoothed,787025148,794812542,False,0.013002576436667468
node-var,4,sfa,cosmoothed,787025148,816200189,False,0.0001615621687067734
node-var,4,sfa,cosmoothed,787025148,847657808,False,0.008709346487887647
node-var,4,sfa,cosmoothed,789848216,766640955,False,0.01634405738598981
node-var,4,sfa,cosmoothed,789848216,767871931,False,0.016293047484829844
node-var,4,sfa,cosmoothed,789848216,771160300,False,0.0031384818870381893
node-var,4,sfa,cosmoothed,789848216,771990200,False,0.012956396226005225
node-var,4,sfa,cosmoothed,789848216,774875821,False,0.005826345367793625
node-var,4,sfa,cosmoothed,789848216,778240327,False,0.003201210019335077
node-var,4,sfa,cosmoothed,789848216,778998620,False,0.019093711798372607
node-var,4,sfa,cosmoothed,789848216,779839471,False,0.01576028524028122
node-var,4,sfa,cosmoothed,789848216,781842082,False,0.00815405493206336
node-var,4,sfa,cosmoothed,789848216,787025148,False,0.003772720922317885
node-var,4,sfa,cosmoothed,789848216,789848216,True,0.5920561095054829
node-var,4,sfa,cosmoothed,789848216,793224716,False,0.00023390415821935372
node-var,4,sfa,cosmoothed,789848216,794812542,False,0.003335131379089874
node-var,4,sfa,cosmoothed,789848216,816200189,False,0.0031736067116841086
node-var,4,sfa,cosmoothed,789848216,847657808,False,0.01609336108784666
node-var,4,sfa,cosmoothed,793224716,766640955,False,0.0012811996624759688
node-var,4,sfa,cosmoothed,793224716,767871931,False,0.031145183438580807
node-var,4,sfa,cosmoothed,793224716,771160300,False,0.017757670634549638
node-var,4,sfa,cosmoothed,793224716,771990200,False,0.00011500422515449878
node-var,4,sfa,cosmoothed,793224716,774875821,False,0.0015133331575159113
node-var,4,sfa,cosmoothed,793224716,778240327,False,0.00022027971967063538
node-var,4,sfa,cosmoothed,793224716,778998620,False,0.0015402328321659571
node-var,4,sfa,cosmoothed,793224716,779839471,False,0.004152927985494822
node-var,4,sfa,cosmoothed,793224716,781842082,False,0.013927515818116234
node-var,4,sfa,cosmoothed,793224716,787025148,False,0.0032430724405829395
node-var,4,sfa,cosmoothed,793224716,789848216,False,0.0022533924491821753
node-var,4,sfa,cosmoothed,793224716,793224716,True,0.4699110115203626
node-var,4,sfa,cosmoothed,793224716,794812542,False,0.0074011580765593705
node-var,4,sfa,cosmoothed,793224716,816200189,False,0.0015429412116912526
node-var,4,sfa,cosmoothed,793224716,847657808,False,0.024517023397219742
node-var,4,sfa,cosmoothed,794812542,766640955,False,0.012457396051611854
node-var,4,sfa,cosmoothed,794812542,767871931,False,0.0003275379212558764
node-var,4,sfa,cosmoothed,794812542,771160300,False,0.0015371415738340123
node-var,4,sfa,cosmoothed,794812542,771990200,False,0.022728512139080354
node-var,4,sfa,cosmoothed,794812542,774875821,False,0.011040669146074376
node-var,4,sfa,cosmoothed,794812542,778240327,False,0.004035502804300754
node-var,4,sfa,cosmoothed,794812542,778998620,False,0.03758672372717656
node-var,4,sfa,cosmoothed,794812542,779839471,False,0.03186591411494532
node-var,4,sfa,cosmoothed,794812542,781842082,False,0.0005427525529336478
node-var,4,sfa,cosmoothed,794812542,787025148,False,0.027696652688099416
node-var,4,sfa,cosmoothed,794812542,789848216,False,0.005086702029773196
node-var,4,sfa,cosmoothed,794812542,793224716,False,0.007918353258017133
node-var,4,sfa,cosmoothed,794812542,794812542,True,0.46827009000572684
node-var,4,sfa,cosmoothed,794812542,816200189,False,0.006350056628409892
node-var,4,sfa,cosmoothed,794812542,847657808,False,0.01392328931524129
node-var,4,sfa,cosmoothed,816200189,766640955,False,0.017357430718265933
node-var,4,sfa,cosmoothed,816200189,767871931,False,0.006622226064717332
node-var,4,sfa,cosmoothed,816200189,771160300,False,0.0009483606852412355
node-var,4,sfa,cosmoothed,816200189,771990200,False,8.537489848362508e-05
node-var,4,sfa,cosmoothed,816200189,774875821,False,0.011281529883078838
node-var,4,sfa,cosmoothed,816200189,778240327,False,0.0402712204489099
node-var,4,sfa,cosmoothed,816200189,778998620,False,0.009019335243837292
node-var,4,sfa,cosmoothed,816200189,779839471,False,9.708902171228993e-06
node-var,4,sfa,cosmoothed,816200189,781842082,False,0.01142660145914009
node-var,4,sfa,cosmoothed,816200189,787025148,False,0.01816265132533696
node-var,4,sfa,cosmoothed,816200189,789848216,False,0.002605595571352172
node-var,4,sfa,cosmoothed,816200189,793224716,False,0.00032629463262853233
node-var,4,sfa,cosmoothed,816200189,794812542,False,0.005040824696789631
node-var,4,sfa,cosmoothed,816200189,816200189,True,0.2027139537816716
node-var,4,sfa,cosmoothed,816200189,847657808,False,0.007607599762583924
node-var,4,sfa,cosmoothed,847657808,766640955,False,0.028079302078626182
node-var,4,sfa,cosmoothed,847657808,767871931,False,0.0009976882125868683
node-var,4,sfa,cosmoothed,847657808,771160300,False,3.235237844804484e-06
node-var,4,sfa,cosmoothed,847657808,771990200,False,8.98841458677427e-05
node-var,4,sfa,cosmoothed,847657808,774875821,False,0.0008418484790038758
node-var,4,sfa,cosmoothed,847657808,778240327,False,0.015547548581646272
node-var,4,sfa,cosmoothed,847657808,778998620,False,0.0029834801829252107
node-var,4,sfa,cosmoothed,847657808,779839471,False,0.003357765548430852
node-var,4,sfa,cosmoothed,847657808,781842082,False,0.002591004512305145
node-var,4,sfa,cosmoothed,847657808,787025148,False,0.038175415808665736
node-var,4,sfa,cosmoothed,847657808,789848216,False,0.01919236783789859
node-var,4,sfa,cosmoothed,847657808,793224716,False,0.009253528348129984
node-var,4,sfa,cosmoothed,847657808,794812542,False,0.008128061457627858
node-var,4,sfa,cosmoothed,847657808,816200189,False,0.021237511031171996
node-var,4,sfa,cosmoothed,847657808,847657808,True,0.31680942253258537
node-var,6,sfa,cosmoothed,766640955,766640955,True,0.30309828816047885
node-var,6,sfa,cosmoothed,766640955,767871931,False,0.0002617570346192188
node-var,6,sfa,cosmoothed,766640955,771160300,False,0.00011156979057795651
node-var,6,sfa,cosmoothed,766640955,771990200,False,0.02716617642551578
node-var,6,sfa,cosmoothed,766640955,774875821,False,0.0003156233858168388
node-var,6,sfa,cosmoothed,766640955,778240327,False,0.0023157340107946857
node-var,6,sfa,cosmoothed,766640955,778998620,False,0.023474324991299502
node-var,6,sfa,cosmoothed,766640955,779839471,False,0.0041619769081527236
node-var,6,sfa,cosmoothed,766640955,781842082,False,0.004597558651066315
node-var,6,sfa,cosmoothed,766640955,787025148,False,0.000823518800127554
node-var,6,sfa,cosmoothed,766640955,789848216,False,0.003612254829317014
node-var,6,sfa,cosmoothed,766640955,793224716,False,0.0014032785653083852
node-var,6,sfa,cosmoothed,766640955,794812542,False,0.01222731234390686
node-var,6,sfa,cosmoothed,766640955,816200189,False,0.02106725242185333
node-var,6,sfa,cosmoothed,766640955,847657808,False,0.022089887085137174
node-var,6,sfa,cosmoothed,767871931,766640955,False,0.018258901342060485
node-var,6,sfa,cosmoothed,767871931,767871931,True,0.5966957842104822
node-var,6,sfa,cosmoothed,767871931,771160300,False,5.815236912557747e-05
node-var,6,sfa,cosmoothed,767871931,771990200,False,0.06769446968627316
node-var,6,sfa,cosmoothed,767871931,774875821,False,0.029714998670217745
node-var,6,sfa,cosmoothed,767871931,778240327,False,0.0063677510452620255
node-var,6,sfa,cosmoothed,767871931,778998620,False,0.15080192792134525
node-var,6,sfa,cosmoothed,767871931,779839471,False,0.01109313674965232
node-var,6,sfa,cosmoothed,767871931,781842082,False,0.08094972047331393
node-var,6,sfa,cosmoothed,767871931,787025148,False,0.010768836824414471
node-var,6,sfa,cosmoothed,767871931,789848216,False,0.002761941638208314
node-var,6,sfa,cosmoothed,767871931,793224716,False,0.0330763453885289
node-var,6,sfa,cosmoothed,767871931,794812542,False,0.018100255320335094
node-var,6,sfa,cosmoothed,767871931,816200189,False,1.5090780146585658e-05
node-var,6,sfa,cosmoothed,767871931,847657808,False,0.003136991240516095
node-var,6,sfa,cosmoothed,771160300,766640955,False,0.048498784176993444
node-var,6,sfa,cosmoothed,771160300,767871931,False,0.0890712838598121
node-var,6,sfa,cosmoothed,771160300,771160300,True,0.36833477773294615
node-var,6,sfa,cosmoothed,771160300,771990200,False,0.09650198374266095
node-var,6,sfa,cosmoothed,771160300,774875821,False,9.576958942052797e-05
node-var,6,sfa,cosmoothed,771160300,778240327,False,0.021751641483723553
node-var,6,sfa,cosmoothed,771160300,778998620,False,0.1895166846809444
node-var,6,sfa,cosmoothed,771160300,779839471,False,0.14565485864517078
node-var,6,sfa,cosmoothed,771160300,781842082,False,0.00950353124233315
node-var,6,sfa,cosmoothed,771160300,787025148,False,0.08220317612164059
node-var,6,sfa,cosmoothed,771160300,789848216,False,0.0029184143464235524
node-var,6,sfa,cosmoothed,771160300,793224716,False,0.007782442547642718
node-var,6,sfa,cosmoothed,771160300,794812542,False,0.03620647794834317
node-var,6,sfa,cosmoothed,771160300,816200189,False,0.0053457403183360536
node-var,6,sfa,cosmoothed,771160300,847657808,False,0.03890196730709092
node-var,6,sfa,cosmoothed,771990200,766640955,False,0.037141919400007724
node-var,6,sfa,cosmoothed,771990200,767871931,False,0.1455789941100655
node-var,6,sfa,cosmoothed,771990200,771160300,False,0.05425725445537685
node-var,6,sfa,cosmoothed,771990200,771990200,True,0.4229059358044419
node-var,6,sfa,cosmoothed,771990200,774875821,False,0.0018902453618848737
node-var,6,sfa,cosmoothed,771990200,778240327,False,0.003861667098266544
node-var,6,sfa,cosmoothed,771990200,778998620,False,0.26466418135657216
node-var,6,sfa,cosmoothed,771990200,779839471,False,0.12207445866559985
node-var,6,sfa,cosmoothed,771990200,781842082,False,0.0838183463379662
node-var,6,sfa,cosmoothed,771990200,787025148,False,0.07542898830023458
node-var,6,sfa,cosmoothed,771990200,789848216,False,0.004292709551843517
node-var,6,sfa,cosmoothed,771990200,793224716,False,0.0033398774264201464
node-var,6,sfa,cosmoothed,771990200,794812542,False,0.006301682878287716
node-var,6,sfa,cosmoothed,771990200,816200189,False,0.03560803038025548
node-var,6,sfa,cosmoothed,771990200,847657808,False,0.0034117630781478826
node-var,6,sfa,cosmoothed,774875821,766640955,False,0.0015269765440799586
node-var,6,sfa,cosmoothed,774875821,767871931,False,0.019260983161878516
node-var,6,sfa,cosmoothed,774875821,771160300,False,0.012958654390337646
node-var,6,sfa,cosmoothed,774875821,771990200,False,0.028600330362418845
node-var,6,sfa,cosmoothed,774875821,774875821,True,0.43631911744588153
node-var,6,sfa,cosmoothed,774875821,778240327,False,0.004243388177933215
node-var,6,sfa,cosmoothed,774875821,778998620,False,0.03066078722574996
node-var,6,sfa,cosmoothed,774875821,779839471,False,0.0017400237563019063
node-var,6,sfa,cosmoothed,774875821,781842082,False,0.003987829531924495
node-var,6,sfa,cosmoothed,774875821,787025148,False,0.00014727652633252035
node-var,6,sfa,cosmoothed,774875821,789848216,False,0.006287799974232172
node-var,6,sfa,cosmoothed,774875821,793224716,False,0.010094091155380092
node-var,6,sfa,cosmoothed,774875821,794812542,False,2.74449703974052e-07
node-var,6,sfa,cosmoothed,774875821,816200189,False,0.002610606334697124
node-var,6,sfa,cosmoothed,774875821,847657808,False,0.01688140599671504
node-var,6,sfa,cosmoothed,778240327,766640955,False,0.00668870523063198
node-var,6,sfa,cosmoothed,778240327,767871931,False,5.145770035696544e-05
node-var,6,sfa,cosmoothed,778240327,771160300,False,0.0013712675079800849
node-var,6,sfa,cosmoothed,778240327,771990200,False,0.014527256325105514
node-var,6,sfa,cosmoothed,778240327,774875821,False,0.006348090384359036
node-var,6,sfa,cosmoothed,778240327,778240327,True,0.6398754765318053
node-var,6,sfa,cosmoothed,778240327,778998620,False,0.0004759700974276434
node-var,6,sfa,cosmoothed,778240327,779839471,False,0.0026165592505382838
node-var,6,sfa,cosmoothed,778240327,781842082,False,4.241364019282845e-05
node-var,6,sfa,cosmoothed,778240327,787025148,False,0.02287017730882175
node-var,6,sfa,cosmoothed,778240327,789848216,False,0.02459125652879522
node-var,6,sfa,cosmoothed,778240327,793224716,False,0.00267154331288045
node-var,6,sfa,cosmoothed,778240327,794812542,False,8.325528779335699e-06
node-var,6,sfa,cosmoothed,778240327,816200189,False,0.0002761491939105255
node-var,6,sfa,cosmoothed,778240327,847657808,False,0.006692140369407733
node-var,6,sfa,cosmoothed,778998620,766640955,False,0.023980284530939946
node-var,6,sfa,cosmoothed,778998620,767871931,False,0.10764671178693322
node-var,6,sfa,cosmoothed,778998620,771160300,False,0.07944835402030864
node-var,6,sfa,cosmoothed,778998620,771990200,False,0.08397209894046563
node-var,6,sfa,cosmoothed,778998620,774875821,False,0.013071263984869574
node-var,6,sfa,cosmoothed,778998620,778240327,False,0.001134123803017651
node-var,6,sfa,cosmoothed,778998620,778998620,True,0.45843796263122066
node-var,6,sfa,cosmoothed,778998620,779839471,False,0.0767398226754126
node-var,6,sfa,cosmoothed,778998620,781842082,False,0.018429272372002002
node-var,6,sfa,cosmoothed,778998620,787025148,False,0.06974762936216491
node-var,6,sfa,cosmoothed,778998620,789848216,False,0.0002629524811939208
node-var,6,sfa,cosmoothed,778998620,793224716,False,0.006129223349107327
node-var,6,sfa,cosmoothed,778998620,794812542,False,0.0356125003608938
node-var,6,sfa,cosmoothed,778998620,816200189,False,0.04571401048962061
node-var,6,sfa,cosmoothed,778998620,847657808,False,0.028269052036660886
node-var,6,sfa,cosmoothed,779839471,766640955,False,0.008389495215920176
node-var,6,sfa,cosmoothed,779839471,767871931,False,0.007639774062972168
node-var,6,sfa,cosmoothed,779839471,771160300,False,0.052040858311492494
node-var,6,sfa,cosmoothed,779839471,771990200,False,0.07736216443489606
node-var,6,sfa,cosmoothed,779839471,774875821,False,0.0008905671065256862
node-var,6,sfa,cosmoothed,779839471,778240327,False,0.003054402264892842
node-var,6,sfa,cosmoothed,779839471,778998620,False,0.14167674812185313
node-var,6,sfa,cosmoothed,779839471,779839471,True,0.2904156452589002
node-var,6,sfa,cosmoothed,779839471,781842082,False,7.167170985680814e-06
node-var,6,sfa,cosmoothed,779839471,787025148,False,0.057125266843443705
node-var,6,sfa,cosmoothed,779839471,789848216,False,0.0001491575064732202
node-var,6,sfa,cosmoothed,779839471,793224716,False,0.005361120642568113
node-var,6,sfa,cosmoothed,779839471,794812542,False,0.016577803170711124
node-var,6,sfa,cosmoothed,779839471,816200189,False,0.039440662812967514
node-var,6,sfa,cosmoothed,779839471,847657808,False,0.03638559496360903
node-var,6,sfa,cosmoothed,781842082,766640955,False,0.01483415805205554
node-var,6,sfa,cosmoothed,781842082,767871931,False,0.07545156768332605
node-var,6,sfa,cosmoothed,781842082,771160300,False,0.009675642471518642
node-var,6,sfa,cosmoothed,781842082,771990200,False,0.02599328060199864
node-var,6,sfa,cosmoothed,781842082,774875821,False,0.0026863637176652135
node-var,6,sfa,cosmoothed,781842082,778240327,False,0.0018667826063484202
node-var,6,sfa,cosmoothed,781842082,778998620,False,0.0025154325700330123
node-var,6,sfa,cosmoothed,781842082,779839471,False,0.004427498088605425
node-var,6,sfa,cosmoothed,781842082,781842082,True,0.5084524491186466
node-var,6,sfa,cosmoothed,781842082,787025148,False,0.0037114718003999417
node-var,6,sfa,cosmoothed,781842082,789848216,False,0.021555184367952143
node-var,6,sfa,cosmoothed,781842082,793224716,False,0.007803707644200839
node-var,6,sfa,cosmoothed,781842082,794812542,False,0.0001437569641149145
node-var,6,sfa,cosmoothed,781842082,816200189,False,0.025248772563284325
node-var,6,sfa,cosmoothed,781842082,847657808,False,0.008516245829493306
node-var,6,sfa,cosmoothed,787025148,766640955,False,0.0030062167146380305
node-var,6,sfa,cosmoothed,787025148,767871931,False,5.021917882208343e-05
node-var,6,sfa,cosmoothed,787025148,771160300,False,0.0021355916644556086
node-var,6,sfa,cosmoothed,787025148,771990200,False,0.039612291106654686
node-var,6,sfa,cosmoothed,787025148,774875821,False,0.004344198584074367
node-var,6,sfa,cosmoothed,787025148,778240327,False,0.06276648798448176
node-var,6,sfa,cosmoothed,787025148,778998620,False,0.023185096326488443
node-var,6,sfa,cosmoothed,787025148,779839471,False,0.05755153828873902
node-var,6,sfa,cosmoothed,787025148,781842082,False,0.0018175011615265786
node-var,6,sfa,cosmoothed,787025148,787025148,True,0.5941357563023076
node-var,6,sfa,cosmoothed,787025148,789848216,False,0.0021564272108179528
node-var,6,sfa,cosmoothed,787025148,793224716,False,0.006617377110189197
node-var,6,sfa,cosmoothed,787025148,794812542,False,0.01450173670804825
node-var,6,sfa,cosmoothed,787025148,816200189,False,4.478984159264702e-05
node-var,6,sfa,cosmoothed,787025148,847657808,False,0.012411215413235492
node-var,6,sfa,cosmoothed,789848216,766640955,False,0.019769467696532702
node-var,6,sfa,cosmoothed,789848216,767871931,False,0.020116145578046925
node-var,6,sfa,cosmoothed,789848216,771160300,False,0.003385485855611942
node-var,6,sfa,cosmoothed,789848216,771990200,False,0.013920864726207682
node-var,6,sfa,cosmoothed,789848216,774875821,False,0.007111889140220465
node-var,6,sfa,cosmoothed,789848216,778240327,False,0.004300218539046721
node-var,6,sfa,cosmoothed,789848216,778998620,False,0.020912949499813864
node-var,6,sfa,cosmoothed,789848216,779839471,False,0.018682976626433267
node-var,6,sfa,cosmoothed,789848216,781842082,False,0.01093417562348018
node-var,6,sfa,cosmoothed,789848216,787025148,False,0.0035111074514168825
node-var,6,sfa,cosmoothed,789848216,789848216,True,0.6605882930488867
node-var,6,sfa,cosmoothed,789848216,793224716,False,0.00036128079902206375
node-var,6,sfa,cosmoothed,789848216,794812542,False,0.004546589740475149
node-var,6,sfa,cosmoothed,789848216,816200189,False,0.004031868391531752
node-var,6,sfa,cosmoothed,789848216,847657808,False,0.020931147855460002
node-var,6,sfa,cosmoothed,793224716,766640955,False,0.0013531982984935653
node-var,6,sfa,cosmoothed,793224716,767871931,False,0.0345837067177145
node-var,6,sfa,cosmoothed,793224716,771160300,False,0.02084897934102615
node-var,6,sfa,cosmoothed,793224716,771990200,False,3.0513017293689322e-05
node-var,6,sfa,cosmoothed,793224716,774875821,False,0.0016869494028249749
node-var,6,sfa,cosmoothed,793224716,778240327,False,0.0003935185106391902
node-var,6,sfa,cosmoothed,793224716,778998620,False,0.0020163153909655476
node-var,6,sfa,cosmoothed,793224716,779839471,False,0.004663138701252465
node-var,6,sfa,cosmoothed,793224716,781842082,False,0.015105793901533817
node-var,6,sfa,cosmoothed,793224716,787025148,False,0.004082333905868296
node-var,6,sfa,cosmoothed,793224716,789848216,False,0.002801659442958733
node-var,6,sfa,cosmoothed,793224716,793224716,True,0.51196529922443
node-var,6,sfa,cosmoothed,793224716,794812542,False,0.008454236467037838
node-var,6,sfa,cosmoothed,793224716,816200189,False,0.001743244466498558
node-var,6,sfa,cosmoothed,793224716,847657808,False,0.02820537485009188
node-var,6,sfa,cosmoothed,794812542,766640955,False,0.014761200704600094
node-var,6,sfa,cosmoothed,794812542,767871931,False,0.00048067998032663885
node-var,6,sfa,cosmoothed,794812542,771160300,False,0.0016276708149274095
node-var,6,sfa,cosmoothed,794812542,771990200,False,0.02587433492994078
node-var,6,sfa,cosmoothed,794812542,774875821,False,0.013360883118854317
node-var,6,sfa,cosmoothed,794812542,778240327,False,0.005139916214225405
node-var,6,sfa,cosmoothed,794812542,778998620,False,0.042397204388794664
node-var,6,sfa,cosmoothed,794812542,779839471,False,0.03675814553884823
node-var,6,sfa,cosmoothed,794812542,781842082,False,0.0005832071845231432
node-var,6,sfa,cosmoothed,794812542,787025148,False,0.03086545669404728
node-var,6,sfa,cosmoothed,794812542,789848216,False,0.005639235061944671
node-var,6,sfa,cosmoothed,794812542,793224716,False,0.008925751192758154
node-var,6,sfa,cosmoothed,794812542,794812542,True,0.5105664314874356
node-var,6,sfa,cosmoothed,794812542,816200189,False,0.007827672728102692
node-var,6,sfa,cosmoothed,794812542,847657808,False,0.015555446739546156
node-var,6,sfa,cosmoothed,816200189,766640955,False,0.021263748958724064
node-var,6,sfa,cosmoothed,816200189,767871931,False,0.008483419356710932
node-var,6,sfa,cosmoothed,816200189,771160300,False,0.001217924274675716
node-var,6,sfa,cosmoothed,816200189,771990200,False,0.00023597188802506054
node-var,6,sfa,cosmoothed,816200189,774875821,False,0.013675124704512178
node-var,6,sfa,cosmoothed,816200189,778240327,False,0.05072864527964586
node-var,6,sfa,cosmoothed,816200189,778998620,False,0.011021993642342982
node-var,6,sfa,cosmoothed,816200189,779839471,False,5.805908710685685e-06
node-var,6,sfa,cosmoothed,816200189,781842082,False,0.014761282136893988
node-var,6,sfa,cosmoothed,816200189,787025148,False,0.02088615968118535
node-var,6,sfa,cosmoothed,816200189,789848216,False,0.003070713889080739
node-var,6,sfa,cosmoothed,816200189,793224716,False,0.0005363022249644027
node-var,6,sfa,cosmoothed,816200189,794812542,False,0.006333797865509636
node-var,6,sfa,cosmoothed,816200189,816200189,True,0.24684806924117178
node-var,6,sfa,cosmoothed,816200189,847657808,False,0.009765745657005465
node-var,6,sfa,cosmoothed,847657808,766640955,False,0.03561657104706577
node-var,6,sfa,cosmoothed,847657808,767871931,False,0.001664077538506548
node-var,6,sfa,cosmoothed,847657808,771160300,False,4.566433404332085e-06
node-var,6,sfa,cosmoothed,847657808,771990200,False,6.769337359666084e-05
node-var,6,sfa,cosmoothed,847657808,774875821,False,0.0007966588937549662
node-var,6,sfa,cosmoothed,847657808,778240327,False,0.019679136965153155
node-var,6,sfa,cosmoothed,847657808,778998620,False,0.0028856205273223154
node-var,6,sfa,cosmoothed,847657808,779839471,False,0.0033647059527553377
node-var,6,sfa,cosmoothed,847657808,781842082,False,0.003095414336675452
node-var,6,sfa,cosmoothed,847657808,787025148,False,0.04215737701696049
node-var,6,sfa,cosmoothed,847657808,789848216,False,0.026209117957405263
node-var,6,sfa,cosmoothed,847657808,793224716,False,0.011473277276731798
node-var,6,sfa,cosmoothed,847657808,794812542,False,0.009577521872943126
node-var,6,sfa,cosmoothed,847657808,816200189,False,0.025354384166634273
node-var,6,sfa,cosmoothed,847657808,847657808,True,0.35389911715686206
node-var,8,sfa,cosmoothed,766640955,766640955,True,0.3450089555474269
node-var,8,sfa,cosmoothed,766640955,767871931,False,0.00029648874745348184
node-var,8,sfa,cosmoothed,766640955,771160300,False,9.39008028394289e-05
node-var,8,sfa,cosmoothed,766640955,771990200,False,0.032525668269351875
node-var,8,sfa,cosmoothed,766640955,774875821,False,0.00029576204256664756
node-var,8,sfa,cosmoothed,766640955,778240327,False,0.002381599257968172
node-var,8,sfa,cosmoothed,766640955,778998620,False,0.0253957375355266
node-var,8,sfa,cosmoothed,766640955,779839471,False,0.005226650769270818
node-var,8,sfa,cosmoothed,766640955,781842082,False,0.005039822184556162
node-var,8,sfa,cosmoothed,766640955,787025148,False,0.0015839565044659105
node-var,8,sfa,cosmoothed,766640955,789848216,False,0.0035970797488002818
node-var,8,sfa,cosmoothed,766640955,793224716,False,0.002132896900717691
node-var,8,sfa,cosmoothed,766640955,794812542,False,0.013938460859717951
node-var,8,sfa,cosmoothed,766640955,816200189,False,0.022170624678657623
node-var,8,sfa,cosmoothed,766640955,847657808,False,0.024738264095281483
node-var,8,sfa,cosmoothed,767871931,766640955,False,0.019881071881490343
node-var,8,sfa,cosmoothed,767871931,767871931,True,0.63103264786369
node-var,8,sfa,cosmoothed,767871931,771160300,False,0.00014932590341841276
node-var,8,sfa,cosmoothed,767871931,771990200,False,0.07353068451999888
node-var,8,sfa,cosmoothed,767871931,774875821,False,0.033486266342564956
node-var,8,sfa,cosmoothed,767871931,778240327,False,0.006671968629568835
node-var,8,sfa,cosmoothed,767871931,778998620,False,0.16102165001735874
node-var,8,sfa,cosmoothed,767871931,779839471,False,0.012354671598937566
node-var,8,sfa,cosmoothed,767871931,781842082,False,0.08838969096348771
node-var,8,sfa,cosmoothed,767871931,787025148,False,0.01162103325567509
node-var,8,sfa,cosmoothed,767871931,789848216,False,0.003041649073332998
node-var,8,sfa,cosmoothed,767871931,793224716,False,0.03513967424220519
node-var,8,sfa,cosmoothed,767871931,794812542,False,0.02009456588361814
node-var,8,sfa,cosmoothed,767871931,816200189,False,6.897672504925505e-05
node-var,8,sfa,cosmoothed,767871931,847657808,False,0.0035222477620926126
node-var,8,sfa,cosmoothed,771160300,766640955,False,0.05797708960659436
node-var,8,sfa,cosmoothed,771160300,767871931,False,0.10169405306524718
node-var,8,sfa,cosmoothed,771160300,771160300,True,0.40794381278869396
node-var,8,sfa,cosmoothed,771160300,771990200,False,0.1120918660052977
node-var,8,sfa,cosmoothed,771160300,774875821,False,0.00011666654760053155
node-var,8,sfa,cosmoothed,771160300,778240327,False,0.02602770898861081
node-var,8,sfa,cosmoothed,771160300,778998620,False,0.21430828166643745
node-var,8,sfa,cosmoothed,771160300,779839471,False,0.17098420014951957
node-var,8,sfa,cosmoothed,771160300,781842082,False,0.010906340558910595
node-var,8,sfa,cosmoothed,771160300,787025148,False,0.08897687273601275
node-var,8,sfa,cosmoothed,771160300,789848216,False,0.0038894935300747948
node-var,8,sfa,cosmoothed,771160300,793224716,False,0.009470177425203572
node-var,8,sfa,cosmoothed,771160300,794812542,False,0.04052231230374342
node-var,8,sfa,cosmoothed,771160300,816200189,False,0.00693971865815566
node-var,8,sfa,cosmoothed,771160300,847657808,False,0.04409816567244589
node-var,8,sfa,cosmoothed,771990200,766640955,False,0.04016292073691846
node-var,8,sfa,cosmoothed,771990200,767871931,False,0.15867086614149228
node-var,8,sfa,cosmoothed,771990200,771160300,False,0.05957262326819005
node-var,8,sfa,cosmoothed,771990200,771990200,True,0.4574290986733208
node-var,8,sfa,cosmoothed,771990200,774875821,False,0.0020324485559321632
node-var,8,sfa,cosmoothed,771990200,778240327,False,0.004176252250742573
node-var,8,sfa,cosmoothed,771990200,778998620,False,0.2884252770343512
node-var,8,sfa,cosmoothed,771990200,779839471,False,0.13504340208872026
node-var,8,sfa,cosmoothed,771990200,781842082,False,0.09300389906062147
node-var,8,sfa,cosmoothed,771990200,787025148,False,0.08655230048181993
node-var,8,sfa,cosmoothed,771990200,789848216,False,0.005427535319765454
node-var,8,sfa,cosmoothed,771990200,793224716,False,0.0033640035234521293
node-var,8,sfa,cosmoothed,771990200,794812542,False,0.007112978346615245
node-var,8,sfa,cosmoothed,771990200,816200189,False,0.04004496390280805
node-var,8,sfa,cosmoothed,771990200,847657808,False,0.0038063094072643207
node-var,8,sfa,cosmoothed,774875821,766640955,False,0.0015633881592341983
node-var,8,sfa,cosmoothed,774875821,767871931,False,0.02245208143250687
node-var,8,sfa,cosmoothed,774875821,771160300,False,0.014023445023538682
node-var,8,sfa,cosmoothed,774875821,771990200,False,0.03201094707347703
node-var,8,sfa,cosmoothed,774875821,774875821,True,0.47250354191046495
node-var,8,sfa,cosmoothed,774875821,778240327,False,0.005036388672006861
node-var,8,sfa,cosmoothed,774875821,778998620,False,0.03376721736339266
node-var,8,sfa,cosmoothed,774875821,779839471,False,0.0017717212078571596
node-var,8,sfa,cosmoothed,774875821,781842082,False,0.0046669948840721885
node-var,8,sfa,cosmoothed,774875821,787025148,False,0.0001399111046455144
node-var,8,sfa,cosmoothed,774875821,789848216,False,0.007018514466995457
node-var,8,sfa,cosmoothed,774875821,793224716,False,0.010445679599548816
node-var,8,sfa,cosmoothed,774875821,794812542,False,1.247278738090158e-05
node-var,8,sfa,cosmoothed,774875821,816200189,False,0.0027740302256778634
node-var,8,sfa,cosmoothed,774875821,847657808,False,0.018753829128511864
node-var,8,sfa,cosmoothed,778240327,766640955,False,0.007080825366749149
node-var,8,sfa,cosmoothed,778240327,767871931,False,5.819081822464807e-05
node-var,8,sfa,cosmoothed,778240327,771160300,False,0.00148752488818562
node-var,8,sfa,cosmoothed,778240327,771990200,False,0.015898705384627888
node-var,8,sfa,cosmoothed,778240327,774875821,False,0.006516924557340909
node-var,8,sfa,cosmoothed,778240327,778240327,True,0.6679266922467778
node-var,8,sfa,cosmoothed,778240327,778998620,False,0.0005304099118655303
node-var,8,sfa,cosmoothed,778240327,779839471,False,0.0033839220111567102
node-var,8,sfa,cosmoothed,778240327,781842082,False,4.3272824044736305e-05
node-var,8,sfa,cosmoothed,778240327,787025148,False,0.02577798991591509
node-var,8,sfa,cosmoothed,778240327,789848216,False,0.031591069083279716
node-var,8,sfa,cosmoothed,778240327,793224716,False,0.0026709077998463894
node-var,8,sfa,cosmoothed,778240327,794812542,False,7.69032851498104e-06
node-var,8,sfa,cosmoothed,778240327,816200189,False,0.00018849432581889957
node-var,8,sfa,cosmoothed,778240327,847657808,False,0.007807663200731894
node-var,8,sfa,cosmoothed,778998620,766640955,False,0.026244371885810795
node-var,8,sfa,cosmoothed,778998620,767871931,False,0.11375317940147286
node-var,8,sfa,cosmoothed,778998620,771160300,False,0.08687402537179088
node-var,8,sfa,cosmoothed,778998620,771990200,False,0.09285514960778596
node-var,8,sfa,cosmoothed,778998620,774875821,False,0.014004421764677588
node-var,8,sfa,cosmoothed,778998620,778240327,False,0.0015552549224317732
node-var,8,sfa,cosmoothed,778998620,778998620,True,0.4817625398847702
node-var,8,sfa,cosmoothed,778998620,779839471,False,0.08412769052414781
node-var,8,sfa,cosmoothed,778998620,781842082,False,0.020282239773456324
node-var,8,sfa,cosmoothed,778998620,787025148,False,0.07837327871923644
node-var,8,sfa,cosmoothed,778998620,789848216,False,0.0002822169314459766
node-var,8,sfa,cosmoothed,778998620,793224716,False,0.006151075590153894
node-var,8,sfa,cosmoothed,778998620,794812542,False,0.039568441360538276
node-var,8,sfa,cosmoothed,778998620,816200189,False,0.05135806422163035
node-var,8,sfa,cosmoothed,778998620,847657808,False,0.029901207345311098
node-var,8,sfa,cosmoothed,779839471,766640955,False,0.009403520772932288
node-var,8,sfa,cosmoothed,779839471,767871931,False,0.008319197306152007
node-var,8,sfa,cosmoothed,779839471,771160300,False,0.059342574374991554
node-var,8,sfa,cosmoothed,779839471,771990200,False,0.08380186470059191
node-var,8,sfa,cosmoothed,779839471,774875821,False,0.0013510909110198313
node-var,8,sfa,cosmoothed,779839471,778240327,False,0.0028322795696091034
node-var,8,sfa,cosmoothed,779839471,778998620,False,0.1580710615349906
node-var,8,sfa,cosmoothed,779839471,779839471,True,0.3127550110243132
node-var,8,sfa,cosmoothed,779839471,781842082,False,5.651473753059006e-06
node-var,8,sfa,cosmoothed,779839471,787025148,False,0.06155481478509331
node-var,8,sfa,cosmoothed,779839471,789848216,False,0.00020364190282874778
node-var,8,sfa,cosmoothed,779839471,793224716,False,0.005904719744682986
node-var,8,sfa,cosmoothed,779839471,794812542,False,0.018199420102491124
node-var,8,sfa,cosmoothed,779839471,816200189,False,0.05029570469586802
node-var,8,sfa,cosmoothed,779839471,847657808,False,0.04059789857125425
node-var,8,sfa,cosmoothed,781842082,766640955,False,0.017213093601937877
node-var,8,sfa,cosmoothed,781842082,767871931,False,0.08031401805817381
node-var,8,sfa,cosmoothed,781842082,771160300,False,0.010553938856921782
node-var,8,sfa,cosmoothed,781842082,771990200,False,0.028515238197144275
node-var,8,sfa,cosmoothed,781842082,774875821,False,0.0030905558710166725
node-var,8,sfa,cosmoothed,781842082,778240327,False,0.002078312855701882
node-var,8,sfa,cosmoothed,781842082,778998620,False,0.002642825984096142
node-var,8,sfa,cosmoothed,781842082,779839471,False,0.005028923267260769
node-var,8,sfa,cosmoothed,781842082,781842082,True,0.5368095345591511
node-var,8,sfa,cosmoothed,781842082,787025148,False,0.0040226486672373185
node-var,8,sfa,cosmoothed,781842082,789848216,False,0.02584152110010125
node-var,8,sfa,cosmoothed,781842082,793224716,False,0.008427632878873458
node-var,8,sfa,cosmoothed,781842082,794812542,False,0.0002201999661946208
node-var,8,sfa,cosmoothed,781842082,816200189,False,0.028998509238026274
node-var,8,sfa,cosmoothed,781842082,847657808,False,0.009767508031817366
node-var,8,sfa,cosmoothed,787025148,766640955,False,0.003697974842541481
node-var,8,sfa,cosmoothed,787025148,767871931,False,7.425838353118794e-06
node-var,8,sfa,cosmoothed,787025148,771160300,False,0.002468640575034339
node-var,8,sfa,cosmoothed,787025148,771990200,False,0.04571808689751121
node-var,8,sfa,cosmoothed,787025148,774875821,False,0.004528920626620366
node-var,8,sfa,cosmoothed,787025148,778240327,False,0.07018878094523182
node-var,8,sfa,cosmoothed,787025148,778998620,False,0.024546903608489795
node-var,8,sfa,cosmoothed,787025148,779839471,False,0.06401866709096726
node-var,8,sfa,cosmoothed,787025148,781842082,False,0.0018196857017357512
node-var,8,sfa,cosmoothed,787025148,787025148,True,0.6415851111032794
node-var,8,sfa,cosmoothed,787025148,789848216,False,0.0027179159275646614
node-var,8,sfa,cosmoothed,787025148,793224716,False,0.008421677098262017
node-var,8,sfa,cosmoothed,787025148,794812542,False,0.015237398624629079
node-var,8,sfa,cosmoothed,787025148,816200189,False,0.00040862312247322416
node-var,8,sfa,cosmoothed,787025148,847657808,False,0.014534310463389578
node-var,8,sfa,cosmoothed,789848216,766640955,False,0.023555718185700573
node-var,8,sfa,cosmoothed,789848216,767871931,False,0.023929349615106118
node-var,8,sfa,cosmoothed,789848216,771160300,False,0.003518248035562474
node-var,8,sfa,cosmoothed,789848216,771990200,False,0.015371489526545875
node-var,8,sfa,cosmoothed,789848216,774875821,False,0.008610069204744044
node-var,8,sfa,cosmoothed,789848216,778240327,False,0.005666372103484919
node-var,8,sfa,cosmoothed,789848216,778998620,False,0.022350538302682875
node-var,8,sfa,cosmoothed,789848216,779839471,False,0.021651039384811423
node-var,8,sfa,cosmoothed,789848216,781842082,False,0.014325710193106562
node-var,8,sfa,cosmoothed,789848216,787025148,False,0.003296686856038395
node-var,8,sfa,cosmoothed,789848216,789848216,True,0.7024572722475229
node-var,8,sfa,cosmoothed,789848216,793224716,False,0.0005571495967325747
node-var,8,sfa,cosmoothed,789848216,794812542,False,0.00568086464595321
node-var,8,sfa,cosmoothed,789848216,816200189,False,0.004550171202741107
node-var,8,sfa,cosmoothed,789848216,847657808,False,0.025756283539031585
node-var,8,sfa,cosmoothed,793224716,766640955,False,0.001343725925886171
node-var,8,sfa,cosmoothed,793224716,767871931,False,0.03725721799957443
node-var,8,sfa,cosmoothed,793224716,771160300,False,0.023674419186960494
node-var,8,sfa,cosmoothed,793224716,771990200,False,4.0784475267959895e-06
node-var,8,sfa,cosmoothed,793224716,774875821,False,0.0019323091328975006
node-var,8,sfa,cosmoothed,793224716,778240327,False,0.0006544419417009239
node-var,8,sfa,cosmoothed,793224716,778998620,False,0.0023239696021650946
node-var,8,sfa,cosmoothed,793224716,779839471,False,0.005123264459041661
node-var,8,sfa,cosmoothed,793224716,781842082,False,0.015744226453642058
node-var,8,sfa,cosmoothed,793224716,787025148,False,0.004915638074566039
node-var,8,sfa,cosmoothed,793224716,789848216,False,0.00330848669625432
node-var,8,sfa,cosmoothed,793224716,793224716,True,0.5412103516188748
node-var,8,sfa,cosmoothed,793224716,794812542,False,0.008842009672287193
node-var,8,sfa,cosmoothed,793224716,816200189,False,0.0018440299217492575
node-var,8,sfa,cosmoothed,793224716,847657808,False,0.030990259921149985
node-var,8,sfa,cosmoothed,794812542,766640955,False,0.0166510698197607
node-var,8,sfa,cosmoothed,794812542,767871931,False,0.0006032900031109965
node-var,8,sfa,cosmoothed,794812542,771160300,False,0.0017301138929065659
node-var,8,sfa,cosmoothed,794812542,771990200,False,0.028406453523422224
node-var,8,sfa,cosmoothed,794812542,774875821,False,0.015600012056197194
node-var,8,sfa,cosmoothed,794812542,778240327,False,0.006157584740486281
node-var,8,sfa,cosmoothed,794812542,778998620,False,0.04674909410793683
node-var,8,sfa,cosmoothed,794812542,779839471,False,0.04166938037358369
node-var,8,sfa,cosmoothed,794812542,781842082,False,0.0005554840575057063
node-var,8,sfa,cosmoothed,794812542,787025148,False,0.03420690212632583
node-var,8,sfa,cosmoothed,794812542,789848216,False,0.006004029981573815
node-var,8,sfa,cosmoothed,794812542,793224716,False,0.00955456711786646
node-var,8,sfa,cosmoothed,794812542,794812542,True,0.5417332462801102
node-var,8,sfa,cosmoothed,794812542,816200189,False,0.009160833611494642
node-var,8,sfa,cosmoothed,794812542,847657808,False,0.016737783647127864
node-var,8,sfa,cosmoothed,816200189,766640955,False,0.02436737866114704
node-var,8,sfa,cosmoothed,816200189,767871931,False,0.01005182995503746
node-var,8,sfa,cosmoothed,816200189,771160300,False,0.0014447295126421339
node-var,8,sfa,cosmoothed,816200189,771990200,False,0.00042881303825102025
node-var,8,sfa,cosmoothed,816200189,774875821,False,0.015266951608818729
node-var,8,sfa,cosmoothed,816200189,778240327,False,0.059686425083087316
node-var,8,sfa,cosmoothed,816200189,778998620,False,0.012879431325870081
node-var,8,sfa,cosmoothed,816200189,779839471,False,4.9170185532940445e-06
node-var,8,sfa,cosmoothed,816200189,781842082,False,0.01740389700360961
node-var,8,sfa,cosmoothed,816200189,787025148,False,0.024224452250348548
node-var,8,sfa,cosmoothed,816200189,789848216,False,0.003431852728644484
node-var,8,sfa,cosmoothed,816200189,793224716,False,0.000683313079341416
node-var,8,sfa,cosmoothed,816200189,794812542,False,0.007632400556060926
node-var,8,sfa,cosmoothed,816200189,816200189,True,0.2821571257200395
node-var,8,sfa,cosmoothed,816200189,847657808,False,0.011446236329983669
node-var,8,sfa,cosmoothed,847657808,766640955,False,0.0436878032253517
node-var,8,sfa,cosmoothed,847657808,767871931,False,0.0017008190117823237
node-var,8,sfa,cosmoothed,847657808,771160300,False,1.1565736806603255e-05
node-var,8,sfa,cosmoothed,847657808,771990200,False,0.00014008434947349567
node-var,8,sfa,cosmoothed,847657808,774875821,False,0.0008724920096146454
node-var,8,sfa,cosmoothed,847657808,778240327,False,0.024486815572386415
node-var,8,sfa,cosmoothed,847657808,778998620,False,0.0034900721003278934
node-var,8,sfa,cosmoothed,847657808,779839471,False,0.004354782787115812
node-var,8,sfa,cosmoothed,847657808,781842082,False,0.004692740637347281
node-var,8,sfa,cosmoothed,847657808,787025148,False,0.05503589833398402
node-var,8,sfa,cosmoothed,847657808,789848216,False,0.03716476362710398
node-var,8,sfa,cosmoothed,847657808,793224716,False,0.014896603550972838
node-var,8,sfa,cosmoothed,847657808,794812542,False,0.014444132311237687
node-var,8,sfa,cosmoothed,847657808,816200189,False,0.03197239856422989
node-var,8,sfa,cosmoothed,847657808,847657808,True,0.4108809480967104
node-var,12,sfa,cosmoothed,766640955,766640955,True,0.3888667344828886
node-var,12,sfa,cosmoothed,766640955,767871931,False,0.00031444107305760743
node-var,12,sfa,cosmoothed,766640955,771160300,False,7.478468642507851e-05
node-var,12,sfa,cosmoothed,766640955,771990200,False,0.04061117389299116
node-var,12,sfa,cosmoothed,766640955,774875821,False,0.00022078886225447127
node-var,12,sfa,cosmoothed,766640955,778240327,False,0.0019960269881697796
node-var,12,sfa,cosmoothed,766640955,778998620,False,0.027170216938908993
node-var,12,sfa,cosmoothed,766640955,779839471,False,0.0067625930697135135
node-var,12,sfa,cosmoothed,766640955,781842082,False,0.005796812700106433
node-var,12,sfa,cosmoothed,766640955,787025148,False,0.002824418378669591
node-var,12,sfa,cosmoothed,766640955,789848216,False,0.002400041134336768
node-var,12,sfa,cosmoothed,766640955,793224716,False,0.0034044179202372938
node-var,12,sfa,cosmoothed,766640955,794812542,False,0.015090264536831809
node-var,12,sfa,cosmoothed,766640955,816200189,False,0.023140408777842604
node-var,12,sfa,cosmoothed,766640955,847657808,False,0.026506148010310572
node-var,12,sfa,cosmoothed,767871931,766640955,False,0.022100409754143124
node-var,12,sfa,cosmoothed,767871931,767871931,True,0.6680852930428322
node-var,12,sfa,cosmoothed,767871931,771160300,False,0.0003516558500174209
node-var,12,sfa,cosmoothed,767871931,771990200,False,0.08243923442885559
node-var,12,sfa,cosmoothed,767871931,774875821,False,0.039943936721052974
node-var,12,sfa,cosmoothed,767871931,778240327,False,0.006732025096611356
node-var,12,sfa,cosmoothed,767871931,778998620,False,0.1742392254652907
node-var,12,sfa,cosmoothed,767871931,779839471,False,0.014604125186075083
node-var,12,sfa,cosmoothed,767871931,781842082,False,0.09975194039477268
node-var,12,sfa,cosmoothed,767871931,787025148,False,0.012774140348070754
node-var,12,sfa,cosmoothed,767871931,789848216,False,0.0038811690275857734
node-var,12,sfa,cosmoothed,767871931,793224716,False,0.03786894940518385
node-var,12,sfa,cosmoothed,767871931,794812542,False,0.022318155761878417
node-var,12,sfa,cosmoothed,767871931,816200189,False,0.000150079596825153
node-var,12,sfa,cosmoothed,767871931,847657808,False,0.00412150718392712
node-var,12,sfa,cosmoothed,771160300,766640955,False,0.07000947074053525
node-var,12,sfa,cosmoothed,771160300,767871931,False,0.11932575239936462
node-var,12,sfa,cosmoothed,771160300,771160300,True,0.45837879567500894
node-var,12,sfa,cosmoothed,771160300,771990200,False,0.13784200516472808
node-var,12,sfa,cosmoothed,771160300,774875821,False,4.473923989782025e-05
node-var,12,sfa,cosmoothed,771160300,778240327,False,0.03223973419305938
node-var,12,sfa,cosmoothed,771160300,778998620,False,0.249751713570612
node-var,12,sfa,cosmoothed,771160300,779839471,False,0.21325486139754618
node-var,12,sfa,cosmoothed,771160300,781842082,False,0.013433133504063053
node-var,12,sfa,cosmoothed,771160300,787025148,False,0.0988130753288591
node-var,12,sfa,cosmoothed,771160300,789848216,False,0.006998705811308136
node-var,12,sfa,cosmoothed,771160300,793224716,False,0.01229323400449079
node-var,12,sfa,cosmoothed,771160300,794812542,False,0.04644098112912821
node-var,12,sfa,cosmoothed,771160300,816200189,False,0.009872526496547011
node-var,12,sfa,cosmoothed,771160300,847657808,False,0.04900219650790045
node-var,12,sfa,cosmoothed,771990200,766640955,False,0.04453707318780518
node-var,12,sfa,cosmoothed,771990200,767871931,False,0.1797826178106822
node-var,12,sfa,cosmoothed,771990200,771160300,False,0.06607145710694909
node-var,12,sfa,cosmoothed,771990200,771990200,True,0.49587619733717153
node-var,12,sfa,cosmoothed,771990200,774875821,False,0.0019310566309302033
node-var,12,sfa,cosmoothed,771990200,778240327,False,0.005121425869662314
node-var,12,sfa,cosmoothed,771990200,778998620,False,0.3216534985074273
node-var,12,sfa,cosmoothed,771990200,779839471,False,0.15566283711512427
node-var,12,sfa,cosmoothed,771990200,781842082,False,0.10612206978883279
node-var,12,sfa,cosmoothed,771990200,787025148,False,0.10327517843310757
node-var,12,sfa,cosmoothed,771990200,789848216,False,0.0070352909564554734
node-var,12,sfa,cosmoothed,771990200,793224716,False,0.003196071301558395
node-var,12,sfa,cosmoothed,771990200,794812542,False,0.009217696468269058
node-var,12,sfa,cosmoothed,771990200,816200189,False,0.0481988665738357
node-var,12,sfa,cosmoothed,771990200,847657808,False,0.0044462208426755915
node-var,12,sfa,cosmoothed,774875821,766640955,False,0.0015853080028966982
node-var,12,sfa,cosmoothed,774875821,767871931,False,0.027901697191918803
node-var,12,sfa,cosmoothed,774875821,771160300,False,0.015460061352946556
node-var,12,sfa,cosmoothed,774875821,771990200,False,0.03612232613762207
node-var,12,sfa,cosmoothed,774875821,774875821,True,0.5175743247872174
node-var,12,sfa,cosmoothed,774875821,778240327,False,0.006644483342360006
node-var,12,sfa,cosmoothed,774875821,778998620,False,0.03890643621487795
node-var,12,sfa,cosmoothed,774875821,779839471,False,0.001571002469470083
node-var,12,sfa,cosmoothed,774875821,781842082,False,0.00516119145044965
node-var,12,sfa,cosmoothed,774875821,787025148,False,0.00011851375403198676
node-var,12,sfa,cosmoothed,774875821,789848216,False,0.00879612064011094
node-var,12,sfa,cosmoothed,774875821,793224716,False,0.010524649775648647
node-var,12,sfa,cosmoothed,774875821,794812542,False,8.066906182855036e-05
node-var,12,sfa,cosmoothed,774875821,816200189,False,0.0028032828815032895
node-var,12,sfa,cosmoothed,774875821,847657808,False,0.021257459714869167
node-var,12,sfa,cosmoothed,778240327,766640955,False,0.007328532986609613
node-var,12,sfa,cosmoothed,778240327,767871931,False,9.101686324515763e-05
node-var,12,sfa,cosmoothed,778240327,771160300,False,0.0017747587621509968
node-var,12,sfa,cosmoothed,778240327,771990200,False,0.018245039463214173
node-var,12,sfa,cosmoothed,778240327,774875821,False,0.005584547921838663
node-var,12,sfa,cosmoothed,778240327,778240327,True,0.699121219001024
node-var,12,sfa,cosmoothed,778240327,778998620,False,0.0005379684270169977
node-var,12,sfa,cosmoothed,778240327,779839471,False,0.005359552665278421
node-var,12,sfa,cosmoothed,778240327,781842082,False,9.643250228461932e-05
node-var,12,sfa,cosmoothed,778240327,787025148,False,0.03170937812045995
node-var,12,sfa,cosmoothed,778240327,789848216,False,0.045480903553860696
node-var,12,sfa,cosmoothed,778240327,793224716,False,0.0023866271389761796
node-var,12,sfa,cosmoothed,778240327,794812542,False,0.00018204758647718383
node-var,12,sfa,cosmoothed,778240327,816200189,False,0.00014985277364448128
node-var,12,sfa,cosmoothed,778240327,847657808,False,0.009914324468332975
node-var,12,sfa,cosmoothed,778998620,766640955,False,0.02937658028259909
node-var,12,sfa,cosmoothed,778998620,767871931,False,0.12338663317076108
node-var,12,sfa,cosmoothed,778998620,771160300,False,0.09456331414831604
node-var,12,sfa,cosmoothed,778998620,771990200,False,0.10608110589188545
node-var,12,sfa,cosmoothed,778998620,774875821,False,0.015755463516484294
node-var,12,sfa,cosmoothed,778998620,778240327,False,0.0022467123075476155
node-var,12,sfa,cosmoothed,778998620,778998620,True,0.5053563210101013
node-var,12,sfa,cosmoothed,778998620,779839471,False,0.09479804787768768
node-var,12,sfa,cosmoothed,778998620,781842082,False,0.024431499736626755
node-var,12,sfa,cosmoothed,778998620,787025148,False,0.09000669387991383
node-var,12,sfa,cosmoothed,778998620,789848216,False,0.00035808972982541985
node-var,12,sfa,cosmoothed,778998620,793224716,False,0.006332303651783129
node-var,12,sfa,cosmoothed,778998620,794812542,False,0.04447750603796332
node-var,12,sfa,cosmoothed,778998620,816200189,False,0.05998437630398104
node-var,12,sfa,cosmoothed,778998620,847657808,False,0.03203900738661831
node-var,12,sfa,cosmoothed,779839471,766640955,False,0.011427865317798385
node-var,12,sfa,cosmoothed,779839471,767871931,False,0.009734334083371269
node-var,12,sfa,cosmoothed,779839471,771160300,False,0.07187821599494149
node-var,12,sfa,cosmoothed,779839471,771990200,False,0.09191795183822743
node-var,12,sfa,cosmoothed,779839471,774875821,False,0.0026170107889716345
node-var,12,sfa,cosmoothed,779839471,778240327,False,0.002689897553861076
node-var,12,sfa,cosmoothed,779839471,778998620,False,0.18856186827665453
node-var,12,sfa,cosmoothed,779839471,779839471,True,0.34946388458745775
node-var,12,sfa,cosmoothed,779839471,781842082,False,0.00028066317209234553
node-var,12,sfa,cosmoothed,779839471,787025148,False,0.07060732622772624
node-var,12,sfa,cosmoothed,779839471,789848216,False,0.0003492583733265202
node-var,12,sfa,cosmoothed,779839471,793224716,False,0.0067539346336208395
node-var,12,sfa,cosmoothed,779839471,794812542,False,0.0220881339740859
node-var,12,sfa,cosmoothed,779839471,816200189,False,0.07249690853955842
node-var,12,sfa,cosmoothed,779839471,847657808,False,0.048992399855636304
node-var,12,sfa,cosmoothed,781842082,766640955,False,0.021906773897415327
node-var,12,sfa,cosmoothed,781842082,767871931,False,0.08770018215698551
node-var,12,sfa,cosmoothed,781842082,771160300,False,0.01185943523194573
node-var,12,sfa,cosmoothed,781842082,771990200,False,0.031225034814633876
node-var,12,sfa,cosmoothed,781842082,774875821,False,0.0033354791757349844
node-var,12,sfa,cosmoothed,781842082,778240327,False,0.0023928854568255322
node-var,12,sfa,cosmoothed,781842082,778998620,False,0.002994448923311307
node-var,12,sfa,cosmoothed,781842082,779839471,False,0.005535616698140004
node-var,12,sfa,cosmoothed,781842082,781842082,True,0.5758115030739127
node-var,12,sfa,cosmoothed,781842082,787025148,False,0.0046838424850146575
node-var,12,sfa,cosmoothed,781842082,789848216,False,0.034634375138094545
node-var,12,sfa,cosmoothed,781842082,793224716,False,0.009124308711343843
node-var,12,sfa,cosmoothed,781842082,794812542,False,0.00044321755567660345
node-var,12,sfa,cosmoothed,781842082,816200189,False,0.03462550203201898
node-var,12,sfa,cosmoothed,781842082,847657808,False,0.011290783140526265
node-var,12,sfa,cosmoothed,787025148,766640955,False,0.0043849315190429205
node-var,12,sfa,cosmoothed,787025148,767871931,False,1.7000433229993477e-07
node-var,12,sfa,cosmoothed,787025148,771160300,False,0.0030584783661792556
node-var,12,sfa,cosmoothed,787025148,771990200,False,0.056120033806022235
node-var,12,sfa,cosmoothed,787025148,774875821,False,0.00408336095058316
node-var,12,sfa,cosmoothed,787025148,778240327,False,0.07928832037557401
node-var,12,sfa,cosmoothed,787025148,778998620,False,0.027522644539087805
node-var,12,sfa,cosmoothed,787025148,779839471,False,0.07411589362079665
node-var,12,sfa,cosmoothed,787025148,781842082,False,0.0021331980846447385
node-var,12,sfa,cosmoothed,787025148,787025148,True,0.6919489258481024
node-var,12,sfa,cosmoothed,787025148,789848216,False,0.003165487967558977
node-var,12,sfa,cosmoothed,787025148,793224716,False,0.010842195084930869
node-var,12,sfa,cosmoothed,787025148,794812542,False,0.01774645100374238
node-var,12,sfa,cosmoothed,787025148,816200189,False,0.0011036179340174214
node-var,12,sfa,cosmoothed,787025148,847657808,False,0.018568324023857136
node-var,12,sfa,cosmoothed,789848216,766640955,False,0.031571010158884576
node-var,12,sfa,cosmoothed,789848216,767871931,False,0.03354976085076784
node-var,12,sfa,cosmoothed,789848216,771160300,False,0.003752359024439571
node-var,12,sfa,cosmoothed,789848216,771990200,False,0.021045050878386425
node-var,12,sfa,cosmoothed,789848216,774875821,False,0.013117593362267182
node-var,12,sfa,cosmoothed,789848216,778240327,False,0.008981739079489947
node-var,12,sfa,cosmoothed,789848216,778998620,False,0.02753135393851255
node-var,12,sfa,cosmoothed,789848216,779839471,False,0.02942474270071177
node-var,12,sfa,cosmoothed,789848216,781842082,False,0.02139589374495004
node-var,12,sfa,cosmoothed,789848216,787025148,False,0.0038249824189977685
node-var,12,sfa,cosmoothed,789848216,789848216,True,0.7331466545622035
node-var,12,sfa,cosmoothed,789848216,793224716,False,0.0012187811817246077
node-var,12,sfa,cosmoothed,789848216,794812542,False,0.007616421566527622
node-var,12,sfa,cosmoothed,789848216,816200189,False,0.003935498039097754
node-var,12,sfa,cosmoothed,789848216,847657808,False,0.03323056596300049
node-var,12,sfa,cosmoothed,793224716,766640955,False,0.0011901828453744832
node-var,12,sfa,cosmoothed,793224716,767871931,False,0.041088955013918
node-var,12,sfa,cosmoothed,793224716,771160300,False,0.029169289876799502
node-var,12,sfa,cosmoothed,793224716,771990200,False,1.7085917878195715e-05
node-var,12,sfa,cosmoothed,793224716,774875821,False,0.002513495722582852
node-var,12,sfa,cosmoothed,793224716,778240327,False,0.0009460714225386952
node-var,12,sfa,cosmoothed,793224716,778998620,False,0.0028885738726914236
node-var,12,sfa,cosmoothed,793224716,779839471,False,0.005683119533509062
node-var,12,sfa,cosmoothed,793224716,781842082,False,0.015928175353233483
node-var,12,sfa,cosmoothed,793224716,787025148,False,0.006004267872506773
node-var,12,sfa,cosmoothed,793224716,789848216,False,0.00493791980393522
node-var,12,sfa,cosmoothed,793224716,793224716,True,0.5790753773308236
node-var,12,sfa,cosmoothed,793224716,794812542,False,0.008967094045261654
node-var,12,sfa,cosmoothed,793224716,816200189,False,0.002262738719503549
node-var,12,sfa,cosmoothed,793224716,847657808,False,0.0353326282091647
node-var,12,sfa,cosmoothed,794812542,766640955,False,0.01956216358163467
node-var,12,sfa,cosmoothed,794812542,767871931,False,0.0008513026950089152
node-var,12,sfa,cosmoothed,794812542,771160300,False,0.0019275378634925349
node-var,12,sfa,cosmoothed,794812542,771990200,False,0.03276554142922178
node-var,12,sfa,cosmoothed,794812542,774875821,False,0.019906330268983807
node-var,12,sfa,cosmoothed,794812542,778240327,False,0.007796392908526336
node-var,12,sfa,cosmoothed,794812542,778998620,False,0.0534002071479121
node-var,12,sfa,cosmoothed,794812542,779839471,False,0.050821482144435735
node-var,12,sfa,cosmoothed,794812542,781842082,False,0.00035205828759413415
node-var,12,sfa,cosmoothed,794812542,787025148,False,0.040374870589428194
node-var,12,sfa,cosmoothed,794812542,789848216,False,0.0075202442387678385
node-var,12,sfa,cosmoothed,794812542,793224716,False,0.011005168865402629
node-var,12,sfa,cosmoothed,794812542,794812542,True,0.589091050430316
node-var,12,sfa,cosmoothed,794812542,816200189,False,0.011582399039837831
node-var,12,sfa,cosmoothed,794812542,847657808,False,0.018819704765992793
node-var,12,sfa,cosmoothed,816200189,766640955,False,0.029400174488709633
node-var,12,sfa,cosmoothed,816200189,767871931,False,0.013142788229748958
node-var,12,sfa,cosmoothed,816200189,771160300,False,0.001842705406229207
node-var,12,sfa,cosmoothed,816200189,771990200,False,0.000567498058065176
node-var,12,sfa,cosmoothed,816200189,774875821,False,0.017544374916275918
node-var,12,sfa,cosmoothed,816200189,778240327,False,0.07485714730459501
node-var,12,sfa,cosmoothed,816200189,778998620,False,0.01630712797412918
node-var,12,sfa,cosmoothed,816200189,779839471,False,3.9750717920879987e-07
node-var,12,sfa,cosmoothed,816200189,781842082,False,0.022435229875502522
node-var,12,sfa,cosmoothed,816200189,787025148,False,0.030059218085395873
node-var,12,sfa,cosmoothed,816200189,789848216,False,0.004052574482714437
node-var,12,sfa,cosmoothed,816200189,793224716,False,0.0009264315550368816
node-var,12,sfa,cosmoothed,816200189,794812542,False,0.009354000667142967
node-var,12,sfa,cosmoothed,816200189,816200189,True,0.33772508265003526
node-var,12,sfa,cosmoothed,816200189,847657808,False,0.014177282675859817
node-var,12,sfa,cosmoothed,847657808,766640955,False,0.05399760932317123
node-var,12,sfa,cosmoothed,847657808,767871931,False,0.0011911485247037771
node-var,12,sfa,cosmoothed,847657808,771160300,False,0.00015711323762204862
node-var,12,sfa,cosmoothed,847657808,771990200,False,0.0005217874187772157
node-var,12,sfa,cosmoothed,847657808,774875821,False,0.0010362083058028516
node-var,12,sfa,cosmoothed,847657808,778240327,False,0.032180581483088784
node-var,12,sfa,cosmoothed,847657808,778998620,False,0.004665214344890306
node-var,12,sfa,cosmoothed,847657808,779839471,False,0.007039980910231002
node-var,12,sfa,cosmoothed,847657808,781842082,False,0.007800511229402033
node-var,12,sfa,cosmoothed,847657808,787025148,False,0.08248185378756773
node-var,12,sfa,cosmoothed,847657808,789848216,False,0.06128644121102716
node-var,12,sfa,cosmoothed,847657808,793224716,False,0.022089182516675968
node-var,12,sfa,cosmoothed,847657808,794812542,False,0.023566368455291573
node-var,12,sfa,cosmoothed,847657808,816200189,False,0.042620281725467384
node-var,12,sfa,cosmoothed,847657808,847657808,True,0.5019399916975803
node-var,16,sfa,cosmoothed,766640955,766640955,True,0.4138804525657619
node-var,16,sfa,cosmoothed,766640955,767871931,False,0.0002695545456683263
node-var,16,sfa,cosmoothed,766640955,771160300,False,3.691706368886301e-05
node-var,16,sfa,cosmoothed,766640955,771990200,False,0.04613381213785118
node-var,16,sfa,cosmoothed,766640955,774875821,False,0.00018511055125566736
node-var,16,sfa,cosmoothed,766640955,778240327,False,0.0013155877747815371
node-var,16,sfa,cosmoothed,766640955,778998620,False,0.028254231562226978
node-var,16,sfa,cosmoothed,766640955,779839471,False,0.00833916406275923
node-var,16,sfa,cosmoothed,766640955,781842082,False,0.00616821059181629
node-var,16,sfa,cosmoothed,766640955,787025148,False,0.0034512686697936268
node-var,16,sfa,cosmoothed,766640955,789848216,False,0.0013964497172576098
node-var,16,sfa,cosmoothed,766640955,793224716,False,0.004936073585547079
node-var,16,sfa,cosmoothed,766640955,794812542,False,0.015010787558390349
node-var,16,sfa,cosmoothed,766640955,816200189,False,0.022916381110011184
node-var,16,sfa,cosmoothed,766640955,847657808,False,0.02643154079719848
node-var,16,sfa,cosmoothed,767871931,766640955,False,0.023950500967939287
node-var,16,sfa,cosmoothed,767871931,767871931,True,0.6894739198246188
node-var,16,sfa,cosmoothed,767871931,771160300,False,0.00048445270664933856
node-var,16,sfa,cosmoothed,767871931,771990200,False,0.08859431719610407
node-var,16,sfa,cosmoothed,767871931,774875821,False,0.04543420403331401
node-var,16,sfa,cosmoothed,767871931,778240327,False,0.007211978303473492
node-var,16,sfa,cosmoothed,767871931,778998620,False,0.1839635256228966
node-var,16,sfa,cosmoothed,767871931,779839471,False,0.016830457097948625
node-var,16,sfa,cosmoothed,767871931,781842082,False,0.1095263714690941
node-var,16,sfa,cosmoothed,767871931,787025148,False,0.013368052840120615
node-var,16,sfa,cosmoothed,767871931,789848216,False,0.004736259925680047
node-var,16,sfa,cosmoothed,767871931,793224716,False,0.040382947953683045
node-var,16,sfa,cosmoothed,767871931,794812542,False,0.02455732612660716
node-var,16,sfa,cosmoothed,767871931,816200189,False,0.0002272759505306764
node-var,16,sfa,cosmoothed,767871931,847657808,False,0.0043131921012421
node-var,16,sfa,cosmoothed,771160300,766640955,False,0.07699337073268607
node-var,16,sfa,cosmoothed,771160300,767871931,False,0.13061214665508697
node-var,16,sfa,cosmoothed,771160300,771160300,True,0.4883149549039442
node-var,16,sfa,cosmoothed,771160300,771990200,False,0.15570169090206545
node-var,16,sfa,cosmoothed,771160300,774875821,False,2.6486666166990586e-06
node-var,16,sfa,cosmoothed,771160300,778240327,False,0.036309741205907936
node-var,16,sfa,cosmoothed,771160300,778998620,False,0.2736341404870578
node-var,16,sfa,cosmoothed,771160300,779839471,False,0.24430140942819312
node-var,16,sfa,cosmoothed,771160300,781842082,False,0.015660163055862066
node-var,16,sfa,cosmoothed,771160300,787025148,False,0.10632980119332881
node-var,16,sfa,cosmoothed,771160300,789848216,False,0.010515312193778244
node-var,16,sfa,cosmoothed,771160300,793224716,False,0.01351333511748087
node-var,16,sfa,cosmoothed,771160300,794812542,False,0.05166729496932456
node-var,16,sfa,cosmoothed,771160300,816200189,False,0.011758134193957178
node-var,16,sfa,cosmoothed,771160300,847657808,False,0.05258683625108904
node-var,16,sfa,cosmoothed,771990200,766640955,False,0.047139745935715724
node-var,16,sfa,cosmoothed,771990200,767871931,False,0.1977589885043828
node-var,16,sfa,cosmoothed,771990200,771160300,False,0.0712152048338531
node-var,16,sfa,cosmoothed,771990200,771990200,True,0.5215305415014028
node-var,16,sfa,cosmoothed,771990200,774875821,False,0.0017331349009583358
node-var,16,sfa,cosmoothed,771990200,778240327,False,0.00627579396009227
node-var,16,sfa,cosmoothed,771990200,778998620,False,0.3466253879238655
node-var,16,sfa,cosmoothed,771990200,779839471,False,0.17358704843576003
node-var,16,sfa,cosmoothed,771990200,781842082,False,0.11502230113525205
node-var,16,sfa,cosmoothed,771990200,787025148,False,0.11665186363961952
node-var,16,sfa,cosmoothed,771990200,789848216,False,0.007669733258610595
node-var,16,sfa,cosmoothed,771990200,793224716,False,0.0030089526164987796
node-var,16,sfa,cosmoothed,771990200,794812542,False,0.0112872869837244
node-var,16,sfa,cosmoothed,771990200,816200189,False,0.05459167478295569
node-var,16,sfa,cosmoothed,771990200,847657808,False,0.0049598790543339795
node-var,16,sfa,cosmoothed,774875821,766640955,False,0.0014988386999767534
node-var,16,sfa,cosmoothed,774875821,767871931,False,0.03390287831714191
node-var,16,sfa,cosmoothed,774875821,771160300,False,0.016301811101348127
node-var,16,sfa,cosmoothed,774875821,771990200,False,0.03934148165820525
node-var,16,sfa,cosmoothed,774875821,774875821,True,0.5508185649244943
node-var,16,sfa,cosmoothed,774875821,778240327,False,0.008020473113817695
node-var,16,sfa,cosmoothed,774875821,778998620,False,0.044036152511347335
node-var,16,sfa,cosmoothed,774875821,779839471,False,0.001450387696166101
node-var,16,sfa,cosmoothed,774875821,781842082,False,0.005388839869076628
node-var,16,sfa,cosmoothed,774875821,787025148,False,1.955795636610029e-05
node-var,16,sfa,cosmoothed,774875821,789848216,False,0.01141278132581559
node-var,16,sfa,cosmoothed,774875821,793224716,False,0.01083364779838098
node-var,16,sfa,cosmoothed,774875821,794812542,False,0.00021870175077072992
node-var,16,sfa,cosmoothed,774875821,816200189,False,0.0026783605904788068
node-var,16,sfa,cosmoothed,774875821,847657808,False,0.023051353318874507
node-var,16,sfa,cosmoothed,778240327,766640955,False,0.0070263869244976485
node-var,16,sfa,cosmoothed,778240327,767871931,False,0.0001196116501296686
node-var,16,sfa,cosmoothed,778240327,771160300,False,0.001932731668468785
node-var,16,sfa,cosmoothed,778240327,771990200,False,0.020474512589091977
node-var,16,sfa,cosmoothed,778240327,774875821,False,0.004670649482857461
node-var,16,sfa,cosmoothed,778240327,778240327,True,0.7199018747264657
node-var,16,sfa,cosmoothed,778240327,778998620,False,0.0005590546229363299
node-var,16,sfa,cosmoothed,778240327,779839471,False,0.007804500882700122
node-var,16,sfa,cosmoothed,778240327,781842082,False,0.00019902722690420978
node-var,16,sfa,cosmoothed,778240327,787025148,False,0.03748791222046444
node-var,16,sfa,cosmoothed,778240327,789848216,False,0.05612659941888586
node-var,16,sfa,cosmoothed,778240327,793224716,False,0.002046119329684699
node-var,16,sfa,cosmoothed,778240327,794812542,False,0.0006312547878380883
node-var,16,sfa,cosmoothed,778240327,816200189,False,0.0002590936091159106
node-var,16,sfa,cosmoothed,778240327,847657808,False,0.012270509042506286
node-var,16,sfa,cosmoothed,778998620,766640955,False,0.03182497775608854
node-var,16,sfa,cosmoothed,778998620,767871931,False,0.13285060040250438
node-var,16,sfa,cosmoothed,778998620,771160300,False,0.09888810492267422
node-var,16,sfa,cosmoothed,778998620,771990200,False,0.11878932791339242
node-var,16,sfa,cosmoothed,778998620,774875821,False,0.017638213399132817
node-var,16,sfa,cosmoothed,778998620,778240327,False,0.0027871147013943244
node-var,16,sfa,cosmoothed,778998620,778998620,True,0.5234366584295935
node-var,16,sfa,cosmoothed,778998620,779839471,False,0.1046183756742945
node-var,16,sfa,cosmoothed,778998620,781842082,False,0.02856744352544925
node-var,16,sfa,cosmoothed,778998620,787025148,False,0.09751865570493336
node-var,16,sfa,cosmoothed,778998620,789848216,False,0.00039137587364702784
node-var,16,sfa,cosmoothed,778998620,793224716,False,0.0061430616771256975
node-var,16,sfa,cosmoothed,778998620,794812542,False,0.04781239717071794
node-var,16,sfa,cosmoothed,778998620,816200189,False,0.06566947568547143
node-var,16,sfa,cosmoothed,778998620,847657808,False,0.03434085653269991
node-var,16,sfa,cosmoothed,779839471,766640955,False,0.01365320460136973
node-var,16,sfa,cosmoothed,779839471,767871931,False,0.011739498090463237
node-var,16,sfa,cosmoothed,779839471,771160300,False,0.08281819853879764
node-var,16,sfa,cosmoothed,779839471,771990200,False,0.09889994100743832
node-var,16,sfa,cosmoothed,779839471,774875821,False,0.003931658943627515
node-var,16,sfa,cosmoothed,779839471,778240327,False,0.0025490459810109905
node-var,16,sfa,cosmoothed,779839471,778998620,False,0.21481256886599792
node-var,16,sfa,cosmoothed,779839471,779839471,True,0.37711989175362626
node-var,16,sfa,cosmoothed,779839471,781842082,False,0.0008770321116447071
node-var,16,sfa,cosmoothed,779839471,787025148,False,0.0822064437799468
node-var,16,sfa,cosmoothed,779839471,789848216,False,0.0006263012367465097
node-var,16,sfa,cosmoothed,779839471,793224716,False,0.007299919656608948
node-var,16,sfa,cosmoothed,779839471,794812542,False,0.026905940319287974
node-var,16,sfa,cosmoothed,779839471,816200189,False,0.09023454278489615
node-var,16,sfa,cosmoothed,779839471,847657808,False,0.05694136308503084
node-var,16,sfa,cosmoothed,781842082,766640955,False,0.0264489922410321
node-var,16,sfa,cosmoothed,781842082,767871931,False,0.09191249594372632
node-var,16,sfa,cosmoothed,781842082,771160300,False,0.012388025911511061
node-var,16,sfa,cosmoothed,781842082,771990200,False,0.032353979406720745
node-var,16,sfa,cosmoothed,781842082,774875821,False,0.00281194104432357
node-var,16,sfa,cosmoothed,781842082,778240327,False,0.0023455582509079504
node-var,16,sfa,cosmoothed,781842082,778998620,False,0.0032008683118666917
node-var,16,sfa,cosmoothed,781842082,779839471,False,0.005629879941116287
node-var,16,sfa,cosmoothed,781842082,781842082,True,0.6056691311221304
node-var,16,sfa,cosmoothed,781842082,787025148,False,0.005321580883244104
node-var,16,sfa,cosmoothed,781842082,789848216,False,0.04335870365657277
node-var,16,sfa,cosmoothed,781842082,793224716,False,0.009606849914612586
node-var,16,sfa,cosmoothed,781842082,794812542,False,0.0007647360364659135
node-var,16,sfa,cosmoothed,781842082,816200189,False,0.03980588851174726
node-var,16,sfa,cosmoothed,781842082,847657808,False,0.012895647475996612
node-var,16,sfa,cosmoothed,787025148,766640955,False,0.00507474858848174
node-var,16,sfa,cosmoothed,787025148,767871931,False,9.70570056276709e-07
node-var,16,sfa,cosmoothed,787025148,771160300,False,0.004034459284104582
node-var,16,sfa,cosmoothed,787025148,771990200,False,0.06516919899796952
node-var,16,sfa,cosmoothed,787025148,774875821,False,0.003713612625425386
node-var,16,sfa,cosmoothed,787025148,778240327,False,0.08654216584067508
node-var,16,sfa,cosmoothed,787025148,778998620,False,0.030359827572640344
node-var,16,sfa,cosmoothed,787025148,779839471,False,0.08137609126531778
node-var,16,sfa,cosmoothed,787025148,781842082,False,0.0022898359234018026
node-var,16,sfa,cosmoothed,787025148,787025148,True,0.7195813313266091
node-var,16,sfa,cosmoothed,787025148,789848216,False,0.0031503566727623922
node-var,16,sfa,cosmoothed,787025148,793224716,False,0.011874436776907504
node-var,16,sfa,cosmoothed,787025148,794812542,False,0.021987888995022638
node-var,16,sfa,cosmoothed,787025148,816200189,False,0.0017229289797838405
node-var,16,sfa,cosmoothed,787025148,847657808,False,0.022824107584783804
node-var,16,sfa,cosmoothed,789848216,766640955,False,0.03897073231460202
node-var,16,sfa,cosmoothed,789848216,767871931,False,0.0413634577445667
node-var,16,sfa,cosmoothed,789848216,771160300,False,0.004023922762604754
node-var,16,sfa,cosmoothed,789848216,771990200,False,0.02504809224806305
node-var,16,sfa,cosmoothed,789848216,774875821,False,0.01834223574453002
node-var,16,sfa,cosmoothed,789848216,778240327,False,0.012036511366512301
node-var,16,sfa,cosmoothed,789848216,778998620,False,0.030769052507809796
node-var,16,sfa,cosmoothed,789848216,779839471,False,0.03709306766832237
node-var,16,sfa,cosmoothed,789848216,781842082,False,0.029061308861007745
node-var,16,sfa,cosmoothed,789848216,787025148,False,0.004039457555248925
node-var,16,sfa,cosmoothed,789848216,789848216,True,0.7519242675099831
node-var,16,sfa,cosmoothed,789848216,793224716,False,0.002196661590078535
node-var,16,sfa,cosmoothed,789848216,794812542,False,0.01055430712754629
node-var,16,sfa,cosmoothed,789848216,816200189,False,0.003400943358988549
node-var,16,sfa,cosmoothed,789848216,847657808,False,0.03979885082778891
node-var,16,sfa,cosmoothed,793224716,766640955,False,0.0010094482930099985
node-var,16,sfa,cosmoothed,793224716,767871931,False,0.04542402612582677
node-var,16,sfa,cosmoothed,793224716,771160300,False,0.033036222441753714
node-var,16,sfa,cosmoothed,793224716,771990200,False,2.9718064805672238e-05
node-var,16,sfa,cosmoothed,793224716,774875821,False,0.0030303365411453783
node-var,16,sfa,cosmoothed,793224716,778240327,False,0.0011694778270212533
node-var,16,sfa,cosmoothed,793224716,778998620,False,0.002922221593278538
node-var,16,sfa,cosmoothed,793224716,779839471,False,0.006123059218606964
node-var,16,sfa,cosmoothed,793224716,781842082,False,0.015855743009877354
node-var,16,sfa,cosmoothed,793224716,787025148,False,0.006259102566990124
node-var,16,sfa,cosmoothed,793224716,789848216,False,0.007429023189637494
node-var,16,sfa,cosmoothed,793224716,793224716,True,0.6048940599305074
node-var,16,sfa,cosmoothed,793224716,794812542,False,0.009147322325715003
node-var,16,sfa,cosmoothed,793224716,816200189,False,0.0030205067192810146
node-var,16,sfa,cosmoothed,793224716,847657808,False,0.03898525810644884
node-var,16,sfa,cosmoothed,794812542,766640955,False,0.021398403704290164
node-var,16,sfa,cosmoothed,794812542,767871931,False,0.0010722956994780898
node-var,16,sfa,cosmoothed,794812542,771160300,False,0.0023318032344118405
node-var,16,sfa,cosmoothed,794812542,771990200,False,0.03629779032729202
node-var,16,sfa,cosmoothed,794812542,774875821,False,0.024312910709747896
node-var,16,sfa,cosmoothed,794812542,778240327,False,0.00945187337226798
node-var,16,sfa,cosmoothed,794812542,778998620,False,0.05767200081836208
node-var,16,sfa,cosmoothed,794812542,779839471,False,0.059140689309692594
node-var,16,sfa,cosmoothed,794812542,781842082,False,0.00020362649222396397
node-var,16,sfa,cosmoothed,794812542,787025148,False,0.045787928017307016
node-var,16,sfa,cosmoothed,794812542,789848216,False,0.010021464850355757
node-var,16,sfa,cosmoothed,794812542,793224716,False,0.01214663833460132
node-var,16,sfa,cosmoothed,794812542,794812542,True,0.6199834450161684
node-var,16,sfa,cosmoothed,794812542,816200189,False,0.013100749466153055
node-var,16,sfa,cosmoothed,794812542,847657808,False,0.02087523007756036
node-var,16,sfa,cosmoothed,816200189,766640955,False,0.033877701171958326
node-var,16,sfa,cosmoothed,816200189,767871931,False,0.016202369005580274
node-var,16,sfa,cosmoothed,816200189,771160300,False,0.0020533594600601426
node-var,16,sfa,cosmoothed,816200189,771990200,False,0.0005639731262609695
node-var,16,sfa,cosmoothed,816200189,774875821,False,0.020413143110976393
node-var,16,sfa,cosmoothed,816200189,778240327,False,0.08618700203355434
node-var,16,sfa,cosmoothed,816200189,778998620,False,0.01903419643321444
node-var,16,sfa,cosmoothed,816200189,779839471,False,2.7918526513020858e-05
node-var,16,sfa,cosmoothed,816200189,781842082,False,0.02629545157247557
node-var,16,sfa,cosmoothed,816200189,787025148,False,0.033886274360731
node-var,16,sfa,cosmoothed,816200189,789848216,False,0.004677459735860054
node-var,16,sfa,cosmoothed,816200189,793224716,False,0.0010272270186826799
node-var,16,sfa,cosmoothed,816200189,794812542,False,0.0104484830299203
node-var,16,sfa,cosmoothed,816200189,816200189,True,0.3785423614526404
node-var,16,sfa,cosmoothed,816200189,847657808,False,0.017085480779881545
node-var,16,sfa,cosmoothed,847657808,766640955,False,0.05804371587632631
node-var,16,sfa,cosmoothed,847657808,767871931,False,0.0009621883268152743
node-var,16,sfa,cosmoothed,847657808,771160300,False,0.00033934514393345403
node-var,16,sfa,cosmoothed,847657808,771990200,False,0.0009679457645403143
node-var,16,sfa,cosmoothed,847657808,774875821,False,0.0009618481385501529
node-var,16,sfa,cosmoothed,847657808,778240327,False,0.03707921832410711
node-var,16,sfa,cosmoothed,847657808,778998620,False,0.005089517544301229
node-var,16,sfa,cosmoothed,847657808,779839471,False,0.009375870590648499
node-var,16,sfa,cosmoothed,847657808,781842082,False,0.00967308145030424
node-var,16,sfa,cosmoothed,847657808,787025148,False,0.10037689739044557
node-var,16,sfa,cosmoothed,847657808,789848216,False,0.07811949868084335
node-var,16,sfa,cosmoothed,847657808,793224716,False,0.02743584268462026
node-var,16,sfa,cosmoothed,847657808,794812542,False,0.029127062729325002
node-var,16,sfa,cosmoothed,847657808,816200189,False,0.049868490588281196
node-var,16,sfa,cosmoothed,847657808,847657808,True,0.5484525120000919
node-var,20,sfa,cosmoothed,766640955,766640955,True,0.4309603406943574
node-var,20,sfa,cosmoothed,766640955,767871931,False,0.00023731078915332324
node-var,20,sfa,cosmoothed,766640955,771160300,False,8.797674796014133e-06
node-var,20,sfa,cosmoothed,766640955,771990200,False,0.05101436263253046
node-var,20,sfa,cosmoothed,766640955,774875821,False,0.00012455367452025216
node-var,20,sfa,cosmoothed,766640955,778240327,False,0.0006858588574883589
node-var,20,sfa,cosmoothed,766640955,778998620,False,0.028922863573238394
node-var,20,sfa,cosmoothed,766640955,779839471,False,0.009984021502333316
node-var,20,sfa,cosmoothed,766640955,781842082,False,0.006763917716497108
node-var,20,sfa,cosmoothed,766640955,787025148,False,0.003439582085860618
node-var,20,sfa,cosmoothed,766640955,789848216,False,0.0006656232012135417
node-var,20,sfa,cosmoothed,766640955,793224716,False,0.006305245280559861
node-var,20,sfa,cosmoothed,766640955,794812542,False,0.015010208647437568
node-var,20,sfa,cosmoothed,766640955,816200189,False,0.022733237101562814
node-var,20,sfa,cosmoothed,766640955,847657808,False,0.026651001802980762
node-var,20,sfa,cosmoothed,767871931,766640955,False,0.026185425923876664
node-var,20,sfa,cosmoothed,767871931,767871931,True,0.7034299278122212
node-var,20,sfa,cosmoothed,767871931,771160300,False,0.0006030274211520167
node-var,20,sfa,cosmoothed,767871931,771990200,False,0.09443739703964597
node-var,20,sfa,cosmoothed,767871931,774875821,False,0.0504523097486297
node-var,20,sfa,cosmoothed,767871931,778240327,False,0.00795305850346159
node-var,20,sfa,cosmoothed,767871931,778998620,False,0.19225542776492371
node-var,20,sfa,cosmoothed,767871931,779839471,False,0.01941100414902389
node-var,20,sfa,cosmoothed,767871931,781842082,False,0.11790357025796971
node-var,20,sfa,cosmoothed,767871931,787025148,False,0.013595975658266438
node-var,20,sfa,cosmoothed,767871931,789848216,False,0.005450524348210422
node-var,20,sfa,cosmoothed,767871931,793224716,False,0.04296896618915736
node-var,20,sfa,cosmoothed,767871931,794812542,False,0.027141454825423808
node-var,20,sfa,cosmoothed,767871931,816200189,False,0.0002739612437346987
node-var,20,sfa,cosmoothed,767871931,847657808,False,0.004177882385822288
node-var,20,sfa,cosmoothed,771160300,766640955,False,0.08181390490068521
node-var,20,sfa,cosmoothed,771160300,767871931,False,0.13860942317465688
node-var,20,sfa,cosmoothed,771160300,771160300,True,0.5103073850225254
node-var,20,sfa,cosmoothed,771160300,771990200,False,0.16722048520884725
node-var,20,sfa,cosmoothed,771160300,774875821,False,9.083962982650385e-09
node-var,20,sfa,cosmoothed,771160300,778240327,False,0.038600728324725275
node-var,20,sfa,cosmoothed,771160300,778998620,False,0.2916289870099258
node-var,20,sfa,cosmoothed,771160300,779839471,False,0.26944482473735687
node-var,20,sfa,cosmoothed,771160300,781842082,False,0.016959070092485824
node-var,20,sfa,cosmoothed,771160300,787025148,False,0.11218471557251264
node-var,20,sfa,cosmoothed,771160300,789848216,False,0.013149699923984832
node-var,20,sfa,cosmoothed,771160300,793224716,False,0.01436415718848755
node-var,20,sfa,cosmoothed,771160300,794812542,False,0.0566898910981508
node-var,20,sfa,cosmoothed,771160300,816200189,False,0.012971959174974497
node-var,20,sfa,cosmoothed,771160300,847657808,False,0.057160550705167686
node-var,20,sfa,cosmoothed,771990200,766640955,False,0.05000485496392386
node-var,20,sfa,cosmoothed,771990200,767871931,False,0.21769721153605917
node-var,20,sfa,cosmoothed,771990200,771160300,False,0.07618400007517828
node-var,20,sfa,cosmoothed,771990200,771990200,True,0.5410528137845053
node-var,20,sfa,cosmoothed,771990200,774875821,False,0.0015449322037558244
node-var,20,sfa,cosmoothed,771990200,778240327,False,0.0071267861730684315
node-var,20,sfa,cosmoothed,771990200,778998620,False,0.3691364805579279
node-var,20,sfa,cosmoothed,771990200,779839471,False,0.18980982789858183
node-var,20,sfa,cosmoothed,771990200,781842082,False,0.12258198265382435
node-var,20,sfa,cosmoothed,771990200,787025148,False,0.12691408043095878
node-var,20,sfa,cosmoothed,771990200,789848216,False,0.00727835497661525
node-var,20,sfa,cosmoothed,771990200,793224716,False,0.0028209075093252813
node-var,20,sfa,cosmoothed,771990200,794812542,False,0.013040558082387138
node-var,20,sfa,cosmoothed,771990200,816200189,False,0.060678528698459404
node-var,20,sfa,cosmoothed,771990200,847657808,False,0.005329986476091974
node-var,20,sfa,cosmoothed,774875821,766640955,False,0.0015460552559324783
node-var,20,sfa,cosmoothed,774875821,767871931,False,0.04015106603689102
node-var,20,sfa,cosmoothed,774875821,771160300,False,0.016926572331074793
node-var,20,sfa,cosmoothed,774875821,771990200,False,0.041643201534959554
node-var,20,sfa,cosmoothed,774875821,774875821,True,0.5792845713725617
node-var,20,sfa,cosmoothed,774875821,778240327,False,0.009299646054818101
node-var,20,sfa,cosmoothed,774875821,778998620,False,0.04832054253469199
node-var,20,sfa,cosmoothed,774875821,779839471,False,0.00149250286490919
node-var,20,sfa,cosmoothed,774875821,781842082,False,0.005238260331843348
node-var,20,sfa,cosmoothed,774875821,787025148,False,9.240591354803836e-06
node-var,20,sfa,cosmoothed,774875821,789848216,False,0.014494690178519466
node-var,20,sfa,cosmoothed,774875821,793224716,False,0.011005042484014287
node-var,20,sfa,cosmoothed,774875821,794812542,False,0.0004439558325502937
node-var,20,sfa,cosmoothed,774875821,816200189,False,0.0023602642678830226
node-var,20,sfa,cosmoothed,774875821,847657808,False,0.024834097041274733
node-var,20,sfa,cosmoothed,778240327,766640955,False,0.006576568190777474
node-var,20,sfa,cosmoothed,778240327,767871931,False,0.00015589192725010088
node-var,20,sfa,cosmoothed,778240327,771160300,False,0.0021248271665685807
node-var,20,sfa,cosmoothed,778240327,771990200,False,0.022863841130322842
node-var,20,sfa,cosmoothed,778240327,774875821,False,0.0037659752143518956
node-var,20,sfa,cosmoothed,778240327,778240327,True,0.7347991518015152
node-var,20,sfa,cosmoothed,778240327,778998620,False,0.0006120613479079312
node-var,20,sfa,cosmoothed,778240327,779839471,False,0.010280216592451728
node-var,20,sfa,cosmoothed,778240327,781842082,False,0.0003522864470776236
node-var,20,sfa,cosmoothed,778240327,787025148,False,0.042755899681302036
node-var,20,sfa,cosmoothed,778240327,789848216,False,0.06295872675360425
node-var,20,sfa,cosmoothed,778240327,793224716,False,0.0016326408333341307
node-var,20,sfa,cosmoothed,778240327,794812542,False,0.0010984856857768571
node-var,20,sfa,cosmoothed,778240327,816200189,False,0.0004481045960253126
node-var,20,sfa,cosmoothed,778240327,847657808,False,0.013994980901532394
node-var,20,sfa,cosmoothed,778998620,766640955,False,0.034166593641310174
node-var,20,sfa,cosmoothed,778998620,767871931,False,0.14167817751476627
node-var,20,sfa,cosmoothed,778998620,771160300,False,0.10201553648272377
node-var,20,sfa,cosmoothed,778998620,771990200,False,0.13081514314297588
node-var,20,sfa,cosmoothed,778998620,774875821,False,0.018577188447024787
node-var,20,sfa,cosmoothed,778998620,778240327,False,0.0035374014496599862
node-var,20,sfa,cosmoothed,778998620,778998620,True,0.5396624723447606
node-var,20,sfa,cosmoothed,778998620,779839471,False,0.11353655125374473
node-var,20,sfa,cosmoothed,778998620,781842082,False,0.032236597247301886
node-var,20,sfa,cosmoothed,778998620,787025148,False,0.10313731565029162
node-var,20,sfa,cosmoothed,778998620,789848216,False,0.00041395996811247255
node-var,20,sfa,cosmoothed,778998620,793224716,False,0.005731257373040259
node-var,20,sfa,cosmoothed,778998620,794812542,False,0.050016919324762085
node-var,20,sfa,cosmoothed,778998620,816200189,False,0.07130539209228295
node-var,20,sfa,cosmoothed,778998620,847657808,False,0.03727203713029027
node-var,20,sfa,cosmoothed,779839471,766640955,False,0.016715914175717297
node-var,20,sfa,cosmoothed,779839471,767871931,False,0.014710839278569478
node-var,20,sfa,cosmoothed,779839471,771160300,False,0.09217557613229685
node-var,20,sfa,cosmoothed,779839471,771990200,False,0.10542194070006809
node-var,20,sfa,cosmoothed,779839471,774875821,False,0.005316742047285181
node-var,20,sfa,cosmoothed,779839471,778240327,False,0.0025277049461214615
node-var,20,sfa,cosmoothed,779839471,778998620,False,0.2359265521614156
node-var,20,sfa,cosmoothed,779839471,779839471,True,0.3983895432837496
node-var,20,sfa,cosmoothed,779839471,781842082,False,0.0014242386033717254
node-var,20,sfa,cosmoothed,779839471,787025148,False,0.09341044011080261
node-var,20,sfa,cosmoothed,779839471,789848216,False,0.0009067638708153399
node-var,20,sfa,cosmoothed,779839471,793224716,False,0.008143247487707507
node-var,20,sfa,cosmoothed,779839471,794812542,False,0.03249210368992505
node-var,20,sfa,cosmoothed,779839471,816200189,False,0.10353756269343815
node-var,20,sfa,cosmoothed,779839471,847657808,False,0.06433474188959537
node-var,20,sfa,cosmoothed,781842082,766640955,False,0.030744046917901655
node-var,20,sfa,cosmoothed,781842082,767871931,False,0.09510148271722012
node-var,20,sfa,cosmoothed,781842082,771160300,False,0.012362280906270841
node-var,20,sfa,cosmoothed,781842082,771990200,False,0.03351154923681516
node-var,20,sfa,cosmoothed,781842082,774875821,False,0.002157236026082097
node-var,20,sfa,cosmoothed,781842082,778240327,False,0.002250056066075016
node-var,20,sfa,cosmoothed,781842082,778998620,False,0.0034949942848458344
node-var,20,sfa,cosmoothed,781842082,779839471,False,0.005990067230454432
node-var,20,sfa,cosmoothed,781842082,781842082,True,0.630224468953672
node-var,20,sfa,cosmoothed,781842082,787025148,False,0.005804815076377503
node-var,20,sfa,cosmoothed,781842082,789848216,False,0.05274267574942191
node-var,20,sfa,cosmoothed,781842082,793224716,False,0.010323550873547752
node-var,20,sfa,cosmoothed,781842082,794812542,False,0.001120741966273455
node-var,20,sfa,cosmoothed,781842082,816200189,False,0.045975355554003866
node-var,20,sfa,cosmoothed,781842082,847657808,False,0.014188228722709102
node-var,20,sfa,cosmoothed,787025148,766640955,False,0.005214192129327248
node-var,20,sfa,cosmoothed,787025148,767871931,False,1.2572121522949868e-05
node-var,20,sfa,cosmoothed,787025148,771160300,False,0.005143656573811621
node-var,20,sfa,cosmoothed,787025148,771990200,False,0.07260167608133003
node-var,20,sfa,cosmoothed,787025148,774875821,False,0.003100538534053282
node-var,20,sfa,cosmoothed,787025148,778240327,False,0.0920378779203363
node-var,20,sfa,cosmoothed,787025148,778998620,False,0.03261835280805725
node-var,20,sfa,cosmoothed,787025148,779839471,False,0.08747862330490476
node-var,20,sfa,cosmoothed,787025148,781842082,False,0.002453035330830921
node-var,20,sfa,cosmoothed,787025148,787025148,True,0.7343317461215731
node-var,20,sfa,cosmoothed,787025148,789848216,False,0.0028390197603472386
node-var,20,sfa,cosmoothed,787025148,793224716,False,0.01304903861413364
node-var,20,sfa,cosmoothed,787025148,794812542,False,0.025331936271231217
node-var,20,sfa,cosmoothed,787025148,816200189,False,0.002474393718114792
node-var,20,sfa,cosmoothed,787025148,847657808,False,0.026567963748031213
node-var,20,sfa,cosmoothed,789848216,766640955,False,0.04556924797398297
node-var,20,sfa,cosmoothed,789848216,767871931,False,0.04997240688446597
node-var,20,sfa,cosmoothed,789848216,771160300,False,0.004503513866338591
node-var,20,sfa,cosmoothed,789848216,771990200,False,0.027973588190691248
node-var,20,sfa,cosmoothed,789848216,774875821,False,0.023933460389347804
node-var,20,sfa,cosmoothed,789848216,778240327,False,0.013723649923165717
node-var,20,sfa,cosmoothed,789848216,778998620,False,0.0347208175602655
node-var,20,sfa,cosmoothed,789848216,779839471,False,0.04717311696703132
node-var,20,sfa,cosmoothed,789848216,781842082,False,0.03663485336330584
node-var,20,sfa,cosmoothed,789848216,787025148,False,0.00458827477184675
node-var,20,sfa,cosmoothed,789848216,789848216,True,0.7640526943783464
node-var,20,sfa,cosmoothed,789848216,793224716,False,0.003558197646446307
node-var,20,sfa,cosmoothed,789848216,794812542,False,0.01290051135424687
node-var,20,sfa,cosmoothed,789848216,816200189,False,0.0027538104747260295
node-var,20,sfa,cosmoothed,789848216,847657808,False,0.04421099561302992
node-var,20,sfa,cosmoothed,793224716,766640955,False,0.0008762814615241156
node-var,20,sfa,cosmoothed,793224716,767871931,False,0.04925536777901145
node-var,20,sfa,cosmoothed,793224716,771160300,False,0.037224173436726155
node-var,20,sfa,cosmoothed,793224716,771990200,False,7.037864108520408e-05
node-var,20,sfa,cosmoothed,793224716,774875821,False,0.003139092044601791
node-var,20,sfa,cosmoothed,793224716,778240327,False,0.0014131601812049782
node-var,20,sfa,cosmoothed,793224716,778998620,False,0.002920230822697495
node-var,20,sfa,cosmoothed,793224716,779839471,False,0.00589390474075106
node-var,20,sfa,cosmoothed,793224716,781842082,False,0.01567506191930705
node-var,20,sfa,cosmoothed,793224716,787025148,False,0.006569779670601185
node-var,20,sfa,cosmoothed,793224716,789848216,False,0.010023556793110119
node-var,20,sfa,cosmoothed,793224716,793224716,True,0.6249369619117177
node-var,20,sfa,cosmoothed,793224716,794812542,False,0.009675671929874962
node-var,20,sfa,cosmoothed,793224716,816200189,False,0.004163324634820486
node-var,20,sfa,cosmoothed,793224716,847657808,False,0.042931981458757866
node-var,20,sfa,cosmoothed,794812542,766640955,False,0.022390528174064527
node-var,20,sfa,cosmoothed,794812542,767871931,False,0.0013713175927454087
node-var,20,sfa,cosmoothed,794812542,771160300,False,0.0027397415795452876
node-var,20,sfa,cosmoothed,794812542,771990200,False,0.038242691657898724
node-var,20,sfa,cosmoothed,794812542,774875821,False,0.02833138511420716
node-var,20,sfa,cosmoothed,794812542,778240327,False,0.010998236937342686
node-var,20,sfa,cosmoothed,794812542,778998620,False,0.060030632193296796
node-var,20,sfa,cosmoothed,794812542,779839471,False,0.06701330099835041
node-var,20,sfa,cosmoothed,794812542,781842082,False,9.929183405587025e-05
node-var,20,sfa,cosmoothed,794812542,787025148,False,0.05048145243204936
node-var,20,sfa,cosmoothed,794812542,789848216,False,0.013344490219377322
node-var,20,sfa,cosmoothed,794812542,793224716,False,0.013244388776314174
node-var,20,sfa,cosmoothed,794812542,794812542,True,0.6441902496774697
node-var,20,sfa,cosmoothed,794812542,816200189,False,0.013899201091750487
node-var,20,sfa,cosmoothed,794812542,847657808,False,0.022776338820308467
node-var,20,sfa,cosmoothed,816200189,766640955,False,0.03794040861153275
node-var,20,sfa,cosmoothed,816200189,767871931,False,0.018725381308621745
node-var,20,sfa,cosmoothed,816200189,771160300,False,0.001996059614411917
node-var,20,sfa,cosmoothed,816200189,771990200,False,0.00047413521104462284
node-var,20,sfa,cosmoothed,816200189,774875821,False,0.02420634352897351
node-var,20,sfa,cosmoothed,816200189,778240327,False,0.09376874886725534
node-var,20,sfa,cosmoothed,816200189,778998620,False,0.020687526188115334
node-var,20,sfa,cosmoothed,816200189,779839471,False,0.00011983752128250716
node-var,20,sfa,cosmoothed,816200189,781842082,False,0.029679567851737004
node-var,20,sfa,cosmoothed,816200189,787025148,False,0.03574264803503647
node-var,20,sfa,cosmoothed,816200189,789848216,False,0.004675713902184194
node-var,20,sfa,cosmoothed,816200189,793224716,False,0.0008948346571078802
node-var,20,sfa,cosmoothed,816200189,794812542,False,0.011227541480589947
node-var,20,sfa,cosmoothed,816200189,816200189,True,0.4095964529130955
node-var,20,sfa,cosmoothed,816200189,847657808,False,0.018691366430779625
node-var,20,sfa,cosmoothed,847657808,766640955,False,0.06178980484947285
node-var,20,sfa,cosmoothed,847657808,767871931,False,0.00046874708592191747
node-var,20,sfa,cosmoothed,847657808,771160300,False,0.00043299873174927644
node-var,20,sfa,cosmoothed,847657808,771990200,False,0.0017401281562933993
node-var,20,sfa,cosmoothed,847657808,774875821,False,0.0011416511306454615
node-var,20,sfa,cosmoothed,847657808,778240327,False,0.04157768991100559
node-var,20,sfa,cosmoothed,847657808,778998620,False,0.006448107180907596
node-var,20,sfa,cosmoothed,847657808,779839471,False,0.012064541535850896
node-var,20,sfa,cosmoothed,847657808,781842082,False,0.012299421644839584
node-var,20,sfa,cosmoothed,847657808,787025148,False,0.11914913732721463
node-var,20,sfa,cosmoothed,847657808,789848216,False,0.09277520334707778
node-var,20,sfa,cosmoothed,847657808,793224716,False,0.033821985832623976
node-var,20,sfa,cosmoothed,847657808,794812542,False,0.03529159164733619
node-var,20,sfa,cosmoothed,847657808,816200189,False,0.0572310476141021
node-var,20,sfa,cosmoothed,847657808,847657808,True,0.5866404269675121
node-var,24,sfa,cosmoothed,766640955,766640955,True,0.442898316219248
node-var,24,sfa,cosmoothed,766640955,767871931,False,0.00020584096348037284
node-var,24,sfa,cosmoothed,766640955,771160300,False,2.9340539096188685e-06
node-var,24,sfa,cosmoothed,766640955,771990200,False,0.05508433340519524
node-var,24,sfa,cosmoothed,766640955,774875821,False,0.00012170323458577197
node-var,24,sfa,cosmoothed,766640955,778240327,False,0.00020325289446317859
node-var,24,sfa,cosmoothed,766640955,778998620,False,0.028986801205549122
node-var,24,sfa,cosmoothed,766640955,779839471,False,0.011867552197305023
node-var,24,sfa,cosmoothed,766640955,781842082,False,0.007490430733365042
node-var,24,sfa,cosmoothed,766640955,787025148,False,0.0034168144858943133
node-var,24,sfa,cosmoothed,766640955,789848216,False,0.00017610700807495759
node-var,24,sfa,cosmoothed,766640955,793224716,False,0.007574914007637591
node-var,24,sfa,cosmoothed,766640955,794812542,False,0.015860014828940776
node-var,24,sfa,cosmoothed,766640955,816200189,False,0.022483111239009465
node-var,24,sfa,cosmoothed,766640955,847657808,False,0.026675310368927663
node-var,24,sfa,cosmoothed,767871931,766640955,False,0.028554785342152656
node-var,24,sfa,cosmoothed,767871931,767871931,True,0.7146064014454822
node-var,24,sfa,cosmoothed,767871931,771160300,False,0.0007371003032595622
node-var,24,sfa,cosmoothed,767871931,771990200,False,0.10019933434816092
node-var,24,sfa,cosmoothed,767871931,774875821,False,0.05564029569130683
node-var,24,sfa,cosmoothed,767871931,778240327,False,0.009033796076824281
node-var,24,sfa,cosmoothed,767871931,778998620,False,0.19917736018742396
node-var,24,sfa,cosmoothed,767871931,779839471,False,0.02197257618964182
node-var,24,sfa,cosmoothed,767871931,781842082,False,0.12501453088134895
node-var,24,sfa,cosmoothed,767871931,787025148,False,0.013985774323800477
node-var,24,sfa,cosmoothed,767871931,789848216,False,0.005759863741890724
node-var,24,sfa,cosmoothed,767871931,793224716,False,0.04560343984920707
node-var,24,sfa,cosmoothed,767871931,794812542,False,0.029798567481405976
node-var,24,sfa,cosmoothed,767871931,816200189,False,0.0003488395608657805
node-var,24,sfa,cosmoothed,767871931,847657808,False,0.003946717474378146
node-var,24,sfa,cosmoothed,771160300,766640955,False,0.08636760649830703
node-var,24,sfa,cosmoothed,771160300,767871931,False,0.14569306098944423
node-var,24,sfa,cosmoothed,771160300,771160300,True,0.5234154742906665
node-var,24,sfa,cosmoothed,771160300,771990200,False,0.17736404607466527
node-var,24,sfa,cosmoothed,771160300,774875821,False,3.5607839608229084e-07
node-var,24,sfa,cosmoothed,771160300,778240327,False,0.040053361226423584
node-var,24,sfa,cosmoothed,771160300,778998620,False,0.3076751716238836
node-var,24,sfa,cosmoothed,771160300,779839471,False,0.2922535984866387
node-var,24,sfa,cosmoothed,771160300,781842082,False,0.017842377367746
node-var,24,sfa,cosmoothed,771160300,787025148,False,0.11741660479911255
node-var,24,sfa,cosmoothed,771160300,789848216,False,0.01503771434950164
node-var,24,sfa,cosmoothed,771160300,793224716,False,0.014704405980303044
node-var,24,sfa,cosmoothed,771160300,794812542,False,0.06194170432858111
node-var,24,sfa,cosmoothed,771160300,816200189,False,0.014091512044975968
node-var,24,sfa,cosmoothed,771160300,847657808,False,0.061610483410722006
node-var,24,sfa,cosmoothed,771990200,766640955,False,0.053154886726078335
node-var,24,sfa,cosmoothed,771990200,767871931,False,0.23717049707418103
node-var,24,sfa,cosmoothed,771990200,771160300,False,0.08123563954582241
node-var,24,sfa,cosmoothed,771990200,771990200,True,0.5563404324628825
node-var,24,sfa,cosmoothed,771990200,774875821,False,0.0013665083364643206
node-var,24,sfa,cosmoothed,771990200,778240327,False,0.0076990325200143005
node-var,24,sfa,cosmoothed,771990200,778998620,False,0.3896808143312465
node-var,24,sfa,cosmoothed,771990200,779839471,False,0.2044270193180643
node-var,24,sfa,cosmoothed,771990200,781842082,False,0.12773236486711442
node-var,24,sfa,cosmoothed,771990200,787025148,False,0.1376585297238601
node-var,24,sfa,cosmoothed,771990200,789848216,False,0.006127048913434113
node-var,24,sfa,cosmoothed,771990200,793224716,False,0.0026630698621414473
node-var,24,sfa,cosmoothed,771990200,794812542,False,0.015138417265797609
node-var,24,sfa,cosmoothed,771990200,816200189,False,0.06662541455529823
node-var,24,sfa,cosmoothed,771990200,847657808,False,0.005573493622310884
node-var,24,sfa,cosmoothed,774875821,766640955,False,0.0017440126821521558
node-var,24,sfa,cosmoothed,774875821,767871931,False,0.04556939092733288
node-var,24,sfa,cosmoothed,774875821,771160300,False,0.017461220277245178
node-var,24,sfa,cosmoothed,774875821,771990200,False,0.04295746792594723
node-var,24,sfa,cosmoothed,774875821,774875821,True,0.6012954890151325
node-var,24,sfa,cosmoothed,774875821,778240327,False,0.010726023113076693
node-var,24,sfa,cosmoothed,774875821,778998620,False,0.05146266302453934
node-var,24,sfa,cosmoothed,774875821,779839471,False,0.0014841160627810563
node-var,24,sfa,cosmoothed,774875821,781842082,False,0.005142387481144589
node-var,24,sfa,cosmoothed,774875821,787025148,False,5.496006921305775e-05
node-var,24,sfa,cosmoothed,774875821,789848216,False,0.0171040261357699
node-var,24,sfa,cosmoothed,774875821,793224716,False,0.01133775469388967
node-var,24,sfa,cosmoothed,774875821,794812542,False,0.0007560736548593541
node-var,24,sfa,cosmoothed,774875821,816200189,False,0.002286717658037174
node-var,24,sfa,cosmoothed,774875821,847657808,False,0.02608813433861376
node-var,24,sfa,cosmoothed,778240327,766640955,False,0.006052154927271606
node-var,24,sfa,cosmoothed,778240327,767871931,False,0.0001960782929386662
node-var,24,sfa,cosmoothed,778240327,771160300,False,0.0021507635244443863
node-var,24,sfa,cosmoothed,778240327,771990200,False,0.02481145513431124
node-var,24,sfa,cosmoothed,778240327,774875821,False,0.002851718271856096
node-var,24,sfa,cosmoothed,778240327,778240327,True,0.7454723470291367
node-var,24,sfa,cosmoothed,778240327,778998620,False,0.0008214249115589723
node-var,24,sfa,cosmoothed,778240327,779839471,False,0.011795782219858136
node-var,24,sfa,cosmoothed,778240327,781842082,False,0.000541957134694178
node-var,24,sfa,cosmoothed,778240327,787025148,False,0.04672212712439312
node-var,24,sfa,cosmoothed,778240327,789848216,False,0.06710714899838255
node-var,24,sfa,cosmoothed,778240327,793224716,False,0.0014239719450306809
node-var,24,sfa,cosmoothed,778240327,794812542,False,0.0015429280725707422
node-var,24,sfa,cosmoothed,778240327,816200189,False,0.0006698885561847045
node-var,24,sfa,cosmoothed,778240327,847657808,False,0.014863477305654606
node-var,24,sfa,cosmoothed,778998620,766640955,False,0.03646848384181217
node-var,24,sfa,cosmoothed,778998620,767871931,False,0.1498924992470271
node-var,24,sfa,cosmoothed,778998620,771160300,False,0.10485581484886057
node-var,24,sfa,cosmoothed,778998620,771990200,False,0.14274580134678183
node-var,24,sfa,cosmoothed,778998620,774875821,False,0.018944533401407282
node-var,24,sfa,cosmoothed,778998620,778240327,False,0.0045757055693787735
node-var,24,sfa,cosmoothed,778998620,778998620,True,0.5536929145858913
node-var,24,sfa,cosmoothed,778998620,779839471,False,0.12174454325641204
node-var,24,sfa,cosmoothed,778998620,781842082,False,0.03563057343777245
node-var,24,sfa,cosmoothed,778998620,787025148,False,0.10908757897438118
node-var,24,sfa,cosmoothed,778998620,789848216,False,0.0005599747950892702
node-var,24,sfa,cosmoothed,778998620,793224716,False,0.005231897108249692
node-var,24,sfa,cosmoothed,778998620,794812542,False,0.051672927224757435
node-var,24,sfa,cosmoothed,778998620,816200189,False,0.07801772300858448
node-var,24,sfa,cosmoothed,778998620,847657808,False,0.04060602324990882
node-var,24,sfa,cosmoothed,779839471,766640955,False,0.020107913477620434
node-var,24,sfa,cosmoothed,779839471,767871931,False,0.01857009641904191
node-var,24,sfa,cosmoothed,779839471,771160300,False,0.10180268188565664
node-var,24,sfa,cosmoothed,779839471,771990200,False,0.11224207412644105
node-var,24,sfa,cosmoothed,779839471,774875821,False,0.0067546918036258145
node-var,24,sfa,cosmoothed,779839471,778240327,False,0.00252767409983966
node-var,24,sfa,cosmoothed,779839471,778998620,False,0.2562208306788606
node-var,24,sfa,cosmoothed,779839471,779839471,True,0.41771687843759564
node-var,24,sfa,cosmoothed,779839471,781842082,False,0.0019435083287939598
node-var,24,sfa,cosmoothed,779839471,787025148,False,0.1045673784779325
node-var,24,sfa,cosmoothed,779839471,789848216,False,0.0011263920730748707
node-var,24,sfa,cosmoothed,779839471,793224716,False,0.008988653299747375
node-var,24,sfa,cosmoothed,779839471,794812542,False,0.03876392725087601
node-var,24,sfa,cosmoothed,779839471,816200189,False,0.11604014339566071
node-var,24,sfa,cosmoothed,779839471,847657808,False,0.07201400745138407
node-var,24,sfa,cosmoothed,781842082,766640955,False,0.03488084730675865
node-var,24,sfa,cosmoothed,781842082,767871931,False,0.09810527007461853
node-var,24,sfa,cosmoothed,781842082,771160300,False,0.011942668151241322
node-var,24,sfa,cosmoothed,781842082,771990200,False,0.03463806315142924
node-var,24,sfa,cosmoothed,781842082,774875821,False,0.0016321486890148531
node-var,24,sfa,cosmoothed,781842082,778240327,False,0.002175112110066617
node-var,24,sfa,cosmoothed,781842082,778998620,False,0.0038405355726340456
node-var,24,sfa,cosmoothed,781842082,779839471,False,0.006485892488660069
node-var,24,sfa,cosmoothed,781842082,781842082,True,0.6508797858774041
node-var,24,sfa,cosmoothed,781842082,787025148,False,0.006086770431442694
node-var,24,sfa,cosmoothed,781842082,789848216,False,0.06285923702277962
node-var,24,sfa,cosmoothed,781842082,793224716,False,0.011337501657549655
node-var,24,sfa,cosmoothed,781842082,794812542,False,0.0014938759920511463
node-var,24,sfa,cosmoothed,781842082,816200189,False,0.05169679940378625
node-var,24,sfa,cosmoothed,781842082,847657808,False,0.015337962385903646
node-var,24,sfa,cosmoothed,787025148,766640955,False,0.004917451307634912
node-var,24,sfa,cosmoothed,787025148,767871931,False,3.149101359657973e-05
node-var,24,sfa,cosmoothed,787025148,771160300,False,0.006220027999632195
node-var,24,sfa,cosmoothed,787025148,771990200,False,0.0794944784418324
node-var,24,sfa,cosmoothed,787025148,774875821,False,0.002587622226546377
node-var,24,sfa,cosmoothed,787025148,778240327,False,0.09782390818012751
node-var,24,sfa,cosmoothed,787025148,778998620,False,0.03517706615281718
node-var,24,sfa,cosmoothed,787025148,779839471,False,0.0939101134617236
node-var,24,sfa,cosmoothed,787025148,781842082,False,0.0025421242793698686
node-var,24,sfa,cosmoothed,787025148,787025148,True,0.7442692203946056
node-var,24,sfa,cosmoothed,787025148,789848216,False,0.002418070432211055
node-var,24,sfa,cosmoothed,787025148,793224716,False,0.014193497780750646
node-var,24,sfa,cosmoothed,787025148,794812542,False,0.027442233037335163
node-var,24,sfa,cosmoothed,787025148,816200189,False,0.003434062473350743
node-var,24,sfa,cosmoothed,787025148,847657808,False,0.030177981687563547
node-var,24,sfa,cosmoothed,789848216,766640955,False,0.050365984519898606
node-var,24,sfa,cosmoothed,789848216,767871931,False,0.05589806543112712
node-var,24,sfa,cosmoothed,789848216,771160300,False,0.004756702786555241
node-var,24,sfa,cosmoothed,789848216,771990200,False,0.027897089310822812
node-var,24,sfa,cosmoothed,789848216,774875821,False,0.028974495435174715
node-var,24,sfa,cosmoothed,789848216,778240327,False,0.015104926209855159
node-var,24,sfa,cosmoothed,789848216,778998620,False,0.03655045904751958
node-var,24,sfa,cosmoothed,789848216,779839471,False,0.055875693418760496
node-var,24,sfa,cosmoothed,789848216,781842082,False,0.04524327600020207
node-var,24,sfa,cosmoothed,789848216,787025148,False,0.004773568051472617
node-var,24,sfa,cosmoothed,789848216,789848216,True,0.7779896200719094
node-var,24,sfa,cosmoothed,789848216,793224716,False,0.004844086034382481
node-var,24,sfa,cosmoothed,789848216,794812542,False,0.015380948754412099
node-var,24,sfa,cosmoothed,789848216,816200189,False,0.001921796882648861
node-var,24,sfa,cosmoothed,789848216,847657808,False,0.04893911733385208
node-var,24,sfa,cosmoothed,793224716,766640955,False,0.0006743051371555469
node-var,24,sfa,cosmoothed,793224716,767871931,False,0.053088303928141185
node-var,24,sfa,cosmoothed,793224716,771160300,False,0.040727322746408105
node-var,24,sfa,cosmoothed,793224716,771990200,False,9.571325162608837e-05
node-var,24,sfa,cosmoothed,793224716,774875821,False,0.002784217140786621
node-var,24,sfa,cosmoothed,793224716,778240327,False,0.001621115985094934
node-var,24,sfa,cosmoothed,793224716,778998620,False,0.0026265983116001515
node-var,24,sfa,cosmoothed,793224716,779839471,False,0.005531045049669547
node-var,24,sfa,cosmoothed,793224716,781842082,False,0.015622024992115503
node-var,24,sfa,cosmoothed,793224716,787025148,False,0.006902562150688165
node-var,24,sfa,cosmoothed,793224716,789848216,False,0.011970653105492205
node-var,24,sfa,cosmoothed,793224716,793224716,True,0.6393518884258679
node-var,24,sfa,cosmoothed,793224716,794812542,False,0.010547616625410483
node-var,24,sfa,cosmoothed,793224716,816200189,False,0.005493045444088463
node-var,24,sfa,cosmoothed,793224716,847657808,False,0.04740680580077891
node-var,24,sfa,cosmoothed,794812542,766640955,False,0.023124603643923717
node-var,24,sfa,cosmoothed,794812542,767871931,False,0.0017383901039339773
node-var,24,sfa,cosmoothed,794812542,771160300,False,0.0031140006655135328
node-var,24,sfa,cosmoothed,794812542,771990200,False,0.039642211058842906
node-var,24,sfa,cosmoothed,794812542,774875821,False,0.03157847709481248
node-var,24,sfa,cosmoothed,794812542,778240327,False,0.012929197624028246
node-var,24,sfa,cosmoothed,794812542,778998620,False,0.06211687605019682
node-var,24,sfa,cosmoothed,794812542,779839471,False,0.07531608344235786
node-var,24,sfa,cosmoothed,794812542,781842082,False,2.4699682096172654e-05
node-var,24,sfa,cosmoothed,794812542,787025148,False,0.05500857896213684
node-var,24,sfa,cosmoothed,794812542,789848216,False,0.01737148234231949
node-var,24,sfa,cosmoothed,794812542,793224716,False,0.014495075944027517
node-var,24,sfa,cosmoothed,794812542,794812542,True,0.667513501047267
node-var,24,sfa,cosmoothed,794812542,816200189,False,0.014183565546158678
node-var,24,sfa,cosmoothed,794812542,847657808,False,0.024438345110693614
node-var,24,sfa,cosmoothed,816200189,766640955,False,0.042141804223514434
node-var,24,sfa,cosmoothed,816200189,767871931,False,0.021306075498965484
node-var,24,sfa,cosmoothed,816200189,771160300,False,0.0018599263960459769
node-var,24,sfa,cosmoothed,816200189,771990200,False,0.0005181727407272776
node-var,24,sfa,cosmoothed,816200189,774875821,False,0.028813793918103795
node-var,24,sfa,cosmoothed,816200189,778240327,False,0.10056679812907124
node-var,24,sfa,cosmoothed,816200189,778998620,False,0.022354973292782517
node-var,24,sfa,cosmoothed,816200189,779839471,False,0.0002845467918260784
node-var,24,sfa,cosmoothed,816200189,781842082,False,0.03405026291861581
node-var,24,sfa,cosmoothed,816200189,787025148,False,0.03784997438674763
node-var,24,sfa,cosmoothed,816200189,789848216,False,0.004517515963291048
node-var,24,sfa,cosmoothed,816200189,793224716,False,0.0007622423561413587
node-var,24,sfa,cosmoothed,816200189,794812542,False,0.01250853103839301
node-var,24,sfa,cosmoothed,816200189,816200189,True,0.43708244112593775
node-var,24,sfa,cosmoothed,816200189,847657808,False,0.020208423536518364
node-var,24,sfa,cosmoothed,847657808,766640955,False,0.06312756720427733
node-var,24,sfa,cosmoothed,847657808,767871931,False,0.00022724937984826363
node-var,24,sfa,cosmoothed,847657808,771160300,False,0.00035973495903213757
node-var,24,sfa,cosmoothed,847657808,771990200,False,0.0025608330765108716
node-var,24,sfa,cosmoothed,847657808,774875821,False,0.0012672141632794958
node-var,24,sfa,cosmoothed,847657808,778240327,False,0.04518937312885457
node-var,24,sfa,cosmoothed,847657808,778998620,False,0.008070967425584576
node-var,24,sfa,cosmoothed,847657808,779839471,False,0.013677142061117049
node-var,24,sfa,cosmoothed,847657808,781842082,False,0.014233242565392148
node-var,24,sfa,cosmoothed,847657808,787025148,False,0.13336681814243886
node-var,24,sfa,cosmoothed,847657808,789848216,False,0.10349257643576798
node-var,24,sfa,cosmoothed,847657808,793224716,False,0.038221741260238695
node-var,24,sfa,cosmoothed,847657808,794812542,False,0.04011233003914891
node-var,24,sfa,cosmoothed,847657808,816200189,False,0.06357444059302311
node-var,24,sfa,cosmoothed,847657808,847657808,True,0.607095981266904
node-var,32,sfa,cosmoothed,766640955,766640955,True,0.4516221641806188
node-var,32,sfa,cosmoothed,766640955,767871931,False,0.00012487659099788754
node-var,32,sfa,cosmoothed,766640955,771160300,False,0.00016370317031415193
node-var,32,sfa,cosmoothed,766640955,771990200,False,0.061720784380057354
node-var,32,sfa,cosmoothed,766640955,774875821,False,0.00015098278983350852
node-var,32,sfa,cosmoothed,766640955,778240327,False,5.721547039126931e-05
node-var,32,sfa,cosmoothed,766640955,778998620,False,0.027647318798818456
node-var,32,sfa,cosmoothed,766640955,779839471,False,0.01583665252098064
node-var,32,sfa,cosmoothed,766640955,781842082,False,0.009229865957067896
node-var,32,sfa,cosmoothed,766640955,787025148,False,0.003888475097979972
node-var,32,sfa,cosmoothed,766640955,789848216,False,1.5987398490963335e-05
node-var,32,sfa,cosmoothed,766640955,793224716,False,0.010537705261268484
node-var,32,sfa,cosmoothed,766640955,794812542,False,0.018058443431431596
node-var,32,sfa,cosmoothed,766640955,816200189,False,0.021844145036942965
node-var,32,sfa,cosmoothed,766640955,847657808,False,0.026005416308132242
node-var,32,sfa,cosmoothed,767871931,766640955,False,0.032680191295280187
node-var,32,sfa,cosmoothed,767871931,767871931,True,0.7275915481897791
node-var,32,sfa,cosmoothed,767871931,771160300,False,0.0008651126676585331
node-var,32,sfa,cosmoothed,767871931,771990200,False,0.1112951142462747
node-var,32,sfa,cosmoothed,767871931,774875821,False,0.06675411008767597
node-var,32,sfa,cosmoothed,767871931,778240327,False,0.012301721866478899
node-var,32,sfa,cosmoothed,767871931,778998620,False,0.2118917073661008
node-var,32,sfa,cosmoothed,767871931,779839471,False,0.02725255480131255
node-var,32,sfa,cosmoothed,767871931,781842082,False,0.13716501900091527
node-var,32,sfa,cosmoothed,767871931,787025148,False,0.015252081490571726
node-var,32,sfa,cosmoothed,767871931,789848216,False,0.005529272727305517
node-var,32,sfa,cosmoothed,767871931,793224716,False,0.04929280013092708
node-var,32,sfa,cosmoothed,767871931,794812542,False,0.03477412777910345
node-var,32,sfa,cosmoothed,767871931,816200189,False,0.0004560975250902822
node-var,32,sfa,cosmoothed,767871931,847657808,False,0.0032421068751578657
node-var,32,sfa,cosmoothed,771160300,766640955,False,0.09542853519359148
node-var,32,sfa,cosmoothed,771160300,767871931,False,0.1570211829822586
node-var,32,sfa,cosmoothed,771160300,771160300,True,0.5476624473987187
node-var,32,sfa,cosmoothed,771160300,771990200,False,0.19741368772765497
node-var,32,sfa,cosmoothed,771160300,774875821,False,4.6404585704219593e-07
node-var,32,sfa,cosmoothed,771160300,778240327,False,0.042795411010618824
node-var,32,sfa,cosmoothed,771160300,778998620,False,0.3365457674907697
node-var,32,sfa,cosmoothed,771160300,779839471,False,0.33640011145348087
node-var,32,sfa,cosmoothed,771160300,781842082,False,0.01927387157788449
node-var,32,sfa,cosmoothed,771160300,787025148,False,0.12736926139035995
node-var,32,sfa,cosmoothed,771160300,789848216,False,0.01838802650351149
node-var,32,sfa,cosmoothed,771160300,793224716,False,0.01596421264591364
node-var,32,sfa,cosmoothed,771160300,794812542,False,0.07371769943286019
node-var,32,sfa,cosmoothed,771160300,816200189,False,0.01725321418980432
node-var,32,sfa,cosmoothed,771160300,847657808,False,0.06973677274601446
node-var,32,sfa,cosmoothed,771990200,766640955,False,0.0597218377598854
node-var,32,sfa,cosmoothed,771990200,767871931,False,0.2752184350008299
node-var,32,sfa,cosmoothed,771990200,771160300,False,0.09244816740297138
node-var,32,sfa,cosmoothed,771990200,771990200,True,0.5777441340514036
node-var,32,sfa,cosmoothed,771990200,774875821,False,0.001196319450519465
node-var,32,sfa,cosmoothed,771990200,778240327,False,0.007956852812253295
node-var,32,sfa,cosmoothed,771990200,778998620,False,0.42804346354449285
node-var,32,sfa,cosmoothed,771990200,779839471,False,0.231681879364144
node-var,32,sfa,cosmoothed,771990200,781842082,False,0.13620199820732867
node-var,32,sfa,cosmoothed,771990200,787025148,False,0.1574630998718595
node-var,32,sfa,cosmoothed,771990200,789848216,False,0.003331762408240712
node-var,32,sfa,cosmoothed,771990200,793224716,False,0.0024777375950520205
node-var,32,sfa,cosmoothed,771990200,794812542,False,0.019958129358675428
node-var,32,sfa,cosmoothed,771990200,816200189,False,0.07908732381457981
node-var,32,sfa,cosmoothed,771990200,847657808,False,0.006124874517151927
node-var,32,sfa,cosmoothed,774875821,766640955,False,0.0021035209767240443
node-var,32,sfa,cosmoothed,774875821,767871931,False,0.05688493480595032
node-var,32,sfa,cosmoothed,774875821,771160300,False,0.018430024780291994
node-var,32,sfa,cosmoothed,774875821,771990200,False,0.04491460813631596
node-var,32,sfa,cosmoothed,774875821,774875821,True,0.6372543570252118
node-var,32,sfa,cosmoothed,774875821,778240327,False,0.013993620208416541
node-var,32,sfa,cosmoothed,774875821,778998620,False,0.056870178427095644
node-var,32,sfa,cosmoothed,774875821,779839471,False,0.0014568605180362026
node-var,32,sfa,cosmoothed,774875821,781842082,False,0.00475905795774667
node-var,32,sfa,cosmoothed,774875821,787025148,False,0.00016837679972452508
node-var,32,sfa,cosmoothed,774875821,789848216,False,0.02058641623096371
node-var,32,sfa,cosmoothed,774875821,793224716,False,0.011214188407191891
node-var,32,sfa,cosmoothed,774875821,794812542,False,0.001573002442053282
node-var,32,sfa,cosmoothed,774875821,816200189,False,0.002158819385579694
node-var,32,sfa,cosmoothed,774875821,847657808,False,0.028490752967624832
node-var,32,sfa,cosmoothed,778240327,766640955,False,0.005059897486041733
node-var,32,sfa,cosmoothed,778240327,767871931,False,0.00028671185939699615
node-var,32,sfa,cosmoothed,778240327,771160300,False,0.0020823877274404544
node-var,32,sfa,cosmoothed,778240327,771990200,False,0.028696588802372264
node-var,32,sfa,cosmoothed,778240327,774875821,False,0.0018536901274151087
node-var,32,sfa,cosmoothed,778240327,778240327,True,0.7635246609570295
node-var,32,sfa,cosmoothed,778240327,778998620,False,0.0015776220431672153
node-var,32,sfa,cosmoothed,778240327,779839471,False,0.013383111458342397
node-var,32,sfa,cosmoothed,778240327,781842082,False,0.0008908983993460557
node-var,32,sfa,cosmoothed,778240327,787025148,False,0.05214568403755585
node-var,32,sfa,cosmoothed,778240327,789848216,False,0.07532685736983184
node-var,32,sfa,cosmoothed,778240327,793224716,False,0.0008987282814431498
node-var,32,sfa,cosmoothed,778240327,794812542,False,0.0021245841279973676
node-var,32,sfa,cosmoothed,778240327,816200189,False,0.0007334893328644187
node-var,32,sfa,cosmoothed,778240327,847657808,False,0.01651534750994578
node-var,32,sfa,cosmoothed,778998620,766640955,False,0.03927202142429268
node-var,32,sfa,cosmoothed,778998620,767871931,False,0.16425062411606353
node-var,32,sfa,cosmoothed,778998620,771160300,False,0.11071950512660846
node-var,32,sfa,cosmoothed,778998620,771990200,False,0.16971079391109717
node-var,32,sfa,cosmoothed,778998620,774875821,False,0.0186405409361296
node-var,32,sfa,cosmoothed,778998620,778240327,False,0.008298747268539464
node-var,32,sfa,cosmoothed,778998620,778998620,True,0.5784848420118452
node-var,32,sfa,cosmoothed,778998620,779839471,False,0.13854258037424855
node-var,32,sfa,cosmoothed,778998620,781842082,False,0.043434389311329
node-var,32,sfa,cosmoothed,778998620,787025148,False,0.12296587593487883
node-var,32,sfa,cosmoothed,778998620,789848216,False,0.0006214468560952631
node-var,32,sfa,cosmoothed,778998620,793224716,False,0.004063675230441627
node-var,32,sfa,cosmoothed,778998620,794812542,False,0.05679971579375615
node-var,32,sfa,cosmoothed,778998620,816200189,False,0.0926465568495296
node-var,32,sfa,cosmoothed,778998620,847657808,False,0.04946830258388692
node-var,32,sfa,cosmoothed,779839471,766640955,False,0.027084011344897775
node-var,32,sfa,cosmoothed,779839471,767871931,False,0.029793267212672253
node-var,32,sfa,cosmoothed,779839471,771160300,False,0.12458916369316435
node-var,32,sfa,cosmoothed,779839471,771990200,False,0.12987605986328699
node-var,32,sfa,cosmoothed,779839471,774875821,False,0.009701215049551003
node-var,32,sfa,cosmoothed,779839471,778240327,False,0.002546151525707719
node-var,32,sfa,cosmoothed,779839471,778998620,False,0.30317643255015486
node-var,32,sfa,cosmoothed,779839471,779839471,True,0.4568357895553992
node-var,32,sfa,cosmoothed,779839471,781842082,False,0.003411069032864592
node-var,32,sfa,cosmoothed,779839471,787025148,False,0.12786434996114046
node-var,32,sfa,cosmoothed,779839471,789848216,False,0.0019155963839935586
node-var,32,sfa,cosmoothed,779839471,793224716,False,0.011241643074183365
node-var,32,sfa,cosmoothed,779839471,794812542,False,0.05445640337522807
node-var,32,sfa,cosmoothed,779839471,816200189,False,0.14407227067111825
node-var,32,sfa,cosmoothed,779839471,847657808,False,0.0896764894640031
node-var,32,sfa,cosmoothed,781842082,766640955,False,0.04366268926389555
node-var,32,sfa,cosmoothed,781842082,767871931,False,0.10218678843272697
node-var,32,sfa,cosmoothed,781842082,771160300,False,0.011109264228899365
node-var,32,sfa,cosmoothed,781842082,771990200,False,0.035516584795904645
node-var,32,sfa,cosmoothed,781842082,774875821,False,0.0009293455172387977
node-var,32,sfa,cosmoothed,781842082,778240327,False,0.001984796627402139
node-var,32,sfa,cosmoothed,781842082,778998620,False,0.004707163293843161
node-var,32,sfa,cosmoothed,781842082,779839471,False,0.007496859174304147
node-var,32,sfa,cosmoothed,781842082,781842082,True,0.68428099696431
node-var,32,sfa,cosmoothed,781842082,787025148,False,0.0064651981121771505
node-var,32,sfa,cosmoothed,781842082,789848216,False,0.08390665124413826
node-var,32,sfa,cosmoothed,781842082,793224716,False,0.012900521621493084
node-var,32,sfa,cosmoothed,781842082,794812542,False,0.0019047174241694177
node-var,32,sfa,cosmoothed,781842082,816200189,False,0.06229446943749187
node-var,32,sfa,cosmoothed,781842082,847657808,False,0.01790526212785146
node-var,32,sfa,cosmoothed,787025148,766640955,False,0.003949689846357424
node-var,32,sfa,cosmoothed,787025148,767871931,False,8.7229472155802e-05
node-var,32,sfa,cosmoothed,787025148,771160300,False,0.00900357971535136
node-var,32,sfa,cosmoothed,787025148,771990200,False,0.09505974723621306
node-var,32,sfa,cosmoothed,787025148,774875821,False,0.0017467333775071996
node-var,32,sfa,cosmoothed,787025148,778240327,False,0.1092284045520284
node-var,32,sfa,cosmoothed,787025148,778998620,False,0.041487798826867484
node-var,32,sfa,cosmoothed,787025148,779839471,False,0.10465062286310546
node-var,32,sfa,cosmoothed,787025148,781842082,False,0.002647271005239579
node-var,32,sfa,cosmoothed,787025148,787025148,True,0.7581867578228636
node-var,32,sfa,cosmoothed,787025148,789848216,False,0.0019003452535293131
node-var,32,sfa,cosmoothed,787025148,793224716,False,0.01605670330974915
node-var,32,sfa,cosmoothed,787025148,794812542,False,0.032202406479462806
node-var,32,sfa,cosmoothed,787025148,816200189,False,0.006070771479186876
node-var,32,sfa,cosmoothed,787025148,847657808,False,0.038398365396340825
node-var,32,sfa,cosmoothed,789848216,766640955,False,0.05958802064809966
node-var,32,sfa,cosmoothed,789848216,767871931,False,0.06564203566080264
node-var,32,sfa,cosmoothed,789848216,771160300,False,0.006070613098565083
node-var,32,sfa,cosmoothed,789848216,771990200,False,0.026520650387902075
node-var,32,sfa,cosmoothed,789848216,774875821,False,0.039248178180849524
node-var,32,sfa,cosmoothed,789848216,778240327,False,0.01868445697694739
node-var,32,sfa,cosmoothed,789848216,778998620,False,0.04145220406878508
node-var,32,sfa,cosmoothed,789848216,779839471,False,0.07504540616333641
node-var,32,sfa,cosmoothed,789848216,781842082,False,0.06377905378767673
node-var,32,sfa,cosmoothed,789848216,787025148,False,0.005760982525189571
node-var,32,sfa,cosmoothed,789848216,789848216,True,0.7979082279757236
node-var,32,sfa,cosmoothed,789848216,793224716,False,0.007734716655722148
node-var,32,sfa,cosmoothed,789848216,794812542,False,0.01828959538324787
node-var,32,sfa,cosmoothed,789848216,816200189,False,0.0006347058321568241
node-var,32,sfa,cosmoothed,789848216,847657808,False,0.0547581991151976
node-var,32,sfa,cosmoothed,793224716,766640955,False,0.0004462013881742489
node-var,32,sfa,cosmoothed,793224716,767871931,False,0.06055943214210622
node-var,32,sfa,cosmoothed,793224716,771160300,False,0.04778191112903329
node-var,32,sfa,cosmoothed,793224716,771990200,False,0.000164478622174653
node-var,32,sfa,cosmoothed,793224716,774875821,False,0.0016993506270645193
node-var,32,sfa,cosmoothed,793224716,778240327,False,0.0015887419384154715
node-var,32,sfa,cosmoothed,793224716,778998620,False,0.0017733101430578708
node-var,32,sfa,cosmoothed,793224716,779839471,False,0.004843563763393658
node-var,32,sfa,cosmoothed,793224716,781842082,False,0.015344930593271959
node-var,32,sfa,cosmoothed,793224716,787025148,False,0.007749286705740169
node-var,32,sfa,cosmoothed,793224716,789848216,False,0.015069911369353237
node-var,32,sfa,cosmoothed,793224716,793224716,True,0.6590560011552142
node-var,32,sfa,cosmoothed,793224716,794812542,False,0.013153736579162877
node-var,32,sfa,cosmoothed,793224716,816200189,False,0.008051467107572584
node-var,32,sfa,cosmoothed,793224716,847657808,False,0.05655088072258581
node-var,32,sfa,cosmoothed,794812542,766640955,False,0.024089232620381623
node-var,32,sfa,cosmoothed,794812542,767871931,False,0.002582549956382157
node-var,32,sfa,cosmoothed,794812542,771160300,False,0.003942544561163978
node-var,32,sfa,cosmoothed,794812542,771990200,False,0.04248819422532283
node-var,32,sfa,cosmoothed,794812542,774875821,False,0.0384711885005416
node-var,32,sfa,cosmoothed,794812542,778240327,False,0.016210313662394272
node-var,32,sfa,cosmoothed,794812542,778998620,False,0.06492036997915618
node-var,32,sfa,cosmoothed,794812542,779839471,False,0.09067410893619221
node-var,32,sfa,cosmoothed,794812542,781842082,False,1.2277661059442693e-05
node-var,32,sfa,cosmoothed,794812542,787025148,False,0.06361078817523849
node-var,32,sfa,cosmoothed,794812542,789848216,False,0.02509227590495591
node-var,32,sfa,cosmoothed,794812542,793224716,False,0.01659115069351619
node-var,32,sfa,cosmoothed,794812542,794812542,True,0.7021204465153764
node-var,32,sfa,cosmoothed,794812542,816200189,False,0.013926225723365044
node-var,32,sfa,cosmoothed,794812542,847657808,False,0.02860439822345441
node-var,32,sfa,cosmoothed,816200189,766640955,False,0.05016351951863267
node-var,32,sfa,cosmoothed,816200189,767871931,False,0.026260617761879306
node-var,32,sfa,cosmoothed,816200189,771160300,False,0.0016665768626003283
node-var,32,sfa,cosmoothed,816200189,771990200,False,0.0008639071832751181
node-var,32,sfa,cosmoothed,816200189,774875821,False,0.037865383820894064
node-var,32,sfa,cosmoothed,816200189,778240327,False,0.11261954747803424
node-var,32,sfa,cosmoothed,816200189,778998620,False,0.026473221314826056
node-var,32,sfa,cosmoothed,816200189,779839471,False,0.0006990583625086044
node-var,32,sfa,cosmoothed,816200189,781842082,False,0.043875014440286346
node-var,32,sfa,cosmoothed,816200189,787025148,False,0.04457678076673874
node-var,32,sfa,cosmoothed,816200189,789848216,False,0.004315458529471159
node-var,32,sfa,cosmoothed,816200189,793224716,False,0.0006836618163161778
node-var,32,sfa,cosmoothed,816200189,794812542,False,0.016523343089619016
node-var,32,sfa,cosmoothed,816200189,816200189,True,0.47915634548762837
node-var,32,sfa,cosmoothed,816200189,847657808,False,0.022806406005953617
node-var,32,sfa,cosmoothed,847657808,766640955,False,0.061522146989675404
node-var,32,sfa,cosmoothed,847657808,767871931,False,6.787059559856664e-06
node-var,32,sfa,cosmoothed,847657808,771160300,False,0.00016259794868312324
node-var,32,sfa,cosmoothed,847657808,771990200,False,0.0046665613305098335
node-var,32,sfa,cosmoothed,847657808,774875821,False,0.0014537162364485305
node-var,32,sfa,cosmoothed,847657808,778240327,False,0.05245793993358713
node-var,32,sfa,cosmoothed,847657808,778998620,False,0.011202803968879642
node-var,32,sfa,cosmoothed,847657808,779839471,False,0.015282055207389254
node-var,32,sfa,cosmoothed,847657808,781842082,False,0.017624198216957446
node-var,32,sfa,cosmoothed,847657808,787025148,False,0.15874198236381143
node-var,32,sfa,cosmoothed,847657808,789848216,False,0.11988514610998222
node-var,32,sfa,cosmoothed,847657808,793224716,False,0.04639222620538473
node-var,32,sfa,cosmoothed,847657808,794812542,False,0.04875298059229417
node-var,32,sfa,cosmoothed,847657808,816200189,False,0.07792913732307884
node-var,32,sfa,cosmoothed,847657808,847657808,True,0.6346226875095624
node-var,40,sfa,cosmoothed,766640955,766640955,True,0.4518734514130056
node-var,40,sfa,cosmoothed,766640955,767871931,False,2.904755952829277e-05
node-var,40,sfa,cosmoothed,766640955,771160300,False,0.0005338256156399197
node-var,40,sfa,cosmoothed,766640955,771990200,False,0.06768039461453351
node-var,40,sfa,cosmoothed,766640955,774875821,False,7.436347597987343e-05
node-var,40,sfa,cosmoothed,766640955,778240327,False,0.0008771434936022029
node-var,40,sfa,cosmoothed,766640955,778998620,False,0.025428487446851156
node-var,40,sfa,cosmoothed,766640955,779839471,False,0.019453618366080956
node-var,40,sfa,cosmoothed,766640955,781842082,False,0.010667676269512458
node-var,40,sfa,cosmoothed,766640955,787025148,False,0.004191731499339257
node-var,40,sfa,cosmoothed,766640955,789848216,False,0.00026544656728291836
node-var,40,sfa,cosmoothed,766640955,793224716,False,0.013794676876921992
node-var,40,sfa,cosmoothed,766640955,794812542,False,0.020499461465663022
node-var,40,sfa,cosmoothed,766640955,816200189,False,0.02084347645852838
node-var,40,sfa,cosmoothed,766640955,847657808,False,0.0239175138824238
node-var,40,sfa,cosmoothed,767871931,766640955,False,0.03544169868819961
node-var,40,sfa,cosmoothed,767871931,767871931,True,0.7341941677695434
node-var,40,sfa,cosmoothed,767871931,771160300,False,0.0009326225472294493
node-var,40,sfa,cosmoothed,767871931,771990200,False,0.12243848715722046
node-var,40,sfa,cosmoothed,767871931,774875821,False,0.07665138866813594
node-var,40,sfa,cosmoothed,767871931,778240327,False,0.01595932876371795
node-var,40,sfa,cosmoothed,767871931,778998620,False,0.2231213539396035
node-var,40,sfa,cosmoothed,767871931,779839471,False,0.033221952540788476
node-var,40,sfa,cosmoothed,767871931,781842082,False,0.15085104238935276
node-var,40,sfa,cosmoothed,767871931,787025148,False,0.016418396333876525
node-var,40,sfa,cosmoothed,767871931,789848216,False,0.005229570430320272
node-var,40,sfa,cosmoothed,767871931,793224716,False,0.05186396300870416
node-var,40,sfa,cosmoothed,767871931,794812542,False,0.03940869851545117
node-var,40,sfa,cosmoothed,767871931,816200189,False,0.0007206335409189756
node-var,40,sfa,cosmoothed,767871931,847657808,False,0.002480069277974174
node-var,40,sfa,cosmoothed,771160300,766640955,False,0.10340332820738142
node-var,40,sfa,cosmoothed,771160300,767871931,False,0.16552900047997138
node-var,40,sfa,cosmoothed,771160300,771160300,True,0.568367146935191
node-var,40,sfa,cosmoothed,771160300,771990200,False,0.21700748803307382
node-var,40,sfa,cosmoothed,771160300,774875821,False,4.518181663763831e-06
node-var,40,sfa,cosmoothed,771160300,778240327,False,0.044996580051709596
node-var,40,sfa,cosmoothed,771160300,778998620,False,0.36112134841263693
node-var,40,sfa,cosmoothed,771160300,779839471,False,0.3784493975342322
node-var,40,sfa,cosmoothed,771160300,781842082,False,0.02026459575816278
node-var,40,sfa,cosmoothed,771160300,787025148,False,0.13706970520314338
node-var,40,sfa,cosmoothed,771160300,789848216,False,0.020157927056382193
node-var,40,sfa,cosmoothed,771160300,793224716,False,0.017873407915031687
node-var,40,sfa,cosmoothed,771160300,794812542,False,0.08562006707234703
node-var,40,sfa,cosmoothed,771160300,816200189,False,0.020842804490381544
node-var,40,sfa,cosmoothed,771160300,847657808,False,0.07698233517351379
node-var,40,sfa,cosmoothed,771990200,766640955,False,0.06784455789053824
node-var,40,sfa,cosmoothed,771990200,767871931,False,0.31166442271617995
node-var,40,sfa,cosmoothed,771990200,771160300,False,0.10389565634373045
node-var,40,sfa,cosmoothed,771990200,771990200,True,0.6003213956151543
node-var,40,sfa,cosmoothed,771990200,774875821,False,0.0014744869289279594
node-var,40,sfa,cosmoothed,771990200,778240327,False,0.008434896461661618
node-var,40,sfa,cosmoothed,771990200,778998620,False,0.4656349523647978
node-var,40,sfa,cosmoothed,771990200,779839471,False,0.2581684641624592
node-var,40,sfa,cosmoothed,771990200,781842082,False,0.14360200778117943
node-var,40,sfa,cosmoothed,771990200,787025148,False,0.17697673469327294
node-var,40,sfa,cosmoothed,771990200,789848216,False,0.001169179862899028
node-var,40,sfa,cosmoothed,771990200,793224716,False,0.0022807601364965473
node-var,40,sfa,cosmoothed,771990200,794812542,False,0.026934418086307206
node-var,40,sfa,cosmoothed,771990200,816200189,False,0.08982507868556054
node-var,40,sfa,cosmoothed,771990200,847657808,False,0.006605747247572648
node-var,40,sfa,cosmoothed,774875821,766640955,False,0.0021025235530861635
node-var,40,sfa,cosmoothed,774875821,767871931,False,0.06854657910220321
node-var,40,sfa,cosmoothed,774875821,771160300,False,0.01894276559223531
node-var,40,sfa,cosmoothed,774875821,771990200,False,0.047274090610356326
node-var,40,sfa,cosmoothed,774875821,774875821,True,0.6648534257824342
node-var,40,sfa,cosmoothed,774875821,778240327,False,0.018300631558742068
node-var,40,sfa,cosmoothed,774875821,778998620,False,0.062050435321932294
node-var,40,sfa,cosmoothed,774875821,779839471,False,0.0014234986625101986
node-var,40,sfa,cosmoothed,774875821,781842082,False,0.004083056211902834
node-var,40,sfa,cosmoothed,774875821,787025148,False,0.00028568941337254496
node-var,40,sfa,cosmoothed,774875821,789848216,False,0.022945691338830666
node-var,40,sfa,cosmoothed,774875821,793224716,False,0.010138545300858157
node-var,40,sfa,cosmoothed,774875821,794812542,False,0.002500514178792176
node-var,40,sfa,cosmoothed,774875821,816200189,False,0.0018875226875110953
node-var,40,sfa,cosmoothed,774875821,847657808,False,0.03050250834474011
node-var,40,sfa,cosmoothed,778240327,766640955,False,0.004321057153877854
node-var,40,sfa,cosmoothed,778240327,767871931,False,0.0002723917312337901
node-var,40,sfa,cosmoothed,778240327,771160300,False,0.0019740374127474847
node-var,40,sfa,cosmoothed,778240327,771990200,False,0.03304299158114427
node-var,40,sfa,cosmoothed,778240327,774875821,False,0.0010384959752191157
node-var,40,sfa,cosmoothed,778240327,778240327,True,0.7769611503211208
node-var,40,sfa,cosmoothed,778240327,778998620,False,0.0026986819179045693
node-var,40,sfa,cosmoothed,778240327,779839471,False,0.01330697447926799
node-var,40,sfa,cosmoothed,778240327,781842082,False,0.0012881279305609556
node-var,40,sfa,cosmoothed,778240327,787025148,False,0.056286755706541534
node-var,40,sfa,cosmoothed,778240327,789848216,False,0.08678331425582297
node-var,40,sfa,cosmoothed,778240327,793224716,False,0.00029076173687529256
node-var,40,sfa,cosmoothed,778240327,794812542,False,0.002809933210920438
node-var,40,sfa,cosmoothed,778240327,816200189,False,0.0006027658147712227
node-var,40,sfa,cosmoothed,778240327,847657808,False,0.01789722929957496
node-var,40,sfa,cosmoothed,778998620,766640955,False,0.039759896491980896
node-var,40,sfa,cosmoothed,778998620,767871931,False,0.1773632041730917
node-var,40,sfa,cosmoothed,778998620,771160300,False,0.11693953483564055
node-var,40,sfa,cosmoothed,778998620,771990200,False,0.2005645080276928
node-var,40,sfa,cosmoothed,778998620,774875821,False,0.017836099049708055
node-var,40,sfa,cosmoothed,778998620,778240327,False,0.01351318709519722
node-var,40,sfa,cosmoothed,778998620,778998620,True,0.5997949937208678
node-var,40,sfa,cosmoothed,778998620,779839471,False,0.15835476807287702
node-var,40,sfa,cosmoothed,778998620,781842082,False,0.05356497341973482
node-var,40,sfa,cosmoothed,778998620,787025148,False,0.13803354197576956
node-var,40,sfa,cosmoothed,778998620,789848216,False,0.0005187643730473058
node-var,40,sfa,cosmoothed,778998620,793224716,False,0.002953060250086504
node-var,40,sfa,cosmoothed,778998620,794812542,False,0.06323685956356825
node-var,40,sfa,cosmoothed,778998620,816200189,False,0.10935252135141571
node-var,40,sfa,cosmoothed,778998620,847657808,False,0.06033917204142582
node-var,40,sfa,cosmoothed,779839471,766640955,False,0.03461529288502161
node-var,40,sfa,cosmoothed,779839471,767871931,False,0.04578945387933893
node-var,40,sfa,cosmoothed,779839471,771160300,False,0.15044222145275413
node-var,40,sfa,cosmoothed,779839471,771990200,False,0.15096527201713306
node-var,40,sfa,cosmoothed,779839471,774875821,False,0.012057024042207355
node-var,40,sfa,cosmoothed,779839471,778240327,False,0.002774726648721459
node-var,40,sfa,cosmoothed,779839471,778998620,False,0.3515869407137753
node-var,40,sfa,cosmoothed,779839471,779839471,True,0.4883818996378561
node-var,40,sfa,cosmoothed,779839471,781842082,False,0.0056358333268368786
node-var,40,sfa,cosmoothed,779839471,787025148,False,0.1513222580442195
node-var,40,sfa,cosmoothed,779839471,789848216,False,0.0022160535785872705
node-var,40,sfa,cosmoothed,779839471,793224716,False,0.01459480293309597
node-var,40,sfa,cosmoothed,779839471,794812542,False,0.07255603735927536
node-var,40,sfa,cosmoothed,779839471,816200189,False,0.169469965220454
node-var,40,sfa,cosmoothed,779839471,847657808,False,0.10811061472556052
node-var,40,sfa,cosmoothed,781842082,766640955,False,0.04994223830456908
node-var,40,sfa,cosmoothed,781842082,767871931,False,0.10562026322151284
node-var,40,sfa,cosmoothed,781842082,771160300,False,0.009975597619418226
node-var,40,sfa,cosmoothed,781842082,771990200,False,0.03537533769014515
node-var,40,sfa,cosmoothed,781842082,774875821,False,0.0008182420177701384
node-var,40,sfa,cosmoothed,781842082,778240327,False,0.0019062372394797393
node-var,40,sfa,cosmoothed,781842082,778998620,False,0.005880733209259393
node-var,40,sfa,cosmoothed,781842082,779839471,False,0.007912948172073785
node-var,40,sfa,cosmoothed,781842082,781842082,True,0.7125971582979909
node-var,40,sfa,cosmoothed,781842082,787025148,False,0.006338767860941661
node-var,40,sfa,cosmoothed,781842082,789848216,False,0.10126243321044903
node-var,40,sfa,cosmoothed,781842082,793224716,False,0.013902305392007631
node-var,40,sfa,cosmoothed,781842082,794812542,False,0.0020487868343465293
node-var,40,sfa,cosmoothed,781842082,816200189,False,0.06997325125954316
node-var,40,sfa,cosmoothed,781842082,847657808,False,0.02065601190400071
node-var,40,sfa,cosmoothed,787025148,766640955,False,0.003264974028335196
node-var,40,sfa,cosmoothed,787025148,767871931,False,0.00019152051760282517
node-var,40,sfa,cosmoothed,787025148,771160300,False,0.01284230136486733
node-var,40,sfa,cosmoothed,787025148,771990200,False,0.11315842571145474
node-var,40,sfa,cosmoothed,787025148,774875821,False,0.0011697075912586276
node-var,40,sfa,cosmoothed,787025148,778240327,False,0.11785653285290175
node-var,40,sfa,cosmoothed,787025148,778998620,False,0.049640379103801396
node-var,40,sfa,cosmoothed,787025148,779839471,False,0.11465201492374737
node-var,40,sfa,cosmoothed,787025148,781842082,False,0.002838563482206226
node-var,40,sfa,cosmoothed,787025148,787025148,True,0.7682230170358811
node-var,40,sfa,cosmoothed,787025148,789848216,False,0.0016528466655304312
node-var,40,sfa,cosmoothed,787025148,793224716,False,0.017300880966448107
node-var,40,sfa,cosmoothed,787025148,794812542,False,0.03858896123364698
node-var,40,sfa,cosmoothed,787025148,816200189,False,0.009718504427354098
node-var,40,sfa,cosmoothed,787025148,847657808,False,0.0472492601756088
node-var,40,sfa,cosmoothed,789848216,766640955,False,0.06708841616337871
node-var,40,sfa,cosmoothed,789848216,767871931,False,0.07147156817571078
node-var,40,sfa,cosmoothed,789848216,771160300,False,0.007431241791832024
node-var,40,sfa,cosmoothed,789848216,771990200,False,0.023915124037076196
node-var,40,sfa,cosmoothed,789848216,774875821,False,0.04831902814212368
node-var,40,sfa,cosmoothed,789848216,778240327,False,0.022863361706349897
node-var,40,sfa,cosmoothed,789848216,778998620,False,0.04387492046516466
node-var,40,sfa,cosmoothed,789848216,779839471,False,0.09128211033155156
node-var,40,sfa,cosmoothed,789848216,781842082,False,0.08425738654807159
node-var,40,sfa,cosmoothed,789848216,787025148,False,0.006391731345715466
node-var,40,sfa,cosmoothed,789848216,789848216,True,0.8163740830896059
node-var,40,sfa,cosmoothed,789848216,793224716,False,0.010533890739830385
node-var,40,sfa,cosmoothed,789848216,794812542,False,0.02171997393926602
node-var,40,sfa,cosmoothed,789848216,816200189,False,0.00014605049805144966
node-var,40,sfa,cosmoothed,789848216,847657808,False,0.06093886332125854
node-var,40,sfa,cosmoothed,793224716,766640955,False,0.00033184512139070895
node-var,40,sfa,cosmoothed,793224716,767871931,False,0.0681801671606858
node-var,40,sfa,cosmoothed,793224716,771160300,False,0.05631937717852786
node-var,40,sfa,cosmoothed,793224716,771990200,False,0.0003838870160913045
node-var,40,sfa,cosmoothed,793224716,774875821,False,0.0009754792921505563
node-var,40,sfa,cosmoothed,793224716,778240327,False,0.0011662140386712507
node-var,40,sfa,cosmoothed,793224716,778998620,False,0.0010959954629976125
node-var,40,sfa,cosmoothed,793224716,779839471,False,0.004208778734828715
node-var,40,sfa,cosmoothed,793224716,781842082,False,0.014096382475258793
node-var,40,sfa,cosmoothed,793224716,787025148,False,0.008952467330644167
node-var,40,sfa,cosmoothed,793224716,789848216,False,0.018388989949473692
node-var,40,sfa,cosmoothed,793224716,793224716,True,0.6722468879289276
node-var,40,sfa,cosmoothed,793224716,794812542,False,0.01686015001828618
node-var,40,sfa,cosmoothed,793224716,816200189,False,0.011674797890138174
node-var,40,sfa,cosmoothed,793224716,847657808,False,0.06808449253610059
node-var,40,sfa,cosmoothed,794812542,766640955,False,0.025706223432675673
node-var,40,sfa,cosmoothed,794812542,767871931,False,0.003531024215034466
node-var,40,sfa,cosmoothed,794812542,771160300,False,0.005317651769387455
node-var,40,sfa,cosmoothed,794812542,771990200,False,0.04716422740239163
node-var,40,sfa,cosmoothed,794812542,774875821,False,0.046055430171687145
node-var,40,sfa,cosmoothed,794812542,778240327,False,0.01876044973569437
node-var,40,sfa,cosmoothed,794812542,778998620,False,0.06902964455111128
node-var,40,sfa,cosmoothed,794812542,779839471,False,0.10657342323353763
node-var,40,sfa,cosmoothed,794812542,781842082,False,0.0001351334456216217
node-var,40,sfa,cosmoothed,794812542,787025148,False,0.07274945510538945
node-var,40,sfa,cosmoothed,794812542,789848216,False,0.03257285226039033
node-var,40,sfa,cosmoothed,794812542,793224716,False,0.017467043263742266
node-var,40,sfa,cosmoothed,794812542,794812542,True,0.7309187395209832
node-var,40,sfa,cosmoothed,794812542,816200189,False,0.012804008637495071
node-var,40,sfa,cosmoothed,794812542,847657808,False,0.034521529470225513
node-var,40,sfa,cosmoothed,816200189,766640955,False,0.05983781406017221
node-var,40,sfa,cosmoothed,816200189,767871931,False,0.03099538569832823
node-var,40,sfa,cosmoothed,816200189,771160300,False,0.001444217290603116
node-var,40,sfa,cosmoothed,816200189,771990200,False,0.0015175861211000944
node-var,40,sfa,cosmoothed,816200189,774875821,False,0.045496701090838004
node-var,40,sfa,cosmoothed,816200189,778240327,False,0.12619070328338647
node-var,40,sfa,cosmoothed,816200189,778998620,False,0.031256514790077926
node-var,40,sfa,cosmoothed,816200189,779839471,False,0.0010788811491959757
node-var,40,sfa,cosmoothed,816200189,781842082,False,0.05377825845029693
node-var,40,sfa,cosmoothed,816200189,787025148,False,0.0522867786638751
node-var,40,sfa,cosmoothed,816200189,789848216,False,0.004318553571589924
node-var,40,sfa,cosmoothed,816200189,793224716,False,0.0009356002776844802
node-var,40,sfa,cosmoothed,816200189,794812542,False,0.022836643930382476
node-var,40,sfa,cosmoothed,816200189,816200189,True,0.5046712784893725
node-var,40,sfa,cosmoothed,816200189,847657808,False,0.024470801086887574
node-var,40,sfa,cosmoothed,847657808,766640955,False,0.05762906176614055
node-var,40,sfa,cosmoothed,847657808,767871931,False,0.00011539948321615475
node-var,40,sfa,cosmoothed,847657808,771160300,False,9.684394501791525e-06
node-var,40,sfa,cosmoothed,847657808,771990200,False,0.007685555451111427
node-var,40,sfa,cosmoothed,847657808,774875821,False,0.001281140007625433
node-var,40,sfa,cosmoothed,847657808,778240327,False,0.0588868512374399
node-var,40,sfa,cosmoothed,847657808,778998620,False,0.014174554841878212
node-var,40,sfa,cosmoothed,847657808,779839471,False,0.015914603506824554
node-var,40,sfa,cosmoothed,847657808,781842082,False,0.020633978331655867
node-var,40,sfa,cosmoothed,847657808,787025148,False,0.17904168825498087
node-var,40,sfa,cosmoothed,847657808,789848216,False,0.1319606234983933
node-var,40,sfa,cosmoothed,847657808,793224716,False,0.056659530874449616
node-var,40,sfa,cosmoothed,847657808,794812542,False,0.05857471123473404
node-var,40,sfa,cosmoothed,847657808,816200189,False,0.09235518028509908
node-var,40,sfa,cosmoothed,847657808,847657808,True,0.6524486138237515
node-var,48,sfa,cosmoothed,766640955,766640955,True,0.44479885358463117
node-var,48,sfa,cosmoothed,766640955,767871931,False,3.0652577212988016e-05
node-var,48,sfa,cosmoothed,766640955,771160300,False,0.0012977922336762776
node-var,48,sfa,cosmoothed,766640955,771990200,False,0.07477185354066179
node-var,48,sfa,cosmoothed,766640955,774875821,False,1.0813354100549641e-05
node-var,48,sfa,cosmoothed,766640955,778240327,False,0.002861437430134244
node-var,48,sfa,cosmoothed,766640955,778998620,False,0.02293036955939945
node-var,48,sfa,cosmoothed,766640955,779839471,False,0.02302558295935663
node-var,48,sfa,cosmoothed,766640955,781842082,False,0.012210647359094365
node-var,48,sfa,cosmoothed,766640955,787025148,False,0.00493481320574231
node-var,48,sfa,cosmoothed,766640955,789848216,False,0.0008740469076666359
node-var,48,sfa,cosmoothed,766640955,793224716,False,0.01645916832483714
node-var,48,sfa,cosmoothed,766640955,794812542,False,0.02341437570546343
node-var,48,sfa,cosmoothed,766640955,816200189,False,0.020272321635792637
node-var,48,sfa,cosmoothed,766640955,847657808,False,0.020415924649976814
node-var,48,sfa,cosmoothed,767871931,766640955,False,0.03626020876967504
node-var,48,sfa,cosmoothed,767871931,767871931,True,0.7383060751463094
node-var,48,sfa,cosmoothed,767871931,771160300,False,0.0010121549278098655
node-var,48,sfa,cosmoothed,767871931,771990200,False,0.1333171196986419
node-var,48,sfa,cosmoothed,767871931,774875821,False,0.0862722841822135
node-var,48,sfa,cosmoothed,767871931,778240327,False,0.019459170896221564
node-var,48,sfa,cosmoothed,767871931,778998620,False,0.233777076627062
node-var,48,sfa,cosmoothed,767871931,779839471,False,0.039614892478799096
node-var,48,sfa,cosmoothed,767871931,781842082,False,0.1663999385916682
node-var,48,sfa,cosmoothed,767871931,787025148,False,0.017818917387604542
node-var,48,sfa,cosmoothed,767871931,789848216,False,0.0048137330784467965
node-var,48,sfa,cosmoothed,767871931,793224716,False,0.05504337959744174
node-var,48,sfa,cosmoothed,767871931,794812542,False,0.04321449044556257
node-var,48,sfa,cosmoothed,767871931,816200189,False,0.0013124182833152648
node-var,48,sfa,cosmoothed,767871931,847657808,False,0.0018170258017915222
node-var,48,sfa,cosmoothed,771160300,766640955,False,0.11026631194254445
node-var,48,sfa,cosmoothed,771160300,767871931,False,0.17382168153108266
node-var,48,sfa,cosmoothed,771160300,771160300,True,0.5856587631222171
node-var,48,sfa,cosmoothed,771160300,771990200,False,0.2372745034093669
node-var,48,sfa,cosmoothed,771160300,774875821,False,2.360534208147757e-05
node-var,48,sfa,cosmoothed,771160300,778240327,False,0.04595937857356672
node-var,48,sfa,cosmoothed,771160300,778998620,False,0.38564986860043227
node-var,48,sfa,cosmoothed,771160300,779839471,False,0.4195624939078275
node-var,48,sfa,cosmoothed,771160300,781842082,False,0.020394490807536664
node-var,48,sfa,cosmoothed,771160300,787025148,False,0.1480247497548555
node-var,48,sfa,cosmoothed,771160300,789848216,False,0.021929594992805
node-var,48,sfa,cosmoothed,771160300,793224716,False,0.01981032500670888
node-var,48,sfa,cosmoothed,771160300,794812542,False,0.09900097481550574
node-var,48,sfa,cosmoothed,771160300,816200189,False,0.02452806236445396
node-var,48,sfa,cosmoothed,771160300,847657808,False,0.08391994293522498
node-var,48,sfa,cosmoothed,771990200,766640955,False,0.0780594497178237
node-var,48,sfa,cosmoothed,771990200,767871931,False,0.34756561523276774
node-var,48,sfa,cosmoothed,771990200,771160300,False,0.11508608910434923
node-var,48,sfa,cosmoothed,771990200,771990200,True,0.6198475231519467
node-var,48,sfa,cosmoothed,771990200,774875821,False,0.0024770752049250726
node-var,48,sfa,cosmoothed,771990200,778240327,False,0.009069705359544804
node-var,48,sfa,cosmoothed,771990200,778998620,False,0.501642989326354
node-var,48,sfa,cosmoothed,771990200,779839471,False,0.2816233307333043
node-var,48,sfa,cosmoothed,771990200,781842082,False,0.1503893682255925
node-var,48,sfa,cosmoothed,771990200,787025148,False,0.19507944912204941
node-var,48,sfa,cosmoothed,771990200,789848216,False,0.00011894324684093127
node-var,48,sfa,cosmoothed,771990200,793224716,False,0.0022330636986010797
node-var,48,sfa,cosmoothed,771990200,794812542,False,0.03579774435747179
node-var,48,sfa,cosmoothed,771990200,816200189,False,0.09762531426084939
node-var,48,sfa,cosmoothed,771990200,847657808,False,0.007634696983327537
node-var,48,sfa,cosmoothed,774875821,766640955,False,0.0019844320453221344
node-var,48,sfa,cosmoothed,774875821,767871931,False,0.08054792721199001
node-var,48,sfa,cosmoothed,774875821,771160300,False,0.0193212462916951
node-var,48,sfa,cosmoothed,774875821,771990200,False,0.050732901001986144
node-var,48,sfa,cosmoothed,774875821,774875821,True,0.6866424014604154
node-var,48,sfa,cosmoothed,774875821,778240327,False,0.023361207018017128
node-var,48,sfa,cosmoothed,774875821,778998620,False,0.06722101867622962
node-var,48,sfa,cosmoothed,774875821,779839471,False,0.0013580476576230845
node-var,48,sfa,cosmoothed,774875821,781842082,False,0.003051561442332651
node-var,48,sfa,cosmoothed,774875821,787025148,False,0.0004109989789195254
node-var,48,sfa,cosmoothed,774875821,789848216,False,0.024428089313628033
node-var,48,sfa,cosmoothed,774875821,793224716,False,0.008641355412505186
node-var,48,sfa,cosmoothed,774875821,794812542,False,0.0036044076705438162
node-var,48,sfa,cosmoothed,774875821,816200189,False,0.001964324518783133
node-var,48,sfa,cosmoothed,774875821,847657808,False,0.0319367787008718
node-var,48,sfa,cosmoothed,778240327,766640955,False,0.003554501091013232
node-var,48,sfa,cosmoothed,778240327,767871931,False,0.00018247031575528082
node-var,48,sfa,cosmoothed,778240327,771160300,False,0.0019169342555464001
node-var,48,sfa,cosmoothed,778240327,771990200,False,0.03834673745127601
node-var,48,sfa,cosmoothed,778240327,774875821,False,0.0003739349322895583
node-var,48,sfa,cosmoothed,778240327,778240327,True,0.7870448002789905
node-var,48,sfa,cosmoothed,778240327,778998620,False,0.003945633957193904
node-var,48,sfa,cosmoothed,778240327,779839471,False,0.012629874455232849
node-var,48,sfa,cosmoothed,778240327,781842082,False,0.0017540216329185972
node-var,48,sfa,cosmoothed,778240327,787025148,False,0.059530434032374915
node-var,48,sfa,cosmoothed,778240327,789848216,False,0.09727243713588275
node-var,48,sfa,cosmoothed,778240327,793224716,False,2.053335077548313e-05
node-var,48,sfa,cosmoothed,778240327,794812542,False,0.0034853487521061153
node-var,48,sfa,cosmoothed,778240327,816200189,False,0.0005550590425171149
node-var,48,sfa,cosmoothed,778240327,847657808,False,0.019375846103493057
node-var,48,sfa,cosmoothed,778998620,766640955,False,0.03876878015198744
node-var,48,sfa,cosmoothed,778998620,767871931,False,0.19209241292205212
node-var,48,sfa,cosmoothed,778998620,771160300,False,0.12414785904466173
node-var,48,sfa,cosmoothed,778998620,771990200,False,0.2353225379848879
node-var,48,sfa,cosmoothed,778998620,774875821,False,0.01726312378308997
node-var,48,sfa,cosmoothed,778998620,778240327,False,0.01895561033296995
node-var,48,sfa,cosmoothed,778998620,778998620,True,0.6213461919655083
node-var,48,sfa,cosmoothed,778998620,779839471,False,0.18095338683239143
node-var,48,sfa,cosmoothed,778998620,781842082,False,0.06671955077070721
node-var,48,sfa,cosmoothed,778998620,787025148,False,0.15739921689663663
node-var,48,sfa,cosmoothed,778998620,789848216,False,0.00037271281512517507
node-var,48,sfa,cosmoothed,778998620,793224716,False,0.002001788547807752
node-var,48,sfa,cosmoothed,778998620,794812542,False,0.06907291400221599
node-var,48,sfa,cosmoothed,778998620,816200189,False,0.1283126730937302
node-var,48,sfa,cosmoothed,778998620,847657808,False,0.07318023509050779
node-var,48,sfa,cosmoothed,779839471,766640955,False,0.04417017536838509
node-var,48,sfa,cosmoothed,779839471,767871931,False,0.06622930912952553
node-var,48,sfa,cosmoothed,779839471,771160300,False,0.18045165340461614
node-var,48,sfa,cosmoothed,779839471,771990200,False,0.1736758030459773
node-var,48,sfa,cosmoothed,779839471,774875821,False,0.014745384060270107
node-var,48,sfa,cosmoothed,779839471,778240327,False,0.0031761369584432085
node-var,48,sfa,cosmoothed,779839471,778998620,False,0.4003637699844309
node-var,48,sfa,cosmoothed,779839471,779839471,True,0.5154433379684787
node-var,48,sfa,cosmoothed,779839471,781842082,False,0.008194380873459042
node-var,48,sfa,cosmoothed,779839471,787025148,False,0.17550867328389508
node-var,48,sfa,cosmoothed,779839471,789848216,False,0.00233452365648771
node-var,48,sfa,cosmoothed,779839471,793224716,False,0.018325480782756986
node-var,48,sfa,cosmoothed,779839471,794812542,False,0.09121558231852675
node-var,48,sfa,cosmoothed,779839471,816200189,False,0.18987160450075358
node-var,48,sfa,cosmoothed,779839471,847657808,False,0.12574302925439457
node-var,48,sfa,cosmoothed,781842082,766640955,False,0.053122661076569384
node-var,48,sfa,cosmoothed,781842082,767871931,False,0.11027601393096854
node-var,48,sfa,cosmoothed,781842082,771160300,False,0.008946833546818125
node-var,48,sfa,cosmoothed,781842082,771990200,False,0.03461920182245745
node-var,48,sfa,cosmoothed,781842082,774875821,False,0.0008944112596297793
node-var,48,sfa,cosmoothed,781842082,778240327,False,0.0014576121658137207
node-var,48,sfa,cosmoothed,781842082,778998620,False,0.007582109438334557
node-var,48,sfa,cosmoothed,781842082,779839471,False,0.008367486801954994
node-var,48,sfa,cosmoothed,781842082,781842082,True,0.7366314696700217
node-var,48,sfa,cosmoothed,781842082,787025148,False,0.006006743616053893
node-var,48,sfa,cosmoothed,781842082,789848216,False,0.11609801572347982
node-var,48,sfa,cosmoothed,781842082,793224716,False,0.014039916307465511
node-var,48,sfa,cosmoothed,781842082,794812542,False,0.0019546100746324576
node-var,48,sfa,cosmoothed,781842082,816200189,False,0.07349871364645451
node-var,48,sfa,cosmoothed,781842082,847657808,False,0.022781776020735726
node-var,48,sfa,cosmoothed,787025148,766640955,False,0.0029535995418798647
node-var,48,sfa,cosmoothed,787025148,767871931,False,0.00037472934532262257
node-var,48,sfa,cosmoothed,787025148,771160300,False,0.01804028882048579
node-var,48,sfa,cosmoothed,787025148,771990200,False,0.13117407663190706
node-var,48,sfa,cosmoothed,787025148,774875821,False,0.0005960171831149456
node-var,48,sfa,cosmoothed,787025148,778240327,False,0.12516583600964779
node-var,48,sfa,cosmoothed,787025148,778998620,False,0.05780918564165376
node-var,48,sfa,cosmoothed,787025148,779839471,False,0.12409795304924465
node-var,48,sfa,cosmoothed,787025148,781842082,False,0.0034792103497133663
node-var,48,sfa,cosmoothed,787025148,787025148,True,0.7734004691948376
node-var,48,sfa,cosmoothed,787025148,789848216,False,0.00115780440305291
node-var,48,sfa,cosmoothed,787025148,793224716,False,0.019768129925983403
node-var,48,sfa,cosmoothed,787025148,794812542,False,0.04374236136422568
node-var,48,sfa,cosmoothed,787025148,816200189,False,0.014292489649910771
node-var,48,sfa,cosmoothed,787025148,847657808,False,0.05433158990680823
node-var,48,sfa,cosmoothed,789848216,766640955,False,0.07254930829239538
node-var,48,sfa,cosmoothed,789848216,767871931,False,0.07679602718200663
node-var,48,sfa,cosmoothed,789848216,771160300,False,0.008356098196435038
node-var,48,sfa,cosmoothed,789848216,771990200,False,0.022496634259042764
node-var,48,sfa,cosmoothed,789848216,774875821,False,0.05869134509957863
node-var,48,sfa,cosmoothed,789848216,778240327,False,0.026236248330027898
node-var,48,sfa,cosmoothed,789848216,778998620,False,0.047439537330489105
node-var,48,sfa,cosmoothed,789848216,779839471,False,0.10686994089735465
node-var,48,sfa,cosmoothed,789848216,781842082,False,0.10580401193412109
node-var,48,sfa,cosmoothed,789848216,787025148,False,0.007232103895572892
node-var,48,sfa,cosmoothed,789848216,789848216,True,0.8297164115105439
node-var,48,sfa,cosmoothed,789848216,793224716,False,0.013274861476297016
node-var,48,sfa,cosmoothed,789848216,794812542,False,0.023725483112261213
node-var,48,sfa,cosmoothed,789848216,816200189,False,5.5083438975443304e-05
node-var,48,sfa,cosmoothed,789848216,847657808,False,0.06642140661945602
node-var,48,sfa,cosmoothed,793224716,766640955,False,0.0001271834022856827
node-var,48,sfa,cosmoothed,793224716,767871931,False,0.07683340132301117
node-var,48,sfa,cosmoothed,793224716,771160300,False,0.06451872594395269
node-var,48,sfa,cosmoothed,793224716,771990200,False,0.000581874112426321
node-var,48,sfa,cosmoothed,793224716,774875821,False,0.0008204955248518685
node-var,48,sfa,cosmoothed,793224716,778240327,False,0.0008341982942523169
node-var,48,sfa,cosmoothed,793224716,778998620,False,0.00044456071660043837
node-var,48,sfa,cosmoothed,793224716,779839471,False,0.003550710124515953
node-var,48,sfa,cosmoothed,793224716,781842082,False,0.012105832470906745
node-var,48,sfa,cosmoothed,793224716,787025148,False,0.010449466602901287
node-var,48,sfa,cosmoothed,793224716,789848216,False,0.02182333776523869
node-var,48,sfa,cosmoothed,793224716,793224716,True,0.6803397255470228
node-var,48,sfa,cosmoothed,793224716,794812542,False,0.02100659663727239
node-var,48,sfa,cosmoothed,793224716,816200189,False,0.015752416759376966
node-var,48,sfa,cosmoothed,793224716,847657808,False,0.08121172066231296
node-var,48,sfa,cosmoothed,794812542,766640955,False,0.02734770331684006
node-var,48,sfa,cosmoothed,794812542,767871931,False,0.004185458446477684
node-var,48,sfa,cosmoothed,794812542,771160300,False,0.007381627609044044
node-var,48,sfa,cosmoothed,794812542,771990200,False,0.05326197853757071
node-var,48,sfa,cosmoothed,794812542,774875821,False,0.05412894499080098
node-var,48,sfa,cosmoothed,794812542,778240327,False,0.020916133229258328
node-var,48,sfa,cosmoothed,794812542,778998620,False,0.07310604329644527
node-var,48,sfa,cosmoothed,794812542,779839471,False,0.1203670500621931
node-var,48,sfa,cosmoothed,794812542,781842082,False,0.0003015687772763349
node-var,48,sfa,cosmoothed,794812542,787025148,False,0.08214676885733034
node-var,48,sfa,cosmoothed,794812542,789848216,False,0.03848511067823452
node-var,48,sfa,cosmoothed,794812542,793224716,False,0.017601626366336526
node-var,48,sfa,cosmoothed,794812542,794812542,True,0.7499410130766508
node-var,48,sfa,cosmoothed,794812542,816200189,False,0.011104328030579374
node-var,48,sfa,cosmoothed,794812542,847657808,False,0.04141271319615842
node-var,48,sfa,cosmoothed,816200189,766640955,False,0.06824034750441252
node-var,48,sfa,cosmoothed,816200189,767871931,False,0.03607026517086459
node-var,48,sfa,cosmoothed,816200189,771160300,False,0.0011334448286664863
node-var,48,sfa,cosmoothed,816200189,771990200,False,0.0026957881077770787
node-var,48,sfa,cosmoothed,816200189,774875821,False,0.053802645765947184
node-var,48,sfa,cosmoothed,816200189,778240327,False,0.1390482290014425
node-var,48,sfa,cosmoothed,816200189,778998620,False,0.036108316432889594
node-var,48,sfa,cosmoothed,816200189,779839471,False,0.0012396943778661459
node-var,48,sfa,cosmoothed,816200189,781842082,False,0.06206551553621987
node-var,48,sfa,cosmoothed,816200189,787025148,False,0.06075570312931488
node-var,48,sfa,cosmoothed,816200189,789848216,False,0.004681276418039091
node-var,48,sfa,cosmoothed,816200189,793224716,False,0.0014612355432499385
node-var,48,sfa,cosmoothed,816200189,794812542,False,0.03379959773140409
node-var,48,sfa,cosmoothed,816200189,816200189,True,0.5167909125072803
node-var,48,sfa,cosmoothed,816200189,847657808,False,0.02475138726841749
node-var,48,sfa,cosmoothed,847657808,766640955,False,0.05213322814401772
node-var,48,sfa,cosmoothed,847657808,767871931,False,0.0006361196860138898
node-var,48,sfa,cosmoothed,847657808,771160300,False,6.467929797410432e-05
node-var,48,sfa,cosmoothed,847657808,771990200,False,0.011772066412975807
node-var,48,sfa,cosmoothed,847657808,774875821,False,0.0009864920394446561
node-var,48,sfa,cosmoothed,847657808,778240327,False,0.0656106639568445
node-var,48,sfa,cosmoothed,847657808,778998620,False,0.017890499412034324
node-var,48,sfa,cosmoothed,847657808,779839471,False,0.01618944875885868
node-var,48,sfa,cosmoothed,847657808,781842082,False,0.02371037168559847
node-var,48,sfa,cosmoothed,847657808,787025148,False,0.19709465319100758
node-var,48,sfa,cosmoothed,847657808,789848216,False,0.14283273190713705
node-var,48,sfa,cosmoothed,847657808,793224716,False,0.06671561186219949
node-var,48,sfa,cosmoothed,847657808,794812542,False,0.07082478205665044
node-var,48,sfa,cosmoothed,847657808,816200189,False,0.10408803044768866
node-var,48,sfa,cosmoothed,847657808,847657808,True,0.6634563239034259
node-var,60,sfa,cosmoothed,766640955,766640955,True,0.4281876868496414
node-var,60,sfa,cosmoothed,766640955,767871931,False,0.0005046628287111928
node-var,60,sfa,cosmoothed,766640955,771160300,False,0.0033359896215247736
node-var,60,sfa,cosmoothed,766640955,771990200,False,0.08530864817490483
node-var,60,sfa,cosmoothed,766640955,774875821,False,2.2444605999414896e-06
node-var,60,sfa,cosmoothed,766640955,778240327,False,0.007187396585183871
node-var,60,sfa,cosmoothed,766640955,778998620,False,0.018140356460806546
node-var,60,sfa,cosmoothed,766640955,779839471,False,0.027225952772715698
node-var,60,sfa,cosmoothed,766640955,781842082,False,0.015714051089369536
node-var,60,sfa,cosmoothed,766640955,787025148,False,0.005817512715524006
node-var,60,sfa,cosmoothed,766640955,789848216,False,0.0026923580196333463
node-var,60,sfa,cosmoothed,766640955,793224716,False,0.01974007739556026
node-var,60,sfa,cosmoothed,766640955,794812542,False,0.028604790673811147
node-var,60,sfa,cosmoothed,766640955,816200189,False,0.0200118273147577
node-var,60,sfa,cosmoothed,766640955,847657808,False,0.013899001150863293
node-var,60,sfa,cosmoothed,767871931,766640955,False,0.03599546543501166
node-var,60,sfa,cosmoothed,767871931,767871931,True,0.7441872012138149
node-var,60,sfa,cosmoothed,767871931,771160300,False,0.0007162971817948351
node-var,60,sfa,cosmoothed,767871931,771990200,False,0.15058500797950028
node-var,60,sfa,cosmoothed,767871931,774875821,False,0.1031552392626273
node-var,60,sfa,cosmoothed,767871931,778240327,False,0.02282847327331982
node-var,60,sfa,cosmoothed,767871931,778998620,False,0.2507805219038437
node-var,60,sfa,cosmoothed,767871931,779839471,False,0.04867029115978103
node-var,60,sfa,cosmoothed,767871931,781842082,False,0.19335426319074325
node-var,60,sfa,cosmoothed,767871931,787025148,False,0.02031457078282892
node-var,60,sfa,cosmoothed,767871931,789848216,False,0.004143336908463855
node-var,60,sfa,cosmoothed,767871931,793224716,False,0.059013354245827356
node-var,60,sfa,cosmoothed,767871931,794812542,False,0.046449716172895325
node-var,60,sfa,cosmoothed,767871931,816200189,False,0.00322486497813072
node-var,60,sfa,cosmoothed,767871931,847657808,False,0.0009922865576872596
node-var,60,sfa,cosmoothed,771160300,766640955,False,0.11935270417428902
node-var,60,sfa,cosmoothed,771160300,767871931,False,0.184866195540511
node-var,60,sfa,cosmoothed,771160300,771160300,True,0.6112605400724945
node-var,60,sfa,cosmoothed,771160300,771990200,False,0.26730875418917865
node-var,60,sfa,cosmoothed,771160300,774875821,False,8.971882797458391e-05
node-var,60,sfa,cosmoothed,771160300,778240327,False,0.04664640604863043
node-var,60,sfa,cosmoothed,771160300,778998620,False,0.41889795994655576
node-var,60,sfa,cosmoothed,771160300,779839471,False,0.4747147741775856
node-var,60,sfa,cosmoothed,771160300,781842082,False,0.02029488921171319
node-var,60,sfa,cosmoothed,771160300,787025148,False,0.16532955487340587
node-var,60,sfa,cosmoothed,771160300,789848216,False,0.02374327561360702
node-var,60,sfa,cosmoothed,771160300,793224716,False,0.023770159988779623
node-var,60,sfa,cosmoothed,771160300,794812542,False,0.11903233073183953
node-var,60,sfa,cosmoothed,771160300,816200189,False,0.02936818233574134
node-var,60,sfa,cosmoothed,771160300,847657808,False,0.09628688739404744
node-var,60,sfa,cosmoothed,771990200,766640955,False,0.09391409434958121
node-var,60,sfa,cosmoothed,771990200,767871931,False,0.3981621692766861
node-var,60,sfa,cosmoothed,771990200,771160300,False,0.13386196370330677
node-var,60,sfa,cosmoothed,771990200,771990200,True,0.6464616460354605
node-var,60,sfa,cosmoothed,771990200,774875821,False,0.006125121509994169
node-var,60,sfa,cosmoothed,771990200,778240327,False,0.010129207716528608
node-var,60,sfa,cosmoothed,771990200,778998620,False,0.5581749658066774
node-var,60,sfa,cosmoothed,771990200,779839471,False,0.31523077156411045
node-var,60,sfa,cosmoothed,771990200,781842082,False,0.16053810215325315
node-var,60,sfa,cosmoothed,771990200,787025148,False,0.2180568817094106
node-var,60,sfa,cosmoothed,771990200,789848216,False,0.0004946241794275774
node-var,60,sfa,cosmoothed,771990200,793224716,False,0.002073083176137469
node-var,60,sfa,cosmoothed,771990200,794812542,False,0.05152290938559699
node-var,60,sfa,cosmoothed,771990200,816200189,False,0.10700034407385677
node-var,60,sfa,cosmoothed,771990200,847657808,False,0.011927164181330914
node-var,60,sfa,cosmoothed,774875821,766640955,False,0.0015412953283922642
node-var,60,sfa,cosmoothed,774875821,767871931,False,0.09958328315237755
node-var,60,sfa,cosmoothed,774875821,771160300,False,0.019221904558475233
node-var,60,sfa,cosmoothed,774875821,771990200,False,0.05913445508953071
node-var,60,sfa,cosmoothed,774875821,774875821,True,0.7172966246226522
node-var,60,sfa,cosmoothed,774875821,778240327,False,0.0328632776773688
node-var,60,sfa,cosmoothed,774875821,778998620,False,0.0765380372314215
node-var,60,sfa,cosmoothed,774875821,779839471,False,0.0014252061710667405
node-var,60,sfa,cosmoothed,774875821,781842082,False,0.001468202974952573
node-var,60,sfa,cosmoothed,774875821,787025148,False,0.0006018660085962561
node-var,60,sfa,cosmoothed,774875821,789848216,False,0.026056658052842106
node-var,60,sfa,cosmoothed,774875821,793224716,False,0.005709878632404116
node-var,60,sfa,cosmoothed,774875821,794812542,False,0.005752058303820501
node-var,60,sfa,cosmoothed,774875821,816200189,False,0.0021784222036579856
node-var,60,sfa,cosmoothed,774875821,847657808,False,0.03367716088804441
node-var,60,sfa,cosmoothed,778240327,766640955,False,0.0023679081461050085
node-var,60,sfa,cosmoothed,778240327,767871931,False,0.00012788374783811288
node-var,60,sfa,cosmoothed,778240327,771160300,False,0.0017239497202011862
node-var,60,sfa,cosmoothed,778240327,771990200,False,0.04619085559966676
node-var,60,sfa,cosmoothed,778240327,774875821,False,4.4580840615656296e-07
node-var,60,sfa,cosmoothed,778240327,778240327,True,0.7957189333515172
node-var,60,sfa,cosmoothed,778240327,778998620,False,0.006192812890481111
node-var,60,sfa,cosmoothed,778240327,779839471,False,0.01098566891203662
node-var,60,sfa,cosmoothed,778240327,781842082,False,0.002477149985647402
node-var,60,sfa,cosmoothed,778240327,787025148,False,0.06251098701478988
node-var,60,sfa,cosmoothed,778240327,789848216,False,0.10888732015946004
node-var,60,sfa,cosmoothed,778240327,793224716,False,0.00018118235096123243
node-var,60,sfa,cosmoothed,778240327,794812542,False,0.0043075603971354254
node-var,60,sfa,cosmoothed,778240327,816200189,False,0.0007444150262005383
node-var,60,sfa,cosmoothed,778240327,847657808,False,0.02251443368492693
node-var,60,sfa,cosmoothed,778998620,766640955,False,0.03521908432108087
node-var,60,sfa,cosmoothed,778998620,767871931,False,0.2163652216390239
node-var,60,sfa,cosmoothed,778998620,771160300,False,0.13456542727122106
node-var,60,sfa,cosmoothed,778998620,771990200,False,0.2861330604310048
node-var,60,sfa,cosmoothed,778998620,774875821,False,0.018084226089617725
node-var,60,sfa,cosmoothed,778998620,778240327,False,0.027695322563086683
node-var,60,sfa,cosmoothed,778998620,778998620,True,0.6456194295828718
node-var,60,sfa,cosmoothed,778998620,779839471,False,0.2108906414072186
node-var,60,sfa,cosmoothed,778998620,781842082,False,0.09087370350584142
node-var,60,sfa,cosmoothed,778998620,787025148,False,0.1878737334911915
node-var,60,sfa,cosmoothed,778998620,789848216,False,0.00021040645384085731
node-var,60,sfa,cosmoothed,778998620,793224716,False,0.0011689798727456489
node-var,60,sfa,cosmoothed,778998620,794812542,False,0.07604982601537241
node-var,60,sfa,cosmoothed,778998620,816200189,False,0.1555831241581169
node-var,60,sfa,cosmoothed,778998620,847657808,False,0.09490206140905526
node-var,60,sfa,cosmoothed,779839471,766640955,False,0.05953924191270256
node-var,60,sfa,cosmoothed,779839471,767871931,False,0.09816809408280025
node-var,60,sfa,cosmoothed,779839471,771160300,False,0.22732392596177584
node-var,60,sfa,cosmoothed,779839471,771990200,False,0.21149367264655577
node-var,60,sfa,cosmoothed,779839471,774875821,False,0.018912965360297324
node-var,60,sfa,cosmoothed,779839471,778240327,False,0.003402850646880553
node-var,60,sfa,cosmoothed,779839471,778998620,False,0.47027100274364714
node-var,60,sfa,cosmoothed,779839471,779839471,True,0.5524366414759216
node-var,60,sfa,cosmoothed,779839471,781842082,False,0.01122722501943372
node-var,60,sfa,cosmoothed,779839471,787025148,False,0.20916735231733832
node-var,60,sfa,cosmoothed,779839471,789848216,False,0.0026212034416324345
node-var,60,sfa,cosmoothed,779839471,793224716,False,0.0251110012739345
node-var,60,sfa,cosmoothed,779839471,794812542,False,0.11963075937493085
node-var,60,sfa,cosmoothed,779839471,816200189,False,0.20860089872023085
node-var,60,sfa,cosmoothed,779839471,847657808,False,0.14867229314381256
node-var,60,sfa,cosmoothed,781842082,766640955,False,0.054232080239795644
node-var,60,sfa,cosmoothed,781842082,767871931,False,0.11851151079112593
node-var,60,sfa,cosmoothed,781842082,771160300,False,0.007984999467006995
node-var,60,sfa,cosmoothed,781842082,771990200,False,0.0325613125743018
node-var,60,sfa,cosmoothed,781842082,774875821,False,0.0005758549935255815
node-var,60,sfa,cosmoothed,781842082,778240327,False,0.000610667041748944
node-var,60,sfa,cosmoothed,781842082,778998620,False,0.011239746420263319
node-var,60,sfa,cosmoothed,781842082,779839471,False,0.009786297091374083
node-var,60,sfa,cosmoothed,781842082,781842082,True,0.7678166626981091
node-var,60,sfa,cosmoothed,781842082,787025148,False,0.005161211740785517
node-var,60,sfa,cosmoothed,781842082,789848216,False,0.13856694892559218
node-var,60,sfa,cosmoothed,781842082,793224716,False,0.013059881197102415
node-var,60,sfa,cosmoothed,781842082,794812542,False,0.001230902205915397
node-var,60,sfa,cosmoothed,781842082,816200189,False,0.07345418442087168
node-var,60,sfa,cosmoothed,781842082,847657808,False,0.024313745367359897
node-var,60,sfa,cosmoothed,787025148,766640955,False,0.0025638061757576164
node-var,60,sfa,cosmoothed,787025148,767871931,False,0.0006669051395128441
node-var,60,sfa,cosmoothed,787025148,771160300,False,0.02835782964805524
node-var,60,sfa,cosmoothed,787025148,771990200,False,0.15335102257677072
node-var,60,sfa,cosmoothed,787025148,774875821,False,0.00033863351588754717
node-var,60,sfa,cosmoothed,787025148,778240327,False,0.13340029179559146
node-var,60,sfa,cosmoothed,787025148,778998620,False,0.07156472196151294
node-var,60,sfa,cosmoothed,787025148,779839471,False,0.137347119093045
node-var,60,sfa,cosmoothed,787025148,781842082,False,0.0054857129180298616
node-var,60,sfa,cosmoothed,787025148,787025148,True,0.7819173970611818
node-var,60,sfa,cosmoothed,787025148,789848216,False,0.0005306456469782955
node-var,60,sfa,cosmoothed,787025148,793224716,False,0.023351757838909436
node-var,60,sfa,cosmoothed,787025148,794812542,False,0.053901665559278306
node-var,60,sfa,cosmoothed,787025148,816200189,False,0.02196339254944575
node-var,60,sfa,cosmoothed,787025148,847657808,False,0.06357191658395626
node-var,60,sfa,cosmoothed,789848216,766640955,False,0.07857060536139236
node-var,60,sfa,cosmoothed,789848216,767871931,False,0.08609950845934151
node-var,60,sfa,cosmoothed,789848216,771160300,False,0.010176690417987959
node-var,60,sfa,cosmoothed,789848216,771990200,False,0.022403139637072255
node-var,60,sfa,cosmoothed,789848216,774875821,False,0.07799330836836448
node-var,60,sfa,cosmoothed,789848216,778240327,False,0.030616198789194336
node-var,60,sfa,cosmoothed,789848216,778998620,False,0.05687374208143748
node-var,60,sfa,cosmoothed,789848216,779839471,False,0.12988532531082245
node-var,60,sfa,cosmoothed,789848216,781842082,False,0.1329576465344232
node-var,60,sfa,cosmoothed,789848216,787025148,False,0.00971860206688011
node-var,60,sfa,cosmoothed,789848216,789848216,True,0.8408924670411362
node-var,60,sfa,cosmoothed,789848216,793224716,False,0.017345772810068067
node-var,60,sfa,cosmoothed,789848216,794812542,False,0.023264150373111213
node-var,60,sfa,cosmoothed,789848216,816200189,False,0.00011637396020843202
node-var,60,sfa,cosmoothed,789848216,847657808,False,0.070291397564638
node-var,60,sfa,cosmoothed,793224716,766640955,False,8.199606454378356e-06
node-var,60,sfa,cosmoothed,793224716,767871931,False,0.08688306639432984
node-var,60,sfa,cosmoothed,793224716,771160300,False,0.07845890025006105
node-var,60,sfa,cosmoothed,793224716,771990200,False,0.0009726547158825843
node-var,60,sfa,cosmoothed,793224716,774875821,False,0.001912942655738378
node-var,60,sfa,cosmoothed,793224716,778240327,False,0.00021265334579653383
node-var,60,sfa,cosmoothed,793224716,778998620,False,4.8620483248563296e-05
node-var,60,sfa,cosmoothed,793224716,779839471,False,0.0021008817477171583
node-var,60,sfa,cosmoothed,793224716,781842082,False,0.008138541148570757
node-var,60,sfa,cosmoothed,793224716,787025148,False,0.013834913367616252
node-var,60,sfa,cosmoothed,793224716,789848216,False,0.02766572201558119
node-var,60,sfa,cosmoothed,793224716,793224716,True,0.6854704646400782
node-var,60,sfa,cosmoothed,793224716,794812542,False,0.026536151587965302
node-var,60,sfa,cosmoothed,793224716,816200189,False,0.02264846501167845
node-var,60,sfa,cosmoothed,793224716,847657808,False,0.101171544077156
node-var,60,sfa,cosmoothed,794812542,766640955,False,0.029015102003039122
node-var,60,sfa,cosmoothed,794812542,767871931,False,0.0040928581679018135
node-var,60,sfa,cosmoothed,794812542,771160300,False,0.012079034402091637
node-var,60,sfa,cosmoothed,794812542,771990200,False,0.06505988793015438
node-var,60,sfa,cosmoothed,794812542,774875821,False,0.062400497761020024
node-var,60,sfa,cosmoothed,794812542,778240327,False,0.022816560878149972
node-var,60,sfa,cosmoothed,794812542,778998620,False,0.0811526132418994
node-var,60,sfa,cosmoothed,794812542,779839471,False,0.13973691590232792
node-var,60,sfa,cosmoothed,794812542,781842082,False,0.0004597174074688596
node-var,60,sfa,cosmoothed,794812542,787025148,False,0.09667228876130704
node-var,60,sfa,cosmoothed,794812542,789848216,False,0.0433732054679785
node-var,60,sfa,cosmoothed,794812542,793224716,False,0.01801571357726455
node-var,60,sfa,cosmoothed,794812542,794812542,True,0.7767775950543543
node-var,60,sfa,cosmoothed,794812542,816200189,False,0.008076305100761938
node-var,60,sfa,cosmoothed,794812542,847657808,False,0.054052742386291965
node-var,60,sfa,cosmoothed,816200189,766640955,False,0.07994323953518018
node-var,60,sfa,cosmoothed,816200189,767871931,False,0.04266056337248803
node-var,60,sfa,cosmoothed,816200189,771160300,False,0.0004556093375009594
node-var,60,sfa,cosmoothed,816200189,771990200,False,0.004445872296758517
node-var,60,sfa,cosmoothed,816200189,774875821,False,0.06501295578678942
node-var,60,sfa,cosmoothed,816200189,778240327,False,0.15879829750205782
node-var,60,sfa,cosmoothed,816200189,778998620,False,0.041518162131111674
node-var,60,sfa,cosmoothed,816200189,779839471,False,0.0012986506924889036
node-var,60,sfa,cosmoothed,816200189,781842082,False,0.07005872401507689
node-var,60,sfa,cosmoothed,816200189,787025148,False,0.07127596299475629
node-var,60,sfa,cosmoothed,816200189,789848216,False,0.006187083606763705
node-var,60,sfa,cosmoothed,816200189,793224716,False,0.0026609584194736127
node-var,60,sfa,cosmoothed,816200189,794812542,False,0.05783024001107017
node-var,60,sfa,cosmoothed,816200189,816200189,True,0.5285364889183372
node-var,60,sfa,cosmoothed,816200189,847657808,False,0.02420145038563208
node-var,60,sfa,cosmoothed,847657808,766640955,False,0.045001864036757364
node-var,60,sfa,cosmoothed,847657808,767871931,False,0.0029696365862442453
node-var,60,sfa,cosmoothed,847657808,771160300,False,0.0007041896860516009
node-var,60,sfa,cosmoothed,847657808,771990200,False,0.021713910952548595
node-var,60,sfa,cosmoothed,847657808,774875821,False,0.0006373713212657088
node-var,60,sfa,cosmoothed,847657808,778240327,False,0.0787261362505772
node-var,60,sfa,cosmoothed,847657808,778998620,False,0.02785224781341193
node-var,60,sfa,cosmoothed,847657808,779839471,False,0.017246587312385604
node-var,60,sfa,cosmoothed,847657808,781842082,False,0.02995001270953238
node-var,60,sfa,cosmoothed,847657808,787025148,False,0.23203162253704854
node-var,60,sfa,cosmoothed,847657808,789848216,False,0.15233823788533188
node-var,60,sfa,cosmoothed,847657808,793224716,False,0.08025089574027248
node-var,60,sfa,cosmoothed,847657808,794812542,False,0.09246988295655997
node-var,60,sfa,cosmoothed,847657808,816200189,False,0.12193409692322407
node-var,60,sfa,cosmoothed,847657808,847657808,True,0.669448715683159
node-var,90,sfa,cosmoothed,766640955,766640955,True,0.3821072175505873
node-var,90,sfa,cosmoothed,766640955,767871931,False,0.0022329225074703384
node-var,90,sfa,cosmoothed,766640955,771160300,False,0.009510874275530231
node-var,90,sfa,cosmoothed,766640955,771990200,False,0.10437564346400274
node-var,90,sfa,cosmoothed,766640955,774875821,False,0.0007368574624417296
node-var,90,sfa,cosmoothed,766640955,778240327,False,0.02348652586233745
node-var,90,sfa,cosmoothed,766640955,778998620,False,0.0091952184136215
node-var,90,sfa,cosmoothed,766640955,779839471,False,0.03469353037172486
node-var,90,sfa,cosmoothed,766640955,781842082,False,0.026058023973643502
node-var,90,sfa,cosmoothed,766640955,787025148,False,0.007406157236050806
node-var,90,sfa,cosmoothed,766640955,789848216,False,0.014994811586482288
node-var,90,sfa,cosmoothed,766640955,793224716,False,0.025104238358428628
node-var,90,sfa,cosmoothed,766640955,794812542,False,0.04093626417425093
node-var,90,sfa,cosmoothed,766640955,816200189,False,0.022263406153090408
node-var,90,sfa,cosmoothed,766640955,847657808,False,0.002568898870941495
node-var,90,sfa,cosmoothed,767871931,766640955,False,0.03894813980042774
node-var,90,sfa,cosmoothed,767871931,767871931,True,0.7601161431619268
node-var,90,sfa,cosmoothed,767871931,771160300,False,0.0002606126297121031
node-var,90,sfa,cosmoothed,767871931,771990200,False,0.19058049794317578
node-var,90,sfa,cosmoothed,767871931,774875821,False,0.14016425964330986
node-var,90,sfa,cosmoothed,767871931,778240327,False,0.022572498913911197
node-var,90,sfa,cosmoothed,767871931,778998620,False,0.2984512854375615
node-var,90,sfa,cosmoothed,767871931,779839471,False,0.06693404730614175
node-var,90,sfa,cosmoothed,767871931,781842082,False,0.2719927525848784
node-var,90,sfa,cosmoothed,767871931,787025148,False,0.025455300385082195
node-var,90,sfa,cosmoothed,767871931,789848216,False,0.0028245589951973664
node-var,90,sfa,cosmoothed,767871931,793224716,False,0.06597046012634256
node-var,90,sfa,cosmoothed,767871931,794812542,False,0.044455751679301665
node-var,90,sfa,cosmoothed,767871931,816200189,False,0.017411003904553978
node-var,90,sfa,cosmoothed,767871931,847657808,False,2.980853325613936e-05
node-var,90,sfa,cosmoothed,771160300,766640955,False,0.148209828088627
node-var,90,sfa,cosmoothed,771160300,767871931,False,0.21962114141346756
node-var,90,sfa,cosmoothed,771160300,771160300,True,0.6656192268613628
node-var,90,sfa,cosmoothed,771160300,771990200,False,0.3358650583848556
node-var,90,sfa,cosmoothed,771160300,774875821,False,0.0008821580951408467
node-var,90,sfa,cosmoothed,771160300,778240327,False,0.04735189509485682
node-var,90,sfa,cosmoothed,771160300,778998620,False,0.4961663573323364
node-var,90,sfa,cosmoothed,771160300,779839471,False,0.5689599556374074
node-var,90,sfa,cosmoothed,771160300,781842082,False,0.016977222771320053
node-var,90,sfa,cosmoothed,771160300,787025148,False,0.20472394127368665
node-var,90,sfa,cosmoothed,771160300,789848216,False,0.032429259693691315
node-var,90,sfa,cosmoothed,771160300,793224716,False,0.03809884248034614
node-var,90,sfa,cosmoothed,771160300,794812542,False,0.18221476318800225
node-var,90,sfa,cosmoothed,771160300,816200189,False,0.043324787096811784
node-var,90,sfa,cosmoothed,771160300,847657808,False,0.13651458174890566
node-var,90,sfa,cosmoothed,771990200,766640955,False,0.12301382130606558
node-var,90,sfa,cosmoothed,771990200,767871931,False,0.4919678277230787
node-var,90,sfa,cosmoothed,771990200,771160300,False,0.17841281709162124
node-var,90,sfa,cosmoothed,771990200,771990200,True,0.6996976318789463
node-var,90,sfa,cosmoothed,771990200,774875821,False,0.022961436772522242
node-var,90,sfa,cosmoothed,771990200,778240327,False,0.012312954533835704
node-var,90,sfa,cosmoothed,771990200,778998620,False,0.6865461059940365
node-var,90,sfa,cosmoothed,771990200,779839471,False,0.40304104294702664
node-var,90,sfa,cosmoothed,771990200,781842082,False,0.1777410596289113
node-var,90,sfa,cosmoothed,771990200,787025148,False,0.2640257447474816
node-var,90,sfa,cosmoothed,771990200,789848216,False,0.005861285463068248
node-var,90,sfa,cosmoothed,771990200,793224716,False,0.00044518305330373776
node-var,90,sfa,cosmoothed,771990200,794812542,False,0.09645798468777729
node-var,90,sfa,cosmoothed,771990200,816200189,False,0.12482853161233315
node-var,90,sfa,cosmoothed,771990200,847657808,False,0.04214848602616246
node-var,90,sfa,cosmoothed,774875821,766640955,False,0.00023774858084245638
node-var,90,sfa,cosmoothed,774875821,767871931,False,0.13342821924196174
node-var,90,sfa,cosmoothed,774875821,771160300,False,0.018586279611870975
node-var,90,sfa,cosmoothed,774875821,771990200,False,0.0863043929084724
node-var,90,sfa,cosmoothed,774875821,774875821,True,0.7873684004280659
node-var,90,sfa,cosmoothed,774875821,778240327,False,0.05865930391380547
node-var,90,sfa,cosmoothed,774875821,778998620,False,0.10351868681926638
node-var,90,sfa,cosmoothed,774875821,779839471,False,0.003188822422188566
node-var,90,sfa,cosmoothed,774875821,781842082,False,3.058278724332607e-05
node-var,90,sfa,cosmoothed,774875821,787025148,False,0.0004118177729265062
node-var,90,sfa,cosmoothed,774875821,789848216,False,0.023007236950019307
node-var,90,sfa,cosmoothed,774875821,793224716,False,0.000366919858412794
node-var,90,sfa,cosmoothed,774875821,794812542,False,0.012827073764619293
node-var,90,sfa,cosmoothed,774875821,816200189,False,0.0028425722127043483
node-var,90,sfa,cosmoothed,774875821,847657808,False,0.04080362219002001
node-var,90,sfa,cosmoothed,778240327,766640955,False,0.00034124018625903866
node-var,90,sfa,cosmoothed,778240327,767871931,False,0.0003051815559579236
node-var,90,sfa,cosmoothed,778240327,771160300,False,0.0008765824120794193
node-var,90,sfa,cosmoothed,778240327,771990200,False,0.07288693720994788
node-var,90,sfa,cosmoothed,778240327,774875821,False,0.001724732514757004
node-var,90,sfa,cosmoothed,778240327,778240327,True,0.8005107131893064
node-var,90,sfa,cosmoothed,778240327,778998620,False,0.013108202189168592
node-var,90,sfa,cosmoothed,778240327,779839471,False,0.006785187189475707
node-var,90,sfa,cosmoothed,778240327,781842082,False,0.003352163918962727
node-var,90,sfa,cosmoothed,778240327,787025148,False,0.06825503181788144
node-var,90,sfa,cosmoothed,778240327,789848216,False,0.12718610241818146
node-var,90,sfa,cosmoothed,778240327,793224716,False,0.006695078744860877
node-var,90,sfa,cosmoothed,778240327,794812542,False,0.0024189059384107136
node-var,90,sfa,cosmoothed,778240327,816200189,False,0.0028536592723724095
node-var,90,sfa,cosmoothed,778240327,847657808,False,0.03179681871352407
node-var,90,sfa,cosmoothed,778998620,766640955,False,0.030992993048458473
node-var,90,sfa,cosmoothed,778998620,767871931,False,0.29985101950725546
node-var,90,sfa,cosmoothed,778998620,771160300,False,0.1759690998108464
node-var,90,sfa,cosmoothed,778998620,771990200,False,0.40725996783385643
node-var,90,sfa,cosmoothed,778998620,774875821,False,0.026371521288016272
node-var,90,sfa,cosmoothed,778998620,778240327,False,0.04668908186705349
node-var,90,sfa,cosmoothed,778998620,778998620,True,0.7042327147843482
node-var,90,sfa,cosmoothed,778998620,779839471,False,0.264140919182269
node-var,90,sfa,cosmoothed,778998620,781842082,False,0.16075182602070096
node-var,90,sfa,cosmoothed,778998620,787025148,False,0.2683745773812658
node-var,90,sfa,cosmoothed,778998620,789848216,False,3.05620947253231e-07
node-var,90,sfa,cosmoothed,778998620,793224716,False,0.0009764968444302199
node-var,90,sfa,cosmoothed,778998620,794812542,False,0.09680605878599231
node-var,90,sfa,cosmoothed,778998620,816200189,False,0.19595923488915815
node-var,90,sfa,cosmoothed,778998620,847657808,False,0.1504943161556091
node-var,90,sfa,cosmoothed,779839471,766640955,False,0.08576003035970915
node-var,90,sfa,cosmoothed,779839471,767871931,False,0.16213677133398668
node-var,90,sfa,cosmoothed,779839471,771160300,False,0.3217493627453263
node-var,90,sfa,cosmoothed,779839471,771990200,False,0.3264919964164686
node-var,90,sfa,cosmoothed,779839471,774875821,False,0.0320823522209852
node-var,90,sfa,cosmoothed,779839471,778240327,False,0.005631317930580894
node-var,90,sfa,cosmoothed,779839471,778998620,False,0.5954361148555498
node-var,90,sfa,cosmoothed,779839471,779839471,True,0.6250927334499728
node-var,90,sfa,cosmoothed,779839471,781842082,False,0.009815360019377266
node-var,90,sfa,cosmoothed,779839471,787025148,False,0.2871718614460014
node-var,90,sfa,cosmoothed,779839471,789848216,False,0.003925736589069291
node-var,90,sfa,cosmoothed,779839471,793224716,False,0.04235921156569682
node-var,90,sfa,cosmoothed,779839471,794812542,False,0.19269084270591957
node-var,90,sfa,cosmoothed,779839471,816200189,False,0.22366672430897175
node-var,90,sfa,cosmoothed,779839471,847657808,False,0.19417995600673568
node-var,90,sfa,cosmoothed,781842082,766640955,False,0.04736556906054093
node-var,90,sfa,cosmoothed,781842082,767871931,False,0.13635346768902867
node-var,90,sfa,cosmoothed,781842082,771160300,False,0.007801587029091701
node-var,90,sfa,cosmoothed,781842082,771990200,False,0.028806745889232356
node-var,90,sfa,cosmoothed,781842082,774875821,False,0.0013565333898421929
node-var,90,sfa,cosmoothed,781842082,778240327,False,4.980928019309922e-06
node-var,90,sfa,cosmoothed,781842082,778998620,False,0.02732784392607627
node-var,90,sfa,cosmoothed,781842082,779839471,False,0.014588754703796891
node-var,90,sfa,cosmoothed,781842082,781842082,True,0.8280182614018032
node-var,90,sfa,cosmoothed,781842082,787025148,False,0.003095171244989028
node-var,90,sfa,cosmoothed,781842082,789848216,False,0.17933052378335362
node-var,90,sfa,cosmoothed,781842082,793224716,False,0.010002839540123558
node-var,90,sfa,cosmoothed,781842082,794812542,False,9.152691557248273e-05
node-var,90,sfa,cosmoothed,781842082,816200189,False,0.0676585021489766
node-var,90,sfa,cosmoothed,781842082,847657808,False,0.027277152908597037
node-var,90,sfa,cosmoothed,787025148,766640955,False,0.0027211993114321384
node-var,90,sfa,cosmoothed,787025148,767871931,False,0.0013007570228712243
node-var,90,sfa,cosmoothed,787025148,771160300,False,0.05617150190609425
node-var,90,sfa,cosmoothed,787025148,771990200,False,0.19538564891764346
node-var,90,sfa,cosmoothed,787025148,774875821,False,0.0010681100615880987
node-var,90,sfa,cosmoothed,787025148,778240327,False,0.15932540858801814
node-var,90,sfa,cosmoothed,787025148,778998620,False,0.1057845474980138
node-var,90,sfa,cosmoothed,787025148,779839471,False,0.1613115551576384
node-var,90,sfa,cosmoothed,787025148,781842082,False,0.016437357894389354
node-var,90,sfa,cosmoothed,787025148,787025148,True,0.80533198698875
node-var,90,sfa,cosmoothed,787025148,789848216,False,1.158236852834824e-05
node-var,90,sfa,cosmoothed,787025148,793224716,False,0.03413629026704093
node-var,90,sfa,cosmoothed,787025148,794812542,False,0.0893975131868909
node-var,90,sfa,cosmoothed,787025148,816200189,False,0.04190251482226279
node-var,90,sfa,cosmoothed,787025148,847657808,False,0.08313346070935926
node-var,90,sfa,cosmoothed,789848216,766640955,False,0.0748721389703469
node-var,90,sfa,cosmoothed,789848216,767871931,False,0.10630901043647903
node-var,90,sfa,cosmoothed,789848216,771160300,False,0.018237232813687238
node-var,90,sfa,cosmoothed,789848216,771990200,False,0.025858768265845686
node-var,90,sfa,cosmoothed,789848216,774875821,False,0.10825196395495577
node-var,90,sfa,cosmoothed,789848216,778240327,False,0.032300616276715016
node-var,90,sfa,cosmoothed,789848216,778998620,False,0.08232273406639509
node-var,90,sfa,cosmoothed,789848216,779839471,False,0.1807539045619024
node-var,90,sfa,cosmoothed,789848216,781842082,False,0.1764366867723562
node-var,90,sfa,cosmoothed,789848216,787025148,False,0.021306012447870712
node-var,90,sfa,cosmoothed,789848216,789848216,True,0.8554605395065874
node-var,90,sfa,cosmoothed,789848216,793224716,False,0.03085534058202558
node-var,90,sfa,cosmoothed,789848216,794812542,False,0.02081068560499708
node-var,90,sfa,cosmoothed,789848216,816200189,False,0.00020058789299036382
node-var,90,sfa,cosmoothed,789848216,847657808,False,0.0725091056212678
node-var,90,sfa,cosmoothed,793224716,766640955,False,0.0008855786224838005
node-var,90,sfa,cosmoothed,793224716,767871931,False,0.09002063595295255
node-var,90,sfa,cosmoothed,793224716,771160300,False,0.1201667561326824
node-var,90,sfa,cosmoothed,793224716,771990200,False,0.004324361229093146
node-var,90,sfa,cosmoothed,793224716,774875821,False,0.014438882047636216
node-var,90,sfa,cosmoothed,793224716,778240327,False,0.0026813548504134588
node-var,90,sfa,cosmoothed,793224716,778998620,False,0.00012031068845419118
node-var,90,sfa,cosmoothed,793224716,779839471,False,0.0003152694677332405
node-var,90,sfa,cosmoothed,793224716,781842082,False,0.0014727964895633072
node-var,90,sfa,cosmoothed,793224716,787025148,False,0.02707635644604914
node-var,90,sfa,cosmoothed,793224716,789848216,False,0.0556763715046715
node-var,90,sfa,cosmoothed,793224716,793224716,True,0.6834538703608726
node-var,90,sfa,cosmoothed,793224716,794812542,False,0.03696205620502081
node-var,90,sfa,cosmoothed,793224716,816200189,False,0.040020399838907844
node-var,90,sfa,cosmoothed,793224716,847657808,False,0.15458350311032495
node-var,90,sfa,cosmoothed,794812542,766640955,False,0.024794911861978505
node-var,90,sfa,cosmoothed,794812542,767871931,False,0.0024073001691257627
node-var,90,sfa,cosmoothed,794812542,771160300,False,0.029240410173012356
node-var,90,sfa,cosmoothed,794812542,771990200,False,0.0985634029071891
node-var,90,sfa,cosmoothed,794812542,774875821,False,0.07943761344653896
node-var,90,sfa,cosmoothed,794812542,778240327,False,0.020330470112631373
node-var,90,sfa,cosmoothed,794812542,778998620,False,0.09641769643903289
node-var,90,sfa,cosmoothed,794812542,779839471,False,0.17584509674652596
node-var,90,sfa,cosmoothed,794812542,781842082,False,0.0007706619683052106
node-var,90,sfa,cosmoothed,794812542,787025148,False,0.14836877046510863
node-var,90,sfa,cosmoothed,794812542,789848216,False,0.05248617809833163
node-var,90,sfa,cosmoothed,794812542,793224716,False,0.024552535611613767
node-var,90,sfa,cosmoothed,794812542,794812542,True,0.8225057567340102
node-var,90,sfa,cosmoothed,794812542,816200189,False,0.003894917717211645
node-var,90,sfa,cosmoothed,794812542,847657808,False,0.10172486125838029
node-var,90,sfa,cosmoothed,816200189,766640955,False,0.0970077180804985
node-var,90,sfa,cosmoothed,816200189,767871931,False,0.07154674189238143
node-var,90,sfa,cosmoothed,816200189,771160300,False,9.891574762669468e-05
node-var,90,sfa,cosmoothed,816200189,771990200,False,0.011379622945706932
node-var,90,sfa,cosmoothed,816200189,774875821,False,0.06771227896690782
node-var,90,sfa,cosmoothed,816200189,778240327,False,0.20005879238468413
node-var,90,sfa,cosmoothed,816200189,778998620,False,0.05673371454079427
node-var,90,sfa,cosmoothed,816200189,779839471,False,0.0018173719958487914
node-var,90,sfa,cosmoothed,816200189,781842082,False,0.07931237207650248
node-var,90,sfa,cosmoothed,816200189,787025148,False,0.09141424857786058
node-var,90,sfa,cosmoothed,816200189,789848216,False,0.011352972996811466
node-var,90,sfa,cosmoothed,816200189,793224716,False,0.006779903177267614
node-var,90,sfa,cosmoothed,816200189,794812542,False,0.11351699801135452
node-var,90,sfa,cosmoothed,816200189,816200189,True,0.552095414303047
node-var,90,sfa,cosmoothed,816200189,847657808,False,0.020969151757199076
node-var,90,sfa,cosmoothed,847657808,766640955,False,0.03285990986301998
node-var,90,sfa,cosmoothed,847657808,767871931,False,0.006715327335359969
node-var,90,sfa,cosmoothed,847657808,771160300,False,0.00463156941383314
node-var,90,sfa,cosmoothed,847657808,771990200,False,0.04912140440627436
node-var,90,sfa,cosmoothed,847657808,774875821,False,0.002710891009016285
node-var,90,sfa,cosmoothed,847657808,778240327,False,0.10655369962988778
node-var,90,sfa,cosmoothed,847657808,778998620,False,0.05484004210455693
node-var,90,sfa,cosmoothed,847657808,779839471,False,0.018793996233076305
node-var,90,sfa,cosmoothed,847657808,781842082,False,0.03735999584308285
node-var,90,sfa,cosmoothed,847657808,787025148,False,0.30398306099331224
node-var,90,sfa,cosmoothed,847657808,789848216,False,0.16469932402801682
node-var,90,sfa,cosmoothed,847657808,793224716,False,0.11566675456240498
node-var,90,sfa,cosmoothed,847657808,794812542,False,0.15021184136054638
node-var,90,sfa,cosmoothed,847657808,816200189,False,0.1394017573573418
node-var,90,sfa,cosmoothed,847657808,847657808,True,0.6841041087978066
node-var,120,sfa,cosmoothed,766640955,766640955,True,0.3605931411287656
node-var,120,sfa,cosmoothed,766640955,767871931,False,0.0045418534359304525
node-var,120,sfa,cosmoothed,766640955,771160300,False,0.01262827002457686
node-var,120,sfa,cosmoothed,766640955,771990200,False,0.09710619769445757
node-var,120,sfa,cosmoothed,766640955,774875821,False,0.011562652529737318
node-var,120,sfa,cosmoothed,766640955,778240327,False,0.04285480934308117
node-var,120,sfa,cosmoothed,766640955,778998620,False,0.006711109205347605
node-var,120,sfa,cosmoothed,766640955,779839471,False,0.0395870686799034
node-var,120,sfa,cosmoothed,766640955,781842082,False,0.04577742597619905
node-var,120,sfa,cosmoothed,766640955,787025148,False,0.005357915231424748
node-var,120,sfa,cosmoothed,766640955,789848216,False,0.024453080186734918
node-var,120,sfa,cosmoothed,766640955,793224716,False,0.027860969956521067
node-var,120,sfa,cosmoothed,766640955,794812542,False,0.05314822501978324
node-var,120,sfa,cosmoothed,766640955,816200189,False,0.028339194785138595
node-var,120,sfa,cosmoothed,766640955,847657808,False,0.0001334046743349291
node-var,120,sfa,cosmoothed,767871931,766640955,False,0.04663988049984677
node-var,120,sfa,cosmoothed,767871931,767871931,True,0.7801678090281806
node-var,120,sfa,cosmoothed,767871931,771160300,False,0.005946226085108687
node-var,120,sfa,cosmoothed,767871931,771990200,False,0.22775200318559613
node-var,120,sfa,cosmoothed,767871931,774875821,False,0.17066167995060627
node-var,120,sfa,cosmoothed,767871931,778240327,False,0.01700320532702274
node-var,120,sfa,cosmoothed,767871931,778998620,False,0.34538406233090735
node-var,120,sfa,cosmoothed,767871931,779839471,False,0.08676506107663318
node-var,120,sfa,cosmoothed,767871931,781842082,False,0.3472512380895583
node-var,120,sfa,cosmoothed,767871931,787025148,False,0.03038279253821835
node-var,120,sfa,cosmoothed,767871931,789848216,False,0.0012186527538206465
node-var,120,sfa,cosmoothed,767871931,793224716,False,0.0673337964990635
node-var,120,sfa,cosmoothed,767871931,794812542,False,0.03679213861595228
node-var,120,sfa,cosmoothed,767871931,816200189,False,0.05512253624492559
node-var,120,sfa,cosmoothed,767871931,847657808,False,0.00105646081250685
node-var,120,sfa,cosmoothed,771160300,766640955,False,0.18734044336140915
node-var,120,sfa,cosmoothed,771160300,767871931,False,0.25240558439048444
node-var,120,sfa,cosmoothed,771160300,771160300,True,0.7160796443252735
node-var,120,sfa,cosmoothed,771160300,771990200,False,0.38445735516657253
node-var,120,sfa,cosmoothed,771160300,774875821,False,0.002092493497421696
node-var,120,sfa,cosmoothed,771160300,778240327,False,0.04329497126652079
node-var,120,sfa,cosmoothed,771160300,778998620,False,0.5566984556259029
node-var,120,sfa,cosmoothed,771160300,779839471,False,0.6205802547524711
node-var,120,sfa,cosmoothed,771160300,781842082,False,0.009616612403985812
node-var,120,sfa,cosmoothed,771160300,787025148,False,0.24347873510858956
node-var,120,sfa,cosmoothed,771160300,789848216,False,0.04250765714615762
node-var,120,sfa,cosmoothed,771160300,793224716,False,0.058084093687801354
node-var,120,sfa,cosmoothed,771160300,794812542,False,0.23728395058619103
node-var,120,sfa,cosmoothed,771160300,816200189,False,0.060454557146499575
node-var,120,sfa,cosmoothed,771160300,847657808,False,0.1895271526901786
node-var,120,sfa,cosmoothed,771990200,766640955,False,0.14623383784042637
node-var,120,sfa,cosmoothed,771990200,767871931,False,0.5456373893295859
node-var,120,sfa,cosmoothed,771990200,771160300,False,0.2256724304863389
node-var,120,sfa,cosmoothed,771990200,771990200,True,0.745971223644684
node-var,120,sfa,cosmoothed,771990200,774875821,False,0.050005788408373754
node-var,120,sfa,cosmoothed,771990200,778240327,False,0.01654513890426783
node-var,120,sfa,cosmoothed,771990200,778998620,False,0.7780777679890059
node-var,120,sfa,cosmoothed,771990200,779839471,False,0.4714425941813298
node-var,120,sfa,cosmoothed,771990200,781842082,False,0.1759366920308668
node-var,120,sfa,cosmoothed,771990200,787025148,False,0.28785902143511866
node-var,120,sfa,cosmoothed,771990200,789848216,False,0.004988937798964351
node-var,120,sfa,cosmoothed,771990200,793224716,False,7.148605188126637e-05
node-var,120,sfa,cosmoothed,771990200,794812542,False,0.1271197578611839
node-var,120,sfa,cosmoothed,771990200,816200189,False,0.15126955040373544
node-var,120,sfa,cosmoothed,771990200,847657808,False,0.09332752069531415
node-var,120,sfa,cosmoothed,774875821,766640955,False,0.011632862296952349
node-var,120,sfa,cosmoothed,774875821,767871931,False,0.1617304897775395
node-var,120,sfa,cosmoothed,774875821,771160300,False,0.014416982261438067
node-var,120,sfa,cosmoothed,774875821,771990200,False,0.12301240518568518
node-var,120,sfa,cosmoothed,774875821,774875821,True,0.8239590191384965
node-var,120,sfa,cosmoothed,774875821,778240327,False,0.07962995480941305
node-var,120,sfa,cosmoothed,774875821,778998620,False,0.12872910740291416
node-var,120,sfa,cosmoothed,774875821,779839471,False,0.008706638061522312
node-var,120,sfa,cosmoothed,774875821,781842082,False,0.0005383816208098608
node-var,120,sfa,cosmoothed,774875821,787025148,False,0.0007649792633132846
node-var,120,sfa,cosmoothed,774875821,789848216,False,0.0231898199532277
node-var,120,sfa,cosmoothed,774875821,793224716,False,0.0008014392147994089
node-var,120,sfa,cosmoothed,774875821,794812542,False,0.02320084683614249
node-var,120,sfa,cosmoothed,774875821,816200189,False,0.0018011407138577814
node-var,120,sfa,cosmoothed,774875821,847657808,False,0.053275236799934685
node-var,120,sfa,cosmoothed,778240327,766640955,False,4.990645144651612e-05
node-var,120,sfa,cosmoothed,778240327,767871931,False,0.0011315117707345224
node-var,120,sfa,cosmoothed,778240327,771160300,False,1.4685309246783855e-05
node-var,120,sfa,cosmoothed,778240327,771990200,False,0.10900332508158495
node-var,120,sfa,cosmoothed,778240327,774875821,False,0.003602212689379713
node-var,120,sfa,cosmoothed,778240327,778240327,True,0.7988679851379009
node-var,120,sfa,cosmoothed,778240327,778998620,False,0.01894154991546639
node-var,120,sfa,cosmoothed,778240327,779839471,False,0.004223777501580398
node-var,120,sfa,cosmoothed,778240327,781842082,False,0.0032476423285099777
node-var,120,sfa,cosmoothed,778240327,787025148,False,0.08021708691567506
node-var,120,sfa,cosmoothed,778240327,789848216,False,0.12912385169089105
node-var,120,sfa,cosmoothed,778240327,793224716,False,0.021971449177701118
node-var,120,sfa,cosmoothed,778240327,794812542,False,0.00023706095837995635
node-var,120,sfa,cosmoothed,778240327,816200189,False,0.005180420480742639
node-var,120,sfa,cosmoothed,778240327,847657808,False,0.0467644832118719
node-var,120,sfa,cosmoothed,778998620,766640955,False,0.028821245205724384
node-var,120,sfa,cosmoothed,778998620,767871931,False,0.38967899914263715
node-var,120,sfa,cosmoothed,778998620,771160300,False,0.23253444506211177
node-var,120,sfa,cosmoothed,778998620,771990200,False,0.5113129386508942
node-var,120,sfa,cosmoothed,778998620,774875821,False,0.03865906473288069
node-var,120,sfa,cosmoothed,778998620,778240327,False,0.053922435025354085
node-var,120,sfa,cosmoothed,778998620,778998620,True,0.7553801586313579
node-var,120,sfa,cosmoothed,778998620,779839471,False,0.29733465031160383
node-var,120,sfa,cosmoothed,778998620,781842082,False,0.20568721297139134
node-var,120,sfa,cosmoothed,778998620,787025148,False,0.338554412640631
node-var,120,sfa,cosmoothed,778998620,789848216,False,1.89099064806846e-05
node-var,120,sfa,cosmoothed,778998620,793224716,False,0.0032241798641560147
node-var,120,sfa,cosmoothed,778998620,794812542,False,0.12264533249492607
node-var,120,sfa,cosmoothed,778998620,816200189,False,0.21739632146026389
node-var,120,sfa,cosmoothed,778998620,847657808,False,0.2112854772512793
node-var,120,sfa,cosmoothed,779839471,766640955,False,0.1102658570667884
node-var,120,sfa,cosmoothed,779839471,767871931,False,0.22324527432163366
node-var,120,sfa,cosmoothed,779839471,771160300,False,0.41289524646334497
node-var,120,sfa,cosmoothed,779839471,771990200,False,0.46441340241285056
node-var,120,sfa,cosmoothed,779839471,774875821,False,0.053212097460153505
node-var,120,sfa,cosmoothed,779839471,778240327,False,0.007095670140999853
node-var,120,sfa,cosmoothed,779839471,778998620,False,0.689758412642769
node-var,120,sfa,cosmoothed,779839471,779839471,True,0.6776414328629866
node-var,120,sfa,cosmoothed,779839471,781842082,False,0.006480769371620907
node-var,120,sfa,cosmoothed,779839471,787025148,False,0.38262079936626026
node-var,120,sfa,cosmoothed,779839471,789848216,False,0.010851037093976838
node-var,120,sfa,cosmoothed,779839471,793224716,False,0.055208530311632205
node-var,120,sfa,cosmoothed,779839471,794812542,False,0.2349861849871444
node-var,120,sfa,cosmoothed,779839471,816200189,False,0.19680866540289077
node-var,120,sfa,cosmoothed,779839471,847657808,False,0.22454218577478927
node-var,120,sfa,cosmoothed,781842082,766640955,False,0.04431048405935529
node-var,120,sfa,cosmoothed,781842082,767871931,False,0.14293294228136702
node-var,120,sfa,cosmoothed,781842082,771160300,False,0.006171597234055179
node-var,120,sfa,cosmoothed,781842082,771990200,False,0.030555588726385315
node-var,120,sfa,cosmoothed,781842082,774875821,False,0.005374954312504775
node-var,120,sfa,cosmoothed,781842082,778240327,False,2.0617515353114332e-05
node-var,120,sfa,cosmoothed,781842082,778998620,False,0.04278405328449407
node-var,120,sfa,cosmoothed,781842082,779839471,False,0.019457560886454
node-var,120,sfa,cosmoothed,781842082,781842082,True,0.8700065220621842
node-var,120,sfa,cosmoothed,781842082,787025148,False,0.0007378342868299511
node-var,120,sfa,cosmoothed,781842082,789848216,False,0.20249252333326903
node-var,120,sfa,cosmoothed,781842082,793224716,False,0.007314396461216129
node-var,120,sfa,cosmoothed,781842082,794812542,False,0.0004127006802836494
node-var,120,sfa,cosmoothed,781842082,816200189,False,0.06901082541782584
node-var,120,sfa,cosmoothed,781842082,847657808,False,0.038284115622850313
node-var,120,sfa,cosmoothed,787025148,766640955,False,0.0028659455073014382
node-var,120,sfa,cosmoothed,787025148,767871931,False,0.0018980553354245747
node-var,120,sfa,cosmoothed,787025148,771160300,False,0.08602100423269382
node-var,120,sfa,cosmoothed,787025148,771990200,False,0.21963204727351684
node-var,120,sfa,cosmoothed,787025148,774875821,False,0.002424890205533144
node-var,120,sfa,cosmoothed,787025148,778240327,False,0.18986256927954895
node-var,120,sfa,cosmoothed,787025148,778998620,False,0.1357222380415331
node-var,120,sfa,cosmoothed,787025148,779839471,False,0.18031149151764284
node-var,120,sfa,cosmoothed,787025148,781842082,False,0.037324671106078
node-var,120,sfa,cosmoothed,787025148,787025148,True,0.8219803325903251
node-var,120,sfa,cosmoothed,787025148,789848216,False,0.0008475473595059054
node-var,120,sfa,cosmoothed,787025148,793224716,False,0.0478670457473617
node-var,120,sfa,cosmoothed,787025148,794812542,False,0.1428767492456213
node-var,120,sfa,cosmoothed,787025148,816200189,False,0.05945041721363036
node-var,120,sfa,cosmoothed,787025148,847657808,False,0.1050403981552583
node-var,120,sfa,cosmoothed,789848216,766640955,False,0.07720538601068125
node-var,120,sfa,cosmoothed,789848216,767871931,False,0.12458370856502496
node-var,120,sfa,cosmoothed,789848216,771160300,False,0.0345707194229616
node-var,120,sfa,cosmoothed,789848216,771990200,False,0.045970000354240245
node-var,120,sfa,cosmoothed,789848216,774875821,False,0.13554570879946742
node-var,120,sfa,cosmoothed,789848216,778240327,False,0.024889266964427698
node-var,120,sfa,cosmoothed,789848216,778998620,False,0.11800528263511695
node-var,120,sfa,cosmoothed,789848216,779839471,False,0.24409984604755167
node-var,120,sfa,cosmoothed,789848216,781842082,False,0.21248830294762566
node-var,120,sfa,cosmoothed,789848216,787025148,False,0.044388086523106454
node-var,120,sfa,cosmoothed,789848216,789848216,True,0.8508835651710331
node-var,120,sfa,cosmoothed,789848216,793224716,False,0.04478941424172471
node-var,120,sfa,cosmoothed,789848216,794812542,False,0.017293204645506252
node-var,120,sfa,cosmoothed,789848216,816200189,False,0.0003578929347740892
node-var,120,sfa,cosmoothed,789848216,847657808,False,0.06328737037067171
node-var,120,sfa,cosmoothed,793224716,766640955,False,4.975929083797565e-05
node-var,120,sfa,cosmoothed,793224716,767871931,False,0.07819827423509237
node-var,120,sfa,cosmoothed,793224716,771160300,False,0.16457518743428917
node-var,120,sfa,cosmoothed,793224716,771990200,False,0.010492558890530947
node-var,120,sfa,cosmoothed,793224716,774875821,False,0.03419040690460744
node-var,120,sfa,cosmoothed,793224716,778240327,False,0.0083606514391872
node-var,120,sfa,cosmoothed,793224716,778998620,False,0.00019704716210108456
node-var,120,sfa,cosmoothed,793224716,779839471,False,0.00015219630522315884
node-var,120,sfa,cosmoothed,793224716,781842082,False,0.00046495027052640146
node-var,120,sfa,cosmoothed,793224716,787025148,False,0.03792281544306508
node-var,120,sfa,cosmoothed,793224716,789848216,False,0.07517491761565692
node-var,120,sfa,cosmoothed,793224716,793224716,True,0.6847997245373297
node-var,120,sfa,cosmoothed,793224716,794812542,False,0.05097025870791634
node-var,120,sfa,cosmoothed,793224716,816200189,False,0.04943847494559161
node-var,120,sfa,cosmoothed,793224716,847657808,False,0.17387212963234036
node-var,120,sfa,cosmoothed,794812542,766640955,False,0.018789419609762548
node-var,120,sfa,cosmoothed,794812542,767871931,False,0.0008774157019848826
node-var,120,sfa,cosmoothed,794812542,771160300,False,0.05766520899617226
node-var,120,sfa,cosmoothed,794812542,771990200,False,0.12243389450815724
node-var,120,sfa,cosmoothed,794812542,774875821,False,0.1013213125901666
node-var,120,sfa,cosmoothed,794812542,778240327,False,0.011490343356453771
node-var,120,sfa,cosmoothed,794812542,778998620,False,0.10956716887012351
node-var,120,sfa,cosmoothed,794812542,779839471,False,0.20315792759696266
node-var,120,sfa,cosmoothed,794812542,781842082,False,0.0013273881540623398
node-var,120,sfa,cosmoothed,794812542,787025148,False,0.22427951585261838
node-var,120,sfa,cosmoothed,794812542,789848216,False,0.05594632203698126
node-var,120,sfa,cosmoothed,794812542,793224716,False,0.03823848520319412
node-var,120,sfa,cosmoothed,794812542,794812542,True,0.8355706818725851
node-var,120,sfa,cosmoothed,794812542,816200189,False,0.002319566445677355
node-var,120,sfa,cosmoothed,794812542,847657808,False,0.17304804917045255
node-var,120,sfa,cosmoothed,816200189,766640955,False,0.09591594514615852
node-var,120,sfa,cosmoothed,816200189,767871931,False,0.11767352057179259
node-var,120,sfa,cosmoothed,816200189,771160300,False,0.00028463956619832347
node-var,120,sfa,cosmoothed,816200189,771990200,False,0.0229525038061908
node-var,120,sfa,cosmoothed,816200189,774875821,False,0.06827660949788562
node-var,120,sfa,cosmoothed,816200189,778240327,False,0.21767767315769537
node-var,120,sfa,cosmoothed,816200189,778998620,False,0.07742587851932016
node-var,120,sfa,cosmoothed,816200189,779839471,False,0.0015725945936781857
node-var,120,sfa,cosmoothed,816200189,781842082,False,0.08842991666952112
node-var,120,sfa,cosmoothed,816200189,787025148,False,0.10938047793439554
node-var,120,sfa,cosmoothed,816200189,789848216,False,0.008774844469909318
node-var,120,sfa,cosmoothed,816200189,793224716,False,0.014027605600096311
node-var,120,sfa,cosmoothed,816200189,794812542,False,0.1384057603856802
node-var,120,sfa,cosmoothed,816200189,816200189,True,0.5903946373529654
node-var,120,sfa,cosmoothed,816200189,847657808,False,0.014849246792691237
node-var,120,sfa,cosmoothed,847657808,766640955,False,0.037272133226676454
node-var,120,sfa,cosmoothed,847657808,767871931,False,0.014003630496511961
node-var,120,sfa,cosmoothed,847657808,771160300,False,0.014954066697220804
node-var,120,sfa,cosmoothed,847657808,771990200,False,0.07468626158946746
node-var,120,sfa,cosmoothed,847657808,774875821,False,0.013930213560421095
node-var,120,sfa,cosmoothed,847657808,778240327,False,0.14109926235969608
node-var,120,sfa,cosmoothed,847657808,778998620,False,0.08341053873767379
node-var,120,sfa,cosmoothed,847657808,779839471,False,0.02424017491346332
node-var,120,sfa,cosmoothed,847657808,781842082,False,0.05030543868252793
node-var,120,sfa,cosmoothed,847657808,787025148,False,0.3747284717777734
node-var,120,sfa,cosmoothed,847657808,789848216,False,0.16690932182253634
node-var,120,sfa,cosmoothed,847657808,793224716,False,0.1166445298597919
node-var,120,sfa,cosmoothed,847657808,794812542,False,0.20607561622584616
node-var,120,sfa,cosmoothed,847657808,816200189,False,0.16190865433026516
node-var,120,sfa,cosmoothed,847657808,847657808,True,0.6938506937915512
node-var,180,sfa,cosmoothed,766640955,766640955,True,0.32024651038870217
node-var,180,sfa,cosmoothed,766640955,767871931,False,0.008285938414317314
node-var,180,sfa,cosmoothed,766640955,771160300,False,0.01618295774104834
node-var,180,sfa,cosmoothed,766640955,771990200,False,0.05571215602206683
node-var,180,sfa,cosmoothed,766640955,774875821,False,0.04812231314302586
node-var,180,sfa,cosmoothed,766640955,778240327,False,0.07576849640315415
node-var,180,sfa,cosmoothed,766640955,778998620,False,0.00946005980582357
node-var,180,sfa,cosmoothed,766640955,779839471,False,0.03872017237694216
node-var,180,sfa,cosmoothed,766640955,781842082,False,0.1133105404853776
node-var,180,sfa,cosmoothed,766640955,787025148,False,8.220663447448163e-05
node-var,180,sfa,cosmoothed,766640955,789848216,False,0.019281830749213122
node-var,180,sfa,cosmoothed,766640955,793224716,False,0.023236779140735516
node-var,180,sfa,cosmoothed,766640955,794812542,False,0.047931645657772345
node-var,180,sfa,cosmoothed,766640955,816200189,False,0.0552672160032083
node-var,180,sfa,cosmoothed,766640955,847657808,False,0.0005583393874098389
node-var,180,sfa,cosmoothed,767871931,766640955,False,0.06927534591798476
node-var,180,sfa,cosmoothed,767871931,767871931,True,0.8181424950014433
node-var,180,sfa,cosmoothed,767871931,771160300,False,0.044042071151576635
node-var,180,sfa,cosmoothed,767871931,771990200,False,0.29209675723987427
node-var,180,sfa,cosmoothed,767871931,774875821,False,0.23359100692089266
node-var,180,sfa,cosmoothed,767871931,778240327,False,0.004571171177738353
node-var,180,sfa,cosmoothed,767871931,778998620,False,0.41888010208140425
node-var,180,sfa,cosmoothed,767871931,779839471,False,0.13906173453276843
node-var,180,sfa,cosmoothed,767871931,781842082,False,0.4569157353798687
node-var,180,sfa,cosmoothed,767871931,787025148,False,0.0484388872737966
node-var,180,sfa,cosmoothed,767871931,789848216,False,0.0007937240297408458
node-var,180,sfa,cosmoothed,767871931,793224716,False,0.05494106569581219
node-var,180,sfa,cosmoothed,767871931,794812542,False,0.022200340061588088
node-var,180,sfa,cosmoothed,767871931,816200189,False,0.18880306469379526
node-var,180,sfa,cosmoothed,767871931,847657808,False,0.012287723301587481
node-var,180,sfa,cosmoothed,771160300,766640955,False,0.24738536957962545
node-var,180,sfa,cosmoothed,771160300,767871931,False,0.32915660518705514
node-var,180,sfa,cosmoothed,771160300,771160300,True,0.8105500390159739
node-var,180,sfa,cosmoothed,771160300,771990200,False,0.5004251645092861
node-var,180,sfa,cosmoothed,771160300,774875821,False,0.0096881231333061
node-var,180,sfa,cosmoothed,771160300,778240327,False,0.01947447025143996
node-var,180,sfa,cosmoothed,771160300,778998620,False,0.6392759203655503
node-var,180,sfa,cosmoothed,771160300,779839471,False,0.7066996741730579
node-var,180,sfa,cosmoothed,771160300,781842082,False,0.004593956096924071
node-var,180,sfa,cosmoothed,771160300,787025148,False,0.3608042674185775
node-var,180,sfa,cosmoothed,771160300,789848216,False,0.05616084672618203
node-var,180,sfa,cosmoothed,771160300,793224716,False,0.08793742805096691
node-var,180,sfa,cosmoothed,771160300,794812542,False,0.2808206504648005
node-var,180,sfa,cosmoothed,771160300,816200189,False,0.10456351238064922
node-var,180,sfa,cosmoothed,771160300,847657808,False,0.2661907403770848
node-var,180,sfa,cosmoothed,771990200,766640955,False,0.23233965202050835
node-var,180,sfa,cosmoothed,771990200,767871931,False,0.6185630674370228
node-var,180,sfa,cosmoothed,771990200,771160300,False,0.35691223328099575
node-var,180,sfa,cosmoothed,771990200,771990200,True,0.8195686089329006
node-var,180,sfa,cosmoothed,771990200,774875821,False,0.13793487504747148
node-var,180,sfa,cosmoothed,771990200,778240327,False,0.01754340505140761
node-var,180,sfa,cosmoothed,771990200,778998620,False,0.8817869360186321
node-var,180,sfa,cosmoothed,771990200,779839471,False,0.5614894707825387
node-var,180,sfa,cosmoothed,771990200,781842082,False,0.1352444766482207
node-var,180,sfa,cosmoothed,771990200,787025148,False,0.31725686679189424
node-var,180,sfa,cosmoothed,771990200,789848216,False,0.001298481348576993
node-var,180,sfa,cosmoothed,771990200,793224716,False,0.011374387125288495
node-var,180,sfa,cosmoothed,771990200,794812542,False,0.14900525040888613
node-var,180,sfa,cosmoothed,771990200,816200189,False,0.17168938872150205
node-var,180,sfa,cosmoothed,771990200,847657808,False,0.1720782258720113
node-var,180,sfa,cosmoothed,774875821,766640955,False,0.06795260933556989
node-var,180,sfa,cosmoothed,774875821,767871931,False,0.1991497954400669
node-var,180,sfa,cosmoothed,774875821,771160300,False,0.004901258514054111
node-var,180,sfa,cosmoothed,774875821,771990200,False,0.20071936499166776
node-var,180,sfa,cosmoothed,774875821,774875821,True,0.8613833169969608
node-var,180,sfa,cosmoothed,774875821,778240327,False,0.07126064005896944
node-var,180,sfa,cosmoothed,774875821,778998620,False,0.17871084745054616
node-var,180,sfa,cosmoothed,774875821,779839471,False,0.034816480748733586
node-var,180,sfa,cosmoothed,774875821,781842082,False,0.01753046558906351
node-var,180,sfa,cosmoothed,774875821,787025148,False,0.00416376993677757
node-var,180,sfa,cosmoothed,774875821,789848216,False,0.04040386878790123
node-var,180,sfa,cosmoothed,774875821,793224716,False,0.007476564791540992
node-var,180,sfa,cosmoothed,774875821,794812542,False,0.02464431992372035
node-var,180,sfa,cosmoothed,774875821,816200189,False,0.0002753649448725023
node-var,180,sfa,cosmoothed,774875821,847657808,False,0.08385343814341854
node-var,180,sfa,cosmoothed,778240327,766640955,False,0.0075758706411752546
node-var,180,sfa,cosmoothed,778240327,767871931,False,0.005428601227514667
node-var,180,sfa,cosmoothed,778240327,771160300,False,0.00794403218789048
node-var,180,sfa,cosmoothed,778240327,771990200,False,0.17038629682745157
node-var,180,sfa,cosmoothed,778240327,774875821,False,0.002983172562142749
node-var,180,sfa,cosmoothed,778240327,778240327,True,0.7955396701804492
node-var,180,sfa,cosmoothed,778240327,778998620,False,0.022844264755597168
node-var,180,sfa,cosmoothed,778240327,779839471,False,0.0003707486536950771
node-var,180,sfa,cosmoothed,778240327,781842082,False,0.007510136170869352
node-var,180,sfa,cosmoothed,778240327,787025148,False,0.09107954176653742
node-var,180,sfa,cosmoothed,778240327,789848216,False,0.10406911751388301
node-var,180,sfa,cosmoothed,778240327,793224716,False,0.051993498757369645
node-var,180,sfa,cosmoothed,778240327,794812542,False,0.014039624134713397
node-var,180,sfa,cosmoothed,778240327,816200189,False,0.0033657462449638155
node-var,180,sfa,cosmoothed,778240327,847657808,False,0.07915440616419805
node-var,180,sfa,cosmoothed,778998620,766640955,False,0.043382098390734716
node-var,180,sfa,cosmoothed,778998620,767871931,False,0.5042368133609175
node-var,180,sfa,cosmoothed,778998620,771160300,False,0.3398954226508908
node-var,180,sfa,cosmoothed,778998620,771990200,False,0.6778890321829386
node-var,180,sfa,cosmoothed,778998620,774875821,False,0.07356612692236317
node-var,180,sfa,cosmoothed,778998620,778240327,False,0.05561861315246569
node-var,180,sfa,cosmoothed,778998620,778998620,True,0.8116160432654539
node-var,180,sfa,cosmoothed,778998620,779839471,False,0.33993780391028383
node-var,180,sfa,cosmoothed,778998620,781842082,False,0.24000145399829897
node-var,180,sfa,cosmoothed,778998620,787025148,False,0.42556049010670577
node-var,180,sfa,cosmoothed,778998620,789848216,False,0.000661609868359017
node-var,180,sfa,cosmoothed,778998620,793224716,False,0.01669913435103851
node-var,180,sfa,cosmoothed,778998620,794812542,False,0.17111746629047422
node-var,180,sfa,cosmoothed,778998620,816200189,False,0.24179927794613185
node-var,180,sfa,cosmoothed,778998620,847657808,False,0.2653120981370931
node-var,180,sfa,cosmoothed,779839471,766640955,False,0.20653359619760686
node-var,180,sfa,cosmoothed,779839471,767871931,False,0.3720555672582973
node-var,180,sfa,cosmoothed,779839471,771160300,False,0.5933553587958921
node-var,180,sfa,cosmoothed,779839471,771990200,False,0.7062230782466481
node-var,180,sfa,cosmoothed,779839471,774875821,False,0.10136715539991313
node-var,180,sfa,cosmoothed,779839471,778240327,False,0.008140779362701382
node-var,180,sfa,cosmoothed,779839471,778998620,False,0.8121172596810626
node-var,180,sfa,cosmoothed,779839471,779839471,True,0.7652335861177196
node-var,180,sfa,cosmoothed,779839471,781842082,False,0.002995477454449907
node-var,180,sfa,cosmoothed,779839471,787025148,False,0.537838212693263
node-var,180,sfa,cosmoothed,779839471,789848216,False,0.04098013188560227
node-var,180,sfa,cosmoothed,779839471,793224716,False,0.08403500259448393
node-var,180,sfa,cosmoothed,779839471,794812542,False,0.2915106944920861
node-var,180,sfa,cosmoothed,779839471,816200189,False,0.1611845952222852
node-var,180,sfa,cosmoothed,779839471,847657808,False,0.2455425346079083
node-var,180,sfa,cosmoothed,781842082,766640955,False,0.04366985093030856
node-var,180,sfa,cosmoothed,781842082,767871931,False,0.14154866490875187
node-var,180,sfa,cosmoothed,781842082,771160300,False,0.003586766778851647
node-var,180,sfa,cosmoothed,781842082,771990200,False,0.03807148026441709
node-var,180,sfa,cosmoothed,781842082,774875821,False,0.005276972471876282
node-var,180,sfa,cosmoothed,781842082,778240327,False,8.672677160373386e-06
node-var,180,sfa,cosmoothed,781842082,778998620,False,0.051143347480818856
node-var,180,sfa,cosmoothed,781842082,779839471,False,0.02672640318612868
node-var,180,sfa,cosmoothed,781842082,781842082,True,0.9066155978548914
node-var,180,sfa,cosmoothed,781842082,787025148,False,7.5632995512775e-06
node-var,180,sfa,cosmoothed,781842082,789848216,False,0.2225757170967467
node-var,180,sfa,cosmoothed,781842082,793224716,False,0.0006018376747799509
node-var,180,sfa,cosmoothed,781842082,794812542,False,0.0021148912373845272
node-var,180,sfa,cosmoothed,781842082,816200189,False,0.06798536702361313
node-var,180,sfa,cosmoothed,781842082,847657808,False,0.06604731253612257
node-var,180,sfa,cosmoothed,787025148,766640955,False,0.0010023012177401128
node-var,180,sfa,cosmoothed,787025148,767871931,False,0.007197926146234917
node-var,180,sfa,cosmoothed,787025148,771160300,False,0.1975087293735415
node-var,180,sfa,cosmoothed,787025148,771990200,False,0.2583065567579647
node-var,180,sfa,cosmoothed,787025148,774875821,False,0.0009634744620786381
node-var,180,sfa,cosmoothed,787025148,778240327,False,0.24286675013239564
node-var,180,sfa,cosmoothed,787025148,778998620,False,0.18639714511976094
node-var,180,sfa,cosmoothed,787025148,779839471,False,0.24001856373276562
node-var,180,sfa,cosmoothed,787025148,781842082,False,0.07771402074130453
node-var,180,sfa,cosmoothed,787025148,787025148,True,0.8497670003516195
node-var,180,sfa,cosmoothed,787025148,789848216,False,0.008994189159995242
node-var,180,sfa,cosmoothed,787025148,793224716,False,0.06891450301896868
node-var,180,sfa,cosmoothed,787025148,794812542,False,0.2559731302710327
node-var,180,sfa,cosmoothed,787025148,816200189,False,0.0881831336876728
node-var,180,sfa,cosmoothed,787025148,847657808,False,0.17730776410048338
node-var,180,sfa,cosmoothed,789848216,766640955,False,0.14642958355625185
node-var,180,sfa,cosmoothed,789848216,767871931,False,0.21481541465116075
node-var,180,sfa,cosmoothed,789848216,771160300,False,0.12235960765693542
node-var,180,sfa,cosmoothed,789848216,771990200,False,0.1572875055165769
node-var,180,sfa,cosmoothed,789848216,774875821,False,0.2488627045356633
node-var,180,sfa,cosmoothed,789848216,778240327,False,0.008820467384704862
node-var,180,sfa,cosmoothed,789848216,778998620,False,0.2751342551364364
node-var,180,sfa,cosmoothed,789848216,779839471,False,0.47502794657466124
node-var,180,sfa,cosmoothed,789848216,781842082,False,0.21714770808723716
node-var,180,sfa,cosmoothed,789848216,787025148,False,0.15815920788427537
node-var,180,sfa,cosmoothed,789848216,789848216,True,0.7719124019164315
node-var,180,sfa,cosmoothed,789848216,793224716,False,0.04655026678697698
node-var,180,sfa,cosmoothed,789848216,794812542,False,2.486976043282637e-05
node-var,180,sfa,cosmoothed,789848216,816200189,False,0.03514489475070616
node-var,180,sfa,cosmoothed,789848216,847657808,False,0.016777728079416153
node-var,180,sfa,cosmoothed,793224716,766640955,False,0.002598084769440991
node-var,180,sfa,cosmoothed,793224716,767871931,False,0.05433524515666651
node-var,180,sfa,cosmoothed,793224716,771160300,False,0.24356198588944322
node-var,180,sfa,cosmoothed,793224716,771990200,False,0.031404687019330704
node-var,180,sfa,cosmoothed,793224716,774875821,False,0.0679619303062293
node-var,180,sfa,cosmoothed,793224716,778240327,False,0.00723562848718759
node-var,180,sfa,cosmoothed,793224716,778998620,False,0.0002963650343280146
node-var,180,sfa,cosmoothed,793224716,779839471,False,0.0006610016764947321
node-var,180,sfa,cosmoothed,793224716,781842082,False,9.133367897607243e-05
node-var,180,sfa,cosmoothed,793224716,787025148,False,0.055286203258463576
node-var,180,sfa,cosmoothed,793224716,789848216,False,0.052685009965045694
node-var,180,sfa,cosmoothed,793224716,793224716,True,0.6978313724716011
node-var,180,sfa,cosmoothed,793224716,794812542,False,0.06621367535322552
node-var,180,sfa,cosmoothed,793224716,816200189,False,0.0662680057676038
node-var,180,sfa,cosmoothed,793224716,847657808,False,0.09682199268715536
node-var,180,sfa,cosmoothed,794812542,766640955,False,0.01545919041874143
node-var,180,sfa,cosmoothed,794812542,767871931,False,6.46261975434705e-05
node-var,180,sfa,cosmoothed,794812542,771160300,False,0.15514823330028232
node-var,180,sfa,cosmoothed,794812542,771990200,False,0.14905403154834468
node-var,180,sfa,cosmoothed,794812542,774875821,False,0.11100237909972704
node-var,180,sfa,cosmoothed,794812542,778240327,False,0.0005073898609448021
node-var,180,sfa,cosmoothed,794812542,778998620,False,0.13317149803480807
node-var,180,sfa,cosmoothed,794812542,779839471,False,0.24248799907341842
node-var,180,sfa,cosmoothed,794812542,781842082,False,0.005013660207411119
node-var,180,sfa,cosmoothed,794812542,787025148,False,0.3794095770568938
node-var,180,sfa,cosmoothed,794812542,789848216,False,0.03955072423119466
node-var,180,sfa,cosmoothed,794812542,793224716,False,0.08312833734099698
node-var,180,sfa,cosmoothed,794812542,794812542,True,0.8542163075844702
node-var,180,sfa,cosmoothed,794812542,816200189,False,0.0021270316260234784
node-var,180,sfa,cosmoothed,794812542,847657808,False,0.36751857502052904
node-var,180,sfa,cosmoothed,816200189,766640955,False,0.04962538899725638
node-var,180,sfa,cosmoothed,816200189,767871931,False,0.20001238144151368
node-var,180,sfa,cosmoothed,816200189,771160300,False,3.048847675307116e-05
node-var,180,sfa,cosmoothed,816200189,771990200,False,0.05300489172791061
node-var,180,sfa,cosmoothed,816200189,774875821,False,0.10414051381168177
node-var,180,sfa,cosmoothed,816200189,778240327,False,0.18565656034627348
node-var,180,sfa,cosmoothed,816200189,778998620,False,0.09666866901454674
node-var,180,sfa,cosmoothed,816200189,779839471,False,0.0002268858717559829
node-var,180,sfa,cosmoothed,816200189,781842082,False,0.11400634491391531
node-var,180,sfa,cosmoothed,816200189,787025148,False,0.11552584812677971
node-var,180,sfa,cosmoothed,816200189,789848216,False,0.003162527866645181
node-var,180,sfa,cosmoothed,816200189,793224716,False,0.02587624892180947
node-var,180,sfa,cosmoothed,816200189,794812542,False,0.1397481396491107
node-var,180,sfa,cosmoothed,816200189,816200189,True,0.7048508210007353
node-var,180,sfa,cosmoothed,816200189,847657808,False,0.006655251774889574
node-var,180,sfa,cosmoothed,847657808,766640955,False,0.048273920377684194
node-var,180,sfa,cosmoothed,847657808,767871931,False,0.0302079871399484
node-var,180,sfa,cosmoothed,847657808,771160300,False,0.06126104744029193
node-var,180,sfa,cosmoothed,847657808,771990200,False,0.11590974435087818
node-var,180,sfa,cosmoothed,847657808,774875821,False,0.04932141829628029
node-var,180,sfa,cosmoothed,847657808,778240327,False,0.2080807543019729
node-var,180,sfa,cosmoothed,847657808,778998620,False,0.11747849892545262
node-var,180,sfa,cosmoothed,847657808,779839471,False,0.04077160833163433
node-var,180,sfa,cosmoothed,847657808,781842082,False,0.0677813087683625
node-var,180,sfa,cosmoothed,847657808,787025148,False,0.4794201752610601
node-var,180,sfa,cosmoothed,847657808,789848216,False,0.15487780147680866
node-var,180,sfa,cosmoothed,847657808,793224716,False,0.05872461144294222
node-var,180,sfa,cosmoothed,847657808,794812542,False,0.2779275603650953
node-var,180,sfa,cosmoothed,847657808,816200189,False,0.19526428918681302
node-var,180,sfa,cosmoothed,847657808,847657808,True,0.7016268582707853
node-var,240,sfa,cosmoothed,766640955,766640955,True,0.2958592112638274
node-var,240,sfa,cosmoothed,766640955,767871931,False,0.010328443092899231
node-var,240,sfa,cosmoothed,766640955,771160300,False,0.016996828879984983
node-var,240,sfa,cosmoothed,766640955,771990200,False,0.033086866167603986
node-var,240,sfa,cosmoothed,766640955,774875821,False,0.09778340374450308
node-var,240,sfa,cosmoothed,766640955,778240327,False,0.07002207706012714
node-var,240,sfa,cosmoothed,766640955,778998620,False,0.0072555705357629
node-var,240,sfa,cosmoothed,766640955,779839471,False,0.034598827646896875
node-var,240,sfa,cosmoothed,766640955,781842082,False,0.17770462392388617
node-var,240,sfa,cosmoothed,766640955,787025148,False,0.0051004434064473286
node-var,240,sfa,cosmoothed,766640955,789848216,False,6.091913696359455e-05
node-var,240,sfa,cosmoothed,766640955,793224716,False,0.0013785884354999682
node-var,240,sfa,cosmoothed,766640955,794812542,False,0.02301289042048103
node-var,240,sfa,cosmoothed,766640955,816200189,False,0.1190872436439258
node-var,240,sfa,cosmoothed,766640955,847657808,False,0.002132118088328171
node-var,240,sfa,cosmoothed,767871931,766640955,False,0.09630402005529527
node-var,240,sfa,cosmoothed,767871931,767871931,True,0.829883266343288
node-var,240,sfa,cosmoothed,767871931,771160300,False,0.11319459056050894
node-var,240,sfa,cosmoothed,767871931,771990200,False,0.34612905322301163
node-var,240,sfa,cosmoothed,767871931,774875821,False,0.277577176352407
node-var,240,sfa,cosmoothed,767871931,778240327,False,3.5634053387894465e-05
node-var,240,sfa,cosmoothed,767871931,778998620,False,0.48965568269054566
node-var,240,sfa,cosmoothed,767871931,779839471,False,0.18304575612913707
node-var,240,sfa,cosmoothed,767871931,781842082,False,0.4892506760467006
node-var,240,sfa,cosmoothed,767871931,787025148,False,0.07749375441589484
node-var,240,sfa,cosmoothed,767871931,789848216,False,0.001977327347364218
node-var,240,sfa,cosmoothed,767871931,793224716,False,0.020639215011186728
node-var,240,sfa,cosmoothed,767871931,794812542,False,0.0015537074884240212
node-var,240,sfa,cosmoothed,767871931,816200189,False,0.2552722788855522
node-var,240,sfa,cosmoothed,767871931,847657808,False,0.026258054162169666
node-var,240,sfa,cosmoothed,771160300,766640955,False,0.2899295778582679
node-var,240,sfa,cosmoothed,771160300,767871931,False,0.41882801735611286
node-var,240,sfa,cosmoothed,771160300,771160300,True,0.8827454142804402
node-var,240,sfa,cosmoothed,771160300,771990200,False,0.6267070656761987
node-var,240,sfa,cosmoothed,771160300,774875821,False,0.0482227921652279
node-var,240,sfa,cosmoothed,771160300,778240327,False,0.002719850368435295
node-var,240,sfa,cosmoothed,771160300,778998620,False,0.700190685503449
node-var,240,sfa,cosmoothed,771160300,779839471,False,0.7577167690816758
node-var,240,sfa,cosmoothed,771160300,781842082,False,0.010268767234481517
node-var,240,sfa,cosmoothed,771160300,787025148,False,0.5024232741003194
node-var,240,sfa,cosmoothed,771160300,789848216,False,0.08826784277649072
node-var,240,sfa,cosmoothed,771160300,793224716,False,0.1255813257816133
node-var,240,sfa,cosmoothed,771160300,794812542,False,0.30745685632470904
node-var,240,sfa,cosmoothed,771160300,816200189,False,0.16675301852319563
node-var,240,sfa,cosmoothed,771160300,847657808,False,0.29775754100683677
node-var,240,sfa,cosmoothed,771990200,766640955,False,0.34164591221403845
node-var,240,sfa,cosmoothed,771990200,767871931,False,0.6901762178879685
node-var,240,sfa,cosmoothed,771990200,771160300,False,0.5125561984650664
node-var,240,sfa,cosmoothed,771990200,771990200,True,0.8688820268152772
node-var,240,sfa,cosmoothed,771990200,774875821,False,0.2312739452699296
node-var,240,sfa,cosmoothed,771990200,778240327,False,0.018848381571080125
node-var,240,sfa,cosmoothed,771990200,778998620,False,0.918626136197627
node-var,240,sfa,cosmoothed,771990200,779839471,False,0.6154532708065662
node-var,240,sfa,cosmoothed,771990200,781842082,False,0.1361857656476351
node-var,240,sfa,cosmoothed,771990200,787025148,False,0.3600559435961056
node-var,240,sfa,cosmoothed,771990200,789848216,False,0.01866935130386711
node-var,240,sfa,cosmoothed,771990200,793224716,False,0.038194711567238276
node-var,240,sfa,cosmoothed,771990200,794812542,False,0.1801026100897121
node-var,240,sfa,cosmoothed,771990200,816200189,False,0.16424347605711057
node-var,240,sfa,cosmoothed,771990200,847657808,False,0.1938476324890835
node-var,240,sfa,cosmoothed,774875821,766640955,False,0.14271408264613486
node-var,240,sfa,cosmoothed,774875821,767871931,False,0.2746711988161662
node-var,240,sfa,cosmoothed,774875821,771160300,False,0.0007140421177966792
node-var,240,sfa,cosmoothed,774875821,771990200,False,0.2810358561375895
node-var,240,sfa,cosmoothed,774875821,774875821,True,0.8158446618519607
node-var,240,sfa,cosmoothed,774875821,778240327,False,0.04600390937429215
node-var,240,sfa,cosmoothed,774875821,778998620,False,0.28054111402145315
node-var,240,sfa,cosmoothed,774875821,779839471,False,0.0717104641680119
node-var,240,sfa,cosmoothed,774875821,781842082,False,0.0668020969482073
node-var,240,sfa,cosmoothed,774875821,787025148,False,0.009962396991985896
node-var,240,sfa,cosmoothed,774875821,789848216,False,0.031949319303638576
node-var,240,sfa,cosmoothed,774875821,793224716,False,0.008234706343271628
node-var,240,sfa,cosmoothed,774875821,794812542,False,0.004038424172124758
node-var,240,sfa,cosmoothed,774875821,816200189,False,0.0012027486899157402
node-var,240,sfa,cosmoothed,774875821,847657808,False,0.07473905806901977
node-var,240,sfa,cosmoothed,778240327,766640955,False,0.026819277790466382
node-var,240,sfa,cosmoothed,778240327,767871931,False,0.012992223784832852
node-var,240,sfa,cosmoothed,778240327,771160300,False,0.022148762328133707
node-var,240,sfa,cosmoothed,778240327,771990200,False,0.15905912746273254
node-var,240,sfa,cosmoothed,778240327,774875821,False,0.0009509468143287168
node-var,240,sfa,cosmoothed,778240327,778240327,True,0.7890177956825832
node-var,240,sfa,cosmoothed,778240327,778998620,False,0.03408426550279472
node-var,240,sfa,cosmoothed,778240327,779839471,False,0.0008309518775391133
node-var,240,sfa,cosmoothed,778240327,781842082,False,0.013493242232844161
node-var,240,sfa,cosmoothed,778240327,787025148,False,0.08197868524307277
node-var,240,sfa,cosmoothed,778240327,789848216,False,0.04494749419635794
node-var,240,sfa,cosmoothed,778240327,793224716,False,0.08503399129087116
node-var,240,sfa,cosmoothed,778240327,794812542,False,0.08180261402294305
node-var,240,sfa,cosmoothed,778240327,816200189,False,0.0015412351154540569
node-var,240,sfa,cosmoothed,778240327,847657808,False,0.10642962762033889
node-var,240,sfa,cosmoothed,778998620,766640955,False,0.08946670911500378
node-var,240,sfa,cosmoothed,778998620,767871931,False,0.5321032895914081
node-var,240,sfa,cosmoothed,778998620,771160300,False,0.45010608180173517
node-var,240,sfa,cosmoothed,778998620,771990200,False,0.7632491972410281
node-var,240,sfa,cosmoothed,778998620,774875821,False,0.11764053981562057
node-var,240,sfa,cosmoothed,778998620,778240327,False,0.09525939691147506
node-var,240,sfa,cosmoothed,778998620,778998620,True,0.8203544041021781
node-var,240,sfa,cosmoothed,778998620,779839471,False,0.3607848358259714
node-var,240,sfa,cosmoothed,778998620,781842082,False,0.2630966754211808
node-var,240,sfa,cosmoothed,778998620,787025148,False,0.4623936236289181
node-var,240,sfa,cosmoothed,778998620,789848216,False,0.001472658039365865
node-var,240,sfa,cosmoothed,778998620,793224716,False,0.040690294537535844
node-var,240,sfa,cosmoothed,778998620,794812542,False,0.25088508980744667
node-var,240,sfa,cosmoothed,778998620,816200189,False,0.26071707793353144
node-var,240,sfa,cosmoothed,778998620,847657808,False,0.31774068638159736
node-var,240,sfa,cosmoothed,779839471,766640955,False,0.33349841184224793
node-var,240,sfa,cosmoothed,779839471,767871931,False,0.46772545087482065
node-var,240,sfa,cosmoothed,779839471,771160300,False,0.7310548891765916
node-var,240,sfa,cosmoothed,779839471,771990200,False,0.8148039580360376
node-var,240,sfa,cosmoothed,779839471,774875821,False,0.16557831806669682
node-var,240,sfa,cosmoothed,779839471,778240327,False,0.027741888936942894
node-var,240,sfa,cosmoothed,779839471,778998620,False,0.8468508282469658
node-var,240,sfa,cosmoothed,779839471,779839471,True,0.8038259186292765
node-var,240,sfa,cosmoothed,779839471,781842082,False,0.006272383604459235
node-var,240,sfa,cosmoothed,779839471,787025148,False,0.6263318595278706
node-var,240,sfa,cosmoothed,779839471,789848216,False,0.09254228694079686
node-var,240,sfa,cosmoothed,779839471,793224716,False,0.10145006215396563
node-var,240,sfa,cosmoothed,779839471,794812542,False,0.33937361825267726
node-var,240,sfa,cosmoothed,779839471,816200189,False,0.18233124184107774
node-var,240,sfa,cosmoothed,779839471,847657808,False,0.25087770678276644
node-var,240,sfa,cosmoothed,781842082,766640955,False,0.04953392865700429
node-var,240,sfa,cosmoothed,781842082,767871931,False,0.14572109425886567
node-var,240,sfa,cosmoothed,781842082,771160300,False,0.0068737794761209925
node-var,240,sfa,cosmoothed,781842082,771990200,False,0.0551805761540619
node-var,240,sfa,cosmoothed,781842082,774875821,False,0.0011508862251840804
node-var,240,sfa,cosmoothed,781842082,778240327,False,0.0012848165460556764
node-var,240,sfa,cosmoothed,781842082,778998620,False,0.06255918733967565
node-var,240,sfa,cosmoothed,781842082,779839471,False,0.02495574322126519
node-var,240,sfa,cosmoothed,781842082,781842082,True,0.9314444620680188
node-var,240,sfa,cosmoothed,781842082,787025148,False,0.0008932723608486829
node-var,240,sfa,cosmoothed,781842082,789848216,False,0.30283543830415494
node-var,240,sfa,cosmoothed,781842082,793224716,False,0.0045579450974568315
node-var,240,sfa,cosmoothed,781842082,794812542,False,0.007112381693409226
node-var,240,sfa,cosmoothed,781842082,816200189,False,0.06830635286525613
node-var,240,sfa,cosmoothed,781842082,847657808,False,0.09782621089361486
node-var,240,sfa,cosmoothed,787025148,766640955,False,0.0024997277582646865
node-var,240,sfa,cosmoothed,787025148,767871931,False,0.027153003021809136
node-var,240,sfa,cosmoothed,787025148,771160300,False,0.355631613959433
node-var,240,sfa,cosmoothed,787025148,771990200,False,0.2861159160831485
node-var,240,sfa,cosmoothed,787025148,774875821,False,0.0010888353341261118
node-var,240,sfa,cosmoothed,787025148,778240327,False,0.28940607092991344
node-var,240,sfa,cosmoothed,787025148,778998620,False,0.23042410524527507
node-var,240,sfa,cosmoothed,787025148,779839471,False,0.3118675760696942
node-var,240,sfa,cosmoothed,787025148,781842082,False,0.07200954458621243
node-var,240,sfa,cosmoothed,787025148,787025148,True,0.868868997901054
node-var,240,sfa,cosmoothed,787025148,789848216,False,0.041691011337464744
node-var,240,sfa,cosmoothed,787025148,793224716,False,0.09576324043503445
node-var,240,sfa,cosmoothed,787025148,794812542,False,0.3599886521728368
node-var,240,sfa,cosmoothed,787025148,816200189,False,0.14635136918674196
node-var,240,sfa,cosmoothed,787025148,847657808,False,0.30391542413783995
node-var,240,sfa,cosmoothed,789848216,766640955,False,0.30175345357196254
node-var,240,sfa,cosmoothed,789848216,767871931,False,0.34598054815774665
node-var,240,sfa,cosmoothed,789848216,771160300,False,0.2689247593399174
node-var,240,sfa,cosmoothed,789848216,771990200,False,0.31829059793544495
node-var,240,sfa,cosmoothed,789848216,774875821,False,0.30217357181649246
node-var,240,sfa,cosmoothed,789848216,778240327,False,5.3489886738886165e-05
node-var,240,sfa,cosmoothed,789848216,778998620,False,0.4677413097504673
node-var,240,sfa,cosmoothed,789848216,779839471,False,0.7476278568903604
node-var,240,sfa,cosmoothed,789848216,781842082,False,0.16499456556238698
node-var,240,sfa,cosmoothed,789848216,787025148,False,0.33578921596830585
node-var,240,sfa,cosmoothed,789848216,789848216,True,0.6508444304182271
node-var,240,sfa,cosmoothed,789848216,793224716,False,0.022357097305739405
node-var,240,sfa,cosmoothed,789848216,794812542,False,0.03776111238521312
node-var,240,sfa,cosmoothed,789848216,816200189,False,0.07674742404577085
node-var,240,sfa,cosmoothed,789848216,847657808,False,0.004900869397066152
node-var,240,sfa,cosmoothed,793224716,766640955,False,0.006163721990215742
node-var,240,sfa,cosmoothed,793224716,767871931,False,0.019108020544589953
node-var,240,sfa,cosmoothed,793224716,771160300,False,0.35592294243899214
node-var,240,sfa,cosmoothed,793224716,771990200,False,0.05931919243257986
node-var,240,sfa,cosmoothed,793224716,774875821,False,0.07296718461091435
node-var,240,sfa,cosmoothed,793224716,778240327,False,0.006111223544818185
node-var,240,sfa,cosmoothed,793224716,778998620,False,0.006101600709890981
node-var,240,sfa,cosmoothed,793224716,779839471,False,0.00721587359012738
node-var,240,sfa,cosmoothed,793224716,781842082,False,0.0032833497593229683
node-var,240,sfa,cosmoothed,793224716,787025148,False,0.08495829566864056
node-var,240,sfa,cosmoothed,793224716,789848216,False,0.01953645868871677
node-var,240,sfa,cosmoothed,793224716,793224716,True,0.6880254872164278
node-var,240,sfa,cosmoothed,793224716,794812542,False,0.061234656328515547
node-var,240,sfa,cosmoothed,793224716,816200189,False,0.10398866530201276
node-var,240,sfa,cosmoothed,793224716,847657808,False,0.05141218076004373
node-var,240,sfa,cosmoothed,794812542,766640955,False,0.009651189975985202
node-var,240,sfa,cosmoothed,794812542,767871931,False,0.008860071864359775
node-var,240,sfa,cosmoothed,794812542,771160300,False,0.27904132590242275
node-var,240,sfa,cosmoothed,794812542,771990200,False,0.19120192316218237
node-var,240,sfa,cosmoothed,794812542,774875821,False,0.05322011710075
node-var,240,sfa,cosmoothed,794812542,778240327,False,0.04933412326599765
node-var,240,sfa,cosmoothed,794812542,778998620,False,0.18272866835691204
node-var,240,sfa,cosmoothed,794812542,779839471,False,0.26737751056534687
node-var,240,sfa,cosmoothed,794812542,781842082,False,0.007727371105302335
node-var,240,sfa,cosmoothed,794812542,787025148,False,0.530828568132193
node-var,240,sfa,cosmoothed,794812542,789848216,False,0.020983882683537243
node-var,240,sfa,cosmoothed,794812542,793224716,False,0.10955846761036163
node-var,240,sfa,cosmoothed,794812542,794812542,True,0.8399802725987159
node-var,240,sfa,cosmoothed,794812542,816200189,False,0.006073935014191373
node-var,240,sfa,cosmoothed,794812542,847657808,False,0.5994226754642625
node-var,240,sfa,cosmoothed,816200189,766640955,False,0.013443488530121651
node-var,240,sfa,cosmoothed,816200189,767871931,False,0.27158813354282285
node-var,240,sfa,cosmoothed,816200189,771160300,False,0.014529229007586039
node-var,240,sfa,cosmoothed,816200189,771990200,False,0.097280895263107
node-var,240,sfa,cosmoothed,816200189,774875821,False,0.12164895377547108
node-var,240,sfa,cosmoothed,816200189,778240327,False,0.13309016393121653
node-var,240,sfa,cosmoothed,816200189,778998620,False,0.14161813275801044
node-var,240,sfa,cosmoothed,816200189,779839471,False,0.012045549807126582
node-var,240,sfa,cosmoothed,816200189,781842082,False,0.1486525818987407
node-var,240,sfa,cosmoothed,816200189,787025148,False,0.11777664887684494
node-var,240,sfa,cosmoothed,816200189,789848216,False,0.033671046569222776
node-var,240,sfa,cosmoothed,816200189,793224716,False,0.016061543072595684
node-var,240,sfa,cosmoothed,816200189,794812542,False,0.09400189639876919
node-var,240,sfa,cosmoothed,816200189,816200189,True,0.7457819934191942
node-var,240,sfa,cosmoothed,816200189,847657808,False,0.005372634590771131
node-var,240,sfa,cosmoothed,847657808,766640955,False,0.056138485358864745
node-var,240,sfa,cosmoothed,847657808,767871931,False,0.040284927107462544
node-var,240,sfa,cosmoothed,847657808,771160300,False,0.13651797323059894
node-var,240,sfa,cosmoothed,847657808,771990200,False,0.1480383783462345
node-var,240,sfa,cosmoothed,847657808,774875821,False,0.05225275014900619
node-var,240,sfa,cosmoothed,847657808,778240327,False,0.3057816630317221
node-var,240,sfa,cosmoothed,847657808,778998620,False,0.13937524288061268
node-var,240,sfa,cosmoothed,847657808,779839471,False,0.05426287567971688
node-var,240,sfa,cosmoothed,847657808,781842082,False,0.07359713063953116
node-var,240,sfa,cosmoothed,847657808,787025148,False,0.5457837704866404
node-var,240,sfa,cosmoothed,847657808,789848216,False,0.1041857266280735
node-var,240,sfa,cosmoothed,847657808,793224716,False,0.03661316163231575
node-var,240,sfa,cosmoothed,847657808,794812542,False,0.37025768748542837
node-var,240,sfa,cosmoothed,847657808,816200189,False,0.21854786727220624
node-var,240,sfa,cosmoothed,847657808,847657808,True,0.7209064314474566
node-var,300,sfa,cosmoothed,766640955,766640955,True,0.3017236639942789
node-var,300,sfa,cosmoothed,766640955,767871931,False,0.010979424337335324
node-var,300,sfa,cosmoothed,766640955,771160300,False,0.037721814533065744
node-var,300,sfa,cosmoothed,766640955,771990200,False,0.008593715509209421
node-var,300,sfa,cosmoothed,766640955,774875821,False,0.07725022036377875
node-var,300,sfa,cosmoothed,766640955,778240327,False,0.010043498486340376
node-var,300,sfa,cosmoothed,766640955,778998620,False,0.00048741776427053366
node-var,300,sfa,cosmoothed,766640955,779839471,False,0.014636860952092278
node-var,300,sfa,cosmoothed,766640955,781842082,False,0.22027405342770828
node-var,300,sfa,cosmoothed,766640955,787025148,False,0.035225877356752
node-var,300,sfa,cosmoothed,766640955,789848216,False,0.038006003257920015
node-var,300,sfa,cosmoothed,766640955,793224716,False,0.04426825059113176
node-var,300,sfa,cosmoothed,766640955,794812542,False,0.002792282325560735
node-var,300,sfa,cosmoothed,766640955,816200189,False,0.26556454540571606
node-var,300,sfa,cosmoothed,766640955,847657808,False,0.052962344671134254
node-var,300,sfa,cosmoothed,767871931,766640955,False,0.1376332622636384
node-var,300,sfa,cosmoothed,767871931,767871931,True,0.8176053429062458
node-var,300,sfa,cosmoothed,767871931,771160300,False,0.2168764736679026
node-var,300,sfa,cosmoothed,767871931,771990200,False,0.4148022023754099
node-var,300,sfa,cosmoothed,767871931,774875821,False,0.33840441546609507
node-var,300,sfa,cosmoothed,767871931,778240327,False,0.0016192418165193677
node-var,300,sfa,cosmoothed,767871931,778998620,False,0.559080158166369
node-var,300,sfa,cosmoothed,767871931,779839471,False,0.2276621130687051
node-var,300,sfa,cosmoothed,767871931,781842082,False,0.47997230694062337
node-var,300,sfa,cosmoothed,767871931,787025148,False,0.12332236453417618
node-var,300,sfa,cosmoothed,767871931,789848216,False,0.00454380404231289
node-var,300,sfa,cosmoothed,767871931,793224716,False,0.0008418015083424325
node-var,300,sfa,cosmoothed,767871931,794812542,False,0.013762968712425203
node-var,300,sfa,cosmoothed,767871931,816200189,False,0.2446320884502109
node-var,300,sfa,cosmoothed,767871931,847657808,False,0.04863849436906735
node-var,300,sfa,cosmoothed,771160300,766640955,False,0.3461939955642103
node-var,300,sfa,cosmoothed,771160300,767871931,False,0.5441218619317403
node-var,300,sfa,cosmoothed,771160300,771160300,True,0.9160082301845053
node-var,300,sfa,cosmoothed,771160300,771990200,False,0.6982060060961754
node-var,300,sfa,cosmoothed,771160300,774875821,False,0.13691988965198373
node-var,300,sfa,cosmoothed,771160300,778240327,False,0.00383640809031745
node-var,300,sfa,cosmoothed,771160300,778998620,False,0.756635049589323
node-var,300,sfa,cosmoothed,771160300,779839471,False,0.8038034221013411
node-var,300,sfa,cosmoothed,771160300,781842082,False,0.016032650278893185
node-var,300,sfa,cosmoothed,771160300,787025148,False,0.6271842029260853
node-var,300,sfa,cosmoothed,771160300,789848216,False,0.13026181606230056
node-var,300,sfa,cosmoothed,771160300,793224716,False,0.15617889084543973
node-var,300,sfa,cosmoothed,771160300,794812542,False,0.357921157669248
node-var,300,sfa,cosmoothed,771160300,816200189,False,0.2580970773127625
node-var,300,sfa,cosmoothed,771160300,847657808,False,0.29362307884140804
node-var,300,sfa,cosmoothed,771990200,766640955,False,0.42852450487961996
node-var,300,sfa,cosmoothed,771990200,767871931,False,0.7472007806157088
node-var,300,sfa,cosmoothed,771990200,771160300,False,0.6368181125636944
node-var,300,sfa,cosmoothed,771990200,771990200,True,0.8962457522729492
node-var,300,sfa,cosmoothed,771990200,774875821,False,0.36087138335755364
node-var,300,sfa,cosmoothed,771990200,778240327,False,0.024866485206978258
node-var,300,sfa,cosmoothed,771990200,778998620,False,0.9363526207036158
node-var,300,sfa,cosmoothed,771990200,779839471,False,0.6372331519509845
node-var,300,sfa,cosmoothed,771990200,781842082,False,0.1515531546332428
node-var,300,sfa,cosmoothed,771990200,787025148,False,0.39983214014000046
node-var,300,sfa,cosmoothed,771990200,789848216,False,0.0484859004284096
node-var,300,sfa,cosmoothed,771990200,793224716,False,0.07404210127554224
node-var,300,sfa,cosmoothed,771990200,794812542,False,0.26527522905780465
node-var,300,sfa,cosmoothed,771990200,816200189,False,0.18655982276702374
node-var,300,sfa,cosmoothed,771990200,847657808,False,0.19614124520603857
node-var,300,sfa,cosmoothed,774875821,766640955,False,0.1745019547462647
node-var,300,sfa,cosmoothed,774875821,767871931,False,0.34491162072686715
node-var,300,sfa,cosmoothed,774875821,771160300,False,0.02612816408834547
node-var,300,sfa,cosmoothed,774875821,771990200,False,0.3564963324707905
node-var,300,sfa,cosmoothed,774875821,774875821,True,0.7825259388287769
node-var,300,sfa,cosmoothed,774875821,778240327,False,0.023120988154187713
node-var,300,sfa,cosmoothed,774875821,778998620,False,0.37493762243092005
node-var,300,sfa,cosmoothed,774875821,779839471,False,0.11316697331197471
node-var,300,sfa,cosmoothed,774875821,781842082,False,0.12025665920291045
node-var,300,sfa,cosmoothed,774875821,787025148,False,0.012667547283035064
node-var,300,sfa,cosmoothed,774875821,789848216,False,0.015166940415599692
node-var,300,sfa,cosmoothed,774875821,793224716,False,0.0004412200105653404
node-var,300,sfa,cosmoothed,774875821,794812542,False,0.00856694390325335
node-var,300,sfa,cosmoothed,774875821,816200189,False,0.0018078753158930533
node-var,300,sfa,cosmoothed,774875821,847657808,False,0.00875642552611039
node-var,300,sfa,cosmoothed,778240327,766640955,False,0.011411927233977425
node-var,300,sfa,cosmoothed,778240327,767871931,False,0.01979034730172602
node-var,300,sfa,cosmoothed,778240327,771160300,False,0.036010335731771655
node-var,300,sfa,cosmoothed,778240327,771990200,False,0.15595014539323887
node-var,300,sfa,cosmoothed,778240327,774875821,False,5.87777092649258e-05
node-var,300,sfa,cosmoothed,778240327,778240327,True,0.7899851891507524
node-var,300,sfa,cosmoothed,778240327,778998620,False,0.05473017992536271
node-var,300,sfa,cosmoothed,778240327,779839471,False,0.002276297501733943
node-var,300,sfa,cosmoothed,778240327,781842082,False,0.006601063362256035
node-var,300,sfa,cosmoothed,778240327,787025148,False,0.0836483838559367
node-var,300,sfa,cosmoothed,778240327,789848216,False,0.016595338350539467
node-var,300,sfa,cosmoothed,778240327,793224716,False,0.1275313187898232
node-var,300,sfa,cosmoothed,778240327,794812542,False,0.22974548226032057
node-var,300,sfa,cosmoothed,778240327,816200189,False,3.4211959063858015e-05
node-var,300,sfa,cosmoothed,778240327,847657808,False,0.17513676762306385
node-var,300,sfa,cosmoothed,778998620,766640955,False,0.12922965416933477
node-var,300,sfa,cosmoothed,778998620,767871931,False,0.5624790200127454
node-var,300,sfa,cosmoothed,778998620,771160300,False,0.5564688254739472
node-var,300,sfa,cosmoothed,778998620,771990200,False,0.7902818951582168
node-var,300,sfa,cosmoothed,778998620,774875821,False,0.16967720874401693
node-var,300,sfa,cosmoothed,778998620,778240327,False,0.16323716860500795
node-var,300,sfa,cosmoothed,778998620,778998620,True,0.828485315604392
node-var,300,sfa,cosmoothed,778998620,779839471,False,0.38595697788138833
node-var,300,sfa,cosmoothed,778998620,781842082,False,0.2896901525602431
node-var,300,sfa,cosmoothed,778998620,787025148,False,0.4990239112223817
node-var,300,sfa,cosmoothed,778998620,789848216,False,0.0017487942068084505
node-var,300,sfa,cosmoothed,778998620,793224716,False,0.10391057030671527
node-var,300,sfa,cosmoothed,778998620,794812542,False,0.3624067534405572
node-var,300,sfa,cosmoothed,778998620,816200189,False,0.28976273146632503
node-var,300,sfa,cosmoothed,778998620,847657808,False,0.39145268844467285
node-var,300,sfa,cosmoothed,779839471,766640955,False,0.3447394733491319
node-var,300,sfa,cosmoothed,779839471,767871931,False,0.560486956623222
node-var,300,sfa,cosmoothed,779839471,771160300,False,0.8304874320706299
node-var,300,sfa,cosmoothed,779839471,771990200,False,0.8125634627084043
node-var,300,sfa,cosmoothed,779839471,774875821,False,0.25278046632748047
node-var,300,sfa,cosmoothed,779839471,778240327,False,0.057990490072811485
node-var,300,sfa,cosmoothed,779839471,778998620,False,0.8688601336970343
node-var,300,sfa,cosmoothed,779839471,779839471,True,0.8250875194040175
node-var,300,sfa,cosmoothed,779839471,781842082,False,0.01725341093872057
node-var,300,sfa,cosmoothed,779839471,787025148,False,0.6733993628305817
node-var,300,sfa,cosmoothed,779839471,789848216,False,0.13179016359750548
node-var,300,sfa,cosmoothed,779839471,793224716,False,0.1316222727876449
node-var,300,sfa,cosmoothed,779839471,794812542,False,0.388945073285079
node-var,300,sfa,cosmoothed,779839471,816200189,False,0.2708794392131493
node-var,300,sfa,cosmoothed,779839471,847657808,False,0.2949022795779255
node-var,300,sfa,cosmoothed,781842082,766640955,False,0.04632581645534692
node-var,300,sfa,cosmoothed,781842082,767871931,False,0.1357945401760054
node-var,300,sfa,cosmoothed,781842082,771160300,False,0.020191140947422775
node-var,300,sfa,cosmoothed,781842082,771990200,False,0.08363672427812413
node-var,300,sfa,cosmoothed,781842082,774875821,False,3.662991751152797e-05
node-var,300,sfa,cosmoothed,781842082,778240327,False,0.013657212846315063
node-var,300,sfa,cosmoothed,781842082,778998620,False,0.08126509893727979
node-var,300,sfa,cosmoothed,781842082,779839471,False,0.018810259467197422
node-var,300,sfa,cosmoothed,781842082,781842082,True,0.9468327612038709
node-var,300,sfa,cosmoothed,781842082,787025148,False,0.0058812186029969515
node-var,300,sfa,cosmoothed,781842082,789848216,False,0.37829602440369187
node-var,300,sfa,cosmoothed,781842082,793224716,False,0.02711910421658396
node-var,300,sfa,cosmoothed,781842082,794812542,False,0.022066730881286127
node-var,300,sfa,cosmoothed,781842082,816200189,False,0.08490068825651545
node-var,300,sfa,cosmoothed,781842082,847657808,False,0.11980063149606543
node-var,300,sfa,cosmoothed,787025148,766640955,False,0.015055744359756316
node-var,300,sfa,cosmoothed,787025148,767871931,False,0.07193394857247593
node-var,300,sfa,cosmoothed,787025148,771160300,False,0.4765422265036042
node-var,300,sfa,cosmoothed,787025148,771990200,False,0.3177733284311846
node-var,300,sfa,cosmoothed,787025148,774875821,False,0.002370475886450946
node-var,300,sfa,cosmoothed,787025148,778240327,False,0.34416482987494756
node-var,300,sfa,cosmoothed,787025148,778998620,False,0.2763227988751249
node-var,300,sfa,cosmoothed,787025148,779839471,False,0.3889693329743916
node-var,300,sfa,cosmoothed,787025148,781842082,False,0.04303335919874077
node-var,300,sfa,cosmoothed,787025148,787025148,True,0.8925651666497796
node-var,300,sfa,cosmoothed,787025148,789848216,False,0.0843244349058446
node-var,300,sfa,cosmoothed,787025148,793224716,False,0.1308799054399391
node-var,300,sfa,cosmoothed,787025148,794812542,False,0.4622336102730093
node-var,300,sfa,cosmoothed,787025148,816200189,False,0.22476859729674095
node-var,300,sfa,cosmoothed,787025148,847657808,False,0.46075842433971975
node-var,300,sfa,cosmoothed,789848216,766640955,False,0.4332110640159002
node-var,300,sfa,cosmoothed,789848216,767871931,False,0.4229512003363384
node-var,300,sfa,cosmoothed,789848216,771160300,False,0.37676233892174144
node-var,300,sfa,cosmoothed,789848216,771990200,False,0.3871881601475933
node-var,300,sfa,cosmoothed,789848216,774875821,False,0.3758176151888154
node-var,300,sfa,cosmoothed,789848216,778240327,False,0.0012947869869979558
node-var,300,sfa,cosmoothed,789848216,778998620,False,0.522722289183787
node-var,300,sfa,cosmoothed,789848216,779839471,False,0.8514822184078135
node-var,300,sfa,cosmoothed,789848216,781842082,False,0.14147462760637017
node-var,300,sfa,cosmoothed,789848216,787025148,False,0.4270501591268849
node-var,300,sfa,cosmoothed,789848216,789848216,True,0.6441090478771668
node-var,300,sfa,cosmoothed,789848216,793224716,False,0.001333674791747476
node-var,300,sfa,cosmoothed,789848216,794812542,False,0.10696319150903766
node-var,300,sfa,cosmoothed,789848216,816200189,False,0.09182342305687757
node-var,300,sfa,cosmoothed,789848216,847657808,False,0.039158126640709924
node-var,300,sfa,cosmoothed,793224716,766640955,False,0.003772948799387025
node-var,300,sfa,cosmoothed,793224716,767871931,False,0.00019675248825846333
node-var,300,sfa,cosmoothed,793224716,771160300,False,0.43307785580865354
node-var,300,sfa,cosmoothed,793224716,771990200,False,0.09418672865066108
node-var,300,sfa,cosmoothed,793224716,774875821,False,0.03279777873224753
node-var,300,sfa,cosmoothed,793224716,778240327,False,0.00631680745289222
node-var,300,sfa,cosmoothed,793224716,778998620,False,0.034004742152625216
node-var,300,sfa,cosmoothed,793224716,779839471,False,0.03746919071313116
node-var,300,sfa,cosmoothed,793224716,781842082,False,0.008256214590206453
node-var,300,sfa,cosmoothed,793224716,787025148,False,0.14653694786225674
node-var,300,sfa,cosmoothed,793224716,789848216,False,0.0002834540310810624
node-var,300,sfa,cosmoothed,793224716,793224716,True,0.6686417511116763
node-var,300,sfa,cosmoothed,793224716,794812542,False,0.060086136226321654
node-var,300,sfa,cosmoothed,793224716,816200189,False,0.16754087489324265
node-var,300,sfa,cosmoothed,793224716,847657808,False,0.06303045300639891
node-var,300,sfa,cosmoothed,794812542,766640955,False,0.005716815068635402
node-var,300,sfa,cosmoothed,794812542,767871931,False,0.0497214104319189
node-var,300,sfa,cosmoothed,794812542,771160300,False,0.3517832490329419
node-var,300,sfa,cosmoothed,794812542,771990200,False,0.2546490163253131
node-var,300,sfa,cosmoothed,794812542,774875821,False,0.011337961528464387
node-var,300,sfa,cosmoothed,794812542,778240327,False,0.2247416286680457
node-var,300,sfa,cosmoothed,794812542,778998620,False,0.23826184437696116
node-var,300,sfa,cosmoothed,794812542,779839471,False,0.2741288984164503
node-var,300,sfa,cosmoothed,794812542,781842082,False,0.0037571021578595553
node-var,300,sfa,cosmoothed,794812542,787025148,False,0.6517937337677144
node-var,300,sfa,cosmoothed,794812542,789848216,False,0.0053672373685329676
node-var,300,sfa,cosmoothed,794812542,793224716,False,0.08180207374228551
node-var,300,sfa,cosmoothed,794812542,794812542,True,0.8287253936954263
node-var,300,sfa,cosmoothed,794812542,816200189,False,0.041131747791576176
node-var,300,sfa,cosmoothed,794812542,847657808,False,0.6700131383113833
node-var,300,sfa,cosmoothed,816200189,766640955,False,3.922108376246029e-05
node-var,300,sfa,cosmoothed,816200189,767871931,False,0.35343576078967776
node-var,300,sfa,cosmoothed,816200189,771160300,False,0.1291509757611442
node-var,300,sfa,cosmoothed,816200189,771990200,False,0.16430869315540708
node-var,300,sfa,cosmoothed,816200189,774875821,False,0.1444698970639213
node-var,300,sfa,cosmoothed,816200189,778240327,False,0.08404110431621745
node-var,300,sfa,cosmoothed,816200189,778998620,False,0.23504570844955544
node-var,300,sfa,cosmoothed,816200189,779839471,False,0.0743355027740684
node-var,300,sfa,cosmoothed,816200189,781842082,False,0.18451281843932726
node-var,300,sfa,cosmoothed,816200189,787025148,False,0.16753127591626868
node-var,300,sfa,cosmoothed,816200189,789848216,False,0.06310094900676216
node-var,300,sfa,cosmoothed,816200189,793224716,False,0.00038791297426648636
node-var,300,sfa,cosmoothed,816200189,794812542,False,0.015884032198284985
node-var,300,sfa,cosmoothed,816200189,816200189,True,0.7466666630277391
node-var,300,sfa,cosmoothed,816200189,847657808,False,0.03627515385934062
node-var,300,sfa,cosmoothed,847657808,766640955,False,0.05817353831755453
node-var,300,sfa,cosmoothed,847657808,767871931,False,0.0550473148264047
node-var,300,sfa,cosmoothed,847657808,771160300,False,0.20032087231529788
node-var,300,sfa,cosmoothed,847657808,771990200,False,0.16967504347093462
node-var,300,sfa,cosmoothed,847657808,774875821,False,0.030289548795322616
node-var,300,sfa,cosmoothed,847657808,778240327,False,0.4556312000232463
node-var,300,sfa,cosmoothed,847657808,778998620,False,0.1550391305166147
node-var,300,sfa,cosmoothed,847657808,779839471,False,0.06752778217071008
node-var,300,sfa,cosmoothed,847657808,781842082,False,0.07729540411437454
node-var,300,sfa,cosmoothed,847657808,787025148,False,0.5830808967612009
node-var,300,sfa,cosmoothed,847657808,789848216,False,0.059128982247066024
node-var,300,sfa,cosmoothed,847657808,793224716,False,0.06669042228796533
node-var,300,sfa,cosmoothed,847657808,794812542,False,0.42638027634269005
node-var,300,sfa,cosmoothed,847657808,816200189,False,0.23852285591805095
node-var,300,sfa,cosmoothed,847657808,847657808,True,0.7888642833045936
node-var,450,sfa,cosmoothed,766640955,766640955,True,0.0858901002059263
node-var,450,sfa,cosmoothed,766640955,767871931,False,0.14970741115782746
node-var,450,sfa,cosmoothed,766640955,771160300,False,0.23208581306522183
node-var,450,sfa,cosmoothed,766640955,771990200,False,0.08424639243372094
node-var,450,sfa,cosmoothed,766640955,774875821,False,0.004250362752055748
node-var,450,sfa,cosmoothed,766640955,778240327,False,0.02989288064701012
node-var,450,sfa,cosmoothed,766640955,778998620,False,0.09301066016019112
node-var,450,sfa,cosmoothed,766640955,779839471,False,0.031543856343178675
node-var,450,sfa,cosmoothed,766640955,781842082,False,0.24714694384274394
node-var,450,sfa,cosmoothed,766640955,787025148,False,0.21880150182497457
node-var,450,sfa,cosmoothed,766640955,789848216,False,0.0014439757575164976
node-var,450,sfa,cosmoothed,766640955,793224716,False,0.19016152270918288
node-var,450,sfa,cosmoothed,766640955,794812542,False,0.07887854510791567
node-var,450,sfa,cosmoothed,766640955,816200189,False,0.37661713399174146
node-var,450,sfa,cosmoothed,766640955,847657808,False,0.1876528075197809
node-var,450,sfa,cosmoothed,767871931,766640955,False,0.21483483892304028
node-var,450,sfa,cosmoothed,767871931,767871931,True,0.8527472542135814
node-var,450,sfa,cosmoothed,767871931,771160300,False,0.6620179862580824
node-var,450,sfa,cosmoothed,767871931,771990200,False,0.7666813130385969
node-var,450,sfa,cosmoothed,767871931,774875821,False,0.3604305749484776
node-var,450,sfa,cosmoothed,767871931,778240327,False,0.040253639353807456
node-var,450,sfa,cosmoothed,767871931,778998620,False,0.8119347958234331
node-var,450,sfa,cosmoothed,767871931,779839471,False,0.4371211081586099
node-var,450,sfa,cosmoothed,767871931,781842082,False,0.5192187002416803
node-var,450,sfa,cosmoothed,767871931,787025148,False,0.38504536739610734
node-var,450,sfa,cosmoothed,767871931,789848216,False,5.53357756312982e-07
node-var,450,sfa,cosmoothed,767871931,793224716,False,0.5335804146982467
node-var,450,sfa,cosmoothed,767871931,794812542,False,0.4010073489508005
node-var,450,sfa,cosmoothed,767871931,816200189,False,0.43176015588628175
node-var,450,sfa,cosmoothed,767871931,847657808,False,0.365295659657133
node-var,450,sfa,cosmoothed,771160300,766640955,False,0.34917188765448065
node-var,450,sfa,cosmoothed,771160300,767871931,False,0.8788055259305918
node-var,450,sfa,cosmoothed,771160300,771160300,True,0.9535273345086182
node-var,450,sfa,cosmoothed,771160300,771990200,False,0.7609582861415469
node-var,450,sfa,cosmoothed,771160300,774875821,False,0.37587579047495456
node-var,450,sfa,cosmoothed,771160300,778240327,False,0.05984600025668627
node-var,450,sfa,cosmoothed,771160300,778998620,False,0.8455865907721883
node-var,450,sfa,cosmoothed,771160300,779839471,False,0.8850187205204252
node-var,450,sfa,cosmoothed,771160300,781842082,False,0.07983600378620732
node-var,450,sfa,cosmoothed,771160300,787025148,False,0.7443638117996584
node-var,450,sfa,cosmoothed,771160300,789848216,False,0.17054757489203864
node-var,450,sfa,cosmoothed,771160300,793224716,False,0.5403355852066402
node-var,450,sfa,cosmoothed,771160300,794812542,False,0.5060238264478987
node-var,450,sfa,cosmoothed,771160300,816200189,False,0.6772782063238197
node-var,450,sfa,cosmoothed,771160300,847657808,False,0.4875871646072505
node-var,450,sfa,cosmoothed,771990200,766640955,False,0.3762079518461195
node-var,450,sfa,cosmoothed,771990200,767871931,False,0.8958624576664725
node-var,450,sfa,cosmoothed,771990200,771160300,False,0.781529862442544
node-var,450,sfa,cosmoothed,771990200,771990200,True,0.955495740149594
node-var,450,sfa,cosmoothed,771990200,774875821,False,0.47169956878314534
node-var,450,sfa,cosmoothed,771990200,778240327,False,0.10334496236710372
node-var,450,sfa,cosmoothed,771990200,778998620,False,0.974389461073842
node-var,450,sfa,cosmoothed,771990200,779839471,False,0.6909767397383119
node-var,450,sfa,cosmoothed,771990200,781842082,False,0.2795038591784246
node-var,450,sfa,cosmoothed,771990200,787025148,False,0.5508617027536743
node-var,450,sfa,cosmoothed,771990200,789848216,False,0.018840249132491462
node-var,450,sfa,cosmoothed,771990200,793224716,False,0.5820629631177053
node-var,450,sfa,cosmoothed,771990200,794812542,False,0.5895797271745769
node-var,450,sfa,cosmoothed,771990200,816200189,False,0.4494764171636316
node-var,450,sfa,cosmoothed,771990200,847657808,False,0.4574611378775678
node-var,450,sfa,cosmoothed,774875821,766640955,False,0.2774127008284832
node-var,450,sfa,cosmoothed,774875821,767871931,False,0.3636209419619726
node-var,450,sfa,cosmoothed,774875821,771160300,False,0.19932038560356194
node-var,450,sfa,cosmoothed,774875821,771990200,False,0.5139659954453383
node-var,450,sfa,cosmoothed,774875821,774875821,True,0.6295314803378584
node-var,450,sfa,cosmoothed,774875821,778240327,False,0.04596227580734394
node-var,450,sfa,cosmoothed,774875821,778998620,False,0.4891529684677281
node-var,450,sfa,cosmoothed,774875821,779839471,False,0.11670966142788501
node-var,450,sfa,cosmoothed,774875821,781842082,False,0.40302858232433186
node-var,450,sfa,cosmoothed,774875821,787025148,False,0.030694628292453376
node-var,450,sfa,cosmoothed,774875821,789848216,False,0.0252497994267448
node-var,450,sfa,cosmoothed,774875821,793224716,False,0.3175454788310604
node-var,450,sfa,cosmoothed,774875821,794812542,False,0.2335193400313125
node-var,450,sfa,cosmoothed,774875821,816200189,False,0.008416036524170148
node-var,450,sfa,cosmoothed,774875821,847657808,False,0.13300599840488989
node-var,450,sfa,cosmoothed,778240327,766640955,False,0.01207987042825062
node-var,450,sfa,cosmoothed,778240327,767871931,False,0.03209592776295443
node-var,450,sfa,cosmoothed,778240327,771160300,False,0.07130101986670309
node-var,450,sfa,cosmoothed,778240327,771990200,False,0.28153208905924076
node-var,450,sfa,cosmoothed,778240327,774875821,False,0.022047701774450694
node-var,450,sfa,cosmoothed,778240327,778240327,True,0.8383218758296184
node-var,450,sfa,cosmoothed,778240327,778998620,False,0.18296773931650892
node-var,450,sfa,cosmoothed,778240327,779839471,False,0.04238570242654666
node-var,450,sfa,cosmoothed,778240327,781842082,False,0.0476150797843679
node-var,450,sfa,cosmoothed,778240327,787025148,False,0.1696419351251918
node-var,450,sfa,cosmoothed,778240327,789848216,False,0.11738133876933814
node-var,450,sfa,cosmoothed,778240327,793224716,False,0.1157773475230884
node-var,450,sfa,cosmoothed,778240327,794812542,False,0.41355239997536114
node-var,450,sfa,cosmoothed,778240327,816200189,False,0.0007544442868630307
node-var,450,sfa,cosmoothed,778240327,847657808,False,0.24939052508791368
node-var,450,sfa,cosmoothed,778998620,766640955,False,0.1581423489306785
node-var,450,sfa,cosmoothed,778998620,767871931,False,0.73734332466553
node-var,450,sfa,cosmoothed,778998620,771160300,False,0.7162477236014231
node-var,450,sfa,cosmoothed,778998620,771990200,False,0.8983436433806374
node-var,450,sfa,cosmoothed,778998620,774875821,False,0.2702829546484066
node-var,450,sfa,cosmoothed,778998620,778240327,False,0.2599556921299609
node-var,450,sfa,cosmoothed,778998620,778998620,True,0.8898323952148249
node-var,450,sfa,cosmoothed,778998620,779839471,False,0.460562275447601
node-var,450,sfa,cosmoothed,778998620,781842082,False,0.4658274141820814
node-var,450,sfa,cosmoothed,778998620,787025148,False,0.5868479781901028
node-var,450,sfa,cosmoothed,778998620,789848216,False,0.0052448670408541025
node-var,450,sfa,cosmoothed,778998620,793224716,False,0.6500254384283263
node-var,450,sfa,cosmoothed,778998620,794812542,False,0.7333732830120959
node-var,450,sfa,cosmoothed,778998620,816200189,False,0.49657153721787983
node-var,450,sfa,cosmoothed,778998620,847657808,False,0.6508439184733299
node-var,450,sfa,cosmoothed,779839471,766640955,False,0.35670718565564874
node-var,450,sfa,cosmoothed,779839471,767871931,False,0.8648921322783879
node-var,450,sfa,cosmoothed,779839471,771160300,False,0.9017591227817705
node-var,450,sfa,cosmoothed,779839471,771990200,False,0.8611369587403076
node-var,450,sfa,cosmoothed,779839471,774875821,False,0.40278075608285313
node-var,450,sfa,cosmoothed,779839471,778240327,False,0.12260215446587445
node-var,450,sfa,cosmoothed,779839471,778998620,False,0.9162308365921731
node-var,450,sfa,cosmoothed,779839471,779839471,True,0.8630448400845651
node-var,450,sfa,cosmoothed,779839471,781842082,False,0.11196407260016686
node-var,450,sfa,cosmoothed,779839471,787025148,False,0.7605867233766352
node-var,450,sfa,cosmoothed,779839471,789848216,False,0.09745579850357691
node-var,450,sfa,cosmoothed,779839471,793224716,False,0.5872849870543662
node-var,450,sfa,cosmoothed,779839471,794812542,False,0.6387701505536348
node-var,450,sfa,cosmoothed,779839471,816200189,False,0.6306719597097674
node-var,450,sfa,cosmoothed,779839471,847657808,False,0.5646117474113723
node-var,450,sfa,cosmoothed,781842082,766640955,False,0.01059572497779489
node-var,450,sfa,cosmoothed,781842082,767871931,False,0.19803743895545137
node-var,450,sfa,cosmoothed,781842082,771160300,False,0.12518705939330566
node-var,450,sfa,cosmoothed,781842082,771990200,False,0.2896229152022336
node-var,450,sfa,cosmoothed,781842082,774875821,False,0.020591703360954894
node-var,450,sfa,cosmoothed,781842082,778240327,False,0.12321223826120324
node-var,450,sfa,cosmoothed,781842082,778998620,False,0.24509223060448262
node-var,450,sfa,cosmoothed,781842082,779839471,False,0.0008208447400969261
node-var,450,sfa,cosmoothed,781842082,781842082,True,0.9560634212352992
node-var,450,sfa,cosmoothed,781842082,787025148,False,0.07359831822793458
node-var,450,sfa,cosmoothed,781842082,789848216,False,0.35005845263455804
node-var,450,sfa,cosmoothed,781842082,793224716,False,0.3021555040880878
node-var,450,sfa,cosmoothed,781842082,794812542,False,0.24961012252701162
node-var,450,sfa,cosmoothed,781842082,816200189,False,0.135148759889033
node-var,450,sfa,cosmoothed,781842082,847657808,False,0.2576675430150589
node-var,450,sfa,cosmoothed,787025148,766640955,False,0.03137216908928689
node-var,450,sfa,cosmoothed,787025148,767871931,False,0.3845415736014142
node-var,450,sfa,cosmoothed,787025148,771160300,False,0.616428402393267
node-var,450,sfa,cosmoothed,787025148,771990200,False,0.4552574166959907
node-var,450,sfa,cosmoothed,787025148,774875821,False,0.03190049694646689
node-var,450,sfa,cosmoothed,787025148,778240327,False,0.37684956487174837
node-var,450,sfa,cosmoothed,787025148,778998620,False,0.4562376590512473
node-var,450,sfa,cosmoothed,787025148,779839471,False,0.582333362367324
node-var,450,sfa,cosmoothed,787025148,781842082,False,0.006489292911935553
node-var,450,sfa,cosmoothed,787025148,787025148,True,0.9543294495400697
node-var,450,sfa,cosmoothed,787025148,789848216,False,0.052457349122225626
node-var,450,sfa,cosmoothed,787025148,793224716,False,0.33978340800832724
node-var,450,sfa,cosmoothed,787025148,794812542,False,0.5941594780270032
node-var,450,sfa,cosmoothed,787025148,816200189,False,0.6632626358861237
node-var,450,sfa,cosmoothed,787025148,847657808,False,0.6527177066581624
node-var,450,sfa,cosmoothed,789848216,766640955,False,0.4469334300065102
node-var,450,sfa,cosmoothed,789848216,767871931,False,0.5886476717005885
node-var,450,sfa,cosmoothed,789848216,771160300,False,0.629633664019816
node-var,450,sfa,cosmoothed,789848216,771990200,False,0.4303829252884003
node-var,450,sfa,cosmoothed,789848216,774875821,False,0.395136152166051
node-var,450,sfa,cosmoothed,789848216,778240327,False,0.013630196890393576
node-var,450,sfa,cosmoothed,789848216,778998620,False,0.5295174995376999
node-var,450,sfa,cosmoothed,789848216,779839471,False,0.925584215234311
node-var,450,sfa,cosmoothed,789848216,781842082,False,0.03900735661659884
node-var,450,sfa,cosmoothed,789848216,787025148,False,0.5405440400925153
node-var,450,sfa,cosmoothed,789848216,789848216,True,0.5136321133473783
node-var,450,sfa,cosmoothed,789848216,793224716,False,0.17010953516661534
node-var,450,sfa,cosmoothed,789848216,794812542,False,0.23876571041859085
node-var,450,sfa,cosmoothed,789848216,816200189,False,0.3490953467028459
node-var,450,sfa,cosmoothed,789848216,847657808,False,0.21539251190517014
node-var,450,sfa,cosmoothed,793224716,766640955,False,0.11645619777592618
node-var,450,sfa,cosmoothed,793224716,767871931,False,0.4952304958680003
node-var,450,sfa,cosmoothed,793224716,771160300,False,0.7152539738880409
node-var,450,sfa,cosmoothed,793224716,771990200,False,0.4441502521678359
node-var,450,sfa,cosmoothed,793224716,774875821,False,0.10322494453525628
node-var,450,sfa,cosmoothed,793224716,778240327,False,0.023346516220155735
node-var,450,sfa,cosmoothed,793224716,778998620,False,0.4635624543137836
node-var,450,sfa,cosmoothed,793224716,779839471,False,0.5224814404954472
node-var,450,sfa,cosmoothed,793224716,781842082,False,0.08183160835836854
node-var,450,sfa,cosmoothed,793224716,787025148,False,0.6133061094496811
node-var,450,sfa,cosmoothed,793224716,789848216,False,0.08365629725549972
node-var,450,sfa,cosmoothed,793224716,793224716,True,0.687183282355435
node-var,450,sfa,cosmoothed,793224716,794812542,False,0.3461927737587969
node-var,450,sfa,cosmoothed,793224716,816200189,False,0.7597231124811535
node-var,450,sfa,cosmoothed,793224716,847657808,False,0.36605019411643624
node-var,450,sfa,cosmoothed,794812542,766640955,False,0.014764031094400871
node-var,450,sfa,cosmoothed,794812542,767871931,False,0.29309832252192425
node-var,450,sfa,cosmoothed,794812542,771160300,False,0.40953997707536066
node-var,450,sfa,cosmoothed,794812542,771990200,False,0.4306709810602356
node-var,450,sfa,cosmoothed,794812542,774875821,False,0.006075244639573529
node-var,450,sfa,cosmoothed,794812542,778240327,False,0.44205192143140226
node-var,450,sfa,cosmoothed,794812542,778998620,False,0.40911013345503183
node-var,450,sfa,cosmoothed,794812542,779839471,False,0.37945502080838456
node-var,450,sfa,cosmoothed,794812542,781842082,False,0.06987416716220372
node-var,450,sfa,cosmoothed,794812542,787025148,False,0.7609183066370583
node-var,450,sfa,cosmoothed,794812542,789848216,False,0.00041928394712350083
node-var,450,sfa,cosmoothed,794812542,793224716,False,0.314963372640505
node-var,450,sfa,cosmoothed,794812542,794812542,True,0.8207145614472161
node-var,450,sfa,cosmoothed,794812542,816200189,False,0.5885634035839101
node-var,450,sfa,cosmoothed,794812542,847657808,False,0.7430704873550348
node-var,450,sfa,cosmoothed,816200189,766640955,False,0.08384004502379211
node-var,450,sfa,cosmoothed,816200189,767871931,False,0.7297195038627888
node-var,450,sfa,cosmoothed,816200189,771160300,False,0.7257904781014526
node-var,450,sfa,cosmoothed,816200189,771990200,False,0.674447789134486
node-var,450,sfa,cosmoothed,816200189,774875821,False,0.18411235136934562
node-var,450,sfa,cosmoothed,816200189,778240327,False,0.09646915396275281
node-var,450,sfa,cosmoothed,816200189,778998620,False,0.7228604449395012
node-var,450,sfa,cosmoothed,816200189,779839471,False,0.5028979089879262
node-var,450,sfa,cosmoothed,816200189,781842082,False,0.3383152098565564
node-var,450,sfa,cosmoothed,816200189,787025148,False,0.6552237941822784
node-var,450,sfa,cosmoothed,816200189,789848216,False,0.0009023224456668585
node-var,450,sfa,cosmoothed,816200189,793224716,False,0.5646981837188727
node-var,450,sfa,cosmoothed,816200189,794812542,False,0.47991246983434027
node-var,450,sfa,cosmoothed,816200189,816200189,True,0.7512337598262876
node-var,450,sfa,cosmoothed,816200189,847657808,False,0.5310112110170178
node-var,450,sfa,cosmoothed,847657808,766640955,False,0.0067177736666689655
node-var,450,sfa,cosmoothed,847657808,767871931,False,0.2698655943361836
node-var,450,sfa,cosmoothed,847657808,771160300,False,0.375069921990896
node-var,450,sfa,cosmoothed,847657808,771990200,False,0.3802609162593312
node-var,450,sfa,cosmoothed,847657808,774875821,False,0.002390495256465843
node-var,450,sfa,cosmoothed,847657808,778240327,False,0.5154938035630573
node-var,450,sfa,cosmoothed,847657808,778998620,False,0.3616661160386752
node-var,450,sfa,cosmoothed,847657808,779839471,False,0.21996419371921763
node-var,450,sfa,cosmoothed,847657808,781842082,False,0.19163406556831558
node-var,450,sfa,cosmoothed,847657808,787025148,False,0.7050072692558238
node-var,450,sfa,cosmoothed,847657808,789848216,False,0.04358765783363059
node-var,450,sfa,cosmoothed,847657808,793224716,False,0.3689852132967869
node-var,450,sfa,cosmoothed,847657808,794812542,False,0.6941055680278378
node-var,450,sfa,cosmoothed,847657808,816200189,False,0.5703143088571425
node-var,450,sfa,cosmoothed,847657808,847657808,True,0.8810010444618749
node-var,600,sfa,cosmoothed,766640955,766640955,True,0.0066504362605214
node-var,600,sfa,cosmoothed,766640955,767871931,False,0.4778285715488399
node-var,600,sfa,cosmoothed,766640955,771160300,False,0.5868466554944536
node-var,600,sfa,cosmoothed,766640955,771990200,False,0.5299460535472128
node-var,600,sfa,cosmoothed,766640955,774875821,False,0.05704501133012156
node-var,600,sfa,cosmoothed,766640955,778240327,False,0.12158938449782938
node-var,600,sfa,cosmoothed,766640955,778998620,False,0.5619967911658641
node-var,600,sfa,cosmoothed,766640955,779839471,False,0.35904460836247043
node-var,600,sfa,cosmoothed,766640955,781842082,False,0.4554472577587248
node-var,600,sfa,cosmoothed,766640955,787025148,False,0.5583948424734488
node-var,600,sfa,cosmoothed,766640955,789848216,False,0.007617273381721893
node-var,600,sfa,cosmoothed,766640955,793224716,False,0.5282777121960501
node-var,600,sfa,cosmoothed,766640955,794812542,False,0.5196036837892002
node-var,600,sfa,cosmoothed,766640955,816200189,False,0.5607753821295687
node-var,600,sfa,cosmoothed,766640955,847657808,False,0.5401726221798708
node-var,600,sfa,cosmoothed,767871931,766640955,False,0.3421276394190024
node-var,600,sfa,cosmoothed,767871931,767871931,True,0.9259644317923544
node-var,600,sfa,cosmoothed,767871931,771160300,False,0.7169462082932397
node-var,600,sfa,cosmoothed,767871931,771990200,False,0.9306189644165648
node-var,600,sfa,cosmoothed,767871931,774875821,False,0.4250064936993235
node-var,600,sfa,cosmoothed,767871931,778240327,False,0.2715786504454092
node-var,600,sfa,cosmoothed,767871931,778998620,False,0.9302662462360305
node-var,600,sfa,cosmoothed,767871931,779839471,False,0.5715933491826289
node-var,600,sfa,cosmoothed,767871931,781842082,False,0.6480250196379604
node-var,600,sfa,cosmoothed,767871931,787025148,False,0.5946840920729988
node-var,600,sfa,cosmoothed,767871931,789848216,False,6.457823385807649e-05
node-var,600,sfa,cosmoothed,767871931,793224716,False,0.5860104944688086
node-var,600,sfa,cosmoothed,767871931,794812542,False,0.5675324062715755
node-var,600,sfa,cosmoothed,767871931,816200189,False,0.6258176319311828
node-var,600,sfa,cosmoothed,767871931,847657808,False,0.5986948009847178
node-var,600,sfa,cosmoothed,771160300,766640955,False,0.3973968345388231
node-var,600,sfa,cosmoothed,771160300,767871931,False,0.8659025952320706
node-var,600,sfa,cosmoothed,771160300,771160300,True,0.9858935238177867
node-var,600,sfa,cosmoothed,771160300,771990200,False,0.8126548244219745
node-var,600,sfa,cosmoothed,771160300,774875821,False,0.1791932225921289
node-var,600,sfa,cosmoothed,771160300,778240327,False,0.08499815381115608
node-var,600,sfa,cosmoothed,771160300,778998620,False,0.8731411216495821
node-var,600,sfa,cosmoothed,771160300,779839471,False,0.9295641957673975
node-var,600,sfa,cosmoothed,771160300,781842082,False,0.24319680178555922
node-var,600,sfa,cosmoothed,771160300,787025148,False,0.8485149596198757
node-var,600,sfa,cosmoothed,771160300,789848216,False,0.06790871081423851
node-var,600,sfa,cosmoothed,771160300,793224716,False,0.660535039865644
node-var,600,sfa,cosmoothed,771160300,794812542,False,0.756301822502168
node-var,600,sfa,cosmoothed,771160300,816200189,False,0.7081195181341639
node-var,600,sfa,cosmoothed,771160300,847657808,False,0.7353382865728969
node-var,600,sfa,cosmoothed,771990200,766640955,False,0.3963298810557845
node-var,600,sfa,cosmoothed,771990200,767871931,False,0.9457949718251611
node-var,600,sfa,cosmoothed,771990200,771160300,False,0.8548345512744443
node-var,600,sfa,cosmoothed,771990200,771990200,True,0.975310592573047
node-var,600,sfa,cosmoothed,771990200,774875821,False,0.34284217239853026
node-var,600,sfa,cosmoothed,771990200,778240327,False,0.21664726822632172
node-var,600,sfa,cosmoothed,771990200,778998620,False,0.9877674252354963
node-var,600,sfa,cosmoothed,771990200,779839471,False,0.7300478844144034
node-var,600,sfa,cosmoothed,771990200,781842082,False,0.524853538698121
node-var,600,sfa,cosmoothed,771990200,787025148,False,0.7021695986395149
node-var,600,sfa,cosmoothed,771990200,789848216,False,0.00019147112470273248
node-var,600,sfa,cosmoothed,771990200,793224716,False,0.6453123536987782
node-var,600,sfa,cosmoothed,771990200,794812542,False,0.7181567629688149
node-var,600,sfa,cosmoothed,771990200,816200189,False,0.6613387963444224
node-var,600,sfa,cosmoothed,771990200,847657808,False,0.6830744568059209
node-var,600,sfa,cosmoothed,774875821,766640955,False,0.06985021914061434
node-var,600,sfa,cosmoothed,774875821,767871931,False,0.323641660851456
node-var,600,sfa,cosmoothed,774875821,771160300,False,0.09742641262292913
node-var,600,sfa,cosmoothed,774875821,771990200,False,0.4314752449231486
node-var,600,sfa,cosmoothed,774875821,774875821,True,0.6693206619607177
node-var,600,sfa,cosmoothed,774875821,778240327,False,0.34656667157462223
node-var,600,sfa,cosmoothed,774875821,778998620,False,0.37589228416876047
node-var,600,sfa,cosmoothed,774875821,779839471,False,0.05650824298798227
node-var,600,sfa,cosmoothed,774875821,781842082,False,0.5880431479869356
node-var,600,sfa,cosmoothed,774875821,787025148,False,0.09796404587186552
node-var,600,sfa,cosmoothed,774875821,789848216,False,0.1294527952609289
node-var,600,sfa,cosmoothed,774875821,793224716,False,0.17888409801406618
node-var,600,sfa,cosmoothed,774875821,794812542,False,0.15585835980741297
node-var,600,sfa,cosmoothed,774875821,816200189,False,0.1284460177592918
node-var,600,sfa,cosmoothed,774875821,847657808,False,0.10035370030967816
node-var,600,sfa,cosmoothed,778240327,766640955,False,0.03838778816181512
node-var,600,sfa,cosmoothed,778240327,767871931,False,0.15445940369826663
node-var,600,sfa,cosmoothed,778240327,771160300,False,0.07511293817137252
node-var,600,sfa,cosmoothed,778240327,771990200,False,0.3051476749789807
node-var,600,sfa,cosmoothed,778240327,774875821,False,0.14256101603291757
node-var,600,sfa,cosmoothed,778240327,778240327,True,0.8653077278154421
node-var,600,sfa,cosmoothed,778240327,778998620,False,0.2039385584133628
node-var,600,sfa,cosmoothed,778240327,779839471,False,0.013195487958723143
node-var,600,sfa,cosmoothed,778240327,781842082,False,0.4400794220365737
node-var,600,sfa,cosmoothed,778240327,787025148,False,0.10256523887178273
node-var,600,sfa,cosmoothed,778240327,789848216,False,0.4770353307766061
node-var,600,sfa,cosmoothed,778240327,793224716,False,0.26880942900010313
node-var,600,sfa,cosmoothed,778240327,794812542,False,0.18105918434701712
node-var,600,sfa,cosmoothed,778240327,816200189,False,0.14710445947974277
node-var,600,sfa,cosmoothed,778240327,847657808,False,0.28660191654255013
node-var,600,sfa,cosmoothed,778998620,766640955,False,0.21625761243926256
node-var,600,sfa,cosmoothed,778998620,767871931,False,0.8326078137253321
node-var,600,sfa,cosmoothed,778998620,771160300,False,0.7838466112582654
node-var,600,sfa,cosmoothed,778998620,771990200,False,0.9524612084467995
node-var,600,sfa,cosmoothed,778998620,774875821,False,0.29319372291565543
node-var,600,sfa,cosmoothed,778998620,778240327,False,0.31063164994280085
node-var,600,sfa,cosmoothed,778998620,778998620,True,0.9468035910385508
node-var,600,sfa,cosmoothed,778998620,779839471,False,0.5627036529387218
node-var,600,sfa,cosmoothed,778998620,781842082,False,0.6909545363195518
node-var,600,sfa,cosmoothed,778998620,787025148,False,0.6849213604479533
node-var,600,sfa,cosmoothed,778998620,789848216,False,0.009885656458180578
node-var,600,sfa,cosmoothed,778998620,793224716,False,0.7432884027785083
node-var,600,sfa,cosmoothed,778998620,794812542,False,0.7461155423155472
node-var,600,sfa,cosmoothed,778998620,816200189,False,0.6476830822786465
node-var,600,sfa,cosmoothed,778998620,847657808,False,0.7223342609911267
node-var,600,sfa,cosmoothed,779839471,766640955,False,0.3407393318981443
node-var,600,sfa,cosmoothed,779839471,767871931,False,0.8957070604474061
node-var,600,sfa,cosmoothed,779839471,771160300,False,0.9488433272539062
node-var,600,sfa,cosmoothed,779839471,771990200,False,0.888246248999665
node-var,600,sfa,cosmoothed,779839471,774875821,False,0.284250005116938
node-var,600,sfa,cosmoothed,779839471,778240327,False,0.17190205543357148
node-var,600,sfa,cosmoothed,779839471,778998620,False,0.9334325173587272
node-var,600,sfa,cosmoothed,779839471,779839471,True,0.8807881565447265
node-var,600,sfa,cosmoothed,779839471,781842082,False,0.3311209788090028
node-var,600,sfa,cosmoothed,779839471,787025148,False,0.8699147487968737
node-var,600,sfa,cosmoothed,779839471,789848216,False,0.023642095680814
node-var,600,sfa,cosmoothed,779839471,793224716,False,0.7226680596598248
node-var,600,sfa,cosmoothed,779839471,794812542,False,0.7799051182443637
node-var,600,sfa,cosmoothed,779839471,816200189,False,0.7574291696886635
node-var,600,sfa,cosmoothed,779839471,847657808,False,0.75933944776323
node-var,600,sfa,cosmoothed,781842082,766640955,False,0.03546542829006617
node-var,600,sfa,cosmoothed,781842082,767871931,False,0.4431831498826703
node-var,600,sfa,cosmoothed,781842082,771160300,False,0.35765978086786326
node-var,600,sfa,cosmoothed,781842082,771990200,False,0.6450494417722953
node-var,600,sfa,cosmoothed,781842082,774875821,False,0.15091226646161737
node-var,600,sfa,cosmoothed,781842082,778240327,False,0.33907461783949694
node-var,600,sfa,cosmoothed,781842082,778998620,False,0.591796267010838
node-var,600,sfa,cosmoothed,781842082,779839471,False,0.13011203154574807
node-var,600,sfa,cosmoothed,781842082,781842082,True,0.9650067593707626
node-var,600,sfa,cosmoothed,781842082,787025148,False,0.26450547221972565
node-var,600,sfa,cosmoothed,781842082,789848216,False,0.16913066662032453
node-var,600,sfa,cosmoothed,781842082,793224716,False,0.46421346972817795
node-var,600,sfa,cosmoothed,781842082,794812542,False,0.44743496582412506
node-var,600,sfa,cosmoothed,781842082,816200189,False,0.31080480379272596
node-var,600,sfa,cosmoothed,781842082,847657808,False,0.42098446487021224
node-var,600,sfa,cosmoothed,787025148,766640955,False,0.12895252935648008
node-var,600,sfa,cosmoothed,787025148,767871931,False,0.572560463905332
node-var,600,sfa,cosmoothed,787025148,771160300,False,0.7660636998215586
node-var,600,sfa,cosmoothed,787025148,771990200,False,0.5930030057138825
node-var,600,sfa,cosmoothed,787025148,774875821,False,0.12480589805572996
node-var,600,sfa,cosmoothed,787025148,778240327,False,0.24838875341192357
node-var,600,sfa,cosmoothed,787025148,778998620,False,0.5944395886425153
node-var,600,sfa,cosmoothed,787025148,779839471,False,0.716407748899397
node-var,600,sfa,cosmoothed,787025148,781842082,False,0.11258113255394513
node-var,600,sfa,cosmoothed,787025148,787025148,True,0.9773077786229608
node-var,600,sfa,cosmoothed,787025148,789848216,False,0.04537199062210377
node-var,600,sfa,cosmoothed,787025148,793224716,False,0.6951297637709271
node-var,600,sfa,cosmoothed,787025148,794812542,False,0.6766425627456613
node-var,600,sfa,cosmoothed,787025148,816200189,False,0.6930878220761343
node-var,600,sfa,cosmoothed,787025148,847657808,False,0.6466230118573992
node-var,600,sfa,cosmoothed,789848216,766640955,False,0.48026127158006043
node-var,600,sfa,cosmoothed,789848216,767871931,False,0.784557658381941
node-var,600,sfa,cosmoothed,789848216,771160300,False,0.8124060683972407
node-var,600,sfa,cosmoothed,789848216,771990200,False,0.6296337080794474
node-var,600,sfa,cosmoothed,789848216,774875821,False,0.2827157164869036
node-var,600,sfa,cosmoothed,789848216,778240327,False,0.04023401388796582
node-var,600,sfa,cosmoothed,789848216,778998620,False,0.6948539063198748
node-var,600,sfa,cosmoothed,789848216,779839471,False,0.967162144786313
node-var,600,sfa,cosmoothed,789848216,781842082,False,0.06449440354421165
node-var,600,sfa,cosmoothed,789848216,787025148,False,0.7745013756069334
node-var,600,sfa,cosmoothed,789848216,789848216,True,0.20823699668099102
node-var,600,sfa,cosmoothed,789848216,793224716,False,0.4470910535248346
node-var,600,sfa,cosmoothed,789848216,794812542,False,0.5443162755773184
node-var,600,sfa,cosmoothed,789848216,816200189,False,0.5894854684031807
node-var,600,sfa,cosmoothed,789848216,847657808,False,0.4975792518233427
node-var,600,sfa,cosmoothed,793224716,766640955,False,0.17943730374265757
node-var,600,sfa,cosmoothed,793224716,767871931,False,0.6398979172097534
node-var,600,sfa,cosmoothed,793224716,771160300,False,0.8450292889705839
node-var,600,sfa,cosmoothed,793224716,771990200,False,0.6274619868811954
node-var,600,sfa,cosmoothed,793224716,774875821,False,0.10301595557455721
node-var,600,sfa,cosmoothed,793224716,778240327,False,0.17779310167942788
node-var,600,sfa,cosmoothed,793224716,778998620,False,0.6660976257813681
node-var,600,sfa,cosmoothed,793224716,779839471,False,0.7641049336781498
node-var,600,sfa,cosmoothed,793224716,781842082,False,0.15749445737587894
node-var,600,sfa,cosmoothed,793224716,787025148,False,0.8940659539431048
node-var,600,sfa,cosmoothed,793224716,789848216,False,0.03770892930459147
node-var,600,sfa,cosmoothed,793224716,793224716,True,0.76100001535012
node-var,600,sfa,cosmoothed,793224716,794812542,False,0.6579203152852859
node-var,600,sfa,cosmoothed,793224716,816200189,False,0.79388696940176
node-var,600,sfa,cosmoothed,793224716,847657808,False,0.8014049255851581
node-var,600,sfa,cosmoothed,794812542,766640955,False,0.15265619511465797
node-var,600,sfa,cosmoothed,794812542,767871931,False,0.5243135018877539
node-var,600,sfa,cosmoothed,794812542,771160300,False,0.816137994907607
node-var,600,sfa,cosmoothed,794812542,771990200,False,0.6369167194958965
node-var,600,sfa,cosmoothed,794812542,774875821,False,0.06623583824762147
node-var,600,sfa,cosmoothed,794812542,778240327,False,0.17445389817875426
node-var,600,sfa,cosmoothed,794812542,778998620,False,0.633612398364028
node-var,600,sfa,cosmoothed,794812542,779839471,False,0.6884140200314081
node-var,600,sfa,cosmoothed,794812542,781842082,False,0.16791543454674107
node-var,600,sfa,cosmoothed,794812542,787025148,False,0.8585474428633196
node-var,600,sfa,cosmoothed,794812542,789848216,False,0.002517688646125102
node-var,600,sfa,cosmoothed,794812542,793224716,False,0.7124295191475224
node-var,600,sfa,cosmoothed,794812542,794812542,True,0.9070266307133255
node-var,600,sfa,cosmoothed,794812542,816200189,False,0.5701485156232062
node-var,600,sfa,cosmoothed,794812542,847657808,False,0.6997328305994933
node-var,600,sfa,cosmoothed,816200189,766640955,False,0.1098321227001348
node-var,600,sfa,cosmoothed,816200189,767871931,False,0.7093485161638469
node-var,600,sfa,cosmoothed,816200189,771160300,False,0.5554806162516682
node-var,600,sfa,cosmoothed,816200189,771990200,False,0.7166013325692083
node-var,600,sfa,cosmoothed,816200189,774875821,False,0.3805626664513624
node-var,600,sfa,cosmoothed,816200189,778240327,False,0.43045572342516514
node-var,600,sfa,cosmoothed,816200189,778998620,False,0.7117357786852094
node-var,600,sfa,cosmoothed,816200189,779839471,False,0.4201358279611043
node-var,600,sfa,cosmoothed,816200189,781842082,False,0.5141789759052325
node-var,600,sfa,cosmoothed,816200189,787025148,False,0.603335243233997
node-var,600,sfa,cosmoothed,816200189,789848216,False,0.003014722724584504
node-var,600,sfa,cosmoothed,816200189,793224716,False,0.49004721933640044
node-var,600,sfa,cosmoothed,816200189,794812542,False,0.4160823049744659
node-var,600,sfa,cosmoothed,816200189,816200189,True,0.840892918021068
node-var,600,sfa,cosmoothed,816200189,847657808,False,0.5088510796671907
node-var,600,sfa,cosmoothed,847657808,766640955,False,0.08556167641377135
node-var,600,sfa,cosmoothed,847657808,767871931,False,0.5736244442662263
node-var,600,sfa,cosmoothed,847657808,771160300,False,0.7082743318298618
node-var,600,sfa,cosmoothed,847657808,771990200,False,0.7012346006792778
node-var,600,sfa,cosmoothed,847657808,774875821,False,0.1330449461158015
node-var,600,sfa,cosmoothed,847657808,778240327,False,0.4660592408126403
node-var,600,sfa,cosmoothed,847657808,778998620,False,0.661875349183445
node-var,600,sfa,cosmoothed,847657808,779839471,False,0.5126046377279647
node-var,600,sfa,cosmoothed,847657808,781842082,False,0.34470192335480415
node-var,600,sfa,cosmoothed,847657808,787025148,False,0.8485077272842088
node-var,600,sfa,cosmoothed,847657808,789848216,False,0.006767791464721688
node-var,600,sfa,cosmoothed,847657808,793224716,False,0.8367355983715273
node-var,600,sfa,cosmoothed,847657808,794812542,False,0.7373318308118137
node-var,600,sfa,cosmoothed,847657808,816200189,False,0.6900881122621877
node-var,600,sfa,cosmoothed,847657808,847657808,True,0.8150132134227036
node-var,900,sfa,cosmoothed,766640955,766640955,True,0.08486181430437924
node-var,900,sfa,cosmoothed,766640955,767871931,False,0.5235552154987072
node-var,900,sfa,cosmoothed,766640955,771160300,False,0.4446783561359282
node-var,900,sfa,cosmoothed,766640955,771990200,False,0.470911803034373
node-var,900,sfa,cosmoothed,766640955,774875821,False,0.3367264165526205
node-var,900,sfa,cosmoothed,766640955,778240327,False,1.8770109277932774e-06
node-var,900,sfa,cosmoothed,766640955,778998620,False,0.4822544758616343
node-var,900,sfa,cosmoothed,766640955,779839471,False,0.23411593731232186
node-var,900,sfa,cosmoothed,766640955,781842082,False,0.7190305711104217
node-var,900,sfa,cosmoothed,766640955,787025148,False,0.23426905346520385
node-var,900,sfa,cosmoothed,766640955,789848216,False,0.003025848740690041
node-var,900,sfa,cosmoothed,766640955,793224716,False,0.26428694650533413
node-var,900,sfa,cosmoothed,766640955,794812542,False,0.2526669117827614
node-var,900,sfa,cosmoothed,766640955,816200189,False,0.436627019734301
node-var,900,sfa,cosmoothed,766640955,847657808,False,0.20562160353863124
node-var,900,sfa,cosmoothed,767871931,766640955,False,0.3622768110053688
node-var,900,sfa,cosmoothed,767871931,767871931,True,0.9228271520098742
node-var,900,sfa,cosmoothed,767871931,771160300,False,0.747333295842429
node-var,900,sfa,cosmoothed,767871931,771990200,False,0.7978188466059817
node-var,900,sfa,cosmoothed,767871931,774875821,False,0.6675934310285423
node-var,900,sfa,cosmoothed,767871931,778240327,False,0.12215327031192456
node-var,900,sfa,cosmoothed,767871931,778998620,False,0.8432247888826897
node-var,900,sfa,cosmoothed,767871931,779839471,False,0.6091351580080124
node-var,900,sfa,cosmoothed,767871931,781842082,False,0.7298861306016491
node-var,900,sfa,cosmoothed,767871931,787025148,False,0.5949143224487009
node-var,900,sfa,cosmoothed,767871931,789848216,False,0.00014688278831010194
node-var,900,sfa,cosmoothed,767871931,793224716,False,0.3340006732099732
node-var,900,sfa,cosmoothed,767871931,794812542,False,0.6224138848403841
node-var,900,sfa,cosmoothed,767871931,816200189,False,0.7726166532429884
node-var,900,sfa,cosmoothed,767871931,847657808,False,0.6116347874280238
node-var,900,sfa,cosmoothed,771160300,766640955,False,0.5764499400802899
node-var,900,sfa,cosmoothed,771160300,767871931,False,0.9008702905182573
node-var,900,sfa,cosmoothed,771160300,771160300,True,0.982144298405739
node-var,900,sfa,cosmoothed,771160300,771990200,False,0.9883888816359275
node-var,900,sfa,cosmoothed,771160300,774875821,False,0.8112881241589395
node-var,900,sfa,cosmoothed,771160300,778240327,False,0.42500243816633165
node-var,900,sfa,cosmoothed,771160300,778998620,False,0.9768239143500962
node-var,900,sfa,cosmoothed,771160300,779839471,False,0.9293537956845533
node-var,900,sfa,cosmoothed,771160300,781842082,False,0.33679178927426756
node-var,900,sfa,cosmoothed,771160300,787025148,False,0.9188450861780446
node-var,900,sfa,cosmoothed,771160300,789848216,False,0.090165571103747
node-var,900,sfa,cosmoothed,771160300,793224716,False,0.45656367167347467
node-var,900,sfa,cosmoothed,771160300,794812542,False,0.9111359707983951
node-var,900,sfa,cosmoothed,771160300,816200189,False,0.8823036928186816
node-var,900,sfa,cosmoothed,771160300,847657808,False,0.7636070620741311
node-var,900,sfa,cosmoothed,771990200,766640955,False,0.5081440595884745
node-var,900,sfa,cosmoothed,771990200,767871931,False,0.9337679986215345
node-var,900,sfa,cosmoothed,771990200,771160300,False,0.9483397066157995
node-var,900,sfa,cosmoothed,771990200,771990200,True,0.979730955167406
node-var,900,sfa,cosmoothed,771990200,774875821,False,0.7908483596183167
node-var,900,sfa,cosmoothed,771990200,778240327,False,0.36554308373763245
node-var,900,sfa,cosmoothed,771990200,778998620,False,0.9808756546200899
node-var,900,sfa,cosmoothed,771990200,779839471,False,0.8640629034111413
node-var,900,sfa,cosmoothed,771990200,781842082,False,0.4502629525367104
node-var,900,sfa,cosmoothed,771990200,787025148,False,0.8755347887026518
node-var,900,sfa,cosmoothed,771990200,789848216,False,0.03716059991809601
node-var,900,sfa,cosmoothed,771990200,793224716,False,0.4338927380456266
node-var,900,sfa,cosmoothed,771990200,794812542,False,0.8778938073163566
node-var,900,sfa,cosmoothed,771990200,816200189,False,0.9123643540812317
node-var,900,sfa,cosmoothed,771990200,847657808,False,0.7411262815162022
node-var,900,sfa,cosmoothed,774875821,766640955,False,0.313164870218367
node-var,900,sfa,cosmoothed,774875821,767871931,False,0.7521160985180155
node-var,900,sfa,cosmoothed,774875821,771160300,False,0.75254136604332
node-var,900,sfa,cosmoothed,774875821,771990200,False,0.7993835012795372
node-var,900,sfa,cosmoothed,774875821,774875821,True,0.8335086520889186
node-var,900,sfa,cosmoothed,774875821,778240327,False,0.213475490755619
node-var,900,sfa,cosmoothed,774875821,778998620,False,0.8029244303032975
node-var,900,sfa,cosmoothed,774875821,779839471,False,0.5854154389207218
node-var,900,sfa,cosmoothed,774875821,781842082,False,0.5250334341444641
node-var,900,sfa,cosmoothed,774875821,787025148,False,0.6178041807066421
node-var,900,sfa,cosmoothed,774875821,789848216,False,0.007942596307273403
node-var,900,sfa,cosmoothed,774875821,793224716,False,0.5344805252513399
node-var,900,sfa,cosmoothed,774875821,794812542,False,0.6579990529567401
node-var,900,sfa,cosmoothed,774875821,816200189,False,0.6951765145618851
node-var,900,sfa,cosmoothed,774875821,847657808,False,0.5515351005441061
node-var,900,sfa,cosmoothed,778240327,766640955,False,0.5187253908154411
node-var,900,sfa,cosmoothed,778240327,767871931,False,0.18944955680529413
node-var,900,sfa,cosmoothed,778240327,771160300,False,0.4472277559437359
node-var,900,sfa,cosmoothed,778240327,771990200,False,0.4155002715570984
node-var,900,sfa,cosmoothed,778240327,774875821,False,0.41089893789303705
node-var,900,sfa,cosmoothed,778240327,778240327,True,0.92247443685625
node-var,900,sfa,cosmoothed,778240327,778998620,False,0.3260064883070135
node-var,900,sfa,cosmoothed,778240327,779839471,False,0.5419070435514773
node-var,900,sfa,cosmoothed,778240327,781842082,False,0.02328262280571346
node-var,900,sfa,cosmoothed,778240327,787025148,False,0.5378462117662949
node-var,900,sfa,cosmoothed,778240327,789848216,False,0.1659894760199847
node-var,900,sfa,cosmoothed,778240327,793224716,False,0.40570123523130625
node-var,900,sfa,cosmoothed,778240327,794812542,False,0.5500717803946193
node-var,900,sfa,cosmoothed,778240327,816200189,False,0.2160340228684061
node-var,900,sfa,cosmoothed,778240327,847657808,False,0.3544211486364573
node-var,900,sfa,cosmoothed,778998620,766640955,False,0.46178519193019824
node-var,900,sfa,cosmoothed,778998620,767871931,False,0.9408117468157635
node-var,900,sfa,cosmoothed,778998620,771160300,False,0.9165013925542005
node-var,900,sfa,cosmoothed,778998620,771990200,False,0.9507623871843074
node-var,900,sfa,cosmoothed,778998620,774875821,False,0.7803660166517219
node-var,900,sfa,cosmoothed,778998620,778240327,False,0.2719336686031229
node-var,900,sfa,cosmoothed,778998620,778998620,True,0.9802053634125387
node-var,900,sfa,cosmoothed,778998620,779839471,False,0.8097498586563537
node-var,900,sfa,cosmoothed,778998620,781842082,False,0.5123301602972492
node-var,900,sfa,cosmoothed,778998620,787025148,False,0.8192878064320358
node-var,900,sfa,cosmoothed,778998620,789848216,False,0.042462688799345304
node-var,900,sfa,cosmoothed,778998620,793224716,False,0.41656101579179844
node-var,900,sfa,cosmoothed,778998620,794812542,False,0.8303379731850727
node-var,900,sfa,cosmoothed,778998620,816200189,False,0.9039638773675162
node-var,900,sfa,cosmoothed,778998620,847657808,False,0.7179952242530823
node-var,900,sfa,cosmoothed,779839471,766640955,False,0.5789760292218314
node-var,900,sfa,cosmoothed,779839471,767871931,False,0.8717555951728769
node-var,900,sfa,cosmoothed,779839471,771160300,False,0.9708561476165202
node-var,900,sfa,cosmoothed,779839471,771990200,False,0.98265673932461
node-var,900,sfa,cosmoothed,779839471,774875821,False,0.8089747609620909
node-var,900,sfa,cosmoothed,779839471,778240327,False,0.4839703103235534
node-var,900,sfa,cosmoothed,779839471,778998620,False,0.9716229752755947
node-var,900,sfa,cosmoothed,779839471,779839471,True,0.9405730509106336
node-var,900,sfa,cosmoothed,779839471,781842082,False,0.29230773142609606
node-var,900,sfa,cosmoothed,779839471,787025148,False,0.9433712645281912
node-var,900,sfa,cosmoothed,779839471,789848216,False,0.09367096329755535
node-var,900,sfa,cosmoothed,779839471,793224716,False,0.4677679123123344
node-var,900,sfa,cosmoothed,779839471,794812542,False,0.9394598273649676
node-var,900,sfa,cosmoothed,779839471,816200189,False,0.8774895482085386
node-var,900,sfa,cosmoothed,779839471,847657808,False,0.7855350205909141
node-var,900,sfa,cosmoothed,781842082,766640955,False,0.0760733246278061
node-var,900,sfa,cosmoothed,781842082,767871931,False,0.5858396874969897
node-var,900,sfa,cosmoothed,781842082,771160300,False,0.36235844150570556
node-var,900,sfa,cosmoothed,781842082,771990200,False,0.4145363137471344
node-var,900,sfa,cosmoothed,781842082,774875821,False,0.29983935631278563
node-var,900,sfa,cosmoothed,781842082,778240327,False,0.0007219029965358296
node-var,900,sfa,cosmoothed,781842082,778998620,False,0.4541842507507232
node-var,900,sfa,cosmoothed,781842082,779839471,False,0.19448048077712646
node-var,900,sfa,cosmoothed,781842082,781842082,True,0.9863734045732265
node-var,900,sfa,cosmoothed,781842082,787025148,False,0.20737410584046387
node-var,900,sfa,cosmoothed,781842082,789848216,False,0.09142169299741028
node-var,900,sfa,cosmoothed,781842082,793224716,False,0.1588253636591242
node-var,900,sfa,cosmoothed,781842082,794812542,False,0.22846580930710647
node-var,900,sfa,cosmoothed,781842082,816200189,False,0.5031427172381452
node-var,900,sfa,cosmoothed,781842082,847657808,False,0.24923910882782885
node-var,900,sfa,cosmoothed,787025148,766640955,False,0.5383003329373612
node-var,900,sfa,cosmoothed,787025148,767871931,False,0.6107609855128325
node-var,900,sfa,cosmoothed,787025148,771160300,False,0.8205971411121308
node-var,900,sfa,cosmoothed,787025148,771990200,False,0.8036453364757692
node-var,900,sfa,cosmoothed,787025148,774875821,False,0.693917123395602
node-var,900,sfa,cosmoothed,787025148,778240327,False,0.7095287876666349
node-var,900,sfa,cosmoothed,787025148,778998620,False,0.7726502476577359
node-var,900,sfa,cosmoothed,787025148,779839471,False,0.9248779137465434
node-var,900,sfa,cosmoothed,787025148,781842082,False,0.04653550569048288
node-var,900,sfa,cosmoothed,787025148,787025148,True,0.9479662669756765
node-var,900,sfa,cosmoothed,787025148,789848216,False,0.22633442614974392
node-var,900,sfa,cosmoothed,787025148,793224716,False,0.38320577642445974
node-var,900,sfa,cosmoothed,787025148,794812542,False,0.8876145449306188
node-var,900,sfa,cosmoothed,787025148,816200189,False,0.6826651265507883
node-var,900,sfa,cosmoothed,787025148,847657808,False,0.7212795716159472
node-var,900,sfa,cosmoothed,789848216,766640955,False,0.5350709598509278
node-var,900,sfa,cosmoothed,789848216,767871931,False,0.7638849589930512
node-var,900,sfa,cosmoothed,789848216,771160300,False,0.8345770089437959
node-var,900,sfa,cosmoothed,789848216,771990200,False,0.8349146444300966
node-var,900,sfa,cosmoothed,789848216,774875821,False,0.7250524324183308
node-var,900,sfa,cosmoothed,789848216,778240327,False,0.5761543283528218
node-var,900,sfa,cosmoothed,789848216,778998620,False,0.8564821689411791
node-var,900,sfa,cosmoothed,789848216,779839471,False,0.9799708668643794
node-var,900,sfa,cosmoothed,789848216,781842082,False,0.099521787720405
node-var,900,sfa,cosmoothed,789848216,787025148,False,0.9593237636146925
node-var,900,sfa,cosmoothed,789848216,789848216,True,0.23749506949372826
node-var,900,sfa,cosmoothed,789848216,793224716,False,0.27697005728095025
node-var,900,sfa,cosmoothed,789848216,794812542,False,0.9098405695310432
node-var,900,sfa,cosmoothed,789848216,816200189,False,0.7402270264699621
node-var,900,sfa,cosmoothed,789848216,847657808,False,0.815107315822106
node-var,900,sfa,cosmoothed,793224716,766640955,False,0.4820688361204604
node-var,900,sfa,cosmoothed,793224716,767871931,False,0.48604156034860185
node-var,900,sfa,cosmoothed,793224716,771160300,False,0.7456557314042207
node-var,900,sfa,cosmoothed,793224716,771990200,False,0.7463882480389387
node-var,900,sfa,cosmoothed,793224716,774875821,False,0.6895861038426526
node-var,900,sfa,cosmoothed,793224716,778240327,False,0.4081331396891569
node-var,900,sfa,cosmoothed,793224716,778998620,False,0.6302926904302778
node-var,900,sfa,cosmoothed,793224716,779839471,False,0.5227162562758012
node-var,900,sfa,cosmoothed,793224716,781842082,False,0.27791732047852247
node-var,900,sfa,cosmoothed,793224716,787025148,False,0.5647267371540983
node-var,900,sfa,cosmoothed,793224716,789848216,False,0.005300516594365868
node-var,900,sfa,cosmoothed,793224716,793224716,True,0.9149451221452839
node-var,900,sfa,cosmoothed,793224716,794812542,False,0.5988027068957409
node-var,900,sfa,cosmoothed,793224716,816200189,False,0.5622777599768004
node-var,900,sfa,cosmoothed,793224716,847657808,False,0.427750974063084
node-var,900,sfa,cosmoothed,794812542,766640955,False,0.5054290471304981
node-var,900,sfa,cosmoothed,794812542,767871931,False,0.7385455766086072
node-var,900,sfa,cosmoothed,794812542,771160300,False,0.7771095255092072
node-var,900,sfa,cosmoothed,794812542,771990200,False,0.7920951152589885
node-var,900,sfa,cosmoothed,794812542,774875821,False,0.668013330900437
node-var,900,sfa,cosmoothed,794812542,778240327,False,0.6112224033551038
node-var,900,sfa,cosmoothed,794812542,778998620,False,0.8223607878148357
node-var,900,sfa,cosmoothed,794812542,779839471,False,0.9407835871302693
node-var,900,sfa,cosmoothed,794812542,781842082,False,0.10764528908570334
node-var,900,sfa,cosmoothed,794812542,787025148,False,0.9332069789721494
node-var,900,sfa,cosmoothed,794812542,789848216,False,0.1361473618183751
node-var,900,sfa,cosmoothed,794812542,793224716,False,0.21280561061990527
node-var,900,sfa,cosmoothed,794812542,794812542,True,0.9411291273357695
node-var,900,sfa,cosmoothed,794812542,816200189,False,0.7471098746899316
node-var,900,sfa,cosmoothed,794812542,847657808,False,0.793647723982252
node-var,900,sfa,cosmoothed,816200189,766640955,False,0.3068965688883276
node-var,900,sfa,cosmoothed,816200189,767871931,False,0.816449267656346
node-var,900,sfa,cosmoothed,816200189,771160300,False,0.8081120235083982
node-var,900,sfa,cosmoothed,816200189,771990200,False,0.8476782516850019
node-var,900,sfa,cosmoothed,816200189,774875821,False,0.7243251906353214
node-var,900,sfa,cosmoothed,816200189,778240327,False,0.2361008872163357
node-var,900,sfa,cosmoothed,816200189,778998620,False,0.8742755746207796
node-var,900,sfa,cosmoothed,816200189,779839471,False,0.6523418443725832
node-var,900,sfa,cosmoothed,816200189,781842082,False,0.5715712385109968
node-var,900,sfa,cosmoothed,816200189,787025148,False,0.724667165698741
node-var,900,sfa,cosmoothed,816200189,789848216,False,0.0020006842140444796
node-var,900,sfa,cosmoothed,816200189,793224716,False,0.4643751798526099
node-var,900,sfa,cosmoothed,816200189,794812542,False,0.7309379233169919
node-var,900,sfa,cosmoothed,816200189,816200189,True,0.8824938388887784
node-var,900,sfa,cosmoothed,816200189,847657808,False,0.6347702870067725
node-var,900,sfa,cosmoothed,847657808,766640955,False,0.3978089757571246
node-var,900,sfa,cosmoothed,847657808,767871931,False,0.857552889277983
node-var,900,sfa,cosmoothed,847657808,771160300,False,0.7878981405952709
node-var,900,sfa,cosmoothed,847657808,771990200,False,0.8287100401810581
node-var,900,sfa,cosmoothed,847657808,774875821,False,0.7797665822713984
node-var,900,sfa,cosmoothed,847657808,778240327,False,0.488657705501936
node-var,900,sfa,cosmoothed,847657808,778998620,False,0.8751528570107401
node-var,900,sfa,cosmoothed,847657808,779839471,False,0.8764286820784521
node-var,900,sfa,cosmoothed,847657808,781842082,False,0.25835713473775856
node-var,900,sfa,cosmoothed,847657808,787025148,False,0.9220501786937937
node-var,900,sfa,cosmoothed,847657808,789848216,False,0.03196560061044652
node-var,900,sfa,cosmoothed,847657808,793224716,False,0.31378667984690695
node-var,900,sfa,cosmoothed,847657808,794812542,False,0.8641725861150764
node-var,900,sfa,cosmoothed,847657808,816200189,False,0.8464030339599089
node-var,900,sfa,cosmoothed,847657808,847657808,True,0.958973745871659
