pool,feature,method,subject,length_min,repeat,R2,abs_r
3area,edges-corr,sfa,766640955,15,0,0.25257738603657387,0.5025707771414636
3area,edges-corr,sfa,766640955,15,1,0.35367427902242643,0.5947052034600219
3area,edges-corr,sfa,766640955,15,2,0.31725442437252827,0.5632534281942092
3area,edges-corr,sfa,766640955,15,3,0.19623975326404408,0.4429895633804982
3area,edges-corr,sfa,766640955,15,4,0.20971395086255296,0.45794535794410335
3area,edges-corr,sfa,766640955,10,0,0.4202984417669534,0.6483042817743475
3area,edges-corr,sfa,766640955,10,1,0.3049965471160264,0.55226492475625
3area,edges-corr,sfa,766640955,10,2,0.42833507354004374,0.6544731266752246
3area,edges-corr,sfa,766640955,10,3,0.24772931583891944,0.497724136283262
3area,edges-corr,sfa,766640955,10,4,0.3040206401204998,0.5513806671624426
3area,edges-corr,sfa,766640955,5,0,0.38195475643394394,0.6180248833452783
3area,edges-corr,sfa,766640955,5,1,0.2770635066020529,0.5263682233969422
3area,edges-corr,sfa,766640955,5,2,0.22446008252152772,0.4737721841998814
3area,edges-corr,sfa,766640955,5,3,0.00690802073597907,0.08311450376426059
3area,edges-corr,sfa,766640955,5,4,0.6826967779108482,0.8262546689192437
3area,edges-corr,sfa,767871931,15,0,0.5123768008460376,0.7158050019705332
3area,edges-corr,sfa,767871931,15,1,0.6372400542575465,0.7982731701977381
3area,edges-corr,sfa,767871931,15,2,0.62797336509767,0.7924477049608167
3area,edges-corr,sfa,767871931,15,3,0.6280766517555261,0.7925128716655193
3area,edges-corr,sfa,767871931,15,4,0.08406694829438244,0.2899430087006446
3area,edges-corr,sfa,767871931,10,0,0.6552688007983309,0.8094867514656002
3area,edges-corr,sfa,767871931,10,1,0.11528279770947858,0.33953320560657846
3area,edges-corr,sfa,767871931,10,2,0.08420049230704008,0.2901732108707495
3area,edges-corr,sfa,767871931,10,3,0.7003902880602837,0.836893235759666
3area,edges-corr,sfa,767871931,10,4,0.6525311031760881,0.8077939732234272
3area,edges-corr,sfa,767871931,5,0,0.1248465029545015,0.35333624630725574
3area,edges-corr,sfa,767871931,5,1,0.13631088812901748,0.36920304458254105
3area,edges-corr,sfa,767871931,5,2,0.5688744116853461,0.7542376360838434
3area,edges-corr,sfa,767871931,5,3,0.032318996770989594,0.17977485021823705
3area,edges-corr,sfa,767871931,5,4,0.041383987218491014,0.20343054642430375
3area,edges-corr,sfa,771990200,15,0,0.6443379179187075,0.8027066200790356
3area,edges-corr,sfa,771990200,15,1,0.6658441180626115,0.8159927193686302
3area,edges-corr,sfa,771990200,15,2,0.6468509827156768,0.8042704661466041
3area,edges-corr,sfa,771990200,15,3,0.6229042717581998,0.789242847137812
3area,edges-corr,sfa,771990200,15,4,0.672530935565847,0.820079834873317
3area,edges-corr,sfa,771990200,10,0,0.7152018456711721,0.8456960716895711
3area,edges-corr,sfa,771990200,10,1,0.34900667276539954,0.5907678670725068
3area,edges-corr,sfa,771990200,10,2,0.7175710927247441,0.8470956809739648
3area,edges-corr,sfa,771990200,10,3,0.7274612316300465,0.8529133787378682
3area,edges-corr,sfa,771990200,10,4,0.7207426147199688,0.8489656145686756
3area,edges-corr,sfa,771990200,5,0,0.7931505054144554,0.8905899760352439
3area,edges-corr,sfa,771990200,5,1,0.5907217776424567,0.7685842684068268
3area,edges-corr,sfa,771990200,5,2,0.6604497124814839,0.8126805722308633
3area,edges-corr,sfa,771990200,5,3,0.18228322822381304,0.42694639970822235
3area,edges-corr,sfa,771990200,5,4,0.6533369236380535,0.808292597787493
3area,edges-corr,sfa,774875821,15,0,0.026863767041101716,0.16390169932341012
3area,edges-corr,sfa,774875821,15,1,0.028229077131462277,0.16801510983081955
3area,edges-corr,sfa,774875821,15,2,0.026931091733890078,0.1641069521193108
3area,edges-corr,sfa,774875821,15,3,1.3969292895765761e-06,0.0011819176322137247
3area,edges-corr,sfa,774875821,15,4,0.032851017900762614,0.18124849765104983
3area,edges-corr,sfa,774875821,10,0,0.14608008785317617,0.38220424886855514
3area,edges-corr,sfa,774875821,10,1,0.00016176957150049187,0.012718866753780127
3area,edges-corr,sfa,774875821,10,2,0.0003311486484816051,0.01819749016985016
3area,edges-corr,sfa,774875821,10,3,0.07572984086496659,0.27519055373498286
3area,edges-corr,sfa,774875821,10,4,0.12974126414624176,0.36019614676762085
3area,edges-corr,sfa,774875821,5,0,0.013236618300201175,0.11505050325922639
3area,edges-corr,sfa,774875821,5,1,0.15476431330905627,0.39340095743281545
3area,edges-corr,sfa,774875821,5,2,0.050694119115077485,0.2251535456418075
3area,edges-corr,sfa,774875821,5,3,0.009008836030795386,0.09491488835159345
3area,edges-corr,sfa,774875821,5,4,0.10978529412284188,0.3313386396465738
3area,edges-corr,sfa,778240327,15,0,0.0541158729714557,0.23262818610704833
3area,edges-corr,sfa,778240327,15,1,0.05692745696399559,0.23859475468667696
3area,edges-corr,sfa,778240327,15,2,0.07298465253656539,0.27015671847386163
3area,edges-corr,sfa,778240327,15,3,0.12479820058042701,0.3532678878421113
3area,edges-corr,sfa,778240327,15,4,0.06679293572880585,0.25844329306214536
3area,edges-corr,sfa,778240327,10,0,0.2400123990850629,0.489910603156395
3area,edges-corr,sfa,778240327,10,1,0.006132122281529928,0.07830786857991826
3area,edges-corr,sfa,778240327,10,2,0.0011501269044922324,0.033913520968664394
3area,edges-corr,sfa,778240327,10,3,0.17512689247026025,0.41848165129460607
3area,edges-corr,sfa,778240327,10,4,0.011534266592145737,0.1073977029183858
3area,edges-corr,sfa,778240327,5,0,0.5388436121824076,0.7340596788970273
3area,edges-corr,sfa,778240327,5,1,0.539398211823173,0.7344373437014037
3area,edges-corr,sfa,778240327,5,2,0.05611373032033384,0.2368833686022172
3area,edges-corr,sfa,778240327,5,3,0.4696946468279417,0.6853427221674867
3area,edges-corr,sfa,778240327,5,4,0.06298322328571115,0.2509645857201989
3area,edges-corr,sfa,778998620,15,0,0.7038518863431121,0.8389588108739989
3area,edges-corr,sfa,778998620,15,1,0.031129354267098952,0.17643512764497543
3area,edges-corr,sfa,778998620,15,2,0.7059543664380253,0.8402109059266156
3area,edges-corr,sfa,778998620,15,3,0.22380528190095828,0.4730806293867453
3area,edges-corr,sfa,778998620,15,4,0.15661408447147507,0.39574497403185593
3area,edges-corr,sfa,778998620,10,0,0.7180913851928314,0.8474027290449502
3area,edges-corr,sfa,778998620,10,1,0.3983284781386923,0.6311326945569314
3area,edges-corr,sfa,778998620,10,2,0.00689061648069722,0.08300973726435644
3area,edges-corr,sfa,778998620,10,3,0.0793020321203759,0.2816061649189803
3area,edges-corr,sfa,778998620,10,4,0.7021982586413972,0.8379727075754889
3area,edges-corr,sfa,778998620,5,0,0.6329590773563115,0.7955872531384044
3area,edges-corr,sfa,778998620,5,1,0.6804495617527488,0.8248936669369862
3area,edges-corr,sfa,778998620,5,2,0.17902706376652222,0.42311589873995803
3area,edges-corr,sfa,778998620,5,3,0.7701485721135279,0.8775810914744729
3area,edges-corr,sfa,778998620,5,4,0.03500041990172187,0.18708399156988786
3area,edges-corr,sfa,779839471,15,0,0.07989458633212654,0.2826563042497494
3area,edges-corr,sfa,779839471,15,1,0.3310114470635611,0.57533594278783
3area,edges-corr,sfa,779839471,15,2,0.05699522374557542,0.2387367247525512
3area,edges-corr,sfa,779839471,15,3,0.04656609565344272,0.21579178773401594
3area,edges-corr,sfa,779839471,15,4,0.12521856907288276,0.35386235893760026
3area,edges-corr,sfa,779839471,10,0,0.0029522601187430553,0.054334704551907254
3area,edges-corr,sfa,779839471,10,1,0.0037258763066229106,0.06103995664007868
3area,edges-corr,sfa,779839471,10,2,0.0021317287693222164,0.04617064835284474
3area,edges-corr,sfa,779839471,10,3,0.1603892634340387,0.40048628370274797
3area,edges-corr,sfa,779839471,10,4,0.40781513911055334,0.6386040550376685
3area,edges-corr,sfa,779839471,5,0,0.2868939770384423,0.5356248472937402
3area,edges-corr,sfa,779839471,5,1,0.41080232868438127,0.6409386309814545
3area,edges-corr,sfa,779839471,5,2,0.2017342459601077,0.44914835629233646
3area,edges-corr,sfa,779839471,5,3,0.1523748836609179,0.3903522558675917
3area,edges-corr,sfa,779839471,5,4,0.4225019880041816,0.6500015292321871
3area,edges-corr,sfa,781842082,15,0,0.08044759248185362,0.28363284803043093
3area,edges-corr,sfa,781842082,15,1,0.3350928915552046,0.5788720856590043
3area,edges-corr,sfa,781842082,15,2,0.3052534294740429,0.5524974474819264
3area,edges-corr,sfa,781842082,15,3,0.07824831170128366,0.2797289968903545
3area,edges-corr,sfa,781842082,15,4,0.131579414249259,0.36273876860525733
3area,edges-corr,sfa,781842082,10,0,0.03384648216674313,0.18397413450467232
3area,edges-corr,sfa,781842082,10,1,0.46386656576752794,0.6810775034954015
3area,edges-corr,sfa,781842082,10,2,0.10857637844137646,0.32950929947632235
3area,edges-corr,sfa,781842082,10,3,0.05339336471938361,0.23107004288609934
3area,edges-corr,sfa,781842082,10,4,0.09562779763273899,0.3092374453922733
3area,edges-corr,sfa,781842082,5,0,0.08514865500791446,0.291802424609383
3area,edges-corr,sfa,781842082,5,1,0.0009792459583043422,0.03129290587823791
3area,edges-corr,sfa,781842082,5,2,0.16820404591733862,0.4101268656371328
3area,edges-corr,sfa,781842082,5,3,0.37391570171176514,0.6114864689523104
3area,edges-corr,sfa,781842082,5,4,0.6836076963836177,0.8268057186447237
3area,edges-corr,sfa,786091066,15,0,0.3616410346801514,0.6013659739959955
3area,edges-corr,sfa,786091066,15,1,0.40883940472692337,0.6394055088337322
3area,edges-corr,sfa,786091066,15,2,0.36028874417091816,0.6002405719133946
3area,edges-corr,sfa,786091066,15,3,0.2852843327632757,0.5341201482468861
3area,edges-corr,sfa,786091066,15,4,0.3453660969862353,0.5876785660428964
3area,edges-corr,sfa,786091066,10,0,0.2101196972604743,0.45838815130899
3area,edges-corr,sfa,786091066,10,1,0.4234018926570341,0.6506933937401191
3area,edges-corr,sfa,786091066,10,2,0.4225585018547424,0.6500449998690419
3area,edges-corr,sfa,786091066,10,3,0.34766414219934394,0.5896305132872129
3area,edges-corr,sfa,786091066,10,4,0.36617066596585335,0.6051203731207975
3area,edges-corr,sfa,786091066,5,0,0.354645608234455,0.5955212911680439
3area,edges-corr,sfa,786091066,5,1,0.6782930705188835,0.8235854967876017
3area,edges-corr,sfa,786091066,5,2,0.346002858053316,0.5882200762072946
3area,edges-corr,sfa,786091066,5,3,0.46020965235993805,0.6783875384763036
3area,edges-corr,sfa,786091066,5,4,0.5285525720698334,0.7270162116967087
3area,edges-corr,sfa,787025148,15,0,0.2230188678913093,0.47224873519291655
3area,edges-corr,sfa,787025148,15,1,0.2980855533493324,0.5459721177398466
3area,edges-corr,sfa,787025148,15,2,0.5160614470671747,0.7183741692649968
3area,edges-corr,sfa,787025148,15,3,0.17142585680625877,0.41403605737454735
3area,edges-corr,sfa,787025148,15,4,0.3123460300631663,0.5588792625095036
3area,edges-corr,sfa,787025148,10,0,0.46891795156956084,0.6847758403810411
3area,edges-corr,sfa,787025148,10,1,0.21349202739493378,0.4620519747765764
3area,edges-corr,sfa,787025148,10,2,0.17414420739157066,0.4173058918725817
3area,edges-corr,sfa,787025148,10,3,0.29026028510430746,0.5387580951635966
3area,edges-corr,sfa,787025148,10,4,0.5717167983846,0.756119566196114
3area,edges-corr,sfa,787025148,5,0,0.597055360211215,0.7726935745890566
3area,edges-corr,sfa,787025148,5,1,0.6581398713416864,0.8112582026344547
3area,edges-corr,sfa,787025148,5,2,0.06158500142662693,0.2481632555932228
3area,edges-corr,sfa,787025148,5,3,0.7541212181885231,0.8684015305079356
3area,edges-corr,sfa,787025148,5,4,0.6123673912670753,0.7825390669270602
3area,edges-corr,sfa,789848216,15,0,0.8272838974636969,0.9095514814806774
3area,edges-corr,sfa,789848216,15,1,0.8611690152397055,0.9279919262793748
3area,edges-corr,sfa,789848216,15,2,0.9148201611786111,0.9564623156082047
3area,edges-corr,sfa,789848216,15,3,0.8952495949150002,0.9461763022370633
3area,edges-corr,sfa,789848216,15,4,0.8480705515799221,0.9209074609209769
3area,edges-corr,sfa,789848216,10,0,0.9174990956971362,0.9578617309910322
3area,edges-corr,sfa,789848216,10,1,0.8818736705912287,0.9390812907257972
3area,edges-corr,sfa,789848216,10,2,0.9292636234023142,0.9639832070126095
3area,edges-corr,sfa,789848216,10,3,0.8422382981131755,0.9177354183604194
3area,edges-corr,sfa,789848216,10,4,0.8705009828006042,0.9330064216288136
3area,edges-corr,sfa,789848216,5,0,0.9271492048527905,0.9628858732231934
3area,edges-corr,sfa,789848216,5,1,0.9100901033924811,0.9539864272579989
3area,edges-corr,sfa,789848216,5,2,0.8761453974196133,0.9360263871385319
3area,edges-corr,sfa,789848216,5,3,0.8894165972209302,0.9430888596632507
3area,edges-corr,sfa,789848216,5,4,0.8808260129195804,0.9385233150644579
3area,edges-corr,sfa,794812542,15,0,0.023890598157492615,0.1545658376145666
3area,edges-corr,sfa,794812542,15,1,0.02843098741788619,0.16861490864655546
3area,edges-corr,sfa,794812542,15,2,0.04633194726158163,0.21524857087001
3area,edges-corr,sfa,794812542,15,3,0.002183708833498499,0.04673017048437319
3area,edges-corr,sfa,794812542,15,4,0.0034057364110721133,0.05835868753726739
3area,edges-corr,sfa,794812542,10,0,0.03224301197843671,0.17956339264570806
3area,edges-corr,sfa,794812542,10,1,0.1244909885068779,0.352832805315602
3area,edges-corr,sfa,794812542,10,2,0.12467077358045053,0.35308748714794547
3area,edges-corr,sfa,794812542,10,3,0.10337680291133111,0.32152263203595965
3area,edges-corr,sfa,794812542,10,4,0.12358746259102349,0.3515500854658175
3area,edges-corr,sfa,794812542,5,0,0.0660765175918352,0.25705353059593516
3area,edges-corr,sfa,794812542,5,1,0.06313867852377708,0.2512741103332712
3area,edges-corr,sfa,794812542,5,2,0.07298134786339716,0.2701506021895882
3area,edges-corr,sfa,794812542,5,3,0.11372488940618108,0.3372312106050996
3area,edges-corr,sfa,794812542,5,4,0.13181462931406007,0.36306284485479917
3area,edges-corr,sfa,829720705,15,0,0.3589313957813193,0.5991088346713965
3area,edges-corr,sfa,829720705,15,1,0.3350519243619994,0.5788366992183553
3area,edges-corr,sfa,829720705,15,2,0.16187055572394748,0.4023314003703257
3area,edges-corr,sfa,829720705,15,3,0.3587645865982706,0.5989696040687461
3area,edges-corr,sfa,829720705,15,4,0.2569015197099078,0.5068545350590328
3area,edges-corr,sfa,829720705,10,0,0.012627102771731291,0.11237038209301975
3area,edges-corr,sfa,829720705,10,1,0.11790937434354742,0.3433793446664305
3area,edges-corr,sfa,829720705,10,2,0.17415799400571186,0.4173224101407826
3area,edges-corr,sfa,829720705,10,3,0.06792077443460343,0.26061614384877085
3area,edges-corr,sfa,829720705,10,4,0.4345990732073882,0.6592412860306823
3area,edges-corr,sfa,829720705,5,0,0.4972208991501228,0.7051389218800256
3area,edges-corr,sfa,829720705,5,1,0.40931824380721804,0.6397798401069053
3area,edges-corr,sfa,829720705,5,2,0.24796456234428454,0.4979604023858572
3area,edges-corr,sfa,829720705,5,3,0.010287771847805827,0.1014286539780835
3area,edges-corr,sfa,829720705,5,4,0.00022122196153051554,0.014873532247939698
3area,edges-corr,sfa,839068429,15,0,0.0044523782961051195,0.06672614402245139
3area,edges-corr,sfa,839068429,15,1,0.03129062254845705,0.17689155589924882
3area,edges-corr,sfa,839068429,15,2,0.002899369531742524,0.05384579400234026
3area,edges-corr,sfa,839068429,15,3,0.02167974016752172,0.14724041621620645
3area,edges-corr,sfa,839068429,15,4,0.012853696766747857,0.11337414505409851
3area,edges-corr,sfa,839068429,10,0,0.07711781448729982,0.27770094433994896
3area,edges-corr,sfa,839068429,10,1,0.10074715364301856,0.3174069212273391
3area,edges-corr,sfa,839068429,10,2,0.0015548019550191139,0.03943097709947174
3area,edges-corr,sfa,839068429,10,3,0.08580439987748212,0.292923880688281
3area,edges-corr,sfa,839068429,10,4,0.0025029510210374806,0.050029501506986304
3area,edges-corr,sfa,839068429,5,0,0.17425162692111573,0.41743457801326905
3area,edges-corr,sfa,839068429,5,1,0.15337889914602953,0.39163618212063783
3area,edges-corr,sfa,839068429,5,2,0.00019752056285216035,0.01405420089695947
3area,edges-corr,sfa,839068429,5,3,0.03558352320190927,0.18863595416014736
3area,edges-corr,sfa,839068429,5,4,0.002383723110790048,0.048823386924606964
3area,edges-corr,sfa,847657808,15,0,0.1983696633500639,0.4453870938296976
3area,edges-corr,sfa,847657808,15,1,0.26212205095189167,0.5119785649340148
3area,edges-corr,sfa,847657808,15,2,0.1810581794113617,0.4255093176551608
3area,edges-corr,sfa,847657808,15,3,0.19530744194714278,0.44193601567098206
3area,edges-corr,sfa,847657808,15,4,0.14652844315681568,0.3827903383796607
3area,edges-corr,sfa,847657808,10,0,0.35901613117256903,0.5991795483597291
3area,edges-corr,sfa,847657808,10,1,0.18524965601975107,0.43040638473395226
3area,edges-corr,sfa,847657808,10,2,0.24544709717874325,0.49542617732487915
3area,edges-corr,sfa,847657808,10,3,0.2650451122060754,0.5148253220327017
3area,edges-corr,sfa,847657808,10,4,0.24466318621757055,0.49463439651683216
3area,edges-corr,sfa,847657808,5,0,0.37879695595144425,0.6154648291750264
3area,edges-corr,sfa,847657808,5,1,0.6423492522985623,0.8014669377451338
3area,edges-corr,sfa,847657808,5,2,0.34297858126636316,0.585643732371792
3area,edges-corr,sfa,847657808,5,3,0.14319669667617085,0.37841339389108675
3area,edges-corr,sfa,847657808,5,4,0.6147591238813012,0.7840657650231263
3area,edges-corr,pca,766640955,15,0,0.45906866743162544,0.6775460629592833
3area,edges-corr,pca,766640955,15,1,0.3777644320125658,0.6146254404208844
3area,edges-corr,pca,766640955,15,2,0.41009867684804,0.6403894727804631
3area,edges-corr,pca,766640955,15,3,0.43607282909253264,0.6603581067061518
3area,edges-corr,pca,766640955,15,4,0.5051969071752186,0.7107720500802055
3area,edges-corr,pca,766640955,10,0,0.3390578433542685,0.5822867363715831
3area,edges-corr,pca,766640955,10,1,0.3387896541660377,0.5820564011898155
3area,edges-corr,pca,766640955,10,2,0.4833879607111542,0.6952610737781553
3area,edges-corr,pca,766640955,10,3,0.46039055775010795,0.6785208602173619
3area,edges-corr,pca,766640955,10,4,0.4179936280696339,0.6465242671931445
3area,edges-corr,pca,766640955,5,0,0.28459526656261225,0.5334747103308762
3area,edges-corr,pca,766640955,5,1,0.6794477591805599,0.8242862119316084
3area,edges-corr,pca,766640955,5,2,0.5869018797441659,0.7660952158473284
3area,edges-corr,pca,766640955,5,3,0.1413747170953068,0.37599829400584656
3area,edges-corr,pca,766640955,5,4,0.28679204444087214,0.5355296858633254
3area,edges-corr,pca,767871931,15,0,0.5965602855350592,0.7723731517440625
3area,edges-corr,pca,767871931,15,1,0.6869872349346255,0.8288469309436004
3area,edges-corr,pca,767871931,15,2,0.808981906715772,0.8994342147793664
3area,edges-corr,pca,767871931,15,3,0.6183903357795194,0.7863779853095597
3area,edges-corr,pca,767871931,15,4,0.19856707042681776,0.4456086516516672
3area,edges-corr,pca,767871931,10,0,0.02293951077758749,0.15145795052616953
3area,edges-corr,pca,767871931,10,1,0.8836277444535424,0.9400147575722109
3area,edges-corr,pca,767871931,10,2,0.5451326046356408,0.7383309587411604
3area,edges-corr,pca,767871931,10,3,0.014969957158861957,0.12235177627996256
3area,edges-corr,pca,767871931,10,4,0.7875327076561439,0.8874303959500957
3area,edges-corr,pca,767871931,5,0,0.8223762211513665,0.9068496133049666
3area,edges-corr,pca,767871931,5,1,0.7559705859982997,0.8694656899488901
3area,edges-corr,pca,767871931,5,2,0.7991321450020005,0.8939419136621797
3area,edges-corr,pca,767871931,5,3,0.06796596982610592,0.2607028381627362
3area,edges-corr,pca,767871931,5,4,0.6899956966674585,0.8306597959859743
3area,edges-corr,pca,771990200,15,0,0.5705076564373748,0.7553195723912994
3area,edges-corr,pca,771990200,15,1,0.5911676597139102,0.7688742808248356
3area,edges-corr,pca,771990200,15,2,0.5908056343341009,0.7686388191693813
3area,edges-corr,pca,771990200,15,3,0.6393737794686598,0.7996085163807733
3area,edges-corr,pca,771990200,15,4,0.5685381680107539,0.7540147001290844
3area,edges-corr,pca,771990200,10,0,0.7124167989160393,0.8440478652991399
3area,edges-corr,pca,771990200,10,1,0.6123066908574631,0.7825002816980083
3area,edges-corr,pca,771990200,10,2,0.6822722921687983,0.8259977555470707
3area,edges-corr,pca,771990200,10,3,0.6327344937984509,0.7954460973557229
3area,edges-corr,pca,771990200,10,4,0.6851815582287638,0.8277569439326752
3area,edges-corr,pca,771990200,5,0,0.5841805032636247,0.7643170175153926
3area,edges-corr,pca,771990200,5,1,0.5785981829614266,0.7606564158418859
3area,edges-corr,pca,771990200,5,2,0.626220671643309,0.7913410589899338
3area,edges-corr,pca,771990200,5,3,0.4474446329181776,0.6689130234329256
3area,edges-corr,pca,771990200,5,4,0.5037255319911544,0.7097362411425487
3area,edges-corr,pca,774875821,15,0,0.11422543333477231,0.3379725334028965
3area,edges-corr,pca,774875821,15,1,0.11419176532967656,0.3379227209432304
3area,edges-corr,pca,774875821,15,2,0.10639547656843118,0.32618319479769525
3area,edges-corr,pca,774875821,15,3,0.14135379065772258,0.3759704651401793
3area,edges-corr,pca,774875821,15,4,0.1371238465978185,0.3703023718501122
3area,edges-corr,pca,774875821,10,0,0.11998152312616794,0.3463834914169078
3area,edges-corr,pca,774875821,10,1,0.18976845235620687,0.43562421002075497
3area,edges-corr,pca,774875821,10,2,0.06003018000780014,0.24501057121642775
3area,edges-corr,pca,774875821,10,3,0.13273693936593478,0.36433081034402615
3area,edges-corr,pca,774875821,10,4,0.19698491780849692,0.4438298297867053
3area,edges-corr,pca,774875821,5,0,0.004322136167545176,0.0657429552693325
3area,edges-corr,pca,774875821,5,1,0.33893844999845246,0.5821842062427083
3area,edges-corr,pca,774875821,5,2,0.05602025739735994,0.2366859890178544
3area,edges-corr,pca,774875821,5,3,0.36747673405614123,0.6061985929183128
3area,edges-corr,pca,774875821,5,4,0.10406934666873735,0.32259780946053757
3area,edges-corr,pca,778240327,15,0,0.5879351183961166,0.76676927324725
3area,edges-corr,pca,778240327,15,1,0.5545100038783817,0.7446542848049594
3area,edges-corr,pca,778240327,15,2,0.4472123485136451,0.6687393726360404
3area,edges-corr,pca,778240327,15,3,0.5807083283658205,0.7620422090447617
3area,edges-corr,pca,778240327,15,4,0.41827295350140903,0.6467402519570054
3area,edges-corr,pca,778240327,10,0,0.3848593205465176,0.6203703092077482
3area,edges-corr,pca,778240327,10,1,0.5399692486590717,0.7348259988997887
3area,edges-corr,pca,778240327,10,2,0.4682878546693644,0.6843156104235568
3area,edges-corr,pca,778240327,10,3,0.38315619769340614,0.618996120903359
3area,edges-corr,pca,778240327,10,4,0.4779514233021569,0.6913403093283047
3area,edges-corr,pca,778240327,5,0,0.6811120039559395,0.8252951011340969
3area,edges-corr,pca,778240327,5,1,0.5294516363991346,0.7276342737935966
3area,edges-corr,pca,778240327,5,2,0.5144233642978222,0.7172331310653617
3area,edges-corr,pca,778240327,5,3,0.7388861100177955,0.8595848474803388
3area,edges-corr,pca,778240327,5,4,0.6850454936716481,0.8276747511381791
3area,edges-corr,pca,778998620,15,0,0.4616929601497034,0.6794799188715608
3area,edges-corr,pca,778998620,15,1,0.36888716997127524,0.607360823540073
3area,edges-corr,pca,778998620,15,2,0.45445110732776417,0.6741298890627558
3area,edges-corr,pca,778998620,15,3,0.3692732574889077,0.6076785807389522
3area,edges-corr,pca,778998620,15,4,0.45868310409869606,0.6772614739513076
3area,edges-corr,pca,778998620,10,0,0.2265147962522781,0.4759357060068912
3area,edges-corr,pca,778998620,10,1,0.38686615388813306,0.6219856540854722
3area,edges-corr,pca,778998620,10,2,0.0010302240172685995,0.032097102941986505
3area,edges-corr,pca,778998620,10,3,0.18017475750023204,0.4244699724364874
3area,edges-corr,pca,778998620,10,4,0.3833351216963584,0.6191406315986354
3area,edges-corr,pca,778998620,5,0,0.11880858496604352,0.344686212323678
3area,edges-corr,pca,778998620,5,1,0.006487032683716865,0.08054211745240361
3area,edges-corr,pca,778998620,5,2,0.16277023276110136,0.40344793066900403
3area,edges-corr,pca,778998620,5,3,0.15637375151353516,0.39544121119773906
3area,edges-corr,pca,778998620,5,4,0.36725939237302374,0.6060193003304635
3area,edges-corr,pca,779839471,15,0,0.14801938119960822,0.3847328699235456
3area,edges-corr,pca,779839471,15,1,0.1429706496428247,0.3781145985581944
3area,edges-corr,pca,779839471,15,2,0.005875435867858436,0.07665139181944568
3area,edges-corr,pca,779839471,15,3,0.15818245263719188,0.3977215767810345
3area,edges-corr,pca,779839471,15,4,0.15209764904086598,0.38999698593818144
3area,edges-corr,pca,779839471,10,0,0.16327035421506786,0.404067264468514
3area,edges-corr,pca,779839471,10,1,0.1866238541413645,0.4319998311821031
3area,edges-corr,pca,779839471,10,2,0.18568054740321693,0.4309066574134323
3area,edges-corr,pca,779839471,10,3,0.18480065561952674,0.42988446775793815
3area,edges-corr,pca,779839471,10,4,0.16803608857818786,0.40992205183203767
3area,edges-corr,pca,779839471,5,0,0.06321610125239674,0.2514281234317212
3area,edges-corr,pca,779839471,5,1,0.05194504504279451,0.22791455645218167
3area,edges-corr,pca,779839471,5,2,0.014347726880977296,0.11978199731586278
3area,edges-corr,pca,779839471,5,3,0.2593795833770087,0.5092932194492763
3area,edges-corr,pca,779839471,5,4,0.13015337981292174,0.3607677643760894
3area,edges-corr,pca,781842082,15,0,0.4421742718962308,0.6649618574747197
3area,edges-corr,pca,781842082,15,1,0.45580338862076153,0.6751321267876096
3area,edges-corr,pca,781842082,15,2,0.4653702841032731,0.682180536297595
3area,edges-corr,pca,781842082,15,3,0.4673020322373864,0.6835949328640369
3area,edges-corr,pca,781842082,15,4,0.3456868095024457,0.5879513666132997
3area,edges-corr,pca,781842082,10,0,0.4814110729905462,0.6938379299163078
3area,edges-corr,pca,781842082,10,1,0.42565952924412753,0.6524258802684995
3area,edges-corr,pca,781842082,10,2,0.46890302105976756,0.6847649385444375
3area,edges-corr,pca,781842082,10,3,0.4599023973727595,0.6781610408839186
3area,edges-corr,pca,781842082,10,4,0.4621208075753602,0.6797946804553273
3area,edges-corr,pca,781842082,5,0,0.6080934752527811,0.7798034850222084
3area,edges-corr,pca,781842082,5,1,0.3493255592830655,0.5910376970067694
3area,edges-corr,pca,781842082,5,2,0.4397731637711447,0.6631539517873242
3area,edges-corr,pca,781842082,5,3,0.6320212749442746,0.7949976571942058
3area,edges-corr,pca,781842082,5,4,0.4889662780111719,0.6992612373149061
3area,edges-corr,pca,786091066,15,0,0.04961119220790777,0.2227357003443941
3area,edges-corr,pca,786091066,15,1,0.07663671697936714,0.2768333740345747
3area,edges-corr,pca,786091066,15,2,0.06270030853317232,0.25040029659162183
3area,edges-corr,pca,786091066,15,3,0.08578003342321272,0.2928822859498556
3area,edges-corr,pca,786091066,15,4,0.3045481858499064,0.5518588459469564
3area,edges-corr,pca,786091066,10,0,0.02310510289351042,0.1520036278958844
3area,edges-corr,pca,786091066,10,1,0.3682102429430605,0.6068032983950072
3area,edges-corr,pca,786091066,10,2,0.022635876715983105,0.1504522406479317
3area,edges-corr,pca,786091066,10,3,0.04406225959837162,0.20991012266770698
3area,edges-corr,pca,786091066,10,4,0.09707055704172896,0.3115614819609909
3area,edges-corr,pca,786091066,5,0,0.462789440046262,0.6802862927079032
3area,edges-corr,pca,786091066,5,1,0.12396164976137292,0.35208187934253654
3area,edges-corr,pca,786091066,5,2,0.5608165409570831,0.748876852998597
3area,edges-corr,pca,786091066,5,3,0.4088065350719198,0.6393798050235234
3area,edges-corr,pca,786091066,5,4,0.02826070385603552,0.1681092021753587
3area,edges-corr,pca,787025148,15,0,0.11005600700685614,0.33174690203053314
3area,edges-corr,pca,787025148,15,1,0.140412650823887,0.37471676079925653
3area,edges-corr,pca,787025148,15,2,0.08828926786416491,0.29713510035700064
3area,edges-corr,pca,787025148,15,3,0.02780976686636638,0.16676260631918266
3area,edges-corr,pca,787025148,15,4,0.07584859291404367,0.2754062325257793
3area,edges-corr,pca,787025148,10,0,0.13944199568059923,0.37341932954869755
3area,edges-corr,pca,787025148,10,1,0.09266903392592063,0.30441588973954814
3area,edges-corr,pca,787025148,10,2,0.23153072352993787,0.48117639544135754
3area,edges-corr,pca,787025148,10,3,0.023290292763269105,0.1526115748010919
3area,edges-corr,pca,787025148,10,4,0.2058768591183281,0.4537365525482023
3area,edges-corr,pca,787025148,5,0,0.6290010378018582,0.793095856628856
3area,edges-corr,pca,787025148,5,1,0.02179794637930421,0.14764127600134108
3area,edges-corr,pca,787025148,5,2,0.11355597839393028,0.3369806795558617
3area,edges-corr,pca,787025148,5,3,0.32392528620227456,0.5691443456648534
3area,edges-corr,pca,787025148,5,4,0.14499946920861762,0.3807879583293277
3area,edges-corr,pca,789848216,15,0,0.43295262349071595,0.6579913551793201
3area,edges-corr,pca,789848216,15,1,0.32535069488231394,0.5703952093788256
3area,edges-corr,pca,789848216,15,2,0.2890727205925234,0.5376548340641263
3area,edges-corr,pca,789848216,15,3,0.5748307020944621,0.7581759044538817
3area,edges-corr,pca,789848216,15,4,0.32704462874227713,0.5718781590009154
3area,edges-corr,pca,789848216,10,0,0.5076989859582512,0.7125299895150031
3area,edges-corr,pca,789848216,10,1,0.4158467110084172,0.6448617766687836
3area,edges-corr,pca,789848216,10,2,0.6662285148114707,0.816228224708917
3area,edges-corr,pca,789848216,10,3,0.17040263121370858,0.4127985358667205
3area,edges-corr,pca,789848216,10,4,0.5220095794564352,0.7225023041184273
3area,edges-corr,pca,789848216,5,0,0.19266361487571204,0.4389346362224245
3area,edges-corr,pca,789848216,5,1,0.262435658973701,0.5122847440376312
3area,edges-corr,pca,789848216,5,2,0.3236403746921733,0.5688939924908444
3area,edges-corr,pca,789848216,5,3,0.19683510485493982,0.44366102471925506
3area,edges-corr,pca,789848216,5,4,0.6459560443804493,0.8037139070468106
3area,edges-corr,pca,794812542,15,0,0.3516241195425228,0.5929790211656095
3area,edges-corr,pca,794812542,15,1,0.6137038342369779,0.7833925160715912
3area,edges-corr,pca,794812542,15,2,0.6011515408263475,0.775339629340813
3area,edges-corr,pca,794812542,15,3,0.34610205832379914,0.5883043925756455
3area,edges-corr,pca,794812542,15,4,0.6115047498848435,0.7819876916453643
3area,edges-corr,pca,794812542,10,0,0.7222147272675482,0.8498321759427261
3area,edges-corr,pca,794812542,10,1,0.7123508179625704,0.844008778368193
3area,edges-corr,pca,794812542,10,2,0.525352508656344,0.7248120505733484
3area,edges-corr,pca,794812542,10,3,0.5489988656104379,0.7409445766117991
3area,edges-corr,pca,794812542,10,4,0.5911162443733307,0.7688408446312732
3area,edges-corr,pca,794812542,5,0,0.014483278986331727,0.12034649552991397
3area,edges-corr,pca,794812542,5,1,0.4394285856817165,0.6628940983910757
3area,edges-corr,pca,794812542,5,2,0.7326021482899145,0.8559218120190164
3area,edges-corr,pca,794812542,5,3,0.37131729332122676,0.6093580994138229
3area,edges-corr,pca,794812542,5,4,0.3298952609651631,0.574365093790668
3area,edges-corr,pca,829720705,15,0,0.1610268642109013,0.40128152737311656
3area,edges-corr,pca,829720705,15,1,0.13543952277974325,0.3680210901290084
3area,edges-corr,pca,829720705,15,2,0.11817178869355283,0.34376123791601704
3area,edges-corr,pca,829720705,15,3,0.1636578568360444,0.4045464829114749
3area,edges-corr,pca,829720705,15,4,0.13537677472583354,0.36793582963043014
3area,edges-corr,pca,829720705,10,0,0.5399435619749796,0.7348085206194734
3area,edges-corr,pca,829720705,10,1,0.3633558063317226,0.6027900184406858
3area,edges-corr,pca,829720705,10,2,0.48124960571659503,0.6937215620957699
3area,edges-corr,pca,829720705,10,3,0.563066971071879,0.750377885516276
3area,edges-corr,pca,829720705,10,4,0.3730767772490723,0.6108001123518828
3area,edges-corr,pca,829720705,5,0,0.7634324774989711,0.8737462317509427
3area,edges-corr,pca,829720705,5,1,0.39089766828463146,0.6252180965748118
3area,edges-corr,pca,829720705,5,2,0.459147964287125,0.6776045781184808
3area,edges-corr,pca,829720705,5,3,0.5023798339968142,0.7087875803065502
3area,edges-corr,pca,829720705,5,4,0.7239897995593205,0.8508759013859305
3area,edges-corr,pca,839068429,15,0,0.16363231488918917,0.40451491306154336
3area,edges-corr,pca,839068429,15,1,0.21499618450487779,0.4636768104023276
3area,edges-corr,pca,839068429,15,2,0.00019221049639761567,0.013864000014335963
3area,edges-corr,pca,839068429,15,3,0.07281194830335969,0.26983689203546646
3area,edges-corr,pca,839068429,15,4,0.007815366656688916,0.088404562420097
3area,edges-corr,pca,839068429,10,0,0.36444748611421773,0.6036948617589993
3area,edges-corr,pca,839068429,10,1,0.01753977766957926,0.13243782567521725
3area,edges-corr,pca,839068429,10,2,0.00832188805343892,0.0912243829984009
3area,edges-corr,pca,839068429,10,3,0.18035571002731654,0.42468307009735734
3area,edges-corr,pca,839068429,10,4,0.30877430785189786,0.5556746420810456
3area,edges-corr,pca,839068429,5,0,0.028829156719442084,0.16979150956229266
3area,edges-corr,pca,839068429,5,1,0.043295885416893554,0.2080766335197048
3area,edges-corr,pca,839068429,5,2,0.04309849449580261,0.20760176900932897
3area,edges-corr,pca,839068429,5,3,0.023990136110535243,0.1548874950102012
3area,edges-corr,pca,839068429,5,4,0.4737785585374855,0.688315740440015
3area,edges-corr,pca,847657808,15,0,0.1081786067542101,0.3289051637694517
3area,edges-corr,pca,847657808,15,1,0.09885470865088153,0.31441168656855223
3area,edges-corr,pca,847657808,15,2,0.26579938752463306,0.51555735619292
3area,edges-corr,pca,847657808,15,3,0.12247572058371758,0.3499653134007969
3area,edges-corr,pca,847657808,15,4,0.13335457396982464,0.3651774554512152
3area,edges-corr,pca,847657808,10,0,0.30577437699593824,0.5529686944085873
3area,edges-corr,pca,847657808,10,1,0.2971319761753315,0.5450981344449201
3area,edges-corr,pca,847657808,10,2,0.057826112713701305,0.24047060675621312
3area,edges-corr,pca,847657808,10,3,0.14518117182523504,0.3810264712920031
3area,edges-corr,pca,847657808,10,4,0.18786239509415215,0.4334309577016303
3area,edges-corr,pca,847657808,5,0,0.29081003697579744,0.5392680566988904
3area,edges-corr,pca,847657808,5,1,0.2522851799294582,0.5022799816133013
3area,edges-corr,pca,847657808,5,2,0.2846713847521559,0.5335460474524725
3area,edges-corr,pca,847657808,5,3,0.12720989695508134,0.35666496457471253
3area,edges-corr,pca,847657808,5,4,0.028994825927742496,0.1702786713823628
3area,edges-cov,sfa,766640955,15,0,0.10321601484541898,0.32127249313537376
3area,edges-cov,sfa,766640955,15,1,0.11785361045238185,0.3432981363951479
3area,edges-cov,sfa,766640955,15,2,0.1498066837204719,0.3870486839151786
3area,edges-cov,sfa,766640955,15,3,0.1079973362696719,0.3286294817414777
3area,edges-cov,sfa,766640955,15,4,0.034517946011903056,0.18579005896953388
3area,edges-cov,sfa,766640955,10,0,0.2327720360031832,0.48246454377827797
3area,edges-cov,sfa,766640955,10,1,0.12479696224871895,0.3532661351569368
3area,edges-cov,sfa,766640955,10,2,0.09329875819584976,0.3054484542371265
3area,edges-cov,sfa,766640955,10,3,0.033768158323853936,0.18376114476094668
3area,edges-cov,sfa,766640955,10,4,0.04284753124200458,0.2069964522449707
3area,edges-cov,sfa,766640955,5,0,0.10742252178840928,0.32775375175336957
3area,edges-cov,sfa,766640955,5,1,0.4634345441386145,0.6807602692127489
3area,edges-cov,sfa,766640955,5,2,0.0007175331386900519,0.0267868090426962
3area,edges-cov,sfa,766640955,5,3,7.535809004710625e-05,0.008680903757501022
3area,edges-cov,sfa,766640955,5,4,0.48097873624123577,0.693526305370774
3area,edges-cov,sfa,767871931,15,0,9.18213424623282e-05,0.009582345352902706
3area,edges-cov,sfa,767871931,15,1,0.042940233071253164,0.20722025256053805
3area,edges-cov,sfa,767871931,15,2,0.15326720994508547,0.3914935630953404
3area,edges-cov,sfa,767871931,15,3,0.16556582895437377,0.40689781143964643
3area,edges-cov,sfa,767871931,15,4,0.11486699413464718,0.33892033597092913
3area,edges-cov,sfa,767871931,10,0,0.11531348563140154,0.3395783939407829
3area,edges-cov,sfa,767871931,10,1,0.011865822572918017,0.10893035652616859
3area,edges-cov,sfa,767871931,10,2,0.009949325637601425,0.09974630638575668
3area,edges-cov,sfa,767871931,10,3,0.08721162229095447,0.2953161395707226
3area,edges-cov,sfa,767871931,10,4,0.1845818163462245,0.42962985970044576
3area,edges-cov,sfa,767871931,5,0,0.5575875510336004,0.7467178523603145
3area,edges-cov,sfa,767871931,5,1,0.34002738459730786,0.5831186711101858
3area,edges-cov,sfa,767871931,5,2,0.056764399610600536,0.23825280609176633
3area,edges-cov,sfa,767871931,5,3,0.018073586482116433,0.13443803956513428
3area,edges-cov,sfa,767871931,5,4,0.22618346967907033,0.47558749949832596
3area,edges-cov,sfa,771990200,15,0,0.3391902451949307,0.5824004165476978
3area,edges-cov,sfa,771990200,15,1,0.0026935622670272164,0.0518995401427341
3area,edges-cov,sfa,771990200,15,2,0.04417920128748787,0.2101884899024873
3area,edges-cov,sfa,771990200,15,3,0.3952257115478185,0.628669795320102
3area,edges-cov,sfa,771990200,15,4,0.004378047033355648,0.06616681217465147
3area,edges-cov,sfa,771990200,10,0,0.3930502876843668,0.6269372278660498
3area,edges-cov,sfa,771990200,10,1,0.33156720613169843,0.5758187267983724
3area,edges-cov,sfa,771990200,10,2,0.26217703558244143,0.5120322602946428
3area,edges-cov,sfa,771990200,10,3,0.35772195720256883,0.5980986182918068
3area,edges-cov,sfa,771990200,10,4,0.36356172248752183,0.6029607968081517
3area,edges-cov,sfa,771990200,5,0,0.32349635005404576,0.5687673953858863
3area,edges-cov,sfa,771990200,5,1,0.28953639236809103,0.5380858596619047
3area,edges-cov,sfa,771990200,5,2,0.4518943486360253,0.672230874503711
3area,edges-cov,sfa,771990200,5,3,0.3006897733137254,0.5483518699828835
3area,edges-cov,sfa,771990200,5,4,0.34450132369893915,0.586942351256867
3area,edges-cov,sfa,774875821,15,0,0.47857222587110926,0.6917891484195972
3area,edges-cov,sfa,774875821,15,1,0.4809875402831618,0.6935326526438116
3area,edges-cov,sfa,774875821,15,2,0.515400141851325,0.7179137426260395
3area,edges-cov,sfa,774875821,15,3,0.5140368854251742,0.7169636569765406
3area,edges-cov,sfa,774875821,15,4,0.5004890786213729,0.7074525274683613
3area,edges-cov,sfa,774875821,10,0,0.49762478570083113,0.7054252516750658
3area,edges-cov,sfa,774875821,10,1,0.5324098076079217,0.7296641745405348
3area,edges-cov,sfa,774875821,10,2,0.6008534817630451,0.7751473935730204
3area,edges-cov,sfa,774875821,10,3,0.5353798885260533,0.7316965822839777
3area,edges-cov,sfa,774875821,10,4,0.5136479481526153,0.7166923664673813
3area,edges-cov,sfa,774875821,5,0,0.6153553099330284,0.7844458616966682
3area,edges-cov,sfa,774875821,5,1,0.628243709597776,0.7926182622156631
3area,edges-cov,sfa,774875821,5,2,0.49598760775786144,0.7042638765106879
3area,edges-cov,sfa,774875821,5,3,0.012237961201789105,0.1106253189906777
3area,edges-cov,sfa,774875821,5,4,0.747311566856462,0.8644718427204335
3area,edges-cov,sfa,778240327,15,0,0.4389984763436894,0.6625696011316046
3area,edges-cov,sfa,778240327,15,1,0.2829497137035598,0.5319301774702762
3area,edges-cov,sfa,778240327,15,2,0.43854447764795457,0.6622269079763781
3area,edges-cov,sfa,778240327,15,3,0.27837180242023807,0.5276095169917219
3area,edges-cov,sfa,778240327,15,4,0.3198625849381491,0.5655639530045653
3area,edges-cov,sfa,778240327,10,0,0.38412284194437896,0.6197764451351614
3area,edges-cov,sfa,778240327,10,1,0.2591810148700132,0.5090982369543361
3area,edges-cov,sfa,778240327,10,2,0.3172279266359368,0.5632299056654716
3area,edges-cov,sfa,778240327,10,3,0.277439322439178,0.5267250919020072
3area,edges-cov,sfa,778240327,10,4,0.32294854271703366,0.5682856172005708
3area,edges-cov,sfa,778240327,5,0,0.3885609823097558,0.6233465988595391
3area,edges-cov,sfa,778240327,5,1,0.38756751066103656,0.6225492034056721
3area,edges-cov,sfa,778240327,5,2,0.1571521262121074,0.3964241746060747
3area,edges-cov,sfa,778240327,5,3,0.10345190848871899,0.3216394075493844
3area,edges-cov,sfa,778240327,5,4,0.43618738972054194,0.6604448422999017
3area,edges-cov,sfa,778998620,15,0,0.174196528123582,0.41736857586979464
3area,edges-cov,sfa,778998620,15,1,0.2154834774382689,0.4642019791408364
3area,edges-cov,sfa,778998620,15,2,0.5235200905864517,0.7235468820929651
3area,edges-cov,sfa,778998620,15,3,0.4989526602233453,0.7063658119015571
3area,edges-cov,sfa,778998620,15,4,0.5054362895237167,0.710940426142526
3area,edges-cov,sfa,778998620,10,0,0.22540544707678067,0.4747688354102244
3area,edges-cov,sfa,778998620,10,1,0.5545397315763438,0.7446742452753047
3area,edges-cov,sfa,778998620,10,2,0.5547711284678443,0.7448295969333134
3area,edges-cov,sfa,778998620,10,3,0.29425443546285124,0.5424522425641268
3area,edges-cov,sfa,778998620,10,4,0.30546443284425817,0.5526883686529492
3area,edges-cov,sfa,778998620,5,0,0.821304931408796,0.9062587552177352
3area,edges-cov,sfa,778998620,5,1,0.23198325221570493,0.48164639749063354
3area,edges-cov,sfa,778998620,5,2,0.46134844432606226,0.6792263572080098
3area,edges-cov,sfa,778998620,5,3,0.7217647379323582,0.8495673828086611
3area,edges-cov,sfa,778998620,5,4,0.8702334636993476,0.9328630465933081
3area,edges-cov,sfa,779839471,15,0,0.49851950861517025,0.7060591396017544
3area,edges-cov,sfa,779839471,15,1,0.3288795304067039,0.5734801918172093
3area,edges-cov,sfa,779839471,15,2,0.4873356614974559,0.6980943070226654
3area,edges-cov,sfa,779839471,15,3,0.31900726219686226,0.5648072788100926
3area,edges-cov,sfa,779839471,15,4,0.4511781926853461,0.6716979921701017
3area,edges-cov,sfa,779839471,10,0,0.4658334579085984,0.6825199322427129
3area,edges-cov,sfa,779839471,10,1,0.44678314181496437,0.6684183882980508
3area,edges-cov,sfa,779839471,10,2,0.4242192179641605,0.6513211327480183
3area,edges-cov,sfa,779839471,10,3,0.47399217777225444,0.6884708982754864
3area,edges-cov,sfa,779839471,10,4,0.30768971775204634,0.5546978616797131
3area,edges-cov,sfa,779839471,5,0,0.5465535510953057,0.7392926018129126
3area,edges-cov,sfa,779839471,5,1,0.2593603279098292,0.5092743149912723
3area,edges-cov,sfa,779839471,5,2,0.555976459776089,0.7456382901756655
3area,edges-cov,sfa,779839471,5,3,0.33452887540728193,0.5783847122869711
3area,edges-cov,sfa,779839471,5,4,0.5830823533910363,0.7635982932085669
3area,edges-cov,sfa,781842082,15,0,0.46554492035510087,0.6823085228509896
3area,edges-cov,sfa,781842082,15,1,0.5320258482678968,0.7294010201993811
3area,edges-cov,sfa,781842082,15,2,0.5231394583214515,0.7232838020593662
3area,edges-cov,sfa,781842082,15,3,0.49660099597171126,0.7046992237626709
3area,edges-cov,sfa,781842082,15,4,0.5211329694402556,0.7218954006227307
3area,edges-cov,sfa,781842082,10,0,0.5414360817747186,0.7358234039324357
3area,edges-cov,sfa,781842082,10,1,0.5612969454291907,0.7491975343186807
3area,edges-cov,sfa,781842082,10,2,0.5613428089887449,0.7492281421494701
3area,edges-cov,sfa,781842082,10,3,0.4937459531709233,0.7026705865275161
3area,edges-cov,sfa,781842082,10,4,0.5590563639200989,0.7477007181487119
3area,edges-cov,sfa,781842082,5,0,0.5279099143930949,0.7265740942210192
3area,edges-cov,sfa,781842082,5,1,0.4737802584333297,0.6883169752616382
3area,edges-cov,sfa,781842082,5,2,0.6196433394384409,0.7871742751376196
3area,edges-cov,sfa,781842082,5,3,0.31956348804086465,0.5652994675752534
3area,edges-cov,sfa,781842082,5,4,0.47687936358876937,0.6905645252898314
3area,edges-cov,sfa,786091066,15,0,0.21483406842468777,0.46350196161902885
3area,edges-cov,sfa,786091066,15,1,0.0983584110225626,0.3136214454123998
3area,edges-cov,sfa,786091066,15,2,0.0007319563243046723,0.02705469135482308
3area,edges-cov,sfa,786091066,15,3,0.15482625427056984,0.3934796745329663
3area,edges-cov,sfa,786091066,15,4,0.14084405238446462,0.37529195619472633
3area,edges-cov,sfa,786091066,10,0,0.03973816388400375,0.19934433496842563
3area,edges-cov,sfa,786091066,10,1,0.21942896486658559,0.4684324549671874
3area,edges-cov,sfa,786091066,10,2,0.23188252483982064,0.4815418204474258
3area,edges-cov,sfa,786091066,10,3,0.02302661936319772,0.15174524494427435
3area,edges-cov,sfa,786091066,10,4,0.25622764408785614,0.5061893362051957
3area,edges-cov,sfa,786091066,5,0,0.5253871745902271,0.7248359639188898
3area,edges-cov,sfa,786091066,5,1,0.45828204724026156,0.6769653220367056
3area,edges-cov,sfa,786091066,5,2,0.1767531630966671,0.42042022203584256
3area,edges-cov,sfa,786091066,5,3,8.833391534135426e-05,0.009398612415736961
3area,edges-cov,sfa,786091066,5,4,0.5643353497893175,0.751222570074487
3area,edges-cov,sfa,787025148,15,0,0.0003108852416395802,0.017631938113536156
3area,edges-cov,sfa,787025148,15,1,0.022894873335839505,0.15131051958089148
3area,edges-cov,sfa,787025148,15,2,0.03074883944304574,0.17535347000571702
3area,edges-cov,sfa,787025148,15,3,0.1557632112642181,0.3946684827348368
3area,edges-cov,sfa,787025148,15,4,0.03226657144389222,0.17962898275025832
3area,edges-cov,sfa,787025148,10,0,0.020701928013003412,0.14388164585173335
3area,edges-cov,sfa,787025148,10,1,0.07398796224024717,0.27200728343235075
3area,edges-cov,sfa,787025148,10,2,0.006724319618290564,0.0820019488688565
3area,edges-cov,sfa,787025148,10,3,0.18836948176497093,0.4340155317093739
3area,edges-cov,sfa,787025148,10,4,0.06722378736822199,0.25927550475936245
3area,edges-cov,sfa,787025148,5,0,0.09358945400449759,0.3059239349977333
3area,edges-cov,sfa,787025148,5,1,0.6227309258120489,0.7891330216205934
3area,edges-cov,sfa,787025148,5,2,0.12402594826858093,0.3521731793714293
3area,edges-cov,sfa,787025148,5,3,0.5965051495154216,0.7723374583143194
3area,edges-cov,sfa,787025148,5,4,0.49094910788346546,0.7006776062380363
3area,edges-cov,sfa,789848216,15,0,0.18190163831466122,0.4264992829005244
3area,edges-cov,sfa,789848216,15,1,0.26079711148058304,0.5106829853055445
3area,edges-cov,sfa,789848216,15,2,0.3445272401300352,0.5869644283344905
3area,edges-cov,sfa,789848216,15,3,0.1781848393417974,0.4221194609844436
3area,edges-cov,sfa,789848216,15,4,0.06369366433749879,0.25237603756596755
3area,edges-cov,sfa,789848216,10,0,0.20282793576190772,0.4503642256684118
3area,edges-cov,sfa,789848216,10,1,0.26321954857217045,0.5130492652486398
3area,edges-cov,sfa,789848216,10,2,0.25568827015868323,0.5056562766926596
3area,edges-cov,sfa,789848216,10,3,0.05558410258762092,0.23576281001807908
3area,edges-cov,sfa,789848216,10,4,0.03905834835474542,0.19763185055740745
3area,edges-cov,sfa,789848216,5,0,0.217059109244076,0.4658960283626337
3area,edges-cov,sfa,789848216,5,1,0.725407222230277,0.8517084138543418
3area,edges-cov,sfa,789848216,5,2,0.7023949806583079,0.8380900790835721
3area,edges-cov,sfa,789848216,5,3,0.0018912573708360636,0.04348858897269751
3area,edges-cov,sfa,789848216,5,4,0.06416962493424494,0.25331724168371383
3area,edges-cov,sfa,794812542,15,0,0.6188904680245758,0.7866959183983215
3area,edges-cov,sfa,794812542,15,1,0.620960253459763,0.7880103130414995
3area,edges-cov,sfa,794812542,15,2,0.6720013102398893,0.8197568604408807
3area,edges-cov,sfa,794812542,15,3,0.5953759070467952,0.7716060569013171
3area,edges-cov,sfa,794812542,15,4,0.5977786956868462,0.7731614939240344
3area,edges-cov,sfa,794812542,10,0,0.6846535280976486,0.827437930057384
3area,edges-cov,sfa,794812542,10,1,0.6058673694569636,0.7783748258114234
3area,edges-cov,sfa,794812542,10,2,0.5405569308705694,0.7352257686388374
3area,edges-cov,sfa,794812542,10,3,0.5907053914019849,0.7685736083173718
3area,edges-cov,sfa,794812542,10,4,0.6836044108732973,0.8268037317727219
3area,edges-cov,sfa,794812542,5,0,0.7088042329031021,0.8419051210814091
3area,edges-cov,sfa,794812542,5,1,0.6582726614927629,0.8113400406073653
3area,edges-cov,sfa,794812542,5,2,0.4939463938588192,0.7028131998325159
3area,edges-cov,sfa,794812542,5,3,0.7150791425132222,0.8456235229185756
3area,edges-cov,sfa,794812542,5,4,0.6737336540366967,0.8208128008484613
3area,edges-cov,sfa,829720705,15,0,0.2899051942983548,0.5384284486339423
3area,edges-cov,sfa,829720705,15,1,0.3004310495810758,0.5481159088925219
3area,edges-cov,sfa,829720705,15,2,0.2679755314833139,0.5176635311506068
3area,edges-cov,sfa,829720705,15,3,0.27895754140105955,0.5281643128810004
3area,edges-cov,sfa,829720705,15,4,0.2740061323993682,0.5234559507727163
3area,edges-cov,sfa,829720705,10,0,0.22458648568366357,0.4739055662087791
3area,edges-cov,sfa,829720705,10,1,0.4880940455244416,0.6986372775084664
3area,edges-cov,sfa,829720705,10,2,0.260048088016697,0.5099491033590476
3area,edges-cov,sfa,829720705,10,3,0.4956373037571782,0.7040151303467693
3area,edges-cov,sfa,829720705,10,4,0.3798019449465866,0.6162807354985111
3area,edges-cov,sfa,829720705,5,0,0.5623064321473839,0.7498709436612305
3area,edges-cov,sfa,829720705,5,1,0.5360051907522385,0.7321237537139728
3area,edges-cov,sfa,829720705,5,2,0.23315915710288437,0.48286556835509004
3area,edges-cov,sfa,829720705,5,3,0.43299628145090985,0.6580245295206775
3area,edges-cov,sfa,829720705,5,4,0.6104698568783637,0.7813257047341797
3area,edges-cov,sfa,839068429,15,0,0.004534805352180649,0.06734096340401387
3area,edges-cov,sfa,839068429,15,1,0.002441799459210525,0.049414567277378404
3area,edges-cov,sfa,839068429,15,2,0.22368086764275075,0.4729491173929313
3area,edges-cov,sfa,839068429,15,3,0.2573728589381866,0.5073192869763449
3area,edges-cov,sfa,839068429,15,4,0.01335539162079924,0.11556552955271399
3area,edges-cov,sfa,839068429,10,0,0.360670548620038,0.6005585305530483
3area,edges-cov,sfa,839068429,10,1,0.004386567510621053,0.06623116721469745
3area,edges-cov,sfa,839068429,10,2,0.004779215998413688,0.06913187396862545
3area,edges-cov,sfa,839068429,10,3,0.28736777411135395,0.5360669492809207
3area,edges-cov,sfa,839068429,10,4,0.013962700617832335,0.11816387188067384
3area,edges-cov,sfa,839068429,5,0,0.12217832391140349,0.3495401606559724
3area,edges-cov,sfa,839068429,5,1,0.1186837854232844,0.34450513120022497
3area,edges-cov,sfa,839068429,5,2,0.11333574081709674,0.33665374023928024
3area,edges-cov,sfa,839068429,5,3,0.04404858340770412,0.20987754383855406
3area,edges-cov,sfa,839068429,5,4,0.0725034052361494,0.2692645636472601
3area,edges-cov,sfa,847657808,15,0,0.2973195129764743,0.545270128446878
3area,edges-cov,sfa,847657808,15,1,0.2915557631980642,0.5399590384446435
3area,edges-cov,sfa,847657808,15,2,0.3357557116636254,0.57944431282361
3area,edges-cov,sfa,847657808,15,3,0.37934320868928817,0.615908441807131
3area,edges-cov,sfa,847657808,15,4,0.3497134822594091,0.5913657770444709
3area,edges-cov,sfa,847657808,10,0,0.2894417143267296,0.5379978757641423
3area,edges-cov,sfa,847657808,10,1,0.29116595889160146,0.5395979604220176
3area,edges-cov,sfa,847657808,10,2,0.5856210764949019,0.7652588297399133
3area,edges-cov,sfa,847657808,10,3,0.2355153354419851,0.4852992225853916
3area,edges-cov,sfa,847657808,10,4,0.526959099057027,0.7259194852440787
3area,edges-cov,sfa,847657808,5,0,0.16089130851062317,0.40111258832231017
3area,edges-cov,sfa,847657808,5,1,0.3912023584760145,0.6254617162353066
3area,edges-cov,sfa,847657808,5,2,0.6432111564041727,0.802004461586201
3area,edges-cov,sfa,847657808,5,3,0.49669855306507393,0.7047684393225006
3area,edges-cov,sfa,847657808,5,4,0.5787211638716425,0.7607372502195765
3area,edges-cov,pca,766640955,15,0,0.13506628408494092,0.36751365156268834
3area,edges-cov,pca,766640955,15,1,0.13079586973894042,0.36165711625646363
3area,edges-cov,pca,766640955,15,2,0.10399901760114294,0.32248878678357684
3area,edges-cov,pca,766640955,15,3,0.1352143551962991,0.36771504619242795
3area,edges-cov,pca,766640955,15,4,0.13474958059847642,0.36708252559673427
3area,edges-cov,pca,766640955,10,0,0.04266703111818593,0.20655999399251096
3area,edges-cov,pca,766640955,10,1,0.14610688204325983,0.38223929944899615
3area,edges-cov,pca,766640955,10,2,0.24414351596075,0.49410880983924127
3area,edges-cov,pca,766640955,10,3,0.16566559383452606,0.40702038503559773
3area,edges-cov,pca,766640955,10,4,0.057077683197559015,0.23890936188763962
3area,edges-cov,pca,766640955,5,0,0.47090085889399347,0.686222164385554
3area,edges-cov,pca,766640955,5,1,0.39369056413108683,0.6274476584792449
3area,edges-cov,pca,766640955,5,2,0.30660489727924567,0.5537191501828752
3area,edges-cov,pca,766640955,5,3,0.4753606648724201,0.6894640417544772
3area,edges-cov,pca,766640955,5,4,0.3374433772343992,0.5808987667695633
3area,edges-cov,pca,767871931,15,0,0.09749399411826787,0.31224028266427767
3area,edges-cov,pca,767871931,15,1,0.10894781770451933,0.3300724431159314
3area,edges-cov,pca,767871931,15,2,0.0033293516423253955,0.05770053415979268
3area,edges-cov,pca,767871931,15,3,0.15651581764429878,0.3956208003180552
3area,edges-cov,pca,767871931,15,4,0.11090742737367776,0.33302766757985364
3area,edges-cov,pca,767871931,10,0,0.011878456879077848,0.10898833368337082
3area,edges-cov,pca,767871931,10,1,0.008938884536920377,0.09454567434272222
3area,edges-cov,pca,767871931,10,2,0.0030650657575306273,0.055363036021612896
3area,edges-cov,pca,767871931,10,3,0.01116617913378437,0.10567014305746072
3area,edges-cov,pca,767871931,10,4,0.11109208341103882,0.33330479056119006
3area,edges-cov,pca,767871931,5,0,0.1320022879193148,0.36332119112338424
3area,edges-cov,pca,767871931,5,1,0.4106675936216415,0.640833514745945
3area,edges-cov,pca,767871931,5,2,0.20857301638060055,0.45669794873701824
3area,edges-cov,pca,767871931,5,3,0.5166131257379005,0.7187580439465705
3area,edges-cov,pca,767871931,5,4,0.0017344334377134007,0.04164652971993484
3area,edges-cov,pca,771990200,15,0,0.3507954127526549,0.5922798432773616
3area,edges-cov,pca,771990200,15,1,0.3284241813573905,0.5730830492671988
3area,edges-cov,pca,771990200,15,2,0.32889082957895777,0.5734900431384645
3area,edges-cov,pca,771990200,15,3,0.36896875134139473,0.6074279803741304
3area,edges-cov,pca,771990200,15,4,0.0003277617491544982,0.01810419148027823
3area,edges-cov,pca,771990200,10,0,0.12984515368897775,0.3603403303669712
3area,edges-cov,pca,771990200,10,1,0.16920757365052475,0.4113484820082905
3area,edges-cov,pca,771990200,10,2,0.14530326154606577,0.3811866492232716
3area,edges-cov,pca,771990200,10,3,0.33070649162506294,0.5750708579167126
3area,edges-cov,pca,771990200,10,4,0.27696106392412767,0.5262709035507547
3area,edges-cov,pca,771990200,5,0,0.20869400671933291,0.4568303916327513
3area,edges-cov,pca,771990200,5,1,0.03273516665169651,0.18092862308572502
3area,edges-cov,pca,771990200,5,2,0.00033919829544015734,0.018417336817248345
3area,edges-cov,pca,771990200,5,3,0.024955690130972763,0.15797370075734965
3area,edges-cov,pca,771990200,5,4,0.48645025766200134,0.6974598609683575
3area,edges-cov,pca,774875821,15,0,0.4910486950713552,0.7007486675487545
3area,edges-cov,pca,774875821,15,1,0.5007747536885061,0.7076544027196507
3area,edges-cov,pca,774875821,15,2,0.5346863435620255,0.7312224993543518
3area,edges-cov,pca,774875821,15,3,0.5347625235693412,0.7312745883519677
3area,edges-cov,pca,774875821,15,4,0.47475220832364484,0.6890226471776119
3area,edges-cov,pca,774875821,10,0,0.5918856273109248,0.7693410344645117
3area,edges-cov,pca,774875821,10,1,0.4537345134063593,0.6735981839393266
3area,edges-cov,pca,774875821,10,2,0.5166621554727385,0.7187921503972732
3area,edges-cov,pca,774875821,10,3,0.5129404122876858,0.7161985843938017
3area,edges-cov,pca,774875821,10,4,0.5121752279169125,0.715664186554638
3area,edges-cov,pca,774875821,5,0,0.5599898371685552,0.7483246869965972
3area,edges-cov,pca,774875821,5,1,0.5053495782939741,0.7108794400557475
3area,edges-cov,pca,774875821,5,2,0.39274303426408275,0.626692136749842
3area,edges-cov,pca,774875821,5,3,0.6984880261807431,0.8357559609005147
3area,edges-cov,pca,774875821,5,4,0.5830125964913254,0.7635526154046789
3area,edges-cov,pca,778240327,15,0,0.3390346901523291,0.5822668547601928
3area,edges-cov,pca,778240327,15,1,0.2862828627047127,0.535054074561361
3area,edges-cov,pca,778240327,15,2,0.2994324590670825,0.5472042206225043
3area,edges-cov,pca,778240327,15,3,0.30558369196892365,0.5527962481501871
3area,edges-cov,pca,778240327,15,4,0.39460757664648527,0.6281779816632277
3area,edges-cov,pca,778240327,10,0,0.3877548332553127,0.6226996332545187
3area,edges-cov,pca,778240327,10,1,0.3001209196138338,0.5478329303846501
3area,edges-cov,pca,778240327,10,2,0.2572372030352075,0.5071855706102125
3area,edges-cov,pca,778240327,10,3,0.32898333310445194,0.5735706871035615
3area,edges-cov,pca,778240327,10,4,0.24598602008250103,0.4959697773882007
3area,edges-cov,pca,778240327,5,0,0.4124954873050498,0.6422581157953937
3area,edges-cov,pca,778240327,5,1,0.6321338225923492,0.7950684389361388
3area,edges-cov,pca,778240327,5,2,0.17882719859590324,0.42287965025040347
3area,edges-cov,pca,778240327,5,3,0.21248185924240193,0.46095754603043676
3area,edges-cov,pca,778240327,5,4,0.25182679318346535,0.5018234681473809
3area,edges-cov,pca,778998620,15,0,0.5378574581135653,0.7333876588227838
3area,edges-cov,pca,778998620,15,1,0.22653812335669266,0.47596021194706156
3area,edges-cov,pca,778998620,15,2,0.5252106538177348,0.724714187675206
3area,edges-cov,pca,778998620,15,3,0.5135235332406449,0.7166055632219481
3area,edges-cov,pca,778998620,15,4,0.52563419578455,0.7250063418926447
3area,edges-cov,pca,778998620,10,0,0.5515987303151477,0.742696930325653
3area,edges-cov,pca,778998620,10,1,0.13735499958317698,0.37061435425948724
3area,edges-cov,pca,778998620,10,2,0.32169390238302564,0.5671806611504178
3area,edges-cov,pca,778998620,10,3,0.014086478618973386,0.1186864719290848
3area,edges-cov,pca,778998620,10,4,0.5559976889151044,0.7456525255875591
3area,edges-cov,pca,778998620,5,0,0.13299368358543495,0.3646829905348406
3area,edges-cov,pca,778998620,5,1,0.8399772011250177,0.9165027011007746
3area,edges-cov,pca,778998620,5,2,0.6311961061265232,0.7944785120609129
3area,edges-cov,pca,778998620,5,3,0.7189910845958587,0.8479334199073995
3area,edges-cov,pca,778998620,5,4,0.5374233011751661,0.7330916049002102
3area,edges-cov,pca,779839471,15,0,0.3260309183639266,0.5709911718791523
3area,edges-cov,pca,779839471,15,1,0.47856115644506414,0.6917811477953593
3area,edges-cov,pca,779839471,15,2,0.4798694379507291,0.6927260915764119
3area,edges-cov,pca,779839471,15,3,0.49794133905350313,0.7056495865891954
3area,edges-cov,pca,779839471,15,4,0.33462308001387586,0.5784661442244279
3area,edges-cov,pca,779839471,10,0,0.5607234979978428,0.7488147287532747
3area,edges-cov,pca,779839471,10,1,0.32389314048917195,0.5691161045772392
3area,edges-cov,pca,779839471,10,2,0.3729945319583926,0.6107327827768805
3area,edges-cov,pca,779839471,10,3,0.44095796133129617,0.6640466559898459
3area,edges-cov,pca,779839471,10,4,0.5394335052047428,0.7344613708049885
3area,edges-cov,pca,779839471,5,0,0.39018142492461716,0.6246450391419258
3area,edges-cov,pca,779839471,5,1,0.5742453046216478,0.7577897496150553
3area,edges-cov,pca,779839471,5,2,0.3493890834991398,0.5910914341276993
3area,edges-cov,pca,779839471,5,3,0.5253524629537141,0.7248120190461218
3area,edges-cov,pca,779839471,5,4,0.611137026075119,0.7817525350615241
3area,edges-cov,pca,781842082,15,0,0.46132522597947834,0.6792092652338281
3area,edges-cov,pca,781842082,15,1,0.527635312092712,0.7263850990299248
3area,edges-cov,pca,781842082,15,2,0.4901033372478528,0.7000738084286925
3area,edges-cov,pca,781842082,15,3,0.4994555117518603,0.7067216649798284
3area,edges-cov,pca,781842082,15,4,0.5203508293896082,0.7213534704911392
3area,edges-cov,pca,781842082,10,0,0.36520717699365923,0.6043237352559137
3area,edges-cov,pca,781842082,10,1,0.4985429105867607,0.7060757116533328
3area,edges-cov,pca,781842082,10,2,0.4828640846607948,0.6948842239256793
3area,edges-cov,pca,781842082,10,3,0.5039520594853272,0.7098958088940429
3area,edges-cov,pca,781842082,10,4,0.48644012450781327,0.697452596602674
3area,edges-cov,pca,781842082,5,0,0.7791490172978689,0.8826941810717164
3area,edges-cov,pca,781842082,5,1,0.525071948520818,0.7246184848048091
3area,edges-cov,pca,781842082,5,2,0.8234886134400637,0.9074627339125627
3area,edges-cov,pca,781842082,5,3,0.3286247019106746,0.5732579715195194
3area,edges-cov,pca,781842082,5,4,0.6278182892375518,0.7923498528033887
3area,edges-cov,pca,786091066,15,0,0.05456267295216333,0.233586542746287
3area,edges-cov,pca,786091066,15,1,0.08389674670231784,0.2896493512893094
3area,edges-cov,pca,786091066,15,2,0.08503714075353419,0.29161128365262867
3area,edges-cov,pca,786091066,15,3,0.05664986959708562,0.2380123307668861
3area,edges-cov,pca,786091066,15,4,0.079141369410488,0.2813207589398411
3area,edges-cov,pca,786091066,10,0,0.05470200920580304,0.23388460660292068
3area,edges-cov,pca,786091066,10,1,0.1558390820609471,0.3947645906878527
3area,edges-cov,pca,786091066,10,2,0.31794591492666424,0.5638669301587602
3area,edges-cov,pca,786091066,10,3,0.05527728347858751,0.23511121512719835
3area,edges-cov,pca,786091066,10,4,0.05833900762006505,0.24153469237371494
3area,edges-cov,pca,786091066,5,0,0.004622256833348604,0.06798718138994109
3area,edges-cov,pca,786091066,5,1,0.00039474423174423734,0.019868171323606843
3area,edges-cov,pca,786091066,5,2,0.018756753874191956,0.13695529881750448
3area,edges-cov,pca,786091066,5,3,0.32301637529081406,0.5683452958288772
3area,edges-cov,pca,786091066,5,4,0.506164548541539,0.7114524218396746
3area,edges-cov,pca,787025148,15,0,0.004863301469646086,0.06973737498390767
3area,edges-cov,pca,787025148,15,1,0.02797547521013588,0.1672587074269565
3area,edges-cov,pca,787025148,15,2,0.09610692828460854,0.3100111744511941
3area,edges-cov,pca,787025148,15,3,0.10218418748068447,0.31966261508140714
3area,edges-cov,pca,787025148,15,4,0.10710380876412107,0.32726718253457837
3area,edges-cov,pca,787025148,10,0,0.11315383034310234,0.3363834572970281
3area,edges-cov,pca,787025148,10,1,0.002220321772202327,0.047120290451168535
3area,edges-cov,pca,787025148,10,2,0.3382983556139907,0.581634211179148
3area,edges-cov,pca,787025148,10,3,0.055902762473401646,0.2364376502873476
3area,edges-cov,pca,787025148,10,4,0.012196161465583999,0.11043623257601683
3area,edges-cov,pca,787025148,5,0,0.2203458213075492,0.4694100779782526
3area,edges-cov,pca,787025148,5,1,0.008571835314656884,0.09258420661569129
3area,edges-cov,pca,787025148,5,2,0.004232658149472157,0.06505888217201662
3area,edges-cov,pca,787025148,5,3,0.26360989928951695,0.513429546568482
3area,edges-cov,pca,787025148,5,4,0.4901147643040922,0.7000819697036142
3area,edges-cov,pca,789848216,15,0,0.4130112967516072,0.6426595496463176
3area,edges-cov,pca,789848216,15,1,0.2398291339703542,0.4897235280955513
3area,edges-cov,pca,789848216,15,2,0.3463957295037535,0.5885539308370591
3area,edges-cov,pca,789848216,15,3,0.5282996375956497,0.7268422370746278
3area,edges-cov,pca,789848216,15,4,0.41435834478623046,0.6437067226511075
3area,edges-cov,pca,789848216,10,0,0.1674766974829196,0.40923916904778335
3area,edges-cov,pca,789848216,10,1,0.7202066888502306,0.8486499212574221
3area,edges-cov,pca,789848216,10,2,0.48100575302641,0.6935457829346302
3area,edges-cov,pca,789848216,10,3,0.6320114405242008,0.7949914719820595
3area,edges-cov,pca,789848216,10,4,0.3680590271574573,0.6066786852671329
3area,edges-cov,pca,789848216,5,0,0.412653672031171,0.6423812513073298
3area,edges-cov,pca,789848216,5,1,0.2663579161485944,0.5160987465094196
3area,edges-cov,pca,789848216,5,2,0.025454782431084677,0.15954554970629717
3area,edges-cov,pca,789848216,5,3,0.386957516105769,0.6220590937409153
3area,edges-cov,pca,789848216,5,4,0.4169731010551293,0.6457345437988661
3area,edges-cov,pca,794812542,15,0,0.581684801320894,0.7626826347314444
3area,edges-cov,pca,794812542,15,1,0.6202900141916681,0.7875849250662859
3area,edges-cov,pca,794812542,15,2,0.6666832566581116,0.8165067401179927
3area,edges-cov,pca,794812542,15,3,0.6133904128805613,0.7831924494532376
3area,edges-cov,pca,794812542,15,4,0.5955748753757133,0.7717349774214685
3area,edges-cov,pca,794812542,10,0,0.6807109519560954,0.8250520904501093
3area,edges-cov,pca,794812542,10,1,0.5704325208490275,0.7552698331384798
3area,edges-cov,pca,794812542,10,2,0.6072366077619562,0.7792538788879744
3area,edges-cov,pca,794812542,10,3,0.5497422869860563,0.7414460782727591
3area,edges-cov,pca,794812542,10,4,0.5883456233180668,0.767036911313966
3area,edges-cov,pca,794812542,5,0,0.5084392608635502,0.7130492695905036
3area,edges-cov,pca,794812542,5,1,0.6552683949180821,0.8094865007633437
3area,edges-cov,pca,794812542,5,2,0.7780078056294946,0.8820475075807956
3area,edges-cov,pca,794812542,5,3,0.5925944550446605,0.7698015686166535
3area,edges-cov,pca,794812542,5,4,0.6343719842751318,0.7964747229354692
3area,edges-cov,pca,829720705,15,0,0.24353982668335694,0.493497544759198
3area,edges-cov,pca,829720705,15,1,0.3487271932380296,0.5905312804907373
3area,edges-cov,pca,829720705,15,2,0.27872659371068764,0.5279456351848054
3area,edges-cov,pca,829720705,15,3,0.23664393024035546,0.48646061530236584
3area,edges-cov,pca,829720705,15,4,0.3208965637628468,0.5664773285515022
3area,edges-cov,pca,829720705,10,0,0.25867816687753753,0.5086041357259473
3area,edges-cov,pca,829720705,10,1,0.17260814712494588,0.41546136658532457
3area,edges-cov,pca,829720705,10,2,0.18918684484610648,0.43495614129025245
3area,edges-cov,pca,829720705,10,3,0.549611794750613,0.7413580745838089
3area,edges-cov,pca,829720705,10,4,0.6232616054526838,0.7894691922125171
3area,edges-cov,pca,829720705,5,0,0.5345962722615529,0.7311609072301071
3area,edges-cov,pca,829720705,5,1,0.18991571403360652,0.43579320099515856
3area,edges-cov,pca,829720705,5,2,0.5819196813964094,0.7628366020298248
3area,edges-cov,pca,829720705,5,3,0.8269606771727852,0.9093737829807849
3area,edges-cov,pca,829720705,5,4,0.8238773020871086,0.9076768709662657
3area,edges-cov,pca,839068429,15,0,5.587600655876379e-05,0.007475025522289514
3area,edges-cov,pca,839068429,15,1,0.00010960541057014606,0.010469260268521366
3area,edges-cov,pca,839068429,15,2,0.004075657961216894,0.06384088001599664
3area,edges-cov,pca,839068429,15,3,0.00044216564776100586,0.021027735202840445
3area,edges-cov,pca,839068429,15,4,0.006221229489074109,0.07887477092882217
3area,edges-cov,pca,839068429,10,0,0.010800296373827734,0.10392447437359445
3area,edges-cov,pca,839068429,10,1,2.059355817318753e-05,0.004538012579674277
3area,edges-cov,pca,839068429,10,2,0.4186421968332176,0.6470256539220192
3area,edges-cov,pca,839068429,10,3,0.0005697590676060349,0.02386962646557478
3area,edges-cov,pca,839068429,10,4,0.0001708077082249737,0.01306934230269959
3area,edges-cov,pca,839068429,5,0,0.0010861021905251844,0.03295606454850063
3area,edges-cov,pca,839068429,5,1,0.13650488774974578,0.3694656787169082
3area,edges-cov,pca,839068429,5,2,0.4801979735652264,0.692963183412529
3area,edges-cov,pca,839068429,5,3,0.7039275816884252,0.8390039223319663
3area,edges-cov,pca,839068429,5,4,0.12569162384543076,0.3545301451857524
3area,edges-cov,pca,847657808,15,0,0.28107890801201274,0.5301687542773645
3area,edges-cov,pca,847657808,15,1,0.44602372254306066,0.667850074899344
3area,edges-cov,pca,847657808,15,2,0.28949493197663434,0.5380473324686544
3area,edges-cov,pca,847657808,15,3,0.3579984690816084,0.5983297327407421
3area,edges-cov,pca,847657808,15,4,0.32235581412638215,0.5677638718044523
3area,edges-cov,pca,847657808,10,0,0.5756584590382847,0.7587215952101833
3area,edges-cov,pca,847657808,10,1,0.40188714659575364,0.6339456968824341
3area,edges-cov,pca,847657808,10,2,0.3497231145305507,0.5913739210774773
3area,edges-cov,pca,847657808,10,3,0.2859582198859896,0.5347506146663029
3area,edges-cov,pca,847657808,10,4,0.31083657731158876,0.5575271987191198
3area,edges-cov,pca,847657808,5,0,0.2926478005488121,0.5409693157183795
3area,edges-cov,pca,847657808,5,1,0.29889438344104446,0.5467123406701592
3area,edges-cov,pca,847657808,5,2,0.3751171262894619,0.6124680614444009
3area,edges-cov,pca,847657808,5,3,0.32478652024049404,0.569900447657741
3area,edges-cov,pca,847657808,5,4,0.6645486928128939,0.8151985603599251
3area,node-var,sfa,766640955,15,0,0.32817646921768384,0.5728668861242416
3area,node-var,sfa,766640955,15,1,0.27443702378844714,0.5238673723266678
3area,node-var,sfa,766640955,15,2,0.30197002111916993,0.5495179898048567
3area,node-var,sfa,766640955,15,3,0.3043627573534635,0.5516908168108877
3area,node-var,sfa,766640955,15,4,0.3235412267405422,0.568806844843257
3area,node-var,sfa,766640955,10,0,0.2684850143096563,0.5181553959090414
3area,node-var,sfa,766640955,10,1,0.502294830363305,0.70872761365937
3area,node-var,sfa,766640955,10,2,0.30360657306100036,0.551005057200931
3area,node-var,sfa,766640955,10,3,0.3030464732578432,0.5504965697057916
3area,node-var,sfa,766640955,10,4,0.2641111251564896,0.513917430290596
3area,node-var,sfa,766640955,5,0,0.3707133638784037,0.6088623521604897
3area,node-var,sfa,766640955,5,1,0.011519544186989417,0.10732913950549287
3area,node-var,sfa,766640955,5,2,0.27386176111089466,0.523318030561621
3area,node-var,sfa,766640955,5,3,0.24294546159932884,0.49289498029431045
3area,node-var,sfa,766640955,5,4,0.39092697751946615,0.6252415353441145
3area,node-var,sfa,767871931,15,0,0.4948196863567589,0.7034342089753375
3area,node-var,sfa,767871931,15,1,0.5601070355809403,0.7484029900935342
3area,node-var,sfa,767871931,15,2,0.613448112776944,0.7832292849331816
3area,node-var,sfa,767871931,15,3,0.513193285992865,0.7163751014607269
3area,node-var,sfa,767871931,15,4,0.024315268029812542,0.15593353721958828
3area,node-var,sfa,767871931,10,0,0.29228246301896155,0.5406315409028241
3area,node-var,sfa,767871931,10,1,0.37466736196377026,0.6121007776206226
3area,node-var,sfa,767871931,10,2,0.6252442152547981,0.7907238552458117
3area,node-var,sfa,767871931,10,3,0.6368037929671944,0.797999870280187
3area,node-var,sfa,767871931,10,4,0.22394137316635476,0.4732244426974953
3area,node-var,sfa,767871931,5,0,0.8939099642120388,0.9454681190881279
3area,node-var,sfa,767871931,5,1,0.9137968605200619,0.9559272255355336
3area,node-var,sfa,767871931,5,2,0.006674641323753616,0.0816984780993721
3area,node-var,sfa,767871931,5,3,0.5111877029672283,0.7149739176831756
3area,node-var,sfa,767871931,5,4,0.4807333445110701,0.6933493668498372
3area,node-var,sfa,771990200,15,0,0.30404057389755634,0.5513987431048026
3area,node-var,sfa,771990200,15,1,0.6214707448629784,0.7883341581226714
3area,node-var,sfa,771990200,15,2,0.6093662412574488,0.7806191396945431
3area,node-var,sfa,771990200,15,3,0.3252476199422569,0.5703048482542088
3area,node-var,sfa,771990200,15,4,0.5317212769860193,0.7291922085335393
3area,node-var,sfa,771990200,10,0,0.05971010141948507,0.24435650476196694
3area,node-var,sfa,771990200,10,1,0.5985027335572826,0.7736295842050515
3area,node-var,sfa,771990200,10,2,0.5055258867075481,0.7110034364948956
3area,node-var,sfa,771990200,10,3,0.012715393644289641,0.11276255426465673
3area,node-var,sfa,771990200,10,4,0.593412939300475,0.7703330054596358
3area,node-var,sfa,771990200,5,0,0.7013164818350002,0.8374464053508146
3area,node-var,sfa,771990200,5,1,0.4464107914812717,0.6681397993543504
3area,node-var,sfa,771990200,5,2,0.3076121056915472,0.5546278984071642
3area,node-var,sfa,771990200,5,3,0.22425393114103553,0.4735545703939883
3area,node-var,sfa,771990200,5,4,0.5361713283027938,0.7322372076743935
3area,node-var,sfa,774875821,15,0,0.5932610745725395,0.7702344283220134
3area,node-var,sfa,774875821,15,1,0.5727248149789945,0.7567858448590296
3area,node-var,sfa,774875821,15,2,0.5543179120796053,0.7445252931093783
3area,node-var,sfa,774875821,15,3,0.5778045803282821,0.7601345804055244
3area,node-var,sfa,774875821,15,4,0.5844479912038938,0.7644919824327068
3area,node-var,sfa,774875821,10,0,0.5941305802997989,0.7707986639193141
3area,node-var,sfa,774875821,10,1,0.570964728977859,0.7556220807902971
3area,node-var,sfa,774875821,10,2,0.6058309039238027,0.7783514013116459
3area,node-var,sfa,774875821,10,3,0.5724998095441358,0.7566371716642888
3area,node-var,sfa,774875821,10,4,0.5725743010883435,0.7566863954693134
3area,node-var,sfa,774875821,5,0,0.6009303766221838,0.7751969921395356
3area,node-var,sfa,774875821,5,1,0.6694696986684204,0.8182112799689466
3area,node-var,sfa,774875821,5,2,0.6194456272367364,0.7870486816180666
3area,node-var,sfa,774875821,5,3,0.5168227465071814,0.7189038506693224
3area,node-var,sfa,774875821,5,4,0.5724112148661864,0.7565786243783169
3area,node-var,sfa,778240327,15,0,0.651826206143229,0.8073575454179062
3area,node-var,sfa,778240327,15,1,0.6435574516223022,0.8022203261089192
3area,node-var,sfa,778240327,15,2,0.6881667927096139,0.829558191273895
3area,node-var,sfa,778240327,15,3,0.6360225741060538,0.7975102344835802
3area,node-var,sfa,778240327,15,4,0.6196161969964813,0.7871570345213724
3area,node-var,sfa,778240327,10,0,0.6353807500844659,0.7971077405749288
3area,node-var,sfa,778240327,10,1,0.701443965841291,0.8375225166174894
3area,node-var,sfa,778240327,10,2,0.6621179294015422,0.8137062918532356
3area,node-var,sfa,778240327,10,3,0.6153531318375596,0.7844444733934723
3area,node-var,sfa,778240327,10,4,0.6243117301406338,0.7901339950544053
3area,node-var,sfa,778240327,5,0,0.6570315127396502,0.8105748039136483
3area,node-var,sfa,778240327,5,1,0.4633314383015016,0.6806845365523606
3area,node-var,sfa,778240327,5,2,0.8662228215417542,0.9307109226509351
3area,node-var,sfa,778240327,5,3,0.8787273144325244,0.9374045628396123
3area,node-var,sfa,778240327,5,4,0.7805574345210984,0.88349161542207
3area,node-var,sfa,778998620,15,0,0.5698797015156292,0.7549037697055355
3area,node-var,sfa,778998620,15,1,0.5986927850810875,0.7737524055413895
3area,node-var,sfa,778998620,15,2,0.5065302042831857,0.7117093537977357
3area,node-var,sfa,778998620,15,3,0.5968102678312532,0.7725349622064058
3area,node-var,sfa,778998620,15,4,0.5231985597056984,0.7233246571946071
3area,node-var,sfa,778998620,10,0,0.46252848907346267,0.6800944706976103
3area,node-var,sfa,778998620,10,1,0.6195625568813268,0.7871229617291867
3area,node-var,sfa,778998620,10,2,0.4328803989436366,0.6579364702945372
3area,node-var,sfa,778998620,10,3,0.6041717769650221,0.7772848750394041
3area,node-var,sfa,778998620,10,4,0.6053611263822627,0.7780495655048352
3area,node-var,sfa,778998620,5,0,0.38981042980513214,0.624348003764833
3area,node-var,sfa,778998620,5,1,0.09481165637749567,0.3079150148620486
3area,node-var,sfa,778998620,5,2,0.47786335723550255,0.6912766141245509
3area,node-var,sfa,778998620,5,3,0.4507164701742261,0.671354206193888
3area,node-var,sfa,778998620,5,4,0.48200198420523954,0.6942636273097121
3area,node-var,sfa,779839471,15,0,0.41962408807816653,0.6477839825730225
3area,node-var,sfa,779839471,15,1,0.5507090202301533,0.7420977160928035
3area,node-var,sfa,779839471,15,2,0.5621525257235424,0.7497683146969747
3area,node-var,sfa,779839471,15,3,0.5721903353399285,0.7564326376749814
3area,node-var,sfa,779839471,15,4,0.5704363014611018,0.7552723359564429
3area,node-var,sfa,779839471,10,0,0.4328537973182164,0.6579162540310252
3area,node-var,sfa,779839471,10,1,0.568318089392778,0.7538687481205074
3area,node-var,sfa,779839471,10,2,0.4860030648916758,0.6971392005128355
3area,node-var,sfa,779839471,10,3,0.5916375893876166,0.769179816029786
3area,node-var,sfa,779839471,10,4,0.4242800269192415,0.6513678123143957
3area,node-var,sfa,779839471,5,0,0.3957858605285982,0.6291151409150776
3area,node-var,sfa,779839471,5,1,0.6757332943383948,0.8220299838438945
3area,node-var,sfa,779839471,5,2,0.7982580317385017,0.8934528704629598
3area,node-var,sfa,779839471,5,3,0.45563618676939444,0.6750082864449847
3area,node-var,sfa,779839471,5,4,0.46664414072913984,0.6831135635669529
3area,node-var,sfa,781842082,15,0,0.6073787328183067,0.7793450665900872
3area,node-var,sfa,781842082,15,1,0.6610542337776063,0.8130524176076253
3area,node-var,sfa,781842082,15,2,0.6752118573733749,0.8217127584340992
3area,node-var,sfa,781842082,15,3,0.5723985294341043,0.7565702409123065
3area,node-var,sfa,781842082,15,4,0.6625888122263042,0.8139955848936171
3area,node-var,sfa,781842082,10,0,0.5907602172630411,0.7686092747703731
3area,node-var,sfa,781842082,10,1,0.648062580762941,0.8050233417503754
3area,node-var,sfa,781842082,10,2,0.5801611762795601,0.761683120647661
3area,node-var,sfa,781842082,10,3,0.6500407866528494,0.8062510692413679
3area,node-var,sfa,781842082,10,4,0.6146715170913901,0.7840098960417451
3area,node-var,sfa,781842082,5,0,0.6343250682024488,0.7964452700609438
3area,node-var,sfa,781842082,5,1,0.6745378138461373,0.8213025105563347
3area,node-var,sfa,781842082,5,2,0.5776009906960524,0.7600006517734385
3area,node-var,sfa,781842082,5,3,0.6847950778067216,0.827523460577838
3area,node-var,sfa,781842082,5,4,0.6479454394072237,0.8049505819658885
3area,node-var,sfa,786091066,15,0,0.1180950261446525,0.3436495688119692
3area,node-var,sfa,786091066,15,1,0.11100104542989131,0.33316819390495755
3area,node-var,sfa,786091066,15,2,0.11721429097987512,0.3423657269352111
3area,node-var,sfa,786091066,15,3,0.13727745074303122,0.3705097174744963
3area,node-var,sfa,786091066,15,4,0.00014728802850461076,0.012136227935597585
3area,node-var,sfa,786091066,10,0,0.0018224150842466313,0.04268975385553971
3area,node-var,sfa,786091066,10,1,0.1945441236659592,0.4410715629758498
3area,node-var,sfa,786091066,10,2,0.02301325594844217,0.1517012061535513
3area,node-var,sfa,786091066,10,3,0.18299271857775623,0.4277764820297585
3area,node-var,sfa,786091066,10,4,0.2900551726340638,0.538567704781919
3area,node-var,sfa,786091066,5,0,0.45509642323580635,0.6746083480329947
3area,node-var,sfa,786091066,5,1,0.00039674415721624445,0.019918437619856517
3area,node-var,sfa,786091066,5,2,0.00014570159884386147,0.012070691730119503
3area,node-var,sfa,786091066,5,3,0.5078068416751729,0.7126056705325681
3area,node-var,sfa,786091066,5,4,0.27058522516961936,0.5201780706350655
3area,node-var,sfa,787025148,15,0,0.20565065210391276,0.453487212723703
3area,node-var,sfa,787025148,15,1,0.2656939711716072,0.5154551107241117
3area,node-var,sfa,787025148,15,2,0.3156241033710663,0.5618043283662608
3area,node-var,sfa,787025148,15,3,0.27360602612851703,0.5230736335627297
3area,node-var,sfa,787025148,15,4,0.1991090692487888,0.44621639285081044
3area,node-var,sfa,787025148,10,0,0.23890643645178133,0.48878056063205055
3area,node-var,sfa,787025148,10,1,0.32997068257314643,0.5744307465423014
3area,node-var,sfa,787025148,10,2,0.2960371127701553,0.5440929265944889
3area,node-var,sfa,787025148,10,3,0.3014774536593082,0.5490696255114719
3area,node-var,sfa,787025148,10,4,0.19520655691186262,0.44182186106151683
3area,node-var,sfa,787025148,5,0,0.005894537333802297,0.07677589031592273
3area,node-var,sfa,787025148,5,1,0.011723508559440043,0.10827515208689525
3area,node-var,sfa,787025148,5,2,0.021763250252938016,0.14752372776247924
3area,node-var,sfa,787025148,5,3,0.24612188739180785,0.4961067298392632
3area,node-var,sfa,787025148,5,4,0.012440370926614985,0.11153641076623846
3area,node-var,sfa,789848216,15,0,0.3183782722042614,0.5642501858256332
3area,node-var,sfa,789848216,15,1,0.6703577203304015,0.8187537604984785
3area,node-var,sfa,789848216,15,2,0.2957705860786869,0.5438479438948786
3area,node-var,sfa,789848216,15,3,0.5253565527465801,0.7248148403189465
3area,node-var,sfa,789848216,15,4,0.29239471401582995,0.540735345632066
3area,node-var,sfa,789848216,10,0,0.3127135996300967,0.5592080110567945
3area,node-var,sfa,789848216,10,1,0.3685907932670863,0.6071167871728518
3area,node-var,sfa,789848216,10,2,0.5061844871070948,0.7114664342799979
3area,node-var,sfa,789848216,10,3,0.35461584945777647,0.595496305158794
3area,node-var,sfa,789848216,10,4,0.28343255076638163,0.5323838378147688
3area,node-var,sfa,789848216,5,0,0.20802230435324764,0.45609462214901014
3area,node-var,sfa,789848216,5,1,0.6362942710564913,0.7976805570254867
3area,node-var,sfa,789848216,5,2,0.588858620568343,0.7673712403839108
3area,node-var,sfa,789848216,5,3,0.8268175251357416,0.9092950704450902
3area,node-var,sfa,789848216,5,4,0.30399937355683226,0.5513613819962658
3area,node-var,sfa,794812542,15,0,0.653283565815455,0.8082595906114929
3area,node-var,sfa,794812542,15,1,0.6532290660929411,0.8082258756640621
3area,node-var,sfa,794812542,15,2,0.6307226453733867,0.7941804866485844
3area,node-var,sfa,794812542,15,3,0.6582935634528226,0.8113529216394199
3area,node-var,sfa,794812542,15,4,0.6419053848723376,0.8011899805116983
3area,node-var,sfa,794812542,10,0,0.6274028612911033,0.7920876601053088
3area,node-var,sfa,794812542,10,1,0.593692108831577,0.7705141847049755
3area,node-var,sfa,794812542,10,2,0.6926869555456486,0.8322781719747598
3area,node-var,sfa,794812542,10,3,0.6084223298322871,0.7800143138637177
3area,node-var,sfa,794812542,10,4,0.5972732015288187,0.7728345240275042
3area,node-var,sfa,794812542,5,0,0.594620563094625,0.7711164393881287
3area,node-var,sfa,794812542,5,1,0.802685987841176,0.8959274456345075
3area,node-var,sfa,794812542,5,2,0.6934477092873541,0.8327350774930484
3area,node-var,sfa,794812542,5,3,0.7066830658861973,0.8406444348749345
3area,node-var,sfa,794812542,5,4,0.7155007363740599,0.8458727660671317
3area,node-var,sfa,829720705,15,0,0.32510333880803755,0.5701783394763762
3area,node-var,sfa,829720705,15,1,0.38446906705765793,0.6200556967383322
3area,node-var,sfa,829720705,15,2,0.27382429508717276,0.5232822327264448
3area,node-var,sfa,829720705,15,3,0.27739930527590795,0.5266871037683646
3area,node-var,sfa,829720705,15,4,0.29095162978748845,0.5393993231247962
3area,node-var,sfa,829720705,10,0,0.20686410681844636,0.45482315994070305
3area,node-var,sfa,829720705,10,1,0.21558031609763062,0.4643062740235472
3area,node-var,sfa,829720705,10,2,0.47112849009527036,0.6863880025869266
3area,node-var,sfa,829720705,10,3,0.23391932439273122,0.48365206956316353
3area,node-var,sfa,829720705,10,4,0.5880882178504014,0.7668691008577682
3area,node-var,sfa,829720705,5,0,0.3898434360953019,0.6243744358117976
3area,node-var,sfa,829720705,5,1,0.485535743331336,0.6968039489923523
3area,node-var,sfa,829720705,5,2,0.5024569830919376,0.7088420015009943
3area,node-var,sfa,829720705,5,3,0.27410517643236054,0.5235505481158053
3area,node-var,sfa,829720705,5,4,0.48382519545992797,0.6955754419614935
3area,node-var,sfa,839068429,15,0,0.0008529686573092166,0.029205627151446378
3area,node-var,sfa,839068429,15,1,0.0003534437218718489,0.01880009898568662
3area,node-var,sfa,839068429,15,2,0.0014275177280330675,0.03778250558172464
3area,node-var,sfa,839068429,15,3,0.008481988520870454,0.09209771181126321
3area,node-var,sfa,839068429,15,4,0.01612546369171497,0.12698607676322293
3area,node-var,sfa,839068429,10,0,0.03281395775372209,0.18114623306522845
3area,node-var,sfa,839068429,10,1,0.002761207773897656,0.05254719568062308
3area,node-var,sfa,839068429,10,2,0.0005186607138397692,0.022774123777646614
3area,node-var,sfa,839068429,10,3,0.004373933735733582,0.06613572208522046
3area,node-var,sfa,839068429,10,4,0.003906883450728205,0.06250506740039652
3area,node-var,sfa,839068429,5,0,0.014924516363707618,0.12216593782109456
3area,node-var,sfa,839068429,5,1,0.1154808588434566,0.33982474724989764
3area,node-var,sfa,839068429,5,2,0.06262322311363011,0.25024632487537185
3area,node-var,sfa,839068429,5,3,0.5674385650308489,0.7532851817411849
3area,node-var,sfa,839068429,5,4,0.01696027189729632,0.1302316086719975
3area,node-var,sfa,847657808,15,0,0.40457306422009043,0.6360605821933099
3area,node-var,sfa,847657808,15,1,0.4706254357329632,0.6860214542803775
3area,node-var,sfa,847657808,15,2,0.45836016081934994,0.6770230135079224
3area,node-var,sfa,847657808,15,3,0.41580439862722873,0.6448289685081066
3area,node-var,sfa,847657808,15,4,0.5398590331456311,0.7347510007789242
3area,node-var,sfa,847657808,10,0,0.5419439836154061,0.7361684478537557
3area,node-var,sfa,847657808,10,1,0.37123625044414676,0.6092915972210252
3area,node-var,sfa,847657808,10,2,0.3302606185561118,0.5746830592214388
3area,node-var,sfa,847657808,10,3,0.35112126713281366,0.5925548642385888
3area,node-var,sfa,847657808,10,4,0.35682756842856744,0.5973504569585318
3area,node-var,sfa,847657808,5,0,0.5291084462858519,0.727398409598105
3area,node-var,sfa,847657808,5,1,0.33402048767307413,0.5779450559292586
3area,node-var,sfa,847657808,5,2,0.33415886085886004,0.5780647549010917
3area,node-var,sfa,847657808,5,3,0.48616371096687816,0.6972544090695146
3area,node-var,sfa,847657808,5,4,0.5891522568345424,0.7675625426208226
3area,node-var,pca,766640955,15,0,0.2535288055662641,0.5035164402144809
3area,node-var,pca,766640955,15,1,0.2692279232407532,0.518871779190921
3area,node-var,pca,766640955,15,2,0.25125317565539196,0.5012516091299777
3area,node-var,pca,766640955,15,3,0.25738694114708893,0.5073331658260571
3area,node-var,pca,766640955,15,4,0.25022514556076336,0.5002250948930528
3area,node-var,pca,766640955,10,0,0.37869152853651245,0.615379174604172
3area,node-var,pca,766640955,10,1,0.3765757008779833,0.6136576414239331
3area,node-var,pca,766640955,10,2,0.48904916526509645,0.699320502534495
3area,node-var,pca,766640955,10,3,0.1724591633750242,0.41528202871665876
3area,node-var,pca,766640955,10,4,0.1980611177022379,0.4450405798376574
3area,node-var,pca,766640955,5,0,0.36475066662479305,0.6039459136584939
3area,node-var,pca,766640955,5,1,0.38195268444137276,0.6180232070411045
3area,node-var,pca,766640955,5,2,0.4900105169465919,0.7000075120644002
3area,node-var,pca,766640955,5,3,0.6680285842001807,0.8173301561793613
3area,node-var,pca,766640955,5,4,0.15884831451415593,0.3985577931920981
3area,node-var,pca,767871931,15,0,0.4210760505518465,0.648903729802692
3area,node-var,pca,767871931,15,1,0.4196308443889183,0.6477891974932268
3area,node-var,pca,767871931,15,2,0.42071511685647334,0.6486255598235949
3area,node-var,pca,767871931,15,3,0.44247532798790457,0.6651881899041101
3area,node-var,pca,767871931,15,4,0.5297252121220009,0.7278222393703025
3area,node-var,pca,767871931,10,0,0.5305932481770979,0.7284183194958069
3area,node-var,pca,767871931,10,1,0.4275228154539734,0.6538522887120395
3area,node-var,pca,767871931,10,2,0.45042494017067003,0.6711370502145366
3area,node-var,pca,767871931,10,3,0.5073594658419242,0.7122916999670323
3area,node-var,pca,767871931,10,4,0.520341969132563,0.7213473290534619
3area,node-var,pca,767871931,5,0,0.5703339737237096,0.7552045906399866
3area,node-var,pca,767871931,5,1,0.3610183360377818,0.6008480140915686
3area,node-var,pca,767871931,5,2,0.6159353869501795,0.7848155114102797
3area,node-var,pca,767871931,5,3,0.5124209736985457,0.715835856672845
3area,node-var,pca,767871931,5,4,0.2170327834217004,0.4658677746117454
3area,node-var,pca,771990200,15,0,0.5201644940323984,0.7212243021643111
3area,node-var,pca,771990200,15,1,0.4483747421102213,0.6696079017680584
3area,node-var,pca,771990200,15,2,0.44129977364886264,0.6643039768425766
3area,node-var,pca,771990200,15,3,0.38364266619092424,0.6193889458094363
3area,node-var,pca,771990200,15,4,0.590167366700534,0.7682235135040674
3area,node-var,pca,771990200,10,0,0.5529392297171143,0.7435988365490576
3area,node-var,pca,771990200,10,1,0.5832980276582493,0.7637395024864516
3area,node-var,pca,771990200,10,2,0.6163663210828527,0.785090008268385
3area,node-var,pca,771990200,10,3,0.5719785926948622,0.7562926633882288
3area,node-var,pca,771990200,10,4,0.2799638118235207,0.5291160664953584
3area,node-var,pca,771990200,5,0,0.2760869016848272,0.5254397222182844
3area,node-var,pca,771990200,5,1,0.429188812116171,0.655125035482671
3area,node-var,pca,771990200,5,2,0.5505618193979054,0.7419985305901261
3area,node-var,pca,771990200,5,3,0.406571127094979,0.637629302255612
3area,node-var,pca,771990200,5,4,0.6929897149987896,0.8324600380791797
3area,node-var,pca,774875821,15,0,0.6011512342605192,0.7753394316430201
3area,node-var,pca,774875821,15,1,0.5761580901523191,0.7590507823277182
3area,node-var,pca,774875821,15,2,0.5875848255637883,0.7665408179371722
3area,node-var,pca,774875821,15,3,0.6051154758455165,0.7778916864483869
3area,node-var,pca,774875821,15,4,0.5458023404552199,0.7387843666830124
3area,node-var,pca,774875821,10,0,0.5123672928897627,0.7157983604966991
3area,node-var,pca,774875821,10,1,0.6492818641542204,0.8057802828030859
3area,node-var,pca,774875821,10,2,0.5623867554702857,0.7499244998466754
3area,node-var,pca,774875821,10,3,0.5902770977728151,0.768294928899583
3area,node-var,pca,774875821,10,4,0.600060161420078,0.7746355022977438
3area,node-var,pca,774875821,5,0,0.5650119063917021,0.75167273889087
3area,node-var,pca,774875821,5,1,0.5075608958831247,0.7124330816877649
3area,node-var,pca,774875821,5,2,0.7114057546247267,0.8434487267313437
3area,node-var,pca,774875821,5,3,0.7902346942879492,0.8889514577793038
3area,node-var,pca,774875821,5,4,0.6414646397053541,0.8009148766912463
3area,node-var,pca,778240327,15,0,0.6420249740307322,0.8012646092463644
3area,node-var,pca,778240327,15,1,0.6476151262623364,0.8047453797707304
3area,node-var,pca,778240327,15,2,0.5975018309775744,0.7729824260470428
3area,node-var,pca,778240327,15,3,0.6342013004119873,0.7963675661476861
3area,node-var,pca,778240327,15,4,0.6179169764198592,0.7860769532430393
3area,node-var,pca,778240327,10,0,0.6401101958641338,0.8000688694507064
3area,node-var,pca,778240327,10,1,0.6383496552992454,0.798967868752708
3area,node-var,pca,778240327,10,2,0.6453975758643578,0.8033664020012034
3area,node-var,pca,778240327,10,3,0.6509063650763625,0.8067876827743242
3area,node-var,pca,778240327,10,4,0.5702919734005674,0.7551767828797207
3area,node-var,pca,778240327,5,0,0.36373099038723333,0.6031011444088243
3area,node-var,pca,778240327,5,1,0.638046031254955,0.7987778359812922
3area,node-var,pca,778240327,5,2,0.6269168915208576,0.791780835535225
3area,node-var,pca,778240327,5,3,0.42802864306827515,0.6542389800892907
3area,node-var,pca,778240327,5,4,0.6216201067665457,0.7884288850407143
3area,node-var,pca,778998620,15,0,0.48797537263510293,0.6985523406553759
3area,node-var,pca,778998620,15,1,0.5968132934603283,0.7725369204512686
3area,node-var,pca,778998620,15,2,0.5631929764974886,0.7504618421328891
3area,node-var,pca,778998620,15,3,0.27233254156720943,0.5218549047074384
3area,node-var,pca,778998620,15,4,0.01050856078793494,0.10251127151652542
3area,node-var,pca,778998620,10,0,0.2939679657953628,0.5421881276783574
3area,node-var,pca,778998620,10,1,0.8365647526646272,0.9146391379471093
3area,node-var,pca,778998620,10,2,0.26866037402135934,0.5183245836552224
3area,node-var,pca,778998620,10,3,0.3683623610310002,0.6069286292728328
3area,node-var,pca,778998620,10,4,0.3089726395336104,0.5558530736926891
3area,node-var,pca,778998620,5,0,0.7926921156996972,0.8903325871266867
3area,node-var,pca,778998620,5,1,0.44913234055817974,0.6701733660465621
3area,node-var,pca,778998620,5,2,0.6051320974198333,0.7779023701081219
3area,node-var,pca,778998620,5,3,0.8605944246228749,0.9276822864660471
3area,node-var,pca,778998620,5,4,0.08119511774694821,0.28494757017203654
3area,node-var,pca,779839471,15,0,0.40426917721544475,0.6358216551954214
3area,node-var,pca,779839471,15,1,0.3952148517025835,0.6286611580991661
3area,node-var,pca,779839471,15,2,0.5619143722222584,0.749609479810824
3area,node-var,pca,779839471,15,3,0.5512882829138176,0.7424879008534881
3area,node-var,pca,779839471,15,4,0.520598520826755,0.721525135270251
3area,node-var,pca,779839471,10,0,0.39851785781068527,0.6312827083095862
3area,node-var,pca,779839471,10,1,0.47601494999689575,0.6899383668103242
3area,node-var,pca,779839471,10,2,0.49729196498581685,0.7051893114517661
3area,node-var,pca,779839471,10,3,0.485456819433857,0.6967473139050162
3area,node-var,pca,779839471,10,4,0.4047476282570328,0.6361977902013121
3area,node-var,pca,779839471,5,0,0.6186041299975896,0.7865139096021061
3area,node-var,pca,779839471,5,1,0.647726102795188,0.8048143281497847
3area,node-var,pca,779839471,5,2,0.4285471802793024,0.654635150506984
3area,node-var,pca,779839471,5,3,0.5920107780478765,0.7694223664853241
3area,node-var,pca,779839471,5,4,0.5834797392043521,0.7638584549537637
3area,node-var,pca,781842082,15,0,0.6098742849192922,0.7809444826101855
3area,node-var,pca,781842082,15,1,0.5790936756542244,0.760982046867219
3area,node-var,pca,781842082,15,2,0.5915829874019438,0.7691443215690678
3area,node-var,pca,781842082,15,3,0.5882458927084021,0.7669718982520815
3area,node-var,pca,781842082,15,4,0.5623414923316219,0.749894320775683
3area,node-var,pca,781842082,10,0,0.5674709349695658,0.7533066672807079
3area,node-var,pca,781842082,10,1,0.5836572980966277,0.7639746711093417
3area,node-var,pca,781842082,10,2,0.6237139253735822,0.7897556111694191
3area,node-var,pca,781842082,10,3,0.6202021090244889,0.7875291163026857
3area,node-var,pca,781842082,10,4,0.588220378550455,0.7669552650255784
3area,node-var,pca,781842082,5,0,0.4182078216238315,0.6466898960273241
3area,node-var,pca,781842082,5,1,0.7337367533346595,0.8565843527257888
3area,node-var,pca,781842082,5,2,0.8057262708934246,0.897622565944855
3area,node-var,pca,781842082,5,3,0.586337195343656,0.7657265800164292
3area,node-var,pca,781842082,5,4,0.6319987960188627,0.7949835193378916
3area,node-var,pca,786091066,15,0,0.256157588228506,0.5061201322102362
3area,node-var,pca,786091066,15,1,0.1350833412444915,0.36753685698782834
3area,node-var,pca,786091066,15,2,0.1929346387428056,0.43924325691216287
3area,node-var,pca,786091066,15,3,0.1626941485705783,0.4033536271940272
3area,node-var,pca,786091066,15,4,0.03527680243238829,0.18782119803789032
3area,node-var,pca,786091066,10,0,0.024131420529539205,0.15534291271100614
3area,node-var,pca,786091066,10,1,0.3470348764003526,0.5890966613386571
3area,node-var,pca,786091066,10,2,0.3565836766391015,0.5971462774221244
3area,node-var,pca,786091066,10,3,0.06025995582263699,0.24547903336667465
3area,node-var,pca,786091066,10,4,0.44177775868180613,0.6646636432676358
3area,node-var,pca,786091066,5,0,0.6179601651181743,0.7861044238001551
3area,node-var,pca,786091066,5,1,0.020427222391403266,0.142923834231395
3area,node-var,pca,786091066,5,2,0.019773858212163375,0.14061955131546777
3area,node-var,pca,786091066,5,3,0.006960546087402819,0.08342988725512646
3area,node-var,pca,786091066,5,4,0.2367355636991978,0.4865547900280062
3area,node-var,pca,787025148,15,0,0.06747190461965336,0.2597535459231567
3area,node-var,pca,787025148,15,1,0.12305773876713566,0.3507958648090586
3area,node-var,pca,787025148,15,2,0.024056362091743888,0.1551011350433767
3area,node-var,pca,787025148,15,3,0.0568967126749238,0.23853031814619327
3area,node-var,pca,787025148,15,4,0.1260371346098137,0.3550170905883452
3area,node-var,pca,787025148,10,0,0.16220659818682015,0.4027488028372274
3area,node-var,pca,787025148,10,1,0.008230979877822175,0.09072474787962852
3area,node-var,pca,787025148,10,2,0.11655393478915332,0.3413999630772583
3area,node-var,pca,787025148,10,3,0.003195723202818357,0.056530727952312426
3area,node-var,pca,787025148,10,4,0.34925018185873946,0.5909739265473057
3area,node-var,pca,787025148,5,0,0.03372100799276001,0.18363280750661123
3area,node-var,pca,787025148,5,1,0.012189650372174343,0.11040674966764602
3area,node-var,pca,787025148,5,2,0.6478632734520522,0.8048995424598354
3area,node-var,pca,787025148,5,3,0.04851120901201034,0.22025260273606415
3area,node-var,pca,787025148,5,4,0.03121701911029262,0.17668338662786767
3area,node-var,pca,789848216,15,0,0.24992845428301713,0.4999284491634955
3area,node-var,pca,789848216,15,1,0.23699765812432916,0.4868240525326668
3area,node-var,pca,789848216,15,2,0.2459630400300271,0.49594661006002283
3area,node-var,pca,789848216,15,3,0.25568853198980435,0.5056565355948686
3area,node-var,pca,789848216,15,4,0.6370362095276421,0.7981454814303238
3area,node-var,pca,789848216,10,0,0.5235226707620882,0.7235486650959214
3area,node-var,pca,789848216,10,1,0.36997740554732983,0.6082576802205862
3area,node-var,pca,789848216,10,2,0.2669798773008165,0.5167009553898815
3area,node-var,pca,789848216,10,3,0.5074304563956306,0.7123415307249972
3area,node-var,pca,789848216,10,4,0.18946636640513725,0.4352773442359912
3area,node-var,pca,789848216,5,0,0.778541657394637,0.8823500764405451
3area,node-var,pca,789848216,5,1,0.7851895776861644,0.8861092357526597
3area,node-var,pca,789848216,5,2,0.3771002757070454,0.6140849091998962
3area,node-var,pca,789848216,5,3,0.2291960113392043,0.4787442024079289
3area,node-var,pca,789848216,5,4,0.5402723467403928,0.735032207961252
3area,node-var,pca,794812542,15,0,0.6611535657792236,0.8131135011664873
3area,node-var,pca,794812542,15,1,0.6437378647006271,0.8023327643195356
3area,node-var,pca,794812542,15,2,0.6244699185746339,0.7902340909974923
3area,node-var,pca,794812542,15,3,0.6527728519163378,0.8079435945140832
3area,node-var,pca,794812542,15,4,0.5993159936659429,0.7741550191440612
3area,node-var,pca,794812542,10,0,0.5999087017665536,0.7745377342431762
3area,node-var,pca,794812542,10,1,0.7172419167072089,0.8469013618522592
3area,node-var,pca,794812542,10,2,0.5755651316135189,0.7586600896406229
3area,node-var,pca,794812542,10,3,0.7250348065696934,0.8514897571725049
3area,node-var,pca,794812542,10,4,0.630079258707277,0.7937753200416834
3area,node-var,pca,794812542,5,0,0.5583076895737721,0.7471998993400447
3area,node-var,pca,794812542,5,1,0.5690921149189696,0.7543819423335694
3area,node-var,pca,794812542,5,2,0.7392314077444015,0.8597856754705795
3area,node-var,pca,794812542,5,3,0.5353145111581071,0.7316519057298404
3area,node-var,pca,794812542,5,4,0.7703200650495975,0.8776787937791355
3area,node-var,pca,829720705,15,0,0.38738460859815915,0.6224022883940565
3area,node-var,pca,829720705,15,1,0.35566072016523287,0.5963729706863258
3area,node-var,pca,829720705,15,2,0.29319483784616107,0.5414746880936919
3area,node-var,pca,829720705,15,3,0.2979707512883657,0.5458669721538059
3area,node-var,pca,829720705,15,4,0.38119594141405966,0.617410674846216
3area,node-var,pca,829720705,10,0,0.5101679680016467,0.7142604342966555
3area,node-var,pca,829720705,10,1,0.4481552383021248,0.6694439769705341
3area,node-var,pca,829720705,10,2,0.511625783320422,0.715280213147562
3area,node-var,pca,829720705,10,3,0.5032162843855801,0.70937739207391
3area,node-var,pca,829720705,10,4,0.20004683564291492,0.44726595627536236
3area,node-var,pca,829720705,5,0,0.7086894463673783,0.8418369476135973
3area,node-var,pca,829720705,5,1,0.629473522782007,0.793393674528607
3area,node-var,pca,829720705,5,2,0.15193349518794852,0.3897864738391371
3area,node-var,pca,829720705,5,3,0.532302132277843,0.7295903866402307
3area,node-var,pca,829720705,5,4,0.18419289295288688,0.4291769949017387
3area,node-var,pca,839068429,15,0,0.0015031251124794087,0.038770157498770726
3area,node-var,pca,839068429,15,1,0.00030352088153207113,0.01742185069194158
3area,node-var,pca,839068429,15,2,0.00028762409509330844,0.016959483927682924
3area,node-var,pca,839068429,15,3,0.30456594199448406,0.5518749332905812
3area,node-var,pca,839068429,15,4,0.10769524445451262,0.32816953614635086
3area,node-var,pca,839068429,10,0,0.0026262045819699376,0.051246507997812704
3area,node-var,pca,839068429,10,1,0.023500796707938254,0.15329969572030527
3area,node-var,pca,839068429,10,2,2.0286998259400058e-05,0.004504109041678116
3area,node-var,pca,839068429,10,3,0.0017758422513414196,0.042140743364841506
3area,node-var,pca,839068429,10,4,0.4221480420585836,0.6497292067150631
3area,node-var,pca,839068429,5,0,0.015294688468880158,0.12367169631277863
3area,node-var,pca,839068429,5,1,0.12916647978961748,0.35939738422756706
3area,node-var,pca,839068429,5,2,0.043956147999778206,0.20965721547272875
3area,node-var,pca,839068429,5,3,0.07005877653785719,0.2646861850151179
3area,node-var,pca,839068429,5,4,0.2862968877860398,0.5350671806287879
3area,node-var,pca,847657808,15,0,0.45545205456074667,0.6748718801081798
3area,node-var,pca,847657808,15,1,0.3603114366874497,0.6002594744670402
3area,node-var,pca,847657808,15,2,0.4400226526348442,0.6633420329172891
3area,node-var,pca,847657808,15,3,0.40270213597975957,0.6345881624957727
3area,node-var,pca,847657808,15,4,0.3756431865727452,0.6128973703424945
3area,node-var,pca,847657808,10,0,0.33451661245831943,0.5783741111584432
3area,node-var,pca,847657808,10,1,0.491865378768952,0.7013311477247766
3area,node-var,pca,847657808,10,2,0.6433862759920081,0.8021136303492231
3area,node-var,pca,847657808,10,3,0.3064589828694403,0.5535873760025967
3area,node-var,pca,847657808,10,4,0.46780708566199203,0.6839642429703419
3area,node-var,pca,847657808,5,0,0.5892517175606377,0.7676273298682358
3area,node-var,pca,847657808,5,1,0.6609400756449434,0.8129822111491395
3area,node-var,pca,847657808,5,2,0.7030831291903106,0.8385005242635872
3area,node-var,pca,847657808,5,3,0.2705122476502856,0.520107919234351
3area,node-var,pca,847657808,5,4,0.7312670393190583,0.8551415317472634
4area,edges-corr,sfa,766640955,15,0,0.5612812940045446,0.7491870887866018
4area,edges-corr,sfa,766640955,15,1,0.6639186360751731,0.8148120249942147
4area,edges-corr,sfa,766640955,15,2,0.5240760386905184,0.7239309626549448
4area,edges-corr,sfa,766640955,15,3,0.5261294198672253,0.7253477923501421
4area,edges-corr,sfa,766640955,15,4,0.5700101470373109,0.7549901635367916
4area,edges-corr,sfa,766640955,10,0,0.6320403081948742,0.7950096277372216
4area,edges-corr,sfa,766640955,10,1,0.5507227572907903,0.7421069715955977
4area,edges-corr,sfa,766640955,10,2,0.5517197272769387,0.7427783836898715
4area,edges-corr,sfa,766640955,10,3,0.5723502409028256,0.7565383274513111
4area,edges-corr,sfa,766640955,10,4,0.6435109401386918,0.8021913363647669
4area,edges-corr,sfa,766640955,5,0,0.7651851262610314,0.8747486074644697
4area,edges-corr,sfa,766640955,5,1,0.7096078876120673,0.8423822692887519
4area,edges-corr,sfa,766640955,5,2,0.530752901305882,0.7285279001561165
4area,edges-corr,sfa,766640955,5,3,0.73662593233099,0.8582691491198959
4area,edges-corr,sfa,766640955,5,4,0.7399529127132589,0.8602051573393757
4area,edges-corr,sfa,767871931,15,0,0.5562957355139517,0.7458523550368062
4area,edges-corr,sfa,767871931,15,1,0.6718667083912085,0.8196747576881989
4area,edges-corr,sfa,767871931,15,2,0.6759957151486542,0.8221895858916317
4area,edges-corr,sfa,767871931,15,3,0.6772814020519109,0.8229710821480359
4area,edges-corr,sfa,767871931,15,4,0.8140074951535288,0.9022236392123252
4area,edges-corr,sfa,767871931,10,0,0.06049462626247193,0.2459565536074862
4area,edges-corr,sfa,767871931,10,1,0.8714561302541496,0.9335181467192522
4area,edges-corr,sfa,767871931,10,2,0.868068045973568,0.9317016936625012
4area,edges-corr,sfa,767871931,10,3,0.004585410812625201,0.06771566150179267
4area,edges-corr,sfa,767871931,10,4,0.7178595521196436,0.8472659276281806
4area,edges-corr,sfa,767871931,5,0,0.1213862037971154,0.348405229290715
4area,edges-corr,sfa,767871931,5,1,0.45405670217386207,0.67383729651442
4area,edges-corr,sfa,767871931,5,2,0.02787200907604992,0.16694912121975927
4area,edges-corr,sfa,767871931,5,3,0.8541105375736887,0.924181009095995
4area,edges-corr,sfa,767871931,5,4,0.36498336162753353,0.6041385285077714
4area,edges-corr,sfa,771990200,15,0,0.8922645141952178,0.9445975408581267
4area,edges-corr,sfa,771990200,15,1,0.7930122249178179,0.8905123384422129
4area,edges-corr,sfa,771990200,15,2,0.8893948426051226,0.9430773258885633
4area,edges-corr,sfa,771990200,15,3,0.7865136399864774,0.8868560424254185
4area,edges-corr,sfa,771990200,15,4,0.8029905723320512,0.8960974123007217
4area,edges-corr,sfa,771990200,10,0,0.8830496563576518,0.9397072184237241
4area,edges-corr,sfa,771990200,10,1,0.8841879040361066,0.9403126629138342
4area,edges-corr,sfa,771990200,10,2,0.8960411850714585,0.946594519882437
4area,edges-corr,sfa,771990200,10,3,0.8925153855575765,0.9447303242500362
4area,edges-corr,sfa,771990200,10,4,0.908082414464088,0.9529335834485484
4area,edges-corr,sfa,771990200,5,0,0.8983840617804577,0.9478312411924703
4area,edges-corr,sfa,771990200,5,1,0.6682721276333751,0.8174791297845923
4area,edges-corr,sfa,771990200,5,2,0.6447723890415116,0.802977203313713
4area,edges-corr,sfa,771990200,5,3,0.9168189356552486,0.9575066243401403
4area,edges-corr,sfa,771990200,5,4,0.8130074466624804,0.901669255693284
4area,edges-corr,sfa,774875821,15,0,0.7573740191919264,0.8702723821838343
4area,edges-corr,sfa,774875821,15,1,0.7032935363984048,0.8386259812326384
4area,edges-corr,sfa,774875821,15,2,0.7052622466910359,0.8397989322992934
4area,edges-corr,sfa,774875821,15,3,0.7323554507355965,0.85577768768273
4area,edges-corr,sfa,774875821,15,4,0.7622755811399944,0.8730839485066693
4area,edges-corr,sfa,774875821,10,0,0.7616506340971418,0.872725978814166
4area,edges-corr,sfa,774875821,10,1,0.7503439441898005,0.8662239572938402
4area,edges-corr,sfa,774875821,10,2,0.6951930525473917,0.8337823772108598
4area,edges-corr,sfa,774875821,10,3,0.7387547005071866,0.8595084063039677
4area,edges-corr,sfa,774875821,10,4,0.7747229710128322,0.8801834871280148
4area,edges-corr,sfa,774875821,5,0,0.7433337860784113,0.8621680729871706
4area,edges-corr,sfa,774875821,5,1,0.7479210661086072,0.8648242978250592
4area,edges-corr,sfa,774875821,5,2,0.6133106044027223,0.7831414970506444
4area,edges-corr,sfa,774875821,5,3,0.8248076154957512,0.9081891958704138
4area,edges-corr,sfa,774875821,5,4,0.4578175242442324,0.6766221428864361
4area,edges-corr,sfa,778240327,15,0,0.7527107694954271,0.8675890556567804
4area,edges-corr,sfa,778240327,15,1,0.7526999246391984,0.8675828056382824
4area,edges-corr,sfa,778240327,15,2,0.737406030798164,0.8587234891384811
4area,edges-corr,sfa,778240327,15,3,0.8377021186674154,0.9152606834489363
4area,edges-corr,sfa,778240327,15,4,0.7580789407940035,0.8706772885484058
4area,edges-corr,sfa,778240327,10,0,0.7258093224998206,0.8519444362749373
4area,edges-corr,sfa,778240327,10,1,0.8168350421359828,0.9037892686550225
4area,edges-corr,sfa,778240327,10,2,0.6465582086538288,0.8040884333540855
4area,edges-corr,sfa,778240327,10,3,0.8070601057864574,0.8983652407492506
4area,edges-corr,sfa,778240327,10,4,0.6700502135992312,0.8185659494501538
4area,edges-corr,sfa,778240327,5,0,0.7786214779180934,0.882395307058062
4area,edges-corr,sfa,778240327,5,1,0.890789507858081,0.9438164587768542
4area,edges-corr,sfa,778240327,5,2,0.6285427113811747,0.7928068562904682
4area,edges-corr,sfa,778240327,5,3,0.23616842756526124,0.4859716324696954
4area,edges-corr,sfa,778240327,5,4,0.8688186292383355,0.9321044089791308
4area,edges-corr,sfa,778998620,15,0,0.6950680734162697,0.8337074267488983
4area,edges-corr,sfa,778998620,15,1,0.6850820906299635,0.8276968591398425
4area,edges-corr,sfa,778998620,15,2,0.7717384001431712,0.8784864257022806
4area,edges-corr,sfa,778998620,15,3,0.7665932850678834,0.8755531309223239
4area,edges-corr,sfa,778998620,15,4,0.7219373508606415,0.8496689654569245
4area,edges-corr,sfa,778998620,10,0,0.7785863173945979,0.8823753834931001
4area,edges-corr,sfa,778998620,10,1,0.7110155377520082,0.8432173727764449
4area,edges-corr,sfa,778998620,10,2,0.7614197558614336,0.8725936946032973
4area,edges-corr,sfa,778998620,10,3,0.7910792019277938,0.8894263330528247
4area,edges-corr,sfa,778998620,10,4,0.7161150589025564,0.8462358175488406
4area,edges-corr,sfa,778998620,5,0,0.001004480881244385,0.03169354636585297
4area,edges-corr,sfa,778998620,5,1,0.8158598598858984,0.9032496110632429
4area,edges-corr,sfa,778998620,5,2,0.7522823630118025,0.8673421256988522
4area,edges-corr,sfa,778998620,5,3,0.761432327244411,0.8726008980309429
4area,edges-corr,sfa,778998620,5,4,0.36889032278468714,0.6073634190373071
4area,edges-corr,sfa,781842082,15,0,0.842956235522745,0.9181264812228995
4area,edges-corr,sfa,781842082,15,1,0.8442318906163765,0.9188209241285132
4area,edges-corr,sfa,781842082,15,2,0.918608804075944,0.9584408192872134
4area,edges-corr,sfa,781842082,15,3,0.8876448498859917,0.942149059271405
4area,edges-corr,sfa,781842082,15,4,0.9208998615899552,0.9596352752947097
4area,edges-corr,sfa,781842082,10,0,0.7793986041843398,0.8828355476442612
4area,edges-corr,sfa,781842082,10,1,0.7901003383307841,0.8888758846603854
4area,edges-corr,sfa,781842082,10,2,0.7545526729753207,0.8686499139327183
4area,edges-corr,sfa,781842082,10,3,0.9057435993420436,0.9517056264108374
4area,edges-corr,sfa,781842082,10,4,0.7991776075907956,0.8939673414564957
4area,edges-corr,sfa,781842082,5,0,0.9560425316163309,0.9777742743682354
4area,edges-corr,sfa,781842082,5,1,0.9453907841102043,0.9723120816436487
4area,edges-corr,sfa,781842082,5,2,2.2339687432926247e-05,0.004726487853874458
4area,edges-corr,sfa,781842082,5,3,0.9400449127700562,0.9695591331992369
4area,edges-corr,sfa,781842082,5,4,0.9443716112677996,0.9717878427248399
4area,edges-corr,sfa,786091066,15,0,0.2140050912409437,0.4626068430546007
4area,edges-corr,sfa,786091066,15,1,0.03188866765641141,0.17857398370538563
4area,edges-corr,sfa,786091066,15,2,0.18493119718693263,0.43003627426873187
4area,edges-corr,sfa,786091066,15,3,0.03202115497588198,0.17894455838578088
4area,edges-corr,sfa,786091066,15,4,0.24630039146754368,0.4962866021439072
4area,edges-corr,sfa,786091066,10,0,0.27667981346911175,0.5260036249581479
4area,edges-corr,sfa,786091066,10,1,0.02760127083306685,0.16613630197240786
4area,edges-corr,sfa,786091066,10,2,0.29339971953487143,0.5416638436658591
4area,edges-corr,sfa,786091066,10,3,0.11979944982501922,0.34612057122485435
4area,edges-corr,sfa,786091066,10,4,0.1758647473381253,0.4193623103452721
4area,edges-corr,sfa,786091066,5,0,0.08846210725623405,0.2974258012618175
4area,edges-corr,sfa,786091066,5,1,0.028348240343481046,0.16836935690166724
4area,edges-corr,sfa,786091066,5,2,0.35990896323692856,0.599924131234049
4area,edges-corr,sfa,786091066,5,3,0.0040573109899251225,0.06369702496918532
4area,edges-corr,sfa,786091066,5,4,0.21634515037310154,0.46512917600716136
4area,edges-corr,sfa,787025148,15,0,0.8748115685331277,0.9353136204146332
4area,edges-corr,sfa,787025148,15,1,0.8388901766232286,0.9159094805837675
4area,edges-corr,sfa,787025148,15,2,0.8447782841072334,0.9191182100835745
4area,edges-corr,sfa,787025148,15,3,0.48762007939403906,0.6982979875340027
4area,edges-corr,sfa,787025148,15,4,0.8381835291529837,0.9155236365889102
4area,edges-corr,sfa,787025148,10,0,0.8800861341372712,0.9381290604907575
4area,edges-corr,sfa,787025148,10,1,0.7752476322291968,0.880481477504892
4area,edges-corr,sfa,787025148,10,2,0.8182234695203494,0.9045570570839347
4area,edges-corr,sfa,787025148,10,3,0.8943803676564157,0.9457168538502506
4area,edges-corr,sfa,787025148,10,4,0.7814606989747451,0.88400265778715
4area,edges-corr,sfa,787025148,5,0,0.7852274737784236,0.8861306189148538
4area,edges-corr,sfa,787025148,5,1,0.7728555150862026,0.8791220137649864
4area,edges-corr,sfa,787025148,5,2,0.8923748502042325,0.9446559427665887
4area,edges-corr,sfa,787025148,5,3,0.5188504827437221,0.7203127673057867
4area,edges-corr,sfa,787025148,5,4,0.6524733045718059,0.807758196845942
4area,edges-corr,sfa,789848216,15,0,0.8915686877838471,0.9442291500392503
4area,edges-corr,sfa,789848216,15,1,0.8147112341132492,0.9026135574614687
4area,edges-corr,sfa,789848216,15,2,0.841412747805693,0.9172855323211485
4area,edges-corr,sfa,789848216,15,3,0.8429645128577827,0.9181309889431801
4area,edges-corr,sfa,789848216,15,4,0.8612389601470145,0.928029611675734
4area,edges-corr,sfa,789848216,10,0,0.8455801004610444,0.9195542944606617
4area,edges-corr,sfa,789848216,10,1,0.9422870818660687,0.9707147273355174
4area,edges-corr,sfa,789848216,10,2,0.8773853095639736,0.9366884805334011
4area,edges-corr,sfa,789848216,10,3,0.9344746168575112,0.9666822729612413
4area,edges-corr,sfa,789848216,10,4,0.8615340249033077,0.9281885718448101
4area,edges-corr,sfa,789848216,5,0,0.8436552245118822,0.9185070628535662
4area,edges-corr,sfa,789848216,5,1,0.9057035032225972,0.9516845607776755
4area,edges-corr,sfa,789848216,5,2,0.9313456635999781,0.9650625179748613
4area,edges-corr,sfa,789848216,5,3,0.8485822038041033,0.9211852168831759
4area,edges-corr,sfa,789848216,5,4,0.7765985421286057,0.8812482863124366
4area,edges-corr,sfa,794812542,15,0,0.8044326969456175,0.896901720895672
4area,edges-corr,sfa,794812542,15,1,0.7437437162971465,0.8624057724164114
4area,edges-corr,sfa,794812542,15,2,0.7433525132145328,0.8621789334091459
4area,edges-corr,sfa,794812542,15,3,0.80339839688751,0.8963249393425962
4area,edges-corr,sfa,794812542,15,4,0.7574054953882772,0.8702904661021383
4area,edges-corr,sfa,794812542,10,0,0.8106558077013986,0.9003642638962288
4area,edges-corr,sfa,794812542,10,1,0.7631938080912907,0.8736096428561717
4area,edges-corr,sfa,794812542,10,2,0.7884585716089304,0.8879518971255878
4area,edges-corr,sfa,794812542,10,3,0.8071885697899037,0.8984367366653603
4area,edges-corr,sfa,794812542,10,4,0.7282634693028988,0.8533835417342555
4area,edges-corr,sfa,794812542,5,0,0.8420791022627342,0.9176486812842568
4area,edges-corr,sfa,794812542,5,1,0.8008045849921488,0.8948768546521642
4area,edges-corr,sfa,794812542,5,2,0.8649204441132594,0.9300109913937895
4area,edges-corr,sfa,794812542,5,3,0.8041761219973651,0.896758675451409
4area,edges-corr,sfa,794812542,5,4,0.5922293628171407,0.769564398096183
4area,edges-corr,sfa,829720705,15,0,0.0063448674798854965,0.07965467644705822
4area,edges-corr,sfa,829720705,15,1,0.0592134340277094,0.24333810640281817
4area,edges-corr,sfa,829720705,15,2,0.10629454817475026,0.32602844687964
4area,edges-corr,sfa,829720705,15,3,0.0004571010979321777,0.021379922776570047
4area,edges-corr,sfa,829720705,15,4,0.040566154261201914,0.20141041249449335
4area,edges-corr,sfa,829720705,10,0,0.16134026515241795,0.4016718376391581
4area,edges-corr,sfa,829720705,10,1,0.03895749009438665,0.1973765185993166
4area,edges-corr,sfa,829720705,10,2,0.09942313347439802,0.31531434073698317
4area,edges-corr,sfa,829720705,10,3,0.006525550262701407,0.08078087807582442
4area,edges-corr,sfa,829720705,10,4,0.000756537043783756,0.027505218482746754
4area,edges-corr,sfa,829720705,5,0,0.1894198155955631,0.43522386836611354
4area,edges-corr,sfa,829720705,5,1,0.18313938582641642,0.4279478774645531
4area,edges-corr,sfa,829720705,5,2,0.37446593055783906,0.6119362144519965
4area,edges-corr,sfa,829720705,5,3,0.11724202356977176,0.342406225950657
4area,edges-corr,sfa,829720705,5,4,0.16739557064167432,0.40914003793527
4area,edges-corr,sfa,847657808,15,0,0.4246357364299811,0.6516408032267336
4area,edges-corr,sfa,847657808,15,1,0.5040114141511337,0.7099376128584356
4area,edges-corr,sfa,847657808,15,2,0.4262922122263272,0.6529105698534285
4area,edges-corr,sfa,847657808,15,3,0.42645347598632066,0.6530340542317233
4area,edges-corr,sfa,847657808,15,4,0.4367779918851449,0.6608918155682856
4area,edges-corr,sfa,847657808,10,0,0.7769109159075008,0.8814255021880746
4area,edges-corr,sfa,847657808,10,1,0.4854228312082942,0.6967229228382644
4area,edges-corr,sfa,847657808,10,2,0.6050910766491894,0.77787600338948
4area,edges-corr,sfa,847657808,10,3,0.39339449103122814,0.627211679603648
4area,edges-corr,sfa,847657808,10,4,0.6805679907653046,0.824965448225138
4area,edges-corr,sfa,847657808,5,0,0.7314022876559938,0.8552206075954868
4area,edges-corr,sfa,847657808,5,1,0.25399607776136535,0.5039802354868345
4area,edges-corr,sfa,847657808,5,2,0.10790333131211627,0.3284864248521033
4area,edges-corr,sfa,847657808,5,3,0.4942453781478765,0.703025873028779
4area,edges-corr,sfa,847657808,5,4,0.816188699732583,0.903431624270804
4area,edges-corr,pca,766640955,15,0,0.20874218999888516,0.4568831250975292
4area,edges-corr,pca,766640955,15,1,0.14256909045637156,0.37758322321889676
4area,edges-corr,pca,766640955,15,2,0.14398144116832556,0.37944886502442565
4area,edges-corr,pca,766640955,15,3,0.22685325416253255,0.4762911443251201
4area,edges-corr,pca,766640955,15,4,0.20464418999424594,0.4523761598429388
4area,edges-corr,pca,766640955,10,0,0.43757033478301266,0.6614909937278152
4area,edges-corr,pca,766640955,10,1,0.21083784329507194,0.4591708214761396
4area,edges-corr,pca,766640955,10,2,0.32037507386767805,0.5660168494556306
4area,edges-corr,pca,766640955,10,3,0.250955385150778,0.5009544741299135
4area,edges-corr,pca,766640955,10,4,0.3262120495697902,0.5711497610695379
4area,edges-corr,pca,766640955,5,0,0.5177284679628974,0.7195335071856607
4area,edges-corr,pca,766640955,5,1,0.5758450674625966,0.7588445608045145
4area,edges-corr,pca,766640955,5,2,0.5803673891618373,0.7618184752037966
4area,edges-corr,pca,766640955,5,3,0.2159796935172431,0.4647361547343213
4area,edges-corr,pca,766640955,5,4,0.38959103133367623,0.6241722769666054
4area,edges-corr,pca,767871931,15,0,0.45060828348896265,0.6712736278813297
4area,edges-corr,pca,767871931,15,1,0.4051853091984211,0.636541679074058
4area,edges-corr,pca,767871931,15,2,0.4338880747303918,0.658701810176951
4area,edges-corr,pca,767871931,15,3,0.5471440480951597,0.7396918602331376
4area,edges-corr,pca,767871931,15,4,0.4488552974316852,0.669966639043832
4area,edges-corr,pca,767871931,10,0,0.06654082277972051,0.257955078995783
4area,edges-corr,pca,767871931,10,1,0.018563539594826928,0.13624808106842076
4area,edges-corr,pca,767871931,10,2,0.5671164551016397,0.7530713479489456
4area,edges-corr,pca,767871931,10,3,0.6116717256513131,0.7820944480376478
4area,edges-corr,pca,767871931,10,4,0.47336919350466466,0.6880183089894235
4area,edges-corr,pca,767871931,5,0,0.005112466388223269,0.07150151318834777
4area,edges-corr,pca,767871931,5,1,0.4606358610549762,0.6787015994197859
4area,edges-corr,pca,767871931,5,2,0.7659132164927912,0.8751646796419469
4area,edges-corr,pca,767871931,5,3,0.03312024730578478,0.1819896901084909
4area,edges-corr,pca,767871931,5,4,0.13483470020456223,0.3671984479876817
4area,edges-corr,pca,771990200,15,0,0.6308765005850065,0.7942773448770953
4area,edges-corr,pca,771990200,15,1,0.7401023075193842,0.8602919896868634
4area,edges-corr,pca,771990200,15,2,0.719915671396941,0.8484784448628866
4area,edges-corr,pca,771990200,15,3,0.5651427632767894,0.7517597776396314
4area,edges-corr,pca,771990200,15,4,0.6210067606320256,0.7880398217298573
4area,edges-corr,pca,771990200,10,0,0.732534014444749,0.8558820096513016
4area,edges-corr,pca,771990200,10,1,0.6550151483725498,0.8093300614536374
4area,edges-corr,pca,771990200,10,2,0.700155198998778,0.836752770535466
4area,edges-corr,pca,771990200,10,3,0.7171915876676772,0.8468716476938399
4area,edges-corr,pca,771990200,10,4,0.13814442532778437,0.37167785154322075
4area,edges-corr,pca,771990200,5,0,0.3881805621689487,0.6230413807837715
4area,edges-corr,pca,771990200,5,1,0.8011667474466346,0.8950791850147315
4area,edges-corr,pca,771990200,5,2,0.8012294524146084,0.8951142119386829
4area,edges-corr,pca,771990200,5,3,0.7488596654947517,0.8653667809055032
4area,edges-corr,pca,771990200,5,4,0.7953060585259872,0.8917993375900142
4area,edges-corr,pca,774875821,15,0,0.4243750961635998,0.6514407848481713
4area,edges-corr,pca,774875821,15,1,0.4579815184440904,0.6767433179899831
4area,edges-corr,pca,774875821,15,2,0.47648095108303046,0.6902759963109181
4area,edges-corr,pca,774875821,15,3,0.4202006447007888,0.6482288521045547
4area,edges-corr,pca,774875821,15,4,0.4922029039540935,0.70157173828062
4area,edges-corr,pca,774875821,10,0,0.5223818037123246,0.7227598520340798
4area,edges-corr,pca,774875821,10,1,0.5109505620630757,0.7148080595957736
4area,edges-corr,pca,774875821,10,2,0.5347212219395518,0.7312463483256173
4area,edges-corr,pca,774875821,10,3,0.4236071925515672,0.6508511293310988
4area,edges-corr,pca,774875821,10,4,0.48692509620241875,0.6978001835786651
4area,edges-corr,pca,774875821,5,0,0.3999123769170465,0.6323862561101777
4area,edges-corr,pca,774875821,5,1,0.5724047097169941,0.7565743253091498
4area,edges-corr,pca,774875821,5,2,0.4683271094614244,0.6843442916116306
4area,edges-corr,pca,774875821,5,3,0.5114106713694333,0.715129828331496
4area,edges-corr,pca,774875821,5,4,0.41668217253107,0.6455092350470825
4area,edges-corr,pca,778240327,15,0,0.4138586271736552,0.6433184492719398
4area,edges-corr,pca,778240327,15,1,0.3310076100753625,0.5753326082149038
4area,edges-corr,pca,778240327,15,2,0.3970908719818478,0.6301514674916238
4area,edges-corr,pca,778240327,15,3,0.4371333407718584,0.6611606013457377
4area,edges-corr,pca,778240327,15,4,0.3186813779113259,0.5645187135173866
4area,edges-corr,pca,778240327,10,0,0.5403558863109627,0.7350890329143547
4area,edges-corr,pca,778240327,10,1,0.553247100070714,0.743805821482135
4area,edges-corr,pca,778240327,10,2,0.2890043901298299,0.5375912853923777
4area,edges-corr,pca,778240327,10,3,0.4417157272303269,0.664616977837858
4area,edges-corr,pca,778240327,10,4,0.5776700695293776,0.7600460969766117
4area,edges-corr,pca,778240327,5,0,0.5332091597912441,0.7302117225786263
4area,edges-corr,pca,778240327,5,1,0.7964320553644838,0.8924304204611613
4area,edges-corr,pca,778240327,5,2,0.4821366746932414,0.6943606229426047
4area,edges-corr,pca,778240327,5,3,0.10020620650351775,0.31655363922014523
4area,edges-corr,pca,778240327,5,4,0.5641539547670749,0.7511018271626526
4area,edges-corr,pca,778998620,15,0,0.6934083618209715,0.8327114517172027
4area,edges-corr,pca,778998620,15,1,0.7538302836139872,0.8682340027976257
4area,edges-corr,pca,778998620,15,2,0.7292251905015412,0.8539468311912268
4area,edges-corr,pca,778998620,15,3,0.7195244148435134,0.8482478498902964
4area,edges-corr,pca,778998620,15,4,0.6753844771456863,0.8218177882874556
4area,edges-corr,pca,778998620,10,0,0.6138413815840453,0.7834803006994152
4area,edges-corr,pca,778998620,10,1,0.37100396176532024,0.6091009454641495
4area,edges-corr,pca,778998620,10,2,0.5447923910410761,0.7381005290887402
4area,edges-corr,pca,778998620,10,3,0.6739252947491345,0.8209295309276763
4area,edges-corr,pca,778998620,10,4,0.7770798136771406,0.881521306422676
4area,edges-corr,pca,778998620,5,0,0.13394321661177788,0.3659825359382302
4area,edges-corr,pca,778998620,5,1,0.38311254965299557,0.618960862779704
4area,edges-corr,pca,778998620,5,2,0.7396136215765452,0.8600079194847836
4area,edges-corr,pca,778998620,5,3,0.7528060329555796,0.8676439551772257
4area,edges-corr,pca,778998620,5,4,0.5467849311203973,0.7394490727023694
4area,edges-corr,pca,781842082,15,0,0.8500551389289623,0.9219843485271105
4area,edges-corr,pca,781842082,15,1,0.779541212871806,0.882916311363543
4area,edges-corr,pca,781842082,15,2,0.6484663899854194,0.8052741086024178
4area,edges-corr,pca,781842082,15,3,0.7572869194602192,0.870222339095142
4area,edges-corr,pca,781842082,15,4,0.8417263974131941,0.9174564825718955
4area,edges-corr,pca,781842082,10,0,0.5872347213805982,0.766312417608248
4area,edges-corr,pca,781842082,10,1,0.768999655356911,0.8769262542294582
4area,edges-corr,pca,781842082,10,2,0.7386111382918371,0.8594248881035718
4area,edges-corr,pca,781842082,10,3,0.7219499062469804,0.8496763538236076
4area,edges-corr,pca,781842082,10,4,0.7266823200360363,0.8524566382145402
4area,edges-corr,pca,781842082,5,0,0.42484790016249563,0.6518035748310188
4area,edges-corr,pca,781842082,5,1,0.8147576716852086,0.9026392810448747
4area,edges-corr,pca,781842082,5,2,0.8655194577094203,0.9303329821679004
4area,edges-corr,pca,781842082,5,3,0.8382802589209081,0.9155764626293695
4area,edges-corr,pca,781842082,5,4,0.6194822177284105,0.7870719266549975
4area,edges-corr,pca,786091066,15,0,0.16231478330631666,0.40288308888102614
4area,edges-corr,pca,786091066,15,1,0.24384272672365437,0.49380434052735345
4area,edges-corr,pca,786091066,15,2,0.09997476780063974,0.3161878678897091
4area,edges-corr,pca,786091066,15,3,0.23287522595390242,0.4825714723788622
4area,edges-corr,pca,786091066,15,4,0.18617100197356085,0.43147537817766846
4area,edges-corr,pca,786091066,10,0,0.27979379264457815,0.5289553786895247
4area,edges-corr,pca,786091066,10,1,0.27331819236566934,0.5227984242188078
4area,edges-corr,pca,786091066,10,2,0.09715873334087921,0.31170295690108346
4area,edges-corr,pca,786091066,10,3,0.1347849312107473,0.3671306732088009
4area,edges-corr,pca,786091066,10,4,0.08226796619139576,0.2868239289030745
4area,edges-corr,pca,786091066,5,0,0.1010129570791296,0.31782535625580527
4area,edges-corr,pca,786091066,5,1,0.0996039796813547,0.31560098174966833
4area,edges-corr,pca,786091066,5,2,0.06276212236599066,0.2505236962165276
4area,edges-corr,pca,786091066,5,3,0.15039502426876195,0.3878079734466038
4area,edges-corr,pca,786091066,5,4,0.17948625901547388,0.42365818653187165
4area,edges-corr,pca,787025148,15,0,0.8032807157294033,0.8962592904563977
4area,edges-corr,pca,787025148,15,1,0.8093818283051433,0.8996565057315712
4area,edges-corr,pca,787025148,15,2,0.8068741151215857,0.8982617186107762
4area,edges-corr,pca,787025148,15,3,0.7990076128978388,0.8938722575949234
4area,edges-corr,pca,787025148,15,4,0.8168076405470094,0.9037741092479967
4area,edges-corr,pca,787025148,10,0,0.7859630772210707,0.8865455866570373
4area,edges-corr,pca,787025148,10,1,0.7196795215652527,0.8483392726764766
4area,edges-corr,pca,787025148,10,2,0.8190470467889936,0.9050121804644367
4area,edges-corr,pca,787025148,10,3,0.7904818231742933,0.8890904471280141
4area,edges-corr,pca,787025148,10,4,0.8332097679861452,0.9128032471382576
4area,edges-corr,pca,787025148,5,0,0.5009668489292528,0.7077901164393655
4area,edges-corr,pca,787025148,5,1,0.5041578944129101,0.7100407695427848
4area,edges-corr,pca,787025148,5,2,0.8424830520933548,0.9178687553748381
4area,edges-corr,pca,787025148,5,3,0.4863312710931812,0.6973745558114248
4area,edges-corr,pca,787025148,5,4,0.908885835952731,0.9533550419191853
4area,edges-corr,pca,789848216,15,0,0.7991018769099871,0.8939249839388016
4area,edges-corr,pca,789848216,15,1,0.7060578189928127,0.840272467115763
4area,edges-corr,pca,789848216,15,2,0.7243371522010028,0.851079991658249
4area,edges-corr,pca,789848216,15,3,0.6934546780374338,0.8327392617364905
4area,edges-corr,pca,789848216,15,4,0.850923385556013,0.9224550859288552
4area,edges-corr,pca,789848216,10,0,0.7481639514600853,0.8649647111068075
4area,edges-corr,pca,789848216,10,1,0.6986740247173306,0.8358672291203486
4area,edges-corr,pca,789848216,10,2,0.6937677082953343,0.8329271926737273
4area,edges-corr,pca,789848216,10,3,0.7209888957632637,0.8491106498939129
4area,edges-corr,pca,789848216,10,4,0.7435232227483743,0.8622779266271248
4area,edges-corr,pca,789848216,5,0,0.5701321475537691,0.7550709553106706
4area,edges-corr,pca,789848216,5,1,0.8808096976129757,0.9385146230149939
4area,edges-corr,pca,789848216,5,2,0.7382377149504267,0.85920760875962
4area,edges-corr,pca,789848216,5,3,0.9132114199316965,0.9556209603873788
4area,edges-corr,pca,789848216,5,4,0.4115239456468428,0.6415013216251724
4area,edges-corr,pca,794812542,15,0,0.8105702713867271,0.9003167616937549
4area,edges-corr,pca,794812542,15,1,0.7229125488900956,0.850242641185502
4area,edges-corr,pca,794812542,15,2,0.811319894442807,0.9007329762159326
4area,edges-corr,pca,794812542,15,3,0.8090383694509532,0.8994656021499393
4area,edges-corr,pca,794812542,15,4,0.8392300699685675,0.9160950114308924
4area,edges-corr,pca,794812542,10,0,0.7894599475982668,0.8885155865814991
4area,edges-corr,pca,794812542,10,1,0.6429283075210133,0.8018281034741882
4area,edges-corr,pca,794812542,10,2,0.7957139625527536,0.8920280054755876
4area,edges-corr,pca,794812542,10,3,0.8443788665450566,0.9189009013735135
4area,edges-corr,pca,794812542,10,4,0.6091545258407669,0.7804835205440084
4area,edges-corr,pca,794812542,5,0,0.8438408246566674,0.9186080908944069
4area,edges-corr,pca,794812542,5,1,0.8415466779782184,0.9173585329511121
4area,edges-corr,pca,794812542,5,2,0.6815996516262304,0.8255904866374305
4area,edges-corr,pca,794812542,5,3,0.8316118326953086,0.9119275369761058
4area,edges-corr,pca,794812542,5,4,0.9259939948370719,0.9622858176431109
4area,edges-corr,pca,829720705,15,0,0.10047598032140048,0.31697946356412493
4area,edges-corr,pca,829720705,15,1,0.18842773949172542,0.43408264131582763
4area,edges-corr,pca,829720705,15,2,0.07146432218583487,0.26732811708803633
4area,edges-corr,pca,829720705,15,3,0.11491058341347082,0.33898463595489225
4area,edges-corr,pca,829720705,15,4,0.11154335762723788,0.3339810737560413
4area,edges-corr,pca,829720705,10,0,0.063342410078712,0.25167918086069846
4area,edges-corr,pca,829720705,10,1,0.47929720079347493,0.692312935595945
4area,edges-corr,pca,829720705,10,2,0.3253947857806536,0.5704338574985306
4area,edges-corr,pca,829720705,10,3,0.04583200765366402,0.2140841135013623
4area,edges-corr,pca,829720705,10,4,0.09015685864610001,0.3002613172656444
4area,edges-corr,pca,829720705,5,0,0.17117914160633574,0.4137380108309306
4area,edges-corr,pca,829720705,5,1,0.6445813792836896,0.8028582560350795
4area,edges-corr,pca,829720705,5,2,0.17620064643955435,0.4197626072431351
4area,edges-corr,pca,829720705,5,3,0.5397944542676119,0.7347070533672678
4area,edges-corr,pca,829720705,5,4,0.7007857490471285,0.837129469704136
4area,edges-corr,pca,847657808,15,0,0.3757439307412841,0.6129795516502036
4area,edges-corr,pca,847657808,15,1,0.38807386406870725,0.6229557480822421
4area,edges-corr,pca,847657808,15,2,0.37650813715472264,0.6136025889406949
4area,edges-corr,pca,847657808,15,3,0.38763443738581493,0.6226029532421243
4area,edges-corr,pca,847657808,15,4,0.494574220865288,0.70325971082189
4area,edges-corr,pca,847657808,10,0,0.34857333170979576,0.5904009923008227
4area,edges-corr,pca,847657808,10,1,0.6341522253720321,0.7963367537493374
4area,edges-corr,pca,847657808,10,2,0.36035886986994337,0.6002989837322259
4area,edges-corr,pca,847657808,10,3,0.3685207254921048,0.6070590790788862
4area,edges-corr,pca,847657808,10,4,0.5218845161887113,0.7224157502357714
4area,edges-corr,pca,847657808,5,0,0.5003371432622383,0.7073451373002011
4area,edges-corr,pca,847657808,5,1,0.6961901406830295,0.8343800936521846
4area,edges-corr,pca,847657808,5,2,0.43142898919727357,0.6568325427361782
4area,edges-corr,pca,847657808,5,3,0.1862579877716396,0.431576166825324
4area,edges-corr,pca,847657808,5,4,0.48767464597168586,0.698337057567251
4area,edges-cov,sfa,766640955,15,0,0.2508898813498356,0.5008890908672643
4area,edges-cov,sfa,766640955,15,1,0.2855741041528532,0.5343913398932022
4area,edges-cov,sfa,766640955,15,2,0.25173663401589685,0.5017336285479542
4area,edges-cov,sfa,766640955,15,3,0.24492919916363398,0.4949032220178345
4area,edges-cov,sfa,766640955,15,4,0.251813621555127,0.5018103442089723
4area,edges-cov,sfa,766640955,10,0,0.39724888890578136,0.6302768351334048
4area,edges-cov,sfa,766640955,10,1,0.2571998326172382,0.5071487283009193
4area,edges-cov,sfa,766640955,10,2,0.41635398696927184,0.6452549782599694
4area,edges-cov,sfa,766640955,10,3,0.2854772376498339,0.5343006996531396
4area,edges-cov,sfa,766640955,10,4,0.2609519846910746,0.5108345962159117
4area,edges-cov,sfa,766640955,5,0,0.24531272990472075,0.49529055099478736
4area,edges-cov,sfa,766640955,5,1,0.2716701721087623,0.5212198884432194
4area,edges-cov,sfa,766640955,5,2,0.33541760748652316,0.5791524907021662
4area,edges-cov,sfa,766640955,5,3,0.36309095697895,0.6025702921476876
4area,edges-cov,sfa,766640955,5,4,0.3890298885749275,0.6237226054705147
4area,edges-cov,sfa,767871931,15,0,0.11255389748475308,0.3354905326305855
4area,edges-cov,sfa,767871931,15,1,0.05299210929252318,0.23020015050499604
4area,edges-cov,sfa,767871931,15,2,0.6466556701251815,0.8041490347722728
4area,edges-cov,sfa,767871931,15,3,0.6594684911367696,0.8120766534858465
4area,edges-cov,sfa,767871931,15,4,0.6111084337042247,0.7817342474934986
4area,edges-cov,sfa,767871931,10,0,0.2911012666733749,0.5395380122599083
4area,edges-cov,sfa,767871931,10,1,0.10481648651497122,0.32375374363082016
4area,edges-cov,sfa,767871931,10,2,0.036796673501906296,0.19182459045155392
4area,edges-cov,sfa,767871931,10,3,0.11078877921285923,0.3328494843211549
4area,edges-cov,sfa,767871931,10,4,0.4594763619170068,0.677846857274566
4area,edges-cov,sfa,767871931,5,0,0.06256556851409245,0.25013110265237387
4area,edges-cov,sfa,767871931,5,1,0.0858353570250805,0.2929767175477949
4area,edges-cov,sfa,767871931,5,2,0.2719517564001137,0.5214899389251085
4area,edges-cov,sfa,767871931,5,3,0.0742901964977245,0.272562280034719
4area,edges-cov,sfa,767871931,5,4,0.3434337714437332,0.5860322273081344
4area,edges-cov,sfa,771990200,15,0,0.5724903307817215,0.7566309078948076
4area,edges-cov,sfa,771990200,15,1,0.7013852820778965,0.8374874817439933
4area,edges-cov,sfa,771990200,15,2,0.658480946599739,0.8114683891561892
4area,edges-cov,sfa,771990200,15,3,0.7011311211851579,0.8373357278804949
4area,edges-cov,sfa,771990200,15,4,0.6879352966475036,0.8294186498069024
4area,edges-cov,sfa,771990200,10,0,0.7295427035829976,0.8541327201219939
4area,edges-cov,sfa,771990200,10,1,0.6757432485381278,0.8220360384667632
4area,edges-cov,sfa,771990200,10,2,0.6701214725472875,0.818609474992373
4area,edges-cov,sfa,771990200,10,3,0.7129330608797964,0.8443536349657028
4area,edges-cov,sfa,771990200,10,4,0.6752866481532236,0.8217582662518363
4area,edges-cov,sfa,771990200,5,0,0.5875217396238428,0.7664996670735366
4area,edges-cov,sfa,771990200,5,1,0.5474245088242736,0.7398814153797048
4area,edges-cov,sfa,771990200,5,2,0.7497421865941103,0.8658765423512231
4area,edges-cov,sfa,771990200,5,3,0.6173835344269043,0.7857375735109688
4area,edges-cov,sfa,771990200,5,4,0.12086991355432541,0.3476635062158888
4area,edges-cov,sfa,774875821,15,0,0.5189194059838145,0.7203606082954677
4area,edges-cov,sfa,774875821,15,1,0.5539872049003706,0.7443031673319499
4area,edges-cov,sfa,774875821,15,2,0.5459277506618223,0.7388692378640631
4area,edges-cov,sfa,774875821,15,3,0.4830446585689543,0.6950141427114661
4area,edges-cov,sfa,774875821,15,4,0.5143348513073704,0.7171714239338948
4area,edges-cov,sfa,774875821,10,0,0.5265976568855835,0.7256704878149473
4area,edges-cov,sfa,774875821,10,1,0.5347470223706663,0.73126398952134
4area,edges-cov,sfa,774875821,10,2,0.5987298474455418,0.7737763549279231
4area,edges-cov,sfa,774875821,10,3,0.4725572692945512,0.6874280102632931
4area,edges-cov,sfa,774875821,10,4,0.5361964083314247,0.7322543330915998
4area,edges-cov,sfa,774875821,5,0,0.7294030871298234,0.8540509862589127
4area,edges-cov,sfa,774875821,5,1,0.5163757384258787,0.7185928878202719
4area,edges-cov,sfa,774875821,5,2,0.6946344540011518,0.8334473312700404
4area,edges-cov,sfa,774875821,5,3,0.3917242868509976,0.6258788116328892
4area,edges-cov,sfa,774875821,5,4,0.521534489995116,0.7221734486915977
4area,edges-cov,sfa,778240327,15,0,0.6982294545166751,0.835601253300084
4area,edges-cov,sfa,778240327,15,1,0.7404492247220887,0.8604935936554635
4area,edges-cov,sfa,778240327,15,2,0.6835155783371936,0.826750009577983
4area,edges-cov,sfa,778240327,15,3,0.7189172478305952,0.8478898795424996
4area,edges-cov,sfa,778240327,15,4,0.7054986258463178,0.8399396560743634
4area,edges-cov,sfa,778240327,10,0,0.7278004215380609,0.8531121975086624
4area,edges-cov,sfa,778240327,10,1,0.6577271643255614,0.8110038004384215
4area,edges-cov,sfa,778240327,10,2,0.7256820857084193,0.8518697586535273
4area,edges-cov,sfa,778240327,10,3,0.6423940101186003,0.8014948596956828
4area,edges-cov,sfa,778240327,10,4,0.8136785272315662,0.9020413112666006
4area,edges-cov,sfa,778240327,5,0,0.8893007279344406,0.943027426925877
4area,edges-cov,sfa,778240327,5,1,0.8463717625424552,0.9199846534276829
4area,edges-cov,sfa,778240327,5,2,0.6296483097834404,0.7935038183798737
4area,edges-cov,sfa,778240327,5,3,0.8805236364087705,0.9383622096017993
4area,edges-cov,sfa,778240327,5,4,0.5027885642088814,0.709075852225192
4area,edges-cov,sfa,778998620,15,0,0.5613275937809309,0.7492179881589426
4area,edges-cov,sfa,778998620,15,1,0.5095482730666205,0.713826500675495
4area,edges-cov,sfa,778998620,15,2,0.5215285281307613,0.7221693209564914
4area,edges-cov,sfa,778998620,15,3,0.3356834053138509,0.5793819166265464
4area,edges-cov,sfa,778998620,15,4,0.5430168903252416,0.7368967976082147
4area,edges-cov,sfa,778998620,10,0,0.38281873505148223,0.6187234722002087
4area,edges-cov,sfa,778998620,10,1,0.3849625395804227,0.6204534950988867
4area,edges-cov,sfa,778998620,10,2,0.6481678342733802,0.8050887120518939
4area,edges-cov,sfa,778998620,10,3,0.5269461775895312,0.7259105851201869
4area,edges-cov,sfa,778998620,10,4,0.6044976118469155,0.7774944448977861
4area,edges-cov,sfa,778998620,5,0,0.2551598011114279,0.5051334488146944
4area,edges-cov,sfa,778998620,5,1,0.06674545070729232,0.25835140933869966
4area,edges-cov,sfa,778998620,5,2,0.6431364998540687,0.8019579165106294
4area,edges-cov,sfa,778998620,5,3,0.7383948814348198,0.8592990640253364
4area,edges-cov,sfa,778998620,5,4,0.4644071668267369,0.6814742598416579
4area,edges-cov,sfa,781842082,15,0,0.5283368216541513,0.726867815805701
4area,edges-cov,sfa,781842082,15,1,0.5311323588659507,0.7287882812353333
4area,edges-cov,sfa,781842082,15,2,0.562454869486954,0.7499699123877926
4area,edges-cov,sfa,781842082,15,3,0.5695745646639138,0.754701639499952
4area,edges-cov,sfa,781842082,15,4,0.636336392412965,0.7977069589849161
4area,edges-cov,sfa,781842082,10,0,0.6292911924102367,0.7932787608465486
4area,edges-cov,sfa,781842082,10,1,0.5679410208848169,0.7536186176606968
4area,edges-cov,sfa,781842082,10,2,0.5844749848187991,0.7645096368384112
4area,edges-cov,sfa,781842082,10,3,0.5569351765001134,0.7462808965129101
4area,edges-cov,sfa,781842082,10,4,0.6470071181455495,0.8043675267845843
4area,edges-cov,sfa,781842082,5,0,0.8177176147371218,0.9042773992183601
4area,edges-cov,sfa,781842082,5,1,0.5688253325706628,0.7542050998041993
4area,edges-cov,sfa,781842082,5,2,0.7725928910387103,0.8789726338394782
4area,edges-cov,sfa,781842082,5,3,0.7563081430365113,0.869659785799316
4area,edges-cov,sfa,781842082,5,4,0.7072542597827445,0.8409841019797846
4area,edges-cov,sfa,786091066,15,0,0.016355386891165002,0.12788818120203607
4area,edges-cov,sfa,786091066,15,1,0.018887365880012608,0.13743131331691721
4area,edges-cov,sfa,786091066,15,2,0.003865096706991089,0.06216990193808393
4area,edges-cov,sfa,786091066,15,3,0.05311408053769184,0.23046492257541387
4area,edges-cov,sfa,786091066,15,4,0.034404080629219624,0.18548337022283026
4area,edges-cov,sfa,786091066,10,0,0.03638229882095345,0.19074144494826964
4area,edges-cov,sfa,786091066,10,1,0.0025100709085327244,0.05010060786590043
4area,edges-cov,sfa,786091066,10,2,0.05644201488344203,0.237575282559955
4area,edges-cov,sfa,786091066,10,3,0.02589783419779479,0.16092804043358852
4area,edges-cov,sfa,786091066,10,4,0.00044357824363938647,0.021061297292408413
4area,edges-cov,sfa,786091066,5,0,0.0107286183761226,0.1035790440973585
4area,edges-cov,sfa,786091066,5,1,0.2893037875305333,0.5378696752286128
4area,edges-cov,sfa,786091066,5,2,0.10376798250535957,0.32213038122064647
4area,edges-cov,sfa,786091066,5,3,0.0106375086731757,0.10313829877002832
4area,edges-cov,sfa,786091066,5,4,0.0024279060276819475,0.04927378641511144
4area,edges-cov,sfa,787025148,15,0,0.7263261991930126,0.8522477334631132
4area,edges-cov,sfa,787025148,15,1,0.6906438977115306,0.831049876789311
4area,edges-cov,sfa,787025148,15,2,0.6917251443855926,0.8317001529310851
4area,edges-cov,sfa,787025148,15,3,0.7727613288375659,0.8790684437730485
4area,edges-cov,sfa,787025148,15,4,0.7315974628455044,0.8553347080795382
4area,edges-cov,sfa,787025148,10,0,0.7201917574747032,0.8486411240770174
4area,edges-cov,sfa,787025148,10,1,0.806390869819331,0.8979926891792227
4area,edges-cov,sfa,787025148,10,2,0.6414132671575077,0.8008828048831536
4area,edges-cov,sfa,787025148,10,3,0.8091269225500798,0.8995148261980332
4area,edges-cov,sfa,787025148,10,4,0.7680626261801188,0.8763918222919023
4area,edges-cov,sfa,787025148,5,0,0.8418063615943828,0.9175000608143759
4area,edges-cov,sfa,787025148,5,1,0.7211372525918396,0.8491980055274732
4area,edges-cov,sfa,787025148,5,2,0.5547674088166257,0.744827099947784
4area,edges-cov,sfa,787025148,5,3,0.8735120556980411,0.9346186686012857
4area,edges-cov,sfa,787025148,5,4,0.6555624056118046,0.8096680836069811
4area,edges-cov,sfa,789848216,15,0,0.43059244427550414,0.6561954314649747
4area,edges-cov,sfa,789848216,15,1,0.6969182225867131,0.8348162807388881
4area,edges-cov,sfa,789848216,15,2,0.6717438537567909,0.8195998131751814
4area,edges-cov,sfa,789848216,15,3,0.4749535913779672,0.6891687684290148
4area,edges-cov,sfa,789848216,15,4,0.7004530502484287,0.8369307320492101
4area,edges-cov,sfa,789848216,10,0,0.5652510709796282,0.7518318103004338
4area,edges-cov,sfa,789848216,10,1,0.5083830672776913,0.7130098647828723
4area,edges-cov,sfa,789848216,10,2,0.45005761006803013,0.6708633318851392
4area,edges-cov,sfa,789848216,10,3,0.7117280743902756,0.8436397776244755
4area,edges-cov,sfa,789848216,10,4,0.7829332738761905,0.8848351676307805
4area,edges-cov,sfa,789848216,5,0,0.6296295904082967,0.7934920229014892
4area,edges-cov,sfa,789848216,5,1,0.44270801566227214,0.6653630705579273
4area,edges-cov,sfa,789848216,5,2,0.503847187810857,0.7098219409195908
4area,edges-cov,sfa,789848216,5,3,0.743072225887961,0.8620163721693238
4area,edges-cov,sfa,789848216,5,4,0.6893505620138961,0.8302713785346902
4area,edges-cov,sfa,794812542,15,0,0.694695743944006,0.83348409939483
4area,edges-cov,sfa,794812542,15,1,0.6226267607409333,0.7890670191694318
4area,edges-cov,sfa,794812542,15,2,0.6250130027683503,0.7905776386720993
4area,edges-cov,sfa,794812542,15,3,0.6324452250055508,0.7952642485397868
4area,edges-cov,sfa,794812542,15,4,0.6120900447137312,0.7823618374599657
4area,edges-cov,sfa,794812542,10,0,0.5885167115922354,0.7671484286578686
4area,edges-cov,sfa,794812542,10,1,0.5956929139878601,0.7718114497646822
4area,edges-cov,sfa,794812542,10,2,0.6008139632575622,0.7751219021918829
4area,edges-cov,sfa,794812542,10,3,0.5911990841703773,0.7688947159204417
4area,edges-cov,sfa,794812542,10,4,0.6769746266478361,0.8227846781800422
4area,edges-cov,sfa,794812542,5,0,0.8100079755781208,0.9000044308658268
4area,edges-cov,sfa,794812542,5,1,0.70999926547248,0.8426145414556301
4area,edges-cov,sfa,794812542,5,2,0.6241046144771112,0.7900029205497352
4area,edges-cov,sfa,794812542,5,3,0.6699434637822149,0.8185007414671139
4area,edges-cov,sfa,794812542,5,4,0.723711519663385,0.8507123601214366
4area,edges-cov,sfa,829720705,15,0,0.3184246331598569,0.5642912662445322
4area,edges-cov,sfa,829720705,15,1,0.26639770057530654,0.516137288495327
4area,edges-cov,sfa,829720705,15,2,0.33042098861428704,0.574822571420337
4area,edges-cov,sfa,829720705,15,3,0.4526647330147128,0.6728036362971825
4area,edges-cov,sfa,829720705,15,4,0.2975296241938874,0.5454627615097909
4area,edges-cov,sfa,829720705,10,0,0.5849658818240793,0.7648306229643791
4area,edges-cov,sfa,829720705,10,1,0.5166566379977224,0.7187883123686161
4area,edges-cov,sfa,829720705,10,2,0.4919763787755189,0.7014102784929227
4area,edges-cov,sfa,829720705,10,3,0.19793336056686073,0.4448970224297528
4area,edges-cov,sfa,829720705,10,4,0.36562080016147647,0.604665858273375
4area,edges-cov,sfa,829720705,5,0,0.6255601978503662,0.790923635915861
4area,edges-cov,sfa,829720705,5,1,0.6436890743830588,0.8023023584553759
4area,edges-cov,sfa,829720705,5,2,0.33923101228902575,0.5824354146933597
4area,edges-cov,sfa,829720705,5,3,0.25249467610412846,0.5024884835537313
4area,edges-cov,sfa,829720705,5,4,0.31927896606237305,0.5650477555590966
4area,edges-cov,sfa,847657808,15,0,0.3736017652604574,0.6112297156229046
4area,edges-cov,sfa,847657808,15,1,0.3179497952386853,0.5638703709530095
4area,edges-cov,sfa,847657808,15,2,0.3417187787060214,0.5845671721077246
4area,edges-cov,sfa,847657808,15,3,0.31317782987933307,0.5596229354479094
4area,edges-cov,sfa,847657808,15,4,0.4326843178380333,0.6577874412285737
4area,edges-cov,sfa,847657808,10,0,0.4513664783472403,0.6718381340376877
4area,edges-cov,sfa,847657808,10,1,0.565940892396952,0.7522904308822164
4area,edges-cov,sfa,847657808,10,2,0.29559271457429426,0.5436843887535254
4area,edges-cov,sfa,847657808,10,3,0.54452951586645,0.7379224321474793
4area,edges-cov,sfa,847657808,10,4,0.48250002162306627,0.694622215037115
4area,edges-cov,sfa,847657808,5,0,0.15159420185481554,0.3893510008396221
4area,edges-cov,sfa,847657808,5,1,0.3549130516705524,0.5957457945051331
4area,edges-cov,sfa,847657808,5,2,0.6362231573328626,0.7976359804653139
4area,edges-cov,sfa,847657808,5,3,0.7560632054995763,0.8695189506270561
4area,edges-cov,sfa,847657808,5,4,0.5968147770488184,0.7725378806562301
4area,edges-cov,pca,766640955,15,0,0.2770839820339266,0.526387672760225
4area,edges-cov,pca,766640955,15,1,0.2751531629863099,0.5245504389344364
4area,edges-cov,pca,766640955,15,2,0.23005692980562498,0.4796425020842342
4area,edges-cov,pca,766640955,15,3,0.2353025055338348,0.4850798960314005
4area,edges-cov,pca,766640955,15,4,0.2196355348040031,0.4686528937326671
4area,edges-cov,pca,766640955,10,0,0.26439077412564893,0.5141894340859687
4area,edges-cov,pca,766640955,10,1,0.26182106595395416,0.511684537536512
4area,edges-cov,pca,766640955,10,2,0.424473537903022,0.6515163374030016
4area,edges-cov,pca,766640955,10,3,0.4998697313622973,0.7070146613488981
4area,edges-cov,pca,766640955,10,4,0.22178839509798876,0.47094415284403823
4area,edges-cov,pca,766640955,5,0,0.0072767222199979775,0.08530370578115566
4area,edges-cov,pca,766640955,5,1,0.12413971052818762,0.3523346570069251
4area,edges-cov,pca,766640955,5,2,0.5674218505658715,0.7532740872789065
4area,edges-cov,pca,766640955,5,3,0.6457529333078831,0.8035875392935631
4area,edges-cov,pca,766640955,5,4,0.5465813349887567,0.7393113924380955
4area,edges-cov,pca,767871931,15,0,0.012458255238316007,0.1116165544993921
4area,edges-cov,pca,767871931,15,1,0.5458794886477787,0.738836577767897
4area,edges-cov,pca,767871931,15,2,0.6602640103494053,0.812566311355205
4area,edges-cov,pca,767871931,15,3,0.5017507226533655,0.7083436472880705
4area,edges-cov,pca,767871931,15,4,0.6531691234688766,0.8081887919718254
4area,edges-cov,pca,767871931,10,0,0.08057807189173838,0.2838627694709862
4area,edges-cov,pca,767871931,10,1,0.5979404111692557,0.773266067514445
4area,edges-cov,pca,767871931,10,2,0.11501929478788353,0.3391449465757728
4area,edges-cov,pca,767871931,10,3,0.598501257060243,0.7736286299383194
4area,edges-cov,pca,767871931,10,4,0.569661922561257,0.7547595130644325
4area,edges-cov,pca,767871931,5,0,0.17322956395839417,0.4162085582474184
4area,edges-cov,pca,767871931,5,1,0.21036233976480345,0.45865274420284774
4area,edges-cov,pca,767871931,5,2,0.8854271159323199,0.9409713682850926
4area,edges-cov,pca,767871931,5,3,0.3220051950726206,0.567455015902249
4area,edges-cov,pca,767871931,5,4,0.5804703555200782,0.7618860515326942
4area,edges-cov,pca,771990200,15,0,0.59483665570189,0.771256543377033
4area,edges-cov,pca,771990200,15,1,0.6025100703892992,0.7762152216938922
4area,edges-cov,pca,771990200,15,2,0.3071512110946325,0.5542122437249397
4area,edges-cov,pca,771990200,15,3,0.4311686560561677,0.656634339686989
4area,edges-cov,pca,771990200,15,4,0.4472448859798315,0.6687636996576821
4area,edges-cov,pca,771990200,10,0,0.0013902802578256157,0.03728646212535671
4area,edges-cov,pca,771990200,10,1,0.6491961799897461,0.8057271126068338
4area,edges-cov,pca,771990200,10,2,0.5375712491706149,0.7331925048516358
4area,edges-cov,pca,771990200,10,3,0.3965285757367608,0.6297051498413848
4area,edges-cov,pca,771990200,10,4,0.6202004776527612,0.787528080548726
4area,edges-cov,pca,771990200,5,0,0.486367053595269,0.6974002104927045
4area,edges-cov,pca,771990200,5,1,0.15628089280636526,0.39532378224231024
4area,edges-cov,pca,771990200,5,2,0.6719035560940135,0.819697234406714
4area,edges-cov,pca,771990200,5,3,0.6824999583922533,0.8261355569107616
4area,edges-cov,pca,771990200,5,4,0.5715984407599259,0.7560412956710266
4area,edges-cov,pca,774875821,15,0,0.5527118717370216,0.7434459440584908
4area,edges-cov,pca,774875821,15,1,0.5520932572147618,0.7430297821855867
4area,edges-cov,pca,774875821,15,2,0.48960602212822535,0.6997185306451631
4area,edges-cov,pca,774875821,15,3,0.5505723765313271,0.7420056445414197
4area,edges-cov,pca,774875821,15,4,0.5161737475674892,0.718452327971376
4area,edges-cov,pca,774875821,10,0,0.558849546513784,0.747562403090059
4area,edges-cov,pca,774875821,10,1,0.5231675913615843,0.72330324993158
4area,edges-cov,pca,774875821,10,2,0.5336513095999891,0.7305144143683886
4area,edges-cov,pca,774875821,10,3,0.4906872224119193,0.7004907011602078
4area,edges-cov,pca,774875821,10,4,0.5573459933893312,0.7465560885756203
4area,edges-cov,pca,774875821,5,0,0.7020089662013649,0.8378597533008514
4area,edges-cov,pca,774875821,5,1,0.6434999746803661,0.8021845016455784
4area,edges-cov,pca,774875821,5,2,0.44918598351928185,0.6702133865563137
4area,edges-cov,pca,774875821,5,3,0.43472836571222884,0.6593393403341175
4area,edges-cov,pca,774875821,5,4,0.2955724179601944,0.5436657226276046
4area,edges-cov,pca,778240327,15,0,0.5913718636411274,0.7690070634533376
4area,edges-cov,pca,778240327,15,1,0.6506825466944377,0.8066489612554117
4area,edges-cov,pca,778240327,15,2,0.6238920700981401,0.7898683878331482
4area,edges-cov,pca,778240327,15,3,0.5863867942083125,0.7657589661298856
4area,edges-cov,pca,778240327,15,4,0.5911682666399386,0.7688746755095642
4area,edges-cov,pca,778240327,10,0,0.6843456330177692,0.8272518558563474
4area,edges-cov,pca,778240327,10,1,0.7758239989173389,0.880808718688308
4area,edges-cov,pca,778240327,10,2,0.502895363804122,0.7091511572324496
4area,edges-cov,pca,778240327,10,3,0.5816372883116161,0.7626514854844354
4area,edges-cov,pca,778240327,10,4,0.6915567633950908,0.831598919789517
4area,edges-cov,pca,778240327,5,0,0.012654082802545097,0.11249036759894221
4area,edges-cov,pca,778240327,5,1,0.47625114316307615,0.6901095153401923
4area,edges-cov,pca,778240327,5,2,0.5253220284963679,0.7247910240175214
4area,edges-cov,pca,778240327,5,3,0.871147793512733,0.9333529844130428
4area,edges-cov,pca,778240327,5,4,0.7421586984498487,0.8614863309709854
4area,edges-cov,pca,778998620,15,0,0.3886249723540588,0.6233979245666921
4area,edges-cov,pca,778998620,15,1,0.37348237135785367,0.6111320408535729
4area,edges-cov,pca,778998620,15,2,0.32086188434488316,0.5664467180105143
4area,edges-cov,pca,778998620,15,3,0.5529454595440102,0.74360302550757
4area,edges-cov,pca,778998620,15,4,0.48262450673384294,0.6947118155997054
4area,edges-cov,pca,778998620,10,0,0.5322003903992623,0.7295206579660798
4area,edges-cov,pca,778998620,10,1,0.5115542106536963,0.7152301801893544
4area,edges-cov,pca,778998620,10,2,0.7020088361568482,0.8378596756956673
4area,edges-cov,pca,778998620,10,3,0.5319492837744979,0.7293485338125365
4area,edges-cov,pca,778998620,10,4,0.5324952908730349,0.7297227493185588
4area,edges-cov,pca,778998620,5,0,0.5953446133243844,0.7715857783321208
4area,edges-cov,pca,778998620,5,1,0.7984646006126208,0.8935684644237517
4area,edges-cov,pca,778998620,5,2,0.7227931706932449,0.8501724358583049
4area,edges-cov,pca,778998620,5,3,0.8406990952076749,0.916896447374334
4area,edges-cov,pca,778998620,5,4,0.749028189654156,0.8654641469489972
4area,edges-cov,pca,781842082,15,0,0.49344920317609364,0.7024593961049252
4area,edges-cov,pca,781842082,15,1,0.6170209346024537,0.7855068011178855
4area,edges-cov,pca,781842082,15,2,0.6223673107058345,0.7889025989980236
4area,edges-cov,pca,781842082,15,3,0.5360848137821177,0.7321781298168613
4area,edges-cov,pca,781842082,15,4,0.6054990705459906,0.778138207869264
4area,edges-cov,pca,781842082,10,0,0.5826031503080089,0.7632844491459312
4area,edges-cov,pca,781842082,10,1,0.5285428676144983,0.727009537498993
4area,edges-cov,pca,781842082,10,2,0.5906413939271646,0.7685319732627667
4area,edges-cov,pca,781842082,10,3,0.594879958002761,0.7712846154324362
4area,edges-cov,pca,781842082,10,4,0.5148418542492653,0.7175248108945536
4area,edges-cov,pca,781842082,5,0,0.8108419437726518,0.9004676250552553
4area,edges-cov,pca,781842082,5,1,0.6249475162982547,0.7905362207377047
4area,edges-cov,pca,781842082,5,2,0.6104116286384622,0.7812884413828625
4area,edges-cov,pca,781842082,5,3,0.6490656717172905,0.8056461206493156
4area,edges-cov,pca,781842082,5,4,0.702656513832605,0.8382460938367714
4area,edges-cov,pca,786091066,15,0,0.1318517146251923,0.3631139141167577
4area,edges-cov,pca,786091066,15,1,0.05690192284084161,0.23854123928755375
4area,edges-cov,pca,786091066,15,2,0.0277263613343135,0.16651234589156894
4area,edges-cov,pca,786091066,15,3,0.0052921622786265,0.07274724928563639
4area,edges-cov,pca,786091066,15,4,0.03725582645611081,0.19301768430926428
4area,edges-cov,pca,786091066,10,0,0.06615505366545327,0.25720624732975145
4area,edges-cov,pca,786091066,10,1,0.22491761465977667,0.47425479930073106
4area,edges-cov,pca,786091066,10,2,0.21897312096125154,0.4679456388954286
4area,edges-cov,pca,786091066,10,3,0.21896512706569682,0.467937097338623
4area,edges-cov,pca,786091066,10,4,0.003523892941472373,0.05936238658841472
4area,edges-cov,pca,786091066,5,0,0.07910446548977712,0.28125516082336477
4area,edges-cov,pca,786091066,5,1,0.13311411211414603,0.3648480671651508
4area,edges-cov,pca,786091066,5,2,0.18303016374139702,0.42782024699796173
4area,edges-cov,pca,786091066,5,3,0.002222413719472738,0.04714248317041097
4area,edges-cov,pca,786091066,5,4,0.23854387493291296,0.4884095360790093
4area,edges-cov,pca,787025148,15,0,0.5923030415618107,0.7696122670291909
4area,edges-cov,pca,787025148,15,1,0.5807850406278446,0.7620925407244483
4area,edges-cov,pca,787025148,15,2,0.5121268057535143,0.7156303555282666
4area,edges-cov,pca,787025148,15,3,0.577191061224233,0.7597309136952578
4area,edges-cov,pca,787025148,15,4,0.49689734423689824,0.7049094581837433
4area,edges-cov,pca,787025148,10,0,0.682599558461776,0.8261958354178357
4area,edges-cov,pca,787025148,10,1,0.5710494316188455,0.7556781269951146
4area,edges-cov,pca,787025148,10,2,0.6955098043708674,0.8339723043188361
4area,edges-cov,pca,787025148,10,3,0.5339975170103306,0.7307513373305131
4area,edges-cov,pca,787025148,10,4,0.5779127877870057,0.7602057535871504
4area,edges-cov,pca,787025148,5,0,0.00010714703888614618,0.010351185385555059
4area,edges-cov,pca,787025148,5,1,0.566244390656965,0.7524921199965932
4area,edges-cov,pca,787025148,5,2,0.6157092728169347,0.7846714425904213
4area,edges-cov,pca,787025148,5,3,0.4693871464659728,0.6851183448616547
4area,edges-cov,pca,787025148,5,4,0.41636920616256445,0.6452667713144425
4area,edges-cov,pca,789848216,15,0,0.6876303869932157,0.8292348201765387
4area,edges-cov,pca,789848216,15,1,0.5121244399391682,0.7156287025680061
4area,edges-cov,pca,789848216,15,2,0.5163181192927243,0.7185527950629135
4area,edges-cov,pca,789848216,15,3,0.49780664519477513,0.705554140512813
4area,edges-cov,pca,789848216,15,4,0.5541381773383971,0.7444045790686651
4area,edges-cov,pca,789848216,10,0,0.5332020532790358,0.730206856499605
4area,edges-cov,pca,789848216,10,1,0.510183818020034,0.714271529616037
4area,edges-cov,pca,789848216,10,2,0.8051116400670166,0.8972801346664362
4area,edges-cov,pca,789848216,10,3,0.5483000292020873,0.7404728416370764
4area,edges-cov,pca,789848216,10,4,0.5136424932373838,0.716688560838936
4area,edges-cov,pca,789848216,5,0,0.4674610586674186,0.683711239243161
4area,edges-cov,pca,789848216,5,1,0.6811045055199126,0.8252905582398927
4area,edges-cov,pca,789848216,5,2,0.5329226423696094,0.7300155083076048
4area,edges-cov,pca,789848216,5,3,0.4551775108419104,0.6746684451209419
4area,edges-cov,pca,789848216,5,4,0.6927190871886983,0.8322974751786159
4area,edges-cov,pca,794812542,15,0,0.6096813200032842,0.7808209269757573
4area,edges-cov,pca,794812542,15,1,0.6338273241594138,0.7961327302400099
4area,edges-cov,pca,794812542,15,2,0.6232961234303813,0.7894910534201016
4area,edges-cov,pca,794812542,15,3,0.6336168030622944,0.7960005044359544
4area,edges-cov,pca,794812542,15,4,0.6194236514365289,0.7870347206041971
4area,edges-cov,pca,794812542,10,0,0.6973948540447319,0.8351017028151324
4area,edges-cov,pca,794812542,10,1,0.5867126940291632,0.7659717318734178
4area,edges-cov,pca,794812542,10,2,0.6382481211472311,0.7989043254027549
4area,edges-cov,pca,794812542,10,3,0.6453832522469284,0.8033574872041264
4area,edges-cov,pca,794812542,10,4,0.5755258083627403,0.7586341729468433
4area,edges-cov,pca,794812542,5,0,0.5167098770996374,0.7188253453375427
4area,edges-cov,pca,794812542,5,1,0.4489300460172334,0.6700224220257353
4area,edges-cov,pca,794812542,5,2,0.6693081344223735,0.8181125438607901
4area,edges-cov,pca,794812542,5,3,0.6995644458080014,0.836399692615918
4area,edges-cov,pca,794812542,5,4,0.70209385147233,0.8379104077837503
4area,edges-cov,pca,829720705,15,0,0.30559166365832724,0.5528034584355694
4area,edges-cov,pca,829720705,15,1,0.2997574649782272,0.547501109568033
4area,edges-cov,pca,829720705,15,2,0.2721588053944829,0.521688417922502
4area,edges-cov,pca,829720705,15,3,0.2957779786700302,0.543854740413311
4area,edges-cov,pca,829720705,15,4,0.23998388108256974,0.48988149697918676
4area,edges-cov,pca,829720705,10,0,0.22572590154687433,0.4751062002825002
4area,edges-cov,pca,829720705,10,1,0.5150959833742738,0.7177018763903817
4area,edges-cov,pca,829720705,10,2,0.29568722363010214,0.5437712971738236
4area,edges-cov,pca,829720705,10,3,0.4970330272658303,0.7050056930733466
4area,edges-cov,pca,829720705,10,4,0.16252859857606783,0.4031483580222902
4area,edges-cov,pca,829720705,5,0,0.8105140848064266,0.9002855573685655
4area,edges-cov,pca,829720705,5,1,0.29901877128973775,0.5468260887062159
4area,edges-cov,pca,829720705,5,2,0.6457408281878749,0.8035800073345996
4area,edges-cov,pca,829720705,5,3,0.35380915294962545,0.5948185882684112
4area,edges-cov,pca,829720705,5,4,0.5210316607652992,0.7218252286844091
4area,edges-cov,pca,847657808,15,0,0.41465450525468117,0.6439367245736816
4area,edges-cov,pca,847657808,15,1,0.3614322827713383,0.6011923841594617
4area,edges-cov,pca,847657808,15,2,0.449043561022905,0.6701071265274726
4area,edges-cov,pca,847657808,15,3,0.35424843272034867,0.5951877289732609
4area,edges-cov,pca,847657808,15,4,0.3421523723641229,0.5849379218037782
4area,edges-cov,pca,847657808,10,0,0.32980506986232927,0.5742865746840402
4area,edges-cov,pca,847657808,10,1,0.6624065498092278,0.813883621784607
4area,edges-cov,pca,847657808,10,2,0.45262754656730264,0.6727760002908123
4area,edges-cov,pca,847657808,10,3,0.5139452842787502,0.7168997728265442
4area,edges-cov,pca,847657808,10,4,0.2753935988214383,0.5247795716502673
4area,edges-cov,pca,847657808,5,0,0.6195882389015495,0.7871392754154445
4area,edges-cov,pca,847657808,5,1,0.28406485294907113,0.5329773475008768
4area,edges-cov,pca,847657808,5,2,0.2859228467621274,0.534717539231815
4area,edges-cov,pca,847657808,5,3,0.6006138289780285,0.7749927928555386
4area,edges-cov,pca,847657808,5,4,0.6148468000688655,0.7841216742756618
4area,node-var,sfa,766640955,15,0,0.5119976650997036,0.7155401212368894
4area,node-var,sfa,766640955,15,1,0.30347466267449985,0.5508853443998123
4area,node-var,sfa,766640955,15,2,0.38602017649227827,0.621305220074867
4area,node-var,sfa,766640955,15,3,0.3498346518481399,0.591468217107344
4area,node-var,sfa,766640955,15,4,0.3999287056596249,0.6323991663970026
4area,node-var,sfa,766640955,10,0,0.3805711912321579,0.6169045235951489
4area,node-var,sfa,766640955,10,1,0.3647901460195069,0.6039785973190654
4area,node-var,sfa,766640955,10,2,0.5021065255569707,0.7085947541133562
4area,node-var,sfa,766640955,10,3,0.46567235572741594,0.6824019019078252
4area,node-var,sfa,766640955,10,4,0.34722943039056764,0.5892617672907068
4area,node-var,sfa,766640955,5,0,0.07039820801070074,0.2653266063000479
4area,node-var,sfa,766640955,5,1,0.46302236760780713,0.6804574693599923
4area,node-var,sfa,766640955,5,2,0.3269795666658383,0.571821271610141
4area,node-var,sfa,766640955,5,3,0.4246896166783828,0.6516821439002173
4area,node-var,sfa,766640955,5,4,0.022315432087033238,0.14938350674365974
4area,node-var,sfa,767871931,15,0,0.02217302683244038,0.14890610072270463
4area,node-var,sfa,767871931,15,1,0.7163482656468376,0.8463735969693514
4area,node-var,sfa,767871931,15,2,0.6504490651351873,0.80650422511924
4area,node-var,sfa,767871931,15,3,0.65885448881341,0.8116985208890136
4area,node-var,sfa,767871931,15,4,0.014450379830621918,0.12020973267844041
4area,node-var,sfa,767871931,10,0,0.36831693350431216,0.6068912040096739
4area,node-var,sfa,767871931,10,1,0.695512074015231,0.8339736650609718
4area,node-var,sfa,767871931,10,2,0.6836013053908152,0.8268018537659513
4area,node-var,sfa,767871931,10,3,0.21421094365839222,0.46282928133210405
4area,node-var,sfa,767871931,10,4,0.40085430711019543,0.6331305608720803
4area,node-var,sfa,767871931,5,0,0.7246967355685139,0.8512912166635536
4area,node-var,sfa,767871931,5,1,0.4654320528573551,0.6822258078212486
4area,node-var,sfa,767871931,5,2,0.7898182243417133,0.8887171790517557
4area,node-var,sfa,767871931,5,3,0.6459399197790401,0.8037038756775037
4area,node-var,sfa,767871931,5,4,0.6117524190413036,0.7821460343448031
4area,node-var,sfa,771990200,15,0,0.5029197759314059,0.7091683692406247
4area,node-var,sfa,771990200,15,1,0.6778163253228847,0.8232960131829156
4area,node-var,sfa,771990200,15,2,0.5037776273827401,0.7097729407231163
4area,node-var,sfa,771990200,15,3,0.4217607003799342,0.6494310589892769
4area,node-var,sfa,771990200,15,4,0.3727245762063275,0.610511733061968
4area,node-var,sfa,771990200,10,0,0.6072002821975002,0.7792305706256022
4area,node-var,sfa,771990200,10,1,0.6104488981516705,0.7813122923336561
4area,node-var,sfa,771990200,10,2,0.684633552721772,0.8274258593504131
4area,node-var,sfa,771990200,10,3,0.6526370746414005,0.8078595636875254
4area,node-var,sfa,771990200,10,4,0.6170939848155754,0.7855532985199509
4area,node-var,sfa,771990200,5,0,0.3559564670057781,0.5966208737596917
4area,node-var,sfa,771990200,5,1,0.4504107469237665,0.6711264761010155
4area,node-var,sfa,771990200,5,2,0.5232051568110337,0.7233292174459938
4area,node-var,sfa,771990200,5,3,0.5019036230673692,0.7084515671994582
4area,node-var,sfa,771990200,5,4,0.5792480116916139,0.7610834459450645
4area,node-var,sfa,774875821,15,0,0.5676371262219877,0.7534169670388297
4area,node-var,sfa,774875821,15,1,0.5417488786670083,0.7360359221308482
4area,node-var,sfa,774875821,15,2,0.5767718195706405,0.7594549490066143
4area,node-var,sfa,774875821,15,3,0.6073949111481801,0.7793554459604294
4area,node-var,sfa,774875821,15,4,0.5355179797564253,0.7317909399250772
4area,node-var,sfa,774875821,10,0,0.5323154780308845,0.7295995326416315
4area,node-var,sfa,774875821,10,1,0.610276517615364,0.7812019697974159
4area,node-var,sfa,774875821,10,2,0.5777012252312144,0.7600665926293666
4area,node-var,sfa,774875821,10,3,0.5696073599384481,0.7547233664982472
4area,node-var,sfa,774875821,10,4,0.6293506875557182,0.7933162594802396
4area,node-var,sfa,774875821,5,0,0.6044221204573034,0.7774458955176896
4area,node-var,sfa,774875821,5,1,0.44761112442172857,0.6690374611497689
4area,node-var,sfa,774875821,5,2,0.5529428228395086,0.7436012525806481
4area,node-var,sfa,774875821,5,3,0.659198528430214,0.8119104189688744
4area,node-var,sfa,774875821,5,4,0.564362490031892,0.7512406339062683
4area,node-var,sfa,778240327,15,0,0.7096857799950262,0.8424285014142296
4area,node-var,sfa,778240327,15,1,0.7100324640887286,0.842634240989962
4area,node-var,sfa,778240327,15,2,0.6588166475481678,0.8116752106280986
4area,node-var,sfa,778240327,15,3,0.6662874898716378,0.8162643504843493
4area,node-var,sfa,778240327,15,4,0.67901637777615,0.8240245007135081
4area,node-var,sfa,778240327,10,0,0.6442249381208456,0.8026362427157416
4area,node-var,sfa,778240327,10,1,0.683390850031754,0.8266745732340842
4area,node-var,sfa,778240327,10,2,0.6892181990455977,0.8301916640424657
4area,node-var,sfa,778240327,10,3,0.6518818853085548,0.8073920270281072
4area,node-var,sfa,778240327,10,4,0.642920287914252,0.8018231026319047
4area,node-var,sfa,778240327,5,0,0.7800501029560175,0.8832044513905136
4area,node-var,sfa,778240327,5,1,0.7642642825783678,0.8742221014012216
4area,node-var,sfa,778240327,5,2,0.7775429225933601,0.8817839432612508
4area,node-var,sfa,778240327,5,3,0.9175464851105697,0.9578864677562622
4area,node-var,sfa,778240327,5,4,0.6778223408906905,0.8232996665192399
4area,node-var,sfa,778998620,15,0,0.6098936013178085,0.7809568498437086
4area,node-var,sfa,778998620,15,1,0.31100997782878603,0.5576826856096453
4area,node-var,sfa,778998620,15,2,0.6372821867018033,0.7982995595024486
4area,node-var,sfa,778998620,15,3,0.5874563898353723,0.7664570371751904
4area,node-var,sfa,778998620,15,4,0.30152778374517364,0.5491154557514967
4area,node-var,sfa,778998620,10,0,0.3975412162570241,0.6305086964166504
4area,node-var,sfa,778998620,10,1,0.6192039939224141,0.7868951606932235
4area,node-var,sfa,778998620,10,2,0.3355906014269958,0.579301822392264
4area,node-var,sfa,778998620,10,3,0.7695116543669966,0.8772181338566799
4area,node-var,sfa,778998620,10,4,0.3898246897243136,0.6243594235088581
4area,node-var,sfa,778998620,5,0,0.7503524885311242,0.8662288892268166
4area,node-var,sfa,778998620,5,1,0.023644344385032046,0.15376717590250613
4area,node-var,sfa,778998620,5,2,0.8080556388277499,0.8989191503287438
4area,node-var,sfa,778998620,5,3,0.8131772905507517,0.9017634338066454
4area,node-var,sfa,778998620,5,4,0.8380155392165027,0.915431886716047
4area,node-var,sfa,781842082,15,0,0.6773052148629328,0.8229855496076067
4area,node-var,sfa,781842082,15,1,0.6468470116251774,0.8042679973896628
4area,node-var,sfa,781842082,15,2,0.5755581921079895,0.7586555160993637
4area,node-var,sfa,781842082,15,3,0.5757688421100666,0.7587943345268646
4area,node-var,sfa,781842082,15,4,0.6878538941209568,0.8293695763174329
4area,node-var,sfa,781842082,10,0,0.642575840040128,0.8016082834153663
4area,node-var,sfa,781842082,10,1,0.6475962781554867,0.8047336690828127
4area,node-var,sfa,781842082,10,2,0.6078148957983744,0.7796248429843518
4area,node-var,sfa,781842082,10,3,0.6503810800345565,0.8064620760051606
4area,node-var,sfa,781842082,10,4,0.6548991601097367,0.8092584013216896
4area,node-var,sfa,781842082,5,0,0.6782813273990347,0.8235783674909354
4area,node-var,sfa,781842082,5,1,0.7975539509291127,0.8930587611849018
4area,node-var,sfa,781842082,5,2,0.7225443858021012,0.8500261088943684
4area,node-var,sfa,781842082,5,3,0.6806894738165925,0.8250390741150347
4area,node-var,sfa,781842082,5,4,0.7083795918546434,0.8416528927382375
4area,node-var,sfa,786091066,15,0,0.0501231002570619,0.22388188907783874
4area,node-var,sfa,786091066,15,1,0.04870956878935595,0.22070244400403896
4area,node-var,sfa,786091066,15,2,0.021435840829053254,0.14640983856644674
4area,node-var,sfa,786091066,15,3,0.0016682078181322613,0.04084369985851179
4area,node-var,sfa,786091066,15,4,0.025042607640767933,0.1582485628395026
4area,node-var,sfa,786091066,10,0,0.028735514890110947,0.16951552993785204
4area,node-var,sfa,786091066,10,1,0.010239670215028585,0.10119125562531757
4area,node-var,sfa,786091066,10,2,0.02790423906088535,0.16704561969978535
4area,node-var,sfa,786091066,10,3,0.0116516059557773,0.10794260491473005
4area,node-var,sfa,786091066,10,4,0.0017737878801472595,0.042116361193094365
4area,node-var,sfa,786091066,5,0,0.5789668833670656,0.760898733976515
4area,node-var,sfa,786091066,5,1,0.026465390019861923,0.16268186752020633
4area,node-var,sfa,786091066,5,2,0.018219609880236853,0.13498003511718595
4area,node-var,sfa,786091066,5,3,0.01899370898235353,0.1378176657121783
4area,node-var,sfa,786091066,5,4,0.03763681028891763,0.1940020883622586
4area,node-var,sfa,787025148,15,0,0.5393230767074995,0.734386190438996
4area,node-var,sfa,787025148,15,1,0.5154068689185693,0.7179184277608214
4area,node-var,sfa,787025148,15,2,0.34962084194331167,0.5912874444323271
4area,node-var,sfa,787025148,15,3,0.484043040565835,0.695732017781153
4area,node-var,sfa,787025148,15,4,0.5261985104518301,0.7253954166189843
4area,node-var,sfa,787025148,10,0,0.5154667960268373,0.7179601632589634
4area,node-var,sfa,787025148,10,1,0.5697291923337072,0.7548040754617764
4area,node-var,sfa,787025148,10,2,0.4898429985295093,0.699887847108028
4area,node-var,sfa,787025148,10,3,0.5260879633147865,0.7253192147701514
4area,node-var,sfa,787025148,10,4,0.4879836437817975,0.6985582608356993
4area,node-var,sfa,787025148,5,0,0.5962377502523397,0.7721643285288051
4area,node-var,sfa,787025148,5,1,0.6200368437903848,0.7874241828839057
4area,node-var,sfa,787025148,5,2,0.5465333554534911,0.7392789429258009
4area,node-var,sfa,787025148,5,3,0.5449166584837105,0.7381847048562512
4area,node-var,sfa,787025148,5,4,0.07657793282147496,0.2767271812118842
4area,node-var,sfa,789848216,15,0,0.5917977835873827,0.7692839421094024
4area,node-var,sfa,789848216,15,1,0.41085108374080614,0.6409766639596224
4area,node-var,sfa,789848216,15,2,0.7120149699283831,0.843809794875827
4area,node-var,sfa,789848216,15,3,0.5611053591507585,0.7490696624151554
4area,node-var,sfa,789848216,15,4,0.6198868555803367,0.7873289373447024
4area,node-var,sfa,789848216,10,0,0.4826551595323666,0.6947338767703538
4area,node-var,sfa,789848216,10,1,0.3560532604082922,0.5967019862613934
4area,node-var,sfa,789848216,10,2,0.49140792725294125,0.7010049409618612
4area,node-var,sfa,789848216,10,3,0.4958036446034979,0.7041332577030416
4area,node-var,sfa,789848216,10,4,0.5277896903031383,0.726491355972759
4area,node-var,sfa,789848216,5,0,0.5227296959445074,0.7230004812892634
4area,node-var,sfa,789848216,5,1,0.7040493211678918,0.83907646920164
4area,node-var,sfa,789848216,5,2,0.6700492032871029,0.8185653323266898
4area,node-var,sfa,789848216,5,3,0.4726241562697632,0.6874766587090527
4area,node-var,sfa,789848216,5,4,0.724007683623159,0.8508864105291369
4area,node-var,sfa,794812542,15,0,0.6630128398923978,0.8142560039031947
4area,node-var,sfa,794812542,15,1,0.634257002130216,0.796402537747224
4area,node-var,sfa,794812542,15,2,0.6491335660672725,0.805688256130913
4area,node-var,sfa,794812542,15,3,0.6484382979403325,0.8052566658776161
4area,node-var,sfa,794812542,15,4,0.648659565760902,0.8053940437828573
4area,node-var,sfa,794812542,10,0,0.7190154095254186,0.8479477634414863
4area,node-var,sfa,794812542,10,1,0.7193624739498059,0.8481523884006986
4area,node-var,sfa,794812542,10,2,0.7292458635377193,0.8539589355102039
4area,node-var,sfa,794812542,10,3,0.5762275520760016,0.7590965367303429
4area,node-var,sfa,794812542,10,4,0.7197634829844681,0.8483887569884849
4area,node-var,sfa,794812542,5,0,0.8271501371852523,0.9094779476079965
4area,node-var,sfa,794812542,5,1,0.7500669848254475,0.8660640766279627
4area,node-var,sfa,794812542,5,2,0.6560270527624364,0.8099549695893208
4area,node-var,sfa,794812542,5,3,0.7006649257319038,0.8370573013431657
4area,node-var,sfa,794812542,5,4,0.7075280640234182,0.8411468742279312
4area,node-var,sfa,829720705,15,0,0.3434620887043588,0.5860563869666116
4area,node-var,sfa,829720705,15,1,0.25341592382090405,0.5034043343286833
4area,node-var,sfa,829720705,15,2,0.35211269310374793,0.59339084346133
4area,node-var,sfa,829720705,15,3,0.2710367316561473,0.5206118819774926
4area,node-var,sfa,829720705,15,4,0.3270247508421842,0.5718607792480473
4area,node-var,sfa,829720705,10,0,0.2563458103065416,0.506306044114172
4area,node-var,sfa,829720705,10,1,0.22934595018568638,0.47890077279712784
4area,node-var,sfa,829720705,10,2,0.5072415520759515,0.7122089244568274
4area,node-var,sfa,829720705,10,3,0.3272951285030168,0.5720971320527792
4area,node-var,sfa,829720705,10,4,0.48112299467008723,0.6936303011475842
4area,node-var,sfa,829720705,5,0,0.6189484362982955,0.7867327604074311
4area,node-var,sfa,829720705,5,1,0.309516516299182,0.5563420856803678
4area,node-var,sfa,829720705,5,2,0.27746518760712613,0.5267496441452294
4area,node-var,sfa,829720705,5,3,0.5939390592459873,0.7706744184452915
4area,node-var,sfa,829720705,5,4,0.6395118943762645,0.7996948757971777
4area,node-var,sfa,847657808,15,0,0.4249165894608504,0.6518562644178936
4area,node-var,sfa,847657808,15,1,0.43343143981725174,0.658355101611017
4area,node-var,sfa,847657808,15,2,0.16773281267387075,0.4095519657795221
4area,node-var,sfa,847657808,15,3,0.35926632605189746,0.5993882932222624
4area,node-var,sfa,847657808,15,4,0.14021638327095798,0.3744547813434325
4area,node-var,sfa,847657808,10,0,0.24223479583549679,0.49217354239688416
4area,node-var,sfa,847657808,10,1,0.37982274835757557,0.6162976134608799
4area,node-var,sfa,847657808,10,2,0.14928173167890013,0.38636994147953585
4area,node-var,sfa,847657808,10,3,0.23968217741737274,0.4895734647806934
4area,node-var,sfa,847657808,10,4,0.6061007383795638,0.7785247191833822
4area,node-var,sfa,847657808,5,0,0.32639893463153324,0.571313341898764
4area,node-var,sfa,847657808,5,1,0.11976341352091757,0.3460685098660634
4area,node-var,sfa,847657808,5,2,0.2862017839227218,0.5349783022915247
4area,node-var,sfa,847657808,5,3,0.5972241326102595,0.7728027773049597
4area,node-var,sfa,847657808,5,4,0.2551037876454998,0.5050780015458012
4area,node-var,pca,766640955,15,0,0.2992230743893669,0.5470128649212618
4area,node-var,pca,766640955,15,1,0.3067846034398972,0.5538813983515761
4area,node-var,pca,766640955,15,2,0.3459396557448472,0.5881663504016923
4area,node-var,pca,766640955,15,3,0.3688533547589279,0.6073329850740256
4area,node-var,pca,766640955,15,4,0.302096433199026,0.549632998644573
4area,node-var,pca,766640955,10,0,0.23516802018450422,0.4849412543643862
4area,node-var,pca,766640955,10,1,0.26414793980192386,0.5139532467082227
4area,node-var,pca,766640955,10,2,0.49763399790766394,0.7054317811862909
4area,node-var,pca,766640955,10,3,0.5277698041346268,0.7264776693984659
4area,node-var,pca,766640955,10,4,0.48350001422646016,0.6953416528775328
4area,node-var,pca,766640955,5,0,0.004247003598881971,0.06516903865243077
4area,node-var,pca,766640955,5,1,0.4487751687640382,0.6699068358839443
4area,node-var,pca,766640955,5,2,0.49436554423740553,0.7031113313248517
4area,node-var,pca,766640955,5,3,0.41293972580150773,0.6426038638239793
4area,node-var,pca,766640955,5,4,0.5019690191385324,0.708497719924724
4area,node-var,pca,767871931,15,0,0.63790523902582,0.7986897013395272
4area,node-var,pca,767871931,15,1,0.6009936075824502,0.7752377748681051
4area,node-var,pca,767871931,15,2,0.6386758054298235,0.7991719498517358
4area,node-var,pca,767871931,15,3,0.07194599814358282,0.2682275119065585
4area,node-var,pca,767871931,15,4,0.6394277828739895,0.7996422843209272
4area,node-var,pca,767871931,10,0,0.35637637541259015,0.5969726755996377
4area,node-var,pca,767871931,10,1,0.6727071765965418,0.8201872814159853
4area,node-var,pca,767871931,10,2,0.41170339700450276,0.6416411746486539
4area,node-var,pca,767871931,10,3,0.5016260980247488,0.7082556727797878
4area,node-var,pca,767871931,10,4,0.4439596950114272,0.6663030054047681
4area,node-var,pca,767871931,5,0,0.043302827106486586,0.20809331345933868
4area,node-var,pca,767871931,5,1,0.6087772435624494,0.7802417853219923
4area,node-var,pca,767871931,5,2,0.053032036195436505,0.23028685632366572
4area,node-var,pca,767871931,5,3,0.5810543965336186,0.7622692414977917
4area,node-var,pca,767871931,5,4,0.5945908839256767,0.7710971948630576
4area,node-var,pca,771990200,15,0,0.3609268581093411,0.6007718852520825
4area,node-var,pca,771990200,15,1,0.374518744914931,0.6119793664127332
4area,node-var,pca,771990200,15,2,0.4624175061710337,0.6800128720627523
4area,node-var,pca,771990200,15,3,0.2929394404938481,0.5412388017260488
4area,node-var,pca,771990200,15,4,0.6406626882920947,0.800414073022266
4area,node-var,pca,771990200,10,0,0.6661321264441636,0.8161691775876888
4area,node-var,pca,771990200,10,1,0.6493941019845311,0.8058499252246227
4area,node-var,pca,771990200,10,2,0.011165307192198215,0.10566601720609269
4area,node-var,pca,771990200,10,3,0.01570515846539544,0.1253202236887376
4area,node-var,pca,771990200,10,4,0.6936380020628112,0.8328493273472766
4area,node-var,pca,771990200,5,0,0.3859387141554027,0.6212396591939399
4area,node-var,pca,771990200,5,1,0.628431916986652,0.7927369784402973
4area,node-var,pca,771990200,5,2,0.5315714859460917,0.7290894910407723
4area,node-var,pca,771990200,5,3,0.6049975875700546,0.7778159085349544
4area,node-var,pca,771990200,5,4,0.6128662306096176,0.782857733314053
4area,node-var,pca,774875821,15,0,0.5439581030946452,0.7375351538026156
4area,node-var,pca,774875821,15,1,0.5782246259764794,0.7604108271036654
4area,node-var,pca,774875821,15,2,0.6029868667947043,0.7765222899535495
4area,node-var,pca,774875821,15,3,0.5451875535196793,0.738368169357049
4area,node-var,pca,774875821,15,4,0.6066319284395434,0.7788657961674431
4area,node-var,pca,774875821,10,0,0.5970747319194708,0.7727061096687852
4area,node-var,pca,774875821,10,1,0.5318295548630518,0.7292664498405583
4area,node-var,pca,774875821,10,2,0.5433667517336065,0.7371341477191297
4area,node-var,pca,774875821,10,3,0.5789572345623457,0.7608923935500639
4area,node-var,pca,774875821,10,4,0.5393391617364851,0.7343971416995624
4area,node-var,pca,774875821,5,0,0.5364004530115333,0.7323936462118791
4area,node-var,pca,774875821,5,1,0.5362096128034796,0.7322633493515018
4area,node-var,pca,774875821,5,2,0.584401905733666,0.7644618406000828
4area,node-var,pca,774875821,5,3,0.6834571323011622,0.8267146619609219
4area,node-var,pca,774875821,5,4,0.5878356256453869,0.7667043926086433
4area,node-var,pca,778240327,15,0,0.6588539119339256,0.8116981655356424
4area,node-var,pca,778240327,15,1,0.6981464236253871,0.8355515685015418
4area,node-var,pca,778240327,15,2,0.6561158840048003,0.8100098048818917
4area,node-var,pca,778240327,15,3,0.7092825963610063,0.8421891689881837
4area,node-var,pca,778240327,15,4,0.6401626685485597,0.8001016613834533
4area,node-var,pca,778240327,10,0,0.6664337553394657,0.8163539399913896
4area,node-var,pca,778240327,10,1,0.645172283189285,0.8032261718776887
4area,node-var,pca,778240327,10,2,0.6132316271459235,0.7830910720637301
4area,node-var,pca,778240327,10,3,0.6225093033168968,0.7889925876184745
4area,node-var,pca,778240327,10,4,0.7213974165597699,0.8493511738731937
4area,node-var,pca,778240327,5,0,0.7067659350459483,0.8406937224970502
4area,node-var,pca,778240327,5,1,0.7262358843884276,0.852194745576636
4area,node-var,pca,778240327,5,2,0.40735938326202015,0.638247117707569
4area,node-var,pca,778240327,5,3,0.6608792338105827,0.8129447913669071
4area,node-var,pca,778240327,5,4,0.6703574126973697,0.8187535726318211
4area,node-var,pca,778998620,15,0,0.5356153548307405,0.7318574689314432
4area,node-var,pca,778998620,15,1,0.5950583804117553,0.7714002724991449
4area,node-var,pca,778998620,15,2,0.5907263028136378,0.7685872122366061
4area,node-var,pca,778998620,15,3,0.5722544688834421,0.7564750285921167
4area,node-var,pca,778998620,15,4,0.5901937394198242,0.7682406780559228
4area,node-var,pca,778998620,10,0,0.4972723309492859,0.7051753902039449
4area,node-var,pca,778998620,10,1,0.5114210377646492,0.7151370762061279
4area,node-var,pca,778998620,10,2,0.6037772828639926,0.7770310694328718
4area,node-var,pca,778998620,10,3,0.45898437638924483,0.6774838569215101
4area,node-var,pca,778998620,10,4,0.37049386119768357,0.6086820690620691
4area,node-var,pca,778998620,5,0,0.642625881996273,0.8016394962801371
4area,node-var,pca,778998620,5,1,0.5366165226305012,0.7325411405719833
4area,node-var,pca,778998620,5,2,0.4295842084275977,0.6554267376508203
4area,node-var,pca,778998620,5,3,0.7189721689617083,0.8479222658721186
4area,node-var,pca,778998620,5,4,0.6525341388567988,0.8077958522156439
4area,node-var,pca,781842082,15,0,0.6301529188578272,0.793821717300445
4area,node-var,pca,781842082,15,1,0.5994180158327075,0.7742209089353675
4area,node-var,pca,781842082,15,2,0.6539120260634587,0.8086482709209603
4area,node-var,pca,781842082,15,3,0.5866139137351883,0.7659072487809402
4area,node-var,pca,781842082,15,4,0.6720066107414091,0.819760093406241
4area,node-var,pca,781842082,10,0,0.6329620061674552,0.7955890937961972
4area,node-var,pca,781842082,10,1,0.6052221584347782,0.777960255048276
4area,node-var,pca,781842082,10,2,0.6053286088068952,0.7780286683708351
4area,node-var,pca,781842082,10,3,0.6186826926832051,0.7865638516250303
4area,node-var,pca,781842082,10,4,0.5817868875273762,0.7627495575399434
4area,node-var,pca,781842082,5,0,0.7190184290860868,0.847949543950634
4area,node-var,pca,781842082,5,1,0.6845004249232065,0.827345408474119
4area,node-var,pca,781842082,5,2,0.7715695298193024,0.8783903060822682
4area,node-var,pca,781842082,5,3,0.7354624468863653,0.8575910720654485
4area,node-var,pca,781842082,5,4,0.6376597922623767,0.7985360306600938
4area,node-var,pca,786091066,15,0,0.04018096334621435,0.20045189783639972
4area,node-var,pca,786091066,15,1,0.08658368033445785,0.29425104984427586
4area,node-var,pca,786091066,15,2,0.02935407658961564,0.17133031427513215
4area,node-var,pca,786091066,15,3,0.039208527231399004,0.19801143207249164
4area,node-var,pca,786091066,15,4,0.0731947618188099,0.2705453045587926
4area,node-var,pca,786091066,10,0,0.44649615354451255,0.6682036766918547
4area,node-var,pca,786091066,10,1,0.0002465018703899924,0.015700378033351642
4area,node-var,pca,786091066,10,2,0.0011843823063170111,0.03441485589563042
4area,node-var,pca,786091066,10,3,0.3849989423389163,0.6204828300113676
4area,node-var,pca,786091066,10,4,0.22797699272479255,0.4774693631268844
4area,node-var,pca,786091066,5,0,0.09580100816717729,0.3095173794267084
4area,node-var,pca,786091066,5,1,0.06592813410282539,0.2567647446648883
4area,node-var,pca,786091066,5,2,0.5895031907080781,0.7677911113760567
4area,node-var,pca,786091066,5,3,0.6028710472694783,0.7764477105829334
4area,node-var,pca,786091066,5,4,0.5841726574664781,0.7643118849438877
4area,node-var,pca,787025148,15,0,0.24682757877208794,0.49681745014853135
4area,node-var,pca,787025148,15,1,0.4703264869615975,0.685803533792001
4area,node-var,pca,787025148,15,2,0.34033873862589936,0.5833855831488296
4area,node-var,pca,787025148,15,3,0.47315263148523234,0.687860909984884
4area,node-var,pca,787025148,15,4,0.21685792003728033,0.46568006188506883
4area,node-var,pca,787025148,10,0,0.4107170055837105,0.6408720664717029
4area,node-var,pca,787025148,10,1,0.20307872899232415,0.45064257343522696
4area,node-var,pca,787025148,10,2,0.07912126814391396,0.2812850300743258
4area,node-var,pca,787025148,10,3,0.41216119672082885,0.6419978167570575
4area,node-var,pca,787025148,10,4,0.39374299272991775,0.6274894363492658
4area,node-var,pca,787025148,5,0,0.2021216023904865,0.449579361615374
4area,node-var,pca,787025148,5,1,0.3359919800022061,0.5796481519009665
4area,node-var,pca,787025148,5,2,0.7231555515128876,0.8503855311050909
4area,node-var,pca,787025148,5,3,0.05822530005086324,0.24129919198137287
4area,node-var,pca,787025148,5,4,0.7110016966984227,0.843209165449725
4area,node-var,pca,789848216,15,0,0.5753394590250653,0.7585113440318912
4area,node-var,pca,789848216,15,1,0.44903932065876395,0.670103962575032
4area,node-var,pca,789848216,15,2,0.412528985302686,0.6422841935644109
4area,node-var,pca,789848216,15,3,0.5439886232728628,0.7375558441724009
4area,node-var,pca,789848216,15,4,0.42292981313790823,0.6503305414463544
4area,node-var,pca,789848216,10,0,0.3465402912296983,0.5886767289690485
4area,node-var,pca,789848216,10,1,0.4107311306021366,0.6408830865314963
4area,node-var,pca,789848216,10,2,0.4267932781943645,0.653294174315343
4area,node-var,pca,789848216,10,3,0.4822899543119241,0.694470988819493
4area,node-var,pca,789848216,10,4,0.6609917378552488,0.8130139838005546
4area,node-var,pca,789848216,5,0,0.8627040081927182,0.9288186088751228
4area,node-var,pca,789848216,5,1,0.8535123386569624,0.9238573150963103
4area,node-var,pca,789848216,5,2,0.5090461321156396,0.7134746891906116
4area,node-var,pca,789848216,5,3,0.41117636123556256,0.6412303495901938
4area,node-var,pca,789848216,5,4,0.407902214247326,0.6386722275528546
4area,node-var,pca,794812542,15,0,0.6607360262048356,0.8128567070553285
4area,node-var,pca,794812542,15,1,0.6425295314950266,0.8015793981228709
4area,node-var,pca,794812542,15,2,0.6432764451855144,0.8020451640559363
4area,node-var,pca,794812542,15,3,0.6551650039907577,0.8094226361986406
4area,node-var,pca,794812542,15,4,0.6333671839926476,0.7958436931914757
4area,node-var,pca,794812542,10,0,0.7227706921982614,0.8501592157932889
4area,node-var,pca,794812542,10,1,0.6347996455194198,0.7967431490257206
4area,node-var,pca,794812542,10,2,0.6522966841044261,0.8076488618851795
4area,node-var,pca,794812542,10,3,0.6372018632381842,0.7982492488178001
4area,node-var,pca,794812542,10,4,0.6265029638654466,0.7915194020777045
4area,node-var,pca,794812542,5,0,0.7332412638390774,0.8562950798872296
4area,node-var,pca,794812542,5,1,0.7079699708854539,0.8414095143777804
4area,node-var,pca,794812542,5,2,0.6946869080200673,0.8334787987825879
4area,node-var,pca,794812542,5,3,0.8322434977107012,0.9122738063271912
4area,node-var,pca,794812542,5,4,0.6575892719874497,0.8109187826086225
4area,node-var,pca,829720705,15,0,0.3320855621989881,0.576268654534488
4area,node-var,pca,829720705,15,1,0.29853380963034737,0.5463824755886197
4area,node-var,pca,829720705,15,2,0.2672462010180702,0.5169586066776235
4area,node-var,pca,829720705,15,3,0.33841416960816595,0.5817337617915659
4area,node-var,pca,829720705,15,4,0.2932628731137378,0.5415375085012474
4area,node-var,pca,829720705,10,0,0.5189522106071958,0.7203833775200502
4area,node-var,pca,829720705,10,1,0.5017560593719124,0.7083474143186475
4area,node-var,pca,829720705,10,2,0.5093675114338201,0.7136998749010828
4area,node-var,pca,829720705,10,3,0.515596415088607,0.7180504265639045
4area,node-var,pca,829720705,10,4,0.5911995846317912,0.7688950413624676
4area,node-var,pca,829720705,5,0,0.5409084869010812,0.7354648101038421
4area,node-var,pca,829720705,5,1,0.5493698942853256,0.7411949097810409
4area,node-var,pca,829720705,5,2,0.6429324450385727,0.801830683522758
4area,node-var,pca,829720705,5,3,0.5162987287855849,0.7185393021857494
4area,node-var,pca,829720705,5,4,0.163160295005905,0.40393105229222576
4area,node-var,pca,847657808,15,0,0.23863611777767268,0.48850395881473907
4area,node-var,pca,847657808,15,1,0.17330511636091817,0.41629931102623574
4area,node-var,pca,847657808,15,2,0.3681284551726317,0.6067359023270604
4area,node-var,pca,847657808,15,3,0.15604019693545923,0.3950192361587717
4area,node-var,pca,847657808,15,4,0.3231557941211728,0.5684679358778062
4area,node-var,pca,847657808,10,0,0.6408471346455553,0.8005292840649558
4area,node-var,pca,847657808,10,1,0.6633433642417692,0.8144589395677172
4area,node-var,pca,847657808,10,2,0.15174118677942738,0.3895397114280234
4area,node-var,pca,847657808,10,3,0.2618703866185895,0.5117327296730099
4area,node-var,pca,847657808,10,4,0.23388380595695357,0.4836153491742728
4area,node-var,pca,847657808,5,0,0.25708751220579584,0.5070379790565951
4area,node-var,pca,847657808,5,1,0.6718436001752834,0.8196606616004481
4area,node-var,pca,847657808,5,2,0.6113117418806935,0.781864273311354
4area,node-var,pca,847657808,5,3,0.26275071673082806,0.5125921543789248
4area,node-var,pca,847657808,5,4,0.2595674036943548,0.5094775791871072
5area,edges-corr,sfa,766640955,15,0,0.20268974470188716,0.45021077808276316
5area,edges-corr,sfa,766640955,15,1,0.17700999128832196,0.42072555340545037
5area,edges-corr,sfa,766640955,15,2,0.17635544288274962,0.41994695246274893
5area,edges-corr,sfa,766640955,15,3,0.07908293953593049,0.28121689055945837
5area,edges-corr,sfa,766640955,15,4,0.18879567994700286,0.4345062484556493
5area,edges-corr,sfa,766640955,10,0,0.115394237470967,0.3396972732757317
5area,edges-corr,sfa,766640955,10,1,0.10814039368430517,0.32884706731899743
5area,edges-corr,sfa,766640955,10,2,0.272441127530775,0.5219589328010154
5area,edges-corr,sfa,766640955,10,3,0.18293382849766615,0.4277076437213466
5area,edges-corr,sfa,766640955,10,4,0.24512689961279088,0.49510291820266017
5area,edges-corr,sfa,766640955,5,0,0.4113482433102016,0.6413643608045282
5area,edges-corr,sfa,766640955,5,1,0.44817586871305803,0.6694593854096446
5area,edges-corr,sfa,766640955,5,2,0.47082179985402806,0.6861645574160967
5area,edges-corr,sfa,766640955,5,3,0.0714255491990331,0.2672555877788772
5area,edges-corr,sfa,766640955,5,4,0.014853383410102006,0.121874457578698
5area,edges-corr,sfa,774875821,15,0,0.5018707700301727,0.7084283803110735
5area,edges-corr,sfa,774875821,15,1,0.5499220713251446,0.7415673073465051
5area,edges-corr,sfa,774875821,15,2,0.5675330707466204,0.7533479081716609
5area,edges-corr,sfa,774875821,15,3,0.5218927305335292,0.7224214355440527
5area,edges-corr,sfa,774875821,15,4,0.5761675865525018,0.7590570377465081
5area,edges-corr,sfa,774875821,10,0,0.5725316273674561,0.7566581971851324
5area,edges-corr,sfa,774875821,10,1,0.5064172533169122,0.7116299974824789
5area,edges-corr,sfa,774875821,10,2,0.599339894511135,0.774170455720918
5area,edges-corr,sfa,774875821,10,3,0.5305523440227788,0.7283902415757495
5area,edges-corr,sfa,774875821,10,4,0.5757961059367491,0.7588122995423482
5area,edges-corr,sfa,774875821,5,0,0.5791017277762203,0.7609873374611573
5area,edges-corr,sfa,774875821,5,1,0.4976950658849789,0.705475063971065
5area,edges-corr,sfa,774875821,5,2,0.6704969546339523,0.8188387842756057
5area,edges-corr,sfa,774875821,5,3,0.44087362453583423,0.6639831507921231
5area,edges-corr,sfa,774875821,5,4,0.506678820750635,0.7118137542578366
5area,edges-corr,sfa,778240327,15,0,0.6459452317753644,0.8037071803681755
5area,edges-corr,sfa,778240327,15,1,0.43417817541483783,0.6589219797630351
5area,edges-corr,sfa,778240327,15,2,0.3656011280881202,0.6046495911584828
5area,edges-corr,sfa,778240327,15,3,0.614071390383629,0.7836270735392113
5area,edges-corr,sfa,778240327,15,4,0.46374811993641896,0.6809905432063067
5area,edges-corr,sfa,778240327,10,0,0.4949219580576598,0.7035068997939257
5area,edges-corr,sfa,778240327,10,1,0.5743838437916106,0.7578811541340841
5area,edges-corr,sfa,778240327,10,2,0.4055730065325839,0.6368461403923119
5area,edges-corr,sfa,778240327,10,3,0.6386894596867079,0.7991804925589117
5area,edges-corr,sfa,778240327,10,4,0.6387936076098819,0.799245649102875
5area,edges-corr,sfa,778240327,5,0,0.5994041716303234,0.7742119681523406
5area,edges-corr,sfa,778240327,5,1,0.2706508078102149,0.5202411054599715
5area,edges-corr,sfa,778240327,5,2,0.2932999829474595,0.541571770818476
5area,edges-corr,sfa,778240327,5,3,0.0675972153667852,0.2599946448809772
5area,edges-corr,sfa,778240327,5,4,0.1991669275258665,0.44628122022539335
5area,edges-corr,sfa,778998620,15,0,0.04295097222725219,0.20724616335954668
5area,edges-corr,sfa,778998620,15,1,0.12762141544625016,0.35724139660214344
5area,edges-corr,sfa,778998620,15,2,0.10268259829394022,0.3204412556053608
5area,edges-corr,sfa,778998620,15,3,0.008382334438760686,0.09155508963875769
5area,edges-corr,sfa,778998620,15,4,0.04085182882139604,0.2021183534996163
5area,edges-corr,sfa,778998620,10,0,0.7333912690304139,0.8563826650688429
5area,edges-corr,sfa,778998620,10,1,0.10713995100687246,0.32732239612784325
5area,edges-corr,sfa,778998620,10,2,0.11790151141922167,0.3433678951492432
5area,edges-corr,sfa,778998620,10,3,0.6665196915104488,0.8164065724321735
5area,edges-corr,sfa,778998620,10,4,0.012765601744220922,0.11298496246944183
5area,edges-corr,sfa,778998620,5,0,0.005425541257737199,0.07365827351857394
5area,edges-corr,sfa,778998620,5,1,0.6144711472465805,0.7838821003483751
5area,edges-corr,sfa,778998620,5,2,0.09708056784264107,0.3115775470771941
5area,edges-corr,sfa,778998620,5,3,0.03225355988212675,0.17959276121861556
5area,edges-corr,sfa,778998620,5,4,0.09692446530875332,0.3113269427928677
5area,edges-corr,sfa,789848216,15,0,0.8620025441536381,0.9284409211972684
5area,edges-corr,sfa,789848216,15,1,0.7185856556090395,0.847694317315527
5area,edges-corr,sfa,789848216,15,2,0.7404798351536177,0.8605113800256321
5area,edges-corr,sfa,789848216,15,3,0.7716122465543087,0.8784146210954765
5area,edges-corr,sfa,789848216,15,4,0.7258235360168677,0.8519527780439906
5area,edges-corr,sfa,789848216,10,0,0.7239943866740282,0.850878596906767
5area,edges-corr,sfa,789848216,10,1,0.8648434147081163,0.9299695773024602
5area,edges-corr,sfa,789848216,10,2,0.8907365790849254,0.9437884186007599
5area,edges-corr,sfa,789848216,10,3,0.7200212913318711,0.8485406833687293
5area,edges-corr,sfa,789848216,10,4,0.7124817732189839,0.8440863541243779
5area,edges-corr,sfa,789848216,5,0,0.7498986823710956,0.8659669060484333
5area,edges-corr,sfa,789848216,5,1,0.704434147162835,0.8393057530857481
5area,edges-corr,sfa,789848216,5,2,0.87662840337493,0.9362843603173832
5area,edges-corr,sfa,789848216,5,3,0.5805711081707021,0.7619521692145116
5area,edges-corr,sfa,789848216,5,4,0.607226317388933,0.7792472761511153
5area,edges-corr,sfa,794812542,15,0,0.6196221089624186,0.7871607897770432
5area,edges-corr,sfa,794812542,15,1,0.572886901007335,0.7568929257215543
5area,edges-corr,sfa,794812542,15,2,0.6390745210396354,0.7994213663892358
5area,edges-corr,sfa,794812542,15,3,0.5833431800714646,0.7637690620020346
5area,edges-corr,sfa,794812542,15,4,0.6403186031023163,0.8001991021629037
5area,edges-corr,sfa,794812542,10,0,0.5523141019267215,0.7431783782691219
5area,edges-corr,sfa,794812542,10,1,0.6351506048791393,0.7969633648287386
5area,edges-corr,sfa,794812542,10,2,0.56751418346301,0.7533353725021883
5area,edges-corr,sfa,794812542,10,3,0.6640956781283851,0.8149206575663575
5area,edges-corr,sfa,794812542,10,4,0.6493528204375576,0.8058243111482515
5area,edges-corr,sfa,794812542,5,0,0.5934673305608209,0.7703683083829578
5area,edges-corr,sfa,794812542,5,1,0.4992614827410543,0.7065843776514269
5area,edges-corr,sfa,794812542,5,2,0.6743685441321944,0.8211994545372
5area,edges-corr,sfa,794812542,5,3,0.7687355907564554,0.8767756786980667
5area,edges-corr,sfa,794812542,5,4,0.6136562924637385,0.7833621719637344
5area,edges-corr,sfa,829720705,15,0,0.21231190565934333,0.4607731607410999
5area,edges-corr,sfa,829720705,15,1,0.1584243636987227,0.398025581713942
5area,edges-corr,sfa,829720705,15,2,0.07671236511548307,0.27696997150500446
5area,edges-corr,sfa,829720705,15,3,0.060783793797178465,0.2465436955129428
5area,edges-corr,sfa,829720705,15,4,0.07731454404471794,0.27805492990543723
5area,edges-corr,sfa,829720705,10,0,0.034109185088354255,0.18468672147275356
5area,edges-corr,sfa,829720705,10,1,0.03664062005020363,0.1914173974595928
5area,edges-corr,sfa,829720705,10,2,0.6172296376675963,0.7856396360085186
5area,edges-corr,sfa,829720705,10,3,0.22314393839471458,0.47238113678968485
5area,edges-corr,sfa,829720705,10,4,0.05196498463729471,0.22795829582907243
5area,edges-corr,sfa,829720705,5,0,0.1366335368580469,0.36963973928413973
5area,edges-corr,sfa,829720705,5,1,0.1280201649141589,0.35779905661440603
5area,edges-corr,sfa,829720705,5,2,0.18035930186837779,0.4246872989251951
5area,edges-corr,sfa,829720705,5,3,0.1434209280893285,0.37870955637444437
5area,edges-corr,sfa,829720705,5,4,0.3738197679725389,0.6114080208604875
5area,edges-corr,sfa,847657808,15,0,0.37238812528522636,0.6102361225666889
5area,edges-corr,sfa,847657808,15,1,0.406097643217294,0.6372579094976338
5area,edges-corr,sfa,847657808,15,2,0.28038022841861554,0.5295094224077762
5area,edges-corr,sfa,847657808,15,3,0.3070351987819677,0.5541075696847747
5area,edges-corr,sfa,847657808,15,4,0.2935912018940465,0.5418405687045285
5area,edges-corr,sfa,847657808,10,0,0.43436485788832047,0.6590636220338073
5area,edges-corr,sfa,847657808,10,1,0.2931890811708353,0.5414693723294373
5area,edges-corr,sfa,847657808,10,2,0.2607405814835577,0.5106276348608227
5area,edges-corr,sfa,847657808,10,3,0.2651433248804572,0.5149206976617438
5area,edges-corr,sfa,847657808,10,4,0.22941553035877893,0.47897341299781854
5area,edges-corr,sfa,847657808,5,0,0.2158586588897201,0.464605917837601
5area,edges-corr,sfa,847657808,5,1,0.1547151875478613,0.39333851521032304
5area,edges-corr,sfa,847657808,5,2,0.17563703676127995,0.41909072616950105
5area,edges-corr,sfa,847657808,5,3,0.19610676118139103,0.44283943047270713
5area,edges-corr,sfa,847657808,5,4,0.5944683193179945,0.7710177166044855
5area,edges-corr,pca,766640955,15,0,0.18598756519474158,0.43126275655885443
5area,edges-corr,pca,766640955,15,1,0.3280435374451951,0.5727508511082235
5area,edges-corr,pca,766640955,15,2,0.3334493463505972,0.5774507306693774
5area,edges-corr,pca,766640955,15,3,0.23058584084327016,0.4801935451911769
5area,edges-corr,pca,766640955,15,4,0.14861068797962185,0.3855005680665358
5area,edges-corr,pca,766640955,10,0,0.5217165915797694,0.7222995165302061
5area,edges-corr,pca,766640955,10,1,0.2720740162219525,0.5216071474030546
5area,edges-corr,pca,766640955,10,2,0.37120169509880385,0.6092632395761315
5area,edges-corr,pca,766640955,10,3,0.27666541893432384,0.5259899418566131
5area,edges-corr,pca,766640955,10,4,0.3836988823420565,0.6194343244784373
5area,edges-corr,pca,766640955,5,0,0.6105116155003292,0.7813524272057583
5area,edges-corr,pca,766640955,5,1,0.20561693772988798,0.4534500388464951
5area,edges-corr,pca,766640955,5,2,0.16325550303708003,0.40404888693953933
5area,edges-corr,pca,766640955,5,3,0.6452644719590696,0.8032835563853341
5area,edges-corr,pca,766640955,5,4,0.6566689830277184,0.8103511479770477
5area,edges-corr,pca,774875821,15,0,0.4430111942177172,0.6655908609782103
5area,edges-corr,pca,774875821,15,1,0.44858209937164706,0.6697627187083849
5area,edges-corr,pca,774875821,15,2,0.44595695245917344,0.6678000842012327
5area,edges-corr,pca,774875821,15,3,0.4370379401630523,0.6610884510888484
5area,edges-corr,pca,774875821,15,4,0.4816508919408975,0.694010728981113
5area,edges-corr,pca,774875821,10,0,0.47416441024972966,0.6885959702537697
5area,edges-corr,pca,774875821,10,1,0.46905218478470323,0.6848738458903978
5area,edges-corr,pca,774875821,10,2,0.5318498897824502,0.729280391744114
5area,edges-corr,pca,774875821,10,3,0.4469733081120293,0.6685606241112526
5area,edges-corr,pca,774875821,10,4,0.47709668137271266,0.6907218552881558
5area,edges-corr,pca,774875821,5,0,0.5203216841381153,0.7213332684259863
5area,edges-corr,pca,774875821,5,1,0.41517545997782357,0.6443411052989115
5area,edges-corr,pca,774875821,5,2,0.5844926617979822,0.764521197742732
5area,edges-corr,pca,774875821,5,3,0.4397927798455571,0.6631687416077133
5area,edges-corr,pca,774875821,5,4,0.49650439502574784,0.7046306798782943
5area,edges-corr,pca,778240327,15,0,0.4348455718738444,0.6594282158611678
5area,edges-corr,pca,778240327,15,1,0.4539349697581915,0.6737469627079531
5area,edges-corr,pca,778240327,15,2,0.4944693998311097,0.703185181748813
5area,edges-corr,pca,778240327,15,3,0.5897987451952303,0.7679835578938079
5area,edges-corr,pca,778240327,15,4,0.42787354643880593,0.6541204372581602
5area,edges-corr,pca,778240327,10,0,0.5081976180078447,0.7128798061439555
5area,edges-corr,pca,778240327,10,1,0.5777386390211123,0.7600912044097814
5area,edges-corr,pca,778240327,10,2,0.5385342578147384,0.7338489339194679
5area,edges-corr,pca,778240327,10,3,0.5446705227345965,0.7380179691136237
5area,edges-corr,pca,778240327,10,4,0.40864655830224783,0.6392546896990652
5area,edges-corr,pca,778240327,5,0,0.11315377359389256,0.3363833729450558
5area,edges-corr,pca,778240327,5,1,0.8026863719148043,0.8959276599786414
5area,edges-corr,pca,778240327,5,2,0.3851992622318322,0.6206442316108579
5area,edges-corr,pca,778240327,5,3,0.7142089670232061,0.8451088492160094
5area,edges-corr,pca,778240327,5,4,0.6920518142020757,0.8318965165223833
5area,edges-corr,pca,778998620,15,0,0.725084994831225,0.8515192275170442
5area,edges-corr,pca,778998620,15,1,0.7133659971816614,0.844609967488937
5area,edges-corr,pca,778998620,15,2,0.7182708332356548,0.8475086036351834
5area,edges-corr,pca,778998620,15,3,0.7596655104200685,0.8715879246639832
5area,edges-corr,pca,778998620,15,4,0.7090648622092752,0.8420598922934601
5area,edges-corr,pca,778998620,10,0,0.5971687790036846,0.7727669629349353
5area,edges-corr,pca,778998620,10,1,0.4227301040750606,0.6501769790411372
5area,edges-corr,pca,778998620,10,2,0.6778180515905445,0.8232970615704552
5area,edges-corr,pca,778998620,10,3,0.6359179603327052,0.7974446440554395
5area,edges-corr,pca,778998620,10,4,0.3979057009824368,0.6307976704002931
5area,edges-corr,pca,778998620,5,0,0.3390801349942525,0.5823058775199275
5area,edges-corr,pca,778998620,5,1,0.11242599045996515,0.3352998515656772
5area,edges-corr,pca,778998620,5,2,0.6059104112894964,0.7784024738459501
5area,edges-corr,pca,778998620,5,3,0.10813909787902865,0.3288450970883231
5area,edges-corr,pca,778998620,5,4,0.5508722445557954,0.7422076829000055
5area,edges-corr,pca,789848216,15,0,0.7442950050135816,0.8627253357897757
5area,edges-corr,pca,789848216,15,1,0.689406761106404,0.8303052216543029
5area,edges-corr,pca,789848216,15,2,0.8541888203453365,0.9242233606360193
5area,edges-corr,pca,789848216,15,3,0.7494335185031753,0.8656982837589389
5area,edges-corr,pca,789848216,15,4,0.7228582143292871,0.850210688199864
5area,edges-corr,pca,789848216,10,0,0.76829391658226,0.8765237684069154
5area,edges-corr,pca,789848216,10,1,0.731104389977507,0.8550464256269996
5area,edges-corr,pca,789848216,10,2,0.6950652785760392,0.8337057505955207
5area,edges-corr,pca,789848216,10,3,0.7486986892038308,0.8652737654660683
5area,edges-corr,pca,789848216,10,4,0.6949736501287234,0.8336507962742675
5area,edges-corr,pca,789848216,5,0,0.872022712667069,0.933821563612164
5area,edges-corr,pca,789848216,5,1,0.655136194960368,0.8094048399659884
5area,edges-corr,pca,789848216,5,2,0.7086081213211022,0.841788644091321
5area,edges-corr,pca,789848216,5,3,0.7394397310598304,0.8599068153351453
5area,edges-corr,pca,789848216,5,4,0.7842949447771957,0.8856042822712621
5area,edges-corr,pca,794812542,15,0,0.8098324933234379,0.8999069359236184
5area,edges-corr,pca,794812542,15,1,0.8020594707081317,0.8955777301318605
5area,edges-corr,pca,794812542,15,2,0.8030570117542424,0.8961344830739671
5area,edges-corr,pca,794812542,15,3,0.8219671146585629,0.9066240205612045
5area,edges-corr,pca,794812542,15,4,0.7215142805615069,0.8494199671314001
5area,edges-corr,pca,794812542,10,0,0.6356383411814248,0.7972693027963796
5area,edges-corr,pca,794812542,10,1,0.7833176803723197,0.8850523602433472
5area,edges-corr,pca,794812542,10,2,0.7608301680060183,0.8722557927615165
5area,edges-corr,pca,794812542,10,3,0.8520444020388344,0.923062512530345
5area,edges-corr,pca,794812542,10,4,0.8409543324613289,0.9170356222423032
5area,edges-corr,pca,794812542,5,0,0.8128640175829414,0.9015897168795469
5area,edges-corr,pca,794812542,5,1,0.9093845271208014,0.9536165514087956
5area,edges-corr,pca,794812542,5,2,0.6431839001243382,0.8019874688075488
5area,edges-corr,pca,794812542,5,3,0.8755947684004798,0.9357322097696967
5area,edges-corr,pca,794812542,5,4,0.11642129854808325,0.3412056543319336
5area,edges-corr,pca,829720705,15,0,0.10381783417949175,0.3222077500301505
5area,edges-corr,pca,829720705,15,1,0.3888912531983376,0.623611460124281
5area,edges-corr,pca,829720705,15,2,0.11805913237684762,0.3435973404682387
5area,edges-corr,pca,829720705,15,3,0.38949940162125873,0.6240988716711954
5area,edges-corr,pca,829720705,15,4,0.12878460380131718,0.3588657183422756
5area,edges-corr,pca,829720705,10,0,0.047084755129308986,0.21699021897152124
5area,edges-corr,pca,829720705,10,1,0.43892057165311726,0.6625108087066335
5area,edges-corr,pca,829720705,10,2,0.7274996048016105,0.8529358737921672
5area,edges-corr,pca,829720705,10,3,0.09206573153206532,0.3034233536365736
5area,edges-corr,pca,829720705,10,4,0.43364393348918373,0.6585164640987985
5area,edges-corr,pca,829720705,5,0,0.07043582760801903,0.26539748982991324
5area,edges-corr,pca,829720705,5,1,0.7244362918445535,0.8511382330999792
5area,edges-corr,pca,829720705,5,2,0.008429695235097623,0.0918133717663048
5area,edges-corr,pca,829720705,5,3,0.47356192902858707,0.6881583604291865
5area,edges-corr,pca,829720705,5,4,0.005779852295269672,0.0760253398234412
5area,edges-corr,pca,847657808,15,0,0.40762086998531144,0.6384519324000133
5area,edges-corr,pca,847657808,15,1,0.34706926297381246,0.5891258464656027
5area,edges-corr,pca,847657808,15,2,0.2820281338710472,0.5310632108055017
5area,edges-corr,pca,847657808,15,3,0.3873129745746634,0.6223447393323601
5area,edges-corr,pca,847657808,15,4,0.3678381483629515,0.6064966185915236
5area,edges-corr,pca,847657808,10,0,0.21332621385006434,0.46187250822068204
5area,edges-corr,pca,847657808,10,1,0.2095129995679943,0.4577259000406189
5area,edges-corr,pca,847657808,10,2,0.19535705745842868,0.44199214637641254
5area,edges-corr,pca,847657808,10,3,0.4661473536260139,0.6827498470347789
5area,edges-corr,pca,847657808,10,4,0.21432760348293267,0.4629552931795167
5area,edges-corr,pca,847657808,5,0,0.3974202332062521,0.6304127482897637
5area,edges-corr,pca,847657808,5,1,0.21823847417328257,0.46716000917595957
5area,edges-corr,pca,847657808,5,2,0.5119770167319494,0.7155256925729159
5area,edges-corr,pca,847657808,5,3,0.4025641448245294,0.6344794282122392
5area,edges-corr,pca,847657808,5,4,0.26106047660109044,0.5109407760211458
5area,edges-cov,sfa,766640955,15,0,0.401972941839455,0.6340133609313406
5area,edges-cov,sfa,766640955,15,1,0.3727166381936129,0.6105052319133825
5area,edges-cov,sfa,766640955,15,2,0.4549985520841814,0.6745358048941361
5area,edges-cov,sfa,766640955,15,3,0.3817028031557702,0.6178210122323231
5area,edges-cov,sfa,766640955,15,4,0.3796587818450844,0.6161645736693115
5area,edges-cov,sfa,766640955,10,0,0.3194826962611602,0.5652280037835703
5area,edges-cov,sfa,766640955,10,1,0.4983979556827828,0.7059730559184128
5area,edges-cov,sfa,766640955,10,2,0.4763783780243388,0.6902016937275216
5area,edges-cov,sfa,766640955,10,3,0.4819005472291501,0.6941905698215369
5area,edges-cov,sfa,766640955,10,4,0.4706349816291604,0.6860284116777965
5area,edges-cov,sfa,766640955,5,0,0.2786348473970581,0.5278587381080826
5area,edges-cov,sfa,766640955,5,1,0.006703922299170939,0.08187748346872206
5area,edges-cov,sfa,766640955,5,2,0.4635172483600142,0.6808210105159906
5area,edges-cov,sfa,766640955,5,3,0.3100973111844979,0.556863817449561
5area,edges-cov,sfa,766640955,5,4,0.109791977754643,0.3313487252950334
5area,edges-cov,sfa,774875821,15,0,0.5819194923049258,0.7628364780901116
5area,edges-cov,sfa,774875821,15,1,0.5477362441786258,0.7400920511521683
5area,edges-cov,sfa,774875821,15,2,0.5877235310597968,0.7666312875560174
5area,edges-cov,sfa,774875821,15,3,0.5651493530024435,0.7517641604934645
5area,edges-cov,sfa,774875821,15,4,0.5705634343311307,0.7553564948626117
5area,edges-cov,sfa,774875821,10,0,0.5314172564915629,0.7289837148328915
5area,edges-cov,sfa,774875821,10,1,0.5098124772149086,0.714011538572669
5area,edges-cov,sfa,774875821,10,2,0.4989997512082833,0.7063991443994556
5area,edges-cov,sfa,774875821,10,3,0.5649340662110054,0.7516209591349934
5area,edges-cov,sfa,774875821,10,4,0.5570345345194291,0.7463474623253095
5area,edges-cov,sfa,774875821,5,0,0.5289784738941758,0.7273090635308871
5area,edges-cov,sfa,774875821,5,1,0.555638441519348,0.7454115920210443
5area,edges-cov,sfa,774875821,5,2,0.560326072077928,0.7485493117209627
5area,edges-cov,sfa,774875821,5,3,0.5533843098971837,0.743898050741621
5area,edges-cov,sfa,774875821,5,4,0.5539040837163678,0.744247326979659
5area,edges-cov,sfa,778240327,15,0,0.6940886904966321,0.8331198536204928
5area,edges-cov,sfa,778240327,15,1,0.724708387898917,0.8512980605516012
5area,edges-cov,sfa,778240327,15,2,0.6934494844327853,0.8327361433448095
5area,edges-cov,sfa,778240327,15,3,0.7739483782900902,0.8797433593327605
5area,edges-cov,sfa,778240327,15,4,0.7201538283360243,0.848618776799115
5area,edges-cov,sfa,778240327,10,0,0.7885735597681267,0.8880166438576067
5area,edges-cov,sfa,778240327,10,1,0.7228987293882232,0.8502345143477898
5area,edges-cov,sfa,778240327,10,2,0.692307643425184,0.8320502649631119
5area,edges-cov,sfa,778240327,10,3,0.784877384137545,0.8859330584968269
5area,edges-cov,sfa,778240327,10,4,0.6859761069348971,0.8282367457043287
5area,edges-cov,sfa,778240327,5,0,0.5544931179985703,0.7446429466519976
5area,edges-cov,sfa,778240327,5,1,0.6777787102751353,0.8232731686840858
5area,edges-cov,sfa,778240327,5,2,0.7638021905411667,0.8739577738890856
5area,edges-cov,sfa,778240327,5,3,0.7418946710981258,0.8613330779078008
5area,edges-cov,sfa,778240327,5,4,0.9217518532258653,0.9600790869641234
5area,edges-cov,sfa,778998620,15,0,0.5330851329237883,0.7301267923612914
5area,edges-cov,sfa,778998620,15,1,0.5547803650998651,0.7448357974076342
5area,edges-cov,sfa,778998620,15,2,0.5040052344656896,0.7099332605715053
5area,edges-cov,sfa,778998620,15,3,0.08377951201051692,0.2894469070667658
5area,edges-cov,sfa,778998620,15,4,0.05852041351300419,0.241909928512668
5area,edges-cov,sfa,778998620,10,0,0.4879800281979466,0.6985556729409238
5area,edges-cov,sfa,778998620,10,1,0.5442817805515014,0.7377545530537242
5area,edges-cov,sfa,778998620,10,2,0.5509464703415824,0.7422576845958436
5area,edges-cov,sfa,778998620,10,3,0.5138532349171006,0.7168355703486692
5area,edges-cov,sfa,778998620,10,4,0.4801878844439964,0.6929559036793003
5area,edges-cov,sfa,778998620,5,0,0.6019048026602278,0.7758252397674553
5area,edges-cov,sfa,778998620,5,1,0.6010568021373579,0.77527853197245
5area,edges-cov,sfa,778998620,5,2,0.7817402865792498,0.8841607809551673
5area,edges-cov,sfa,778998620,5,3,0.5977515270358151,0.7731439238821032
5area,edges-cov,sfa,778998620,5,4,0.04367734169284132,0.2089912478857453
5area,edges-cov,sfa,789848216,15,0,0.6155003557696644,0.7845383073946519
5area,edges-cov,sfa,789848216,15,1,0.6031437726624826,0.7766233145241518
5area,edges-cov,sfa,789848216,15,2,0.7706492692135408,0.8778663162540995
5area,edges-cov,sfa,789848216,15,3,0.6975140647137412,0.8351730747059201
5area,edges-cov,sfa,789848216,15,4,0.6217591441345929,0.7885170538007368
5area,edges-cov,sfa,789848216,10,0,0.8344663132259367,0.9134912770387776
5area,edges-cov,sfa,789848216,10,1,0.6542241996046045,0.8088412697214494
5area,edges-cov,sfa,789848216,10,2,0.800324910434624,0.8946088030165051
5area,edges-cov,sfa,789848216,10,3,0.6300657430166714,0.7937668064467496
5area,edges-cov,sfa,789848216,10,4,0.6321319395263088,0.7950672547189376
5area,edges-cov,sfa,789848216,5,0,0.6363371322268419,0.7977074226975968
5area,edges-cov,sfa,789848216,5,1,0.8135806315624453,0.9019870462276295
5area,edges-cov,sfa,789848216,5,2,0.6164885282377972,0.7851678344391062
5area,edges-cov,sfa,789848216,5,3,0.66750182773193,0.8170078504714199
5area,edges-cov,sfa,789848216,5,4,0.7209560633159237,0.8490913162410286
5area,edges-cov,sfa,794812542,15,0,0.7062518654842871,0.8403879255940613
5area,edges-cov,sfa,794812542,15,1,0.6422207151899593,0.8013867450800279
5area,edges-cov,sfa,794812542,15,2,0.637653807478001,0.7985322833035631
5area,edges-cov,sfa,794812542,15,3,0.6552016401107235,0.8094452669024158
5area,edges-cov,sfa,794812542,15,4,0.6418094647922057,0.8011301172669797
5area,edges-cov,sfa,794812542,10,0,0.6356352999506181,0.7972673955145912
5area,edges-cov,sfa,794812542,10,1,0.6130943384626417,0.7830034089725534
5area,edges-cov,sfa,794812542,10,2,0.7067729824738745,0.8406979139226392
5area,edges-cov,sfa,794812542,10,3,0.6685296693721312,0.8176366365153486
5area,edges-cov,sfa,794812542,10,4,0.6905673954423455,0.8310038480310109
5area,edges-cov,sfa,794812542,5,0,0.5695732687556617,0.7547007809427928
5area,edges-cov,sfa,794812542,5,1,0.5944733519529254,0.7710209802287643
5area,edges-cov,sfa,794812542,5,2,0.6414828041489955,0.8009262164200879
5area,edges-cov,sfa,794812542,5,3,0.6891219993995603,0.8301337238057256
5area,edges-cov,sfa,794812542,5,4,0.6333265961884396,0.7958181929237605
5area,edges-cov,sfa,829720705,15,0,0.2611621475244372,0.5110402601796049
5area,edges-cov,sfa,829720705,15,1,0.42771950739993214,0.6540026814929222
5area,edges-cov,sfa,829720705,15,2,0.27907461868817107,0.528275135405947
5area,edges-cov,sfa,829720705,15,3,0.25041729635780596,0.5004171223667383
5area,edges-cov,sfa,829720705,15,4,0.3416525914166354,0.5845105571472904
5area,edges-cov,sfa,829720705,10,0,0.1715553944374032,0.41419246062356446
5area,edges-cov,sfa,829720705,10,1,0.17348805047639115,0.4165189677270303
5area,edges-cov,sfa,829720705,10,2,0.4856658981836448,0.6968973369038259
5area,edges-cov,sfa,829720705,10,3,0.239800506464667,0.489694298991388
5area,edges-cov,sfa,829720705,10,4,0.15276989328667434,0.390857893980248
5area,edges-cov,sfa,829720705,5,0,0.718653090537066,0.8477340918808588
5area,edges-cov,sfa,829720705,5,1,0.21548417809078835,0.4642027338251986
5area,edges-cov,sfa,829720705,5,2,0.8129861415804254,0.9016574413714022
5area,edges-cov,sfa,829720705,5,3,0.6756159119599485,0.821958582873826
5area,edges-cov,sfa,829720705,5,4,0.24157855380799387,0.49150641278420165
5area,edges-cov,sfa,847657808,15,0,0.3226934999716551,0.5680611762580287
5area,edges-cov,sfa,847657808,15,1,0.3246816354212422,0.5698084199283487
5area,edges-cov,sfa,847657808,15,2,0.43594296799048937,0.6602597731124379
5area,edges-cov,sfa,847657808,15,3,0.3321013427695737,0.5762823463976438
5area,edges-cov,sfa,847657808,15,4,0.45777220503448546,0.6765886527532701
5area,edges-cov,sfa,847657808,10,0,0.5743258672346401,0.7578429040603604
5area,edges-cov,sfa,847657808,10,1,0.2504030928566736,0.5004029305036828
5area,edges-cov,sfa,847657808,10,2,0.3045881057572034,0.5518950133469259
5area,edges-cov,sfa,847657808,10,3,0.37046160854257704,0.6086555746418311
5area,edges-cov,sfa,847657808,10,4,0.3958048974274534,0.6291302706335586
5area,edges-cov,sfa,847657808,5,0,0.6718294509379685,0.8196520303994673
5area,edges-cov,sfa,847657808,5,1,0.6206422800810408,0.7878085300890313
5area,edges-cov,sfa,847657808,5,2,0.4960979918284646,0.7043422405538831
5area,edges-cov,sfa,847657808,5,3,0.5823102680449879,0.7630925684640028
5area,edges-cov,sfa,847657808,5,4,0.5781243893209904,0.7603449147071285
5area,edges-cov,pca,766640955,15,0,0.32483154776216194,0.5699399510142819
5area,edges-cov,pca,766640955,15,1,0.3228929979914412,0.5682367446684886
5area,edges-cov,pca,766640955,15,2,0.5199252748899182,0.7210584406897398
5area,edges-cov,pca,766640955,15,3,0.5173887049615411,0.7192973689382869
5area,edges-cov,pca,766640955,15,4,0.5022401271327136,0.7086890200452604
5area,edges-cov,pca,766640955,10,0,0.4886371247068718,0.6990258397991251
5area,edges-cov,pca,766640955,10,1,0.3936922173522023,0.6274489758954128
5area,edges-cov,pca,766640955,10,2,0.42741683264092967,0.6537712387685237
5area,edges-cov,pca,766640955,10,3,0.45232052470349315,0.6725477861858535
5area,edges-cov,pca,766640955,10,4,0.291930446082481,0.5403058819617651
5area,edges-cov,pca,766640955,5,0,0.34625224385097286,0.588432021435758
5area,edges-cov,pca,766640955,5,1,0.4886211082010462,0.699014383400689
5area,edges-cov,pca,766640955,5,2,0.5352173256495262,0.731585487588105
5area,edges-cov,pca,766640955,5,3,0.49781904247529873,0.7055629259501234
5area,edges-cov,pca,766640955,5,4,0.010335169862524252,0.10166203746986482
5area,edges-cov,pca,774875821,15,0,0.5492422271754,0.7411087822819271
5area,edges-cov,pca,774875821,15,1,0.5260552908460466,0.7252966916000981
5area,edges-cov,pca,774875821,15,2,0.5417342532989997,0.7360259868367423
5area,edges-cov,pca,774875821,15,3,0.49002273307344535,0.7000162377212714
5area,edges-cov,pca,774875821,15,4,0.5307686046294682,0.7285386775109943
5area,edges-cov,pca,774875821,10,0,0.5258037927771302,0.7251232948796575
5area,edges-cov,pca,774875821,10,1,0.5364851582898096,0.732451471627855
5area,edges-cov,pca,774875821,10,2,0.5319622886051434,0.7293574491325514
5area,edges-cov,pca,774875821,10,3,0.49257569080271124,0.701837367773127
5area,edges-cov,pca,774875821,10,4,0.5494376301378583,0.7412406020570226
5area,edges-cov,pca,774875821,5,0,0.6662076345125052,0.8162154338852595
5area,edges-cov,pca,774875821,5,1,0.4385310912774575,0.6622168008118319
5area,edges-cov,pca,774875821,5,2,0.5291523618630085,0.7274285957143897
5area,edges-cov,pca,774875821,5,3,0.6406226597418802,0.800389067730114
5area,edges-cov,pca,774875821,5,4,0.6338524295126448,0.7961484971490207
5area,edges-cov,pca,778240327,15,0,0.6226653700530198,0.7890914839567208
5area,edges-cov,pca,778240327,15,1,0.6487638915833431,0.8054588081232609
5area,edges-cov,pca,778240327,15,2,0.600289507225169,0.7747835228147081
5area,edges-cov,pca,778240327,15,3,0.6375645457843084,0.7984763902485212
5area,edges-cov,pca,778240327,15,4,0.6943708025659051,0.833289147034755
5area,edges-cov,pca,778240327,10,0,0.6562863597514689,0.8101150287159644
5area,edges-cov,pca,778240327,10,1,0.5377201081130147,0.7332940120531571
5area,edges-cov,pca,778240327,10,2,0.6923694637679303,0.8320874135377432
5area,edges-cov,pca,778240327,10,3,0.6570906778489514,0.8106112988658319
5area,edges-cov,pca,778240327,10,4,0.6255052153500786,0.7908888767393779
5area,edges-cov,pca,778240327,5,0,0.6854688578920198,0.8279304668219547
5area,edges-cov,pca,778240327,5,1,0.6914251584630353,0.8315197883773026
5area,edges-cov,pca,778240327,5,2,0.6095448514691721,0.7807335342286594
5area,edges-cov,pca,778240327,5,3,0.6527996823244864,0.8079601984779228
5area,edges-cov,pca,778240327,5,4,0.6975294078190435,0.8351822602396689
5area,edges-cov,pca,778998620,15,0,0.544735960298448,0.7380623010955434
5area,edges-cov,pca,778998620,15,1,0.5589510202277939,0.747630269737518
5area,edges-cov,pca,778998620,15,2,0.5430115841578773,0.7368931972530883
5area,edges-cov,pca,778998620,15,3,0.5345004177236937,0.7310953547408806
5area,edges-cov,pca,778998620,15,4,0.5687599825796208,0.7541617748067193
5area,edges-cov,pca,778998620,10,0,0.51007040273607,0.7141921329278762
5area,edges-cov,pca,778998620,10,1,0.48654626072049645,0.6975286809303953
5area,edges-cov,pca,778998620,10,2,0.5927661066390848,0.7699130513500104
5area,edges-cov,pca,778998620,10,3,0.5758524802084785,0.758849445020868
5area,edges-cov,pca,778998620,10,4,0.5271179930120586,0.7260289202311841
5area,edges-cov,pca,778998620,5,0,0.13471970972210456,0.36704183647386146
5area,edges-cov,pca,778998620,5,1,0.10210505440906548,0.3195388151837979
5area,edges-cov,pca,778998620,5,2,0.5420326082780877,0.7362286385886434
5area,edges-cov,pca,778998620,5,3,0.8351965609549244,0.9138908911653103
5area,edges-cov,pca,778998620,5,4,0.4649338819741603,0.6818606030371306
5area,edges-cov,pca,789848216,15,0,0.5860102551374868,0.7655130666014037
5area,edges-cov,pca,789848216,15,1,0.590200638346593,0.7682451681244677
5area,edges-cov,pca,789848216,15,2,0.7602283279294677,0.8719107339226129
5area,edges-cov,pca,789848216,15,3,0.7860570642008505,0.8865985924875194
5area,edges-cov,pca,789848216,15,4,0.7880106434054456,0.8876996358033759
5area,edges-cov,pca,789848216,10,0,0.6242250977516375,0.7900791718249741
5area,edges-cov,pca,789848216,10,1,0.6264675772216854,0.7914970481446437
5area,edges-cov,pca,789848216,10,2,0.6469306801121315,0.8043200110106244
5area,edges-cov,pca,789848216,10,3,0.8387924352546374,0.9158561214812291
5area,edges-cov,pca,789848216,10,4,0.6424986763529847,0.8015601514253218
5area,edges-cov,pca,789848216,5,0,0.8676128102443863,0.9314573582533914
5area,edges-cov,pca,789848216,5,1,0.8229983558798944,0.907192568245516
5area,edges-cov,pca,789848216,5,2,0.6496584664927192,0.8060139369097294
5area,edges-cov,pca,789848216,5,3,0.8355633562692106,0.9140915469848799
5area,edges-cov,pca,789848216,5,4,0.4680236972617271,0.6841225747347666
5area,edges-cov,pca,794812542,15,0,0.6303970814545492,0.7939754917215964
5area,edges-cov,pca,794812542,15,1,0.7032247147476401,0.8385849478422817
5area,edges-cov,pca,794812542,15,2,0.6580243425217367,0.8111869960260325
5area,edges-cov,pca,794812542,15,3,0.63491573319015,0.7968159970721925
5area,edges-cov,pca,794812542,15,4,0.6503667399936437,0.8064531852461384
5area,edges-cov,pca,794812542,10,0,0.6525623903434608,0.8078133388001597
5area,edges-cov,pca,794812542,10,1,0.5994987039529343,0.7742730164179387
5area,edges-cov,pca,794812542,10,2,0.6859687681498545,0.8282323153257521
5area,edges-cov,pca,794812542,10,3,0.616386724294133,0.7851030023469096
5area,edges-cov,pca,794812542,10,4,0.6847999733629815,0.827526418528727
5area,edges-cov,pca,794812542,5,0,0.5910478326602979,0.7687963531783292
5area,edges-cov,pca,794812542,5,1,0.7590450465878655,0.8712319132055857
5area,edges-cov,pca,794812542,5,2,0.8066887096090093,0.8981585102914791
5area,edges-cov,pca,794812542,5,3,0.44528426947527666,0.6672962381695824
5area,edges-cov,pca,794812542,5,4,0.6979008860350757,0.8354046241403479
5area,edges-cov,pca,829720705,15,0,0.27887307761224567,0.5280843470623297
5area,edges-cov,pca,829720705,15,1,0.4238810024133747,0.651061442886441
5area,edges-cov,pca,829720705,15,2,0.2683883214433236,0.5180620826149354
5area,edges-cov,pca,829720705,15,3,0.30363659408956256,0.5510322985901673
5area,edges-cov,pca,829720705,15,4,0.44740594568502534,0.6688841048231196
5area,edges-cov,pca,829720705,10,0,0.3546327201425792,0.5955104702207836
5area,edges-cov,pca,829720705,10,1,0.49227024447570567,0.7016197292520395
5area,edges-cov,pca,829720705,10,2,0.23030267267249938,0.47989860665821815
5area,edges-cov,pca,829720705,10,3,0.15824258785359857,0.3977971692377889
5area,edges-cov,pca,829720705,10,4,0.5309038569136852,0.7286314959660234
5area,edges-cov,pca,829720705,5,0,0.5402817476260169,0.7350386028134958
5area,edges-cov,pca,829720705,5,1,0.7325607334969919,0.8558976185835494
5area,edges-cov,pca,829720705,5,2,0.3359852191907935,0.5796423200481419
5area,edges-cov,pca,829720705,5,3,0.5674946166194073,0.7533223855822999
5area,edges-cov,pca,829720705,5,4,0.7030389329788898,0.8384741695358835
5area,edges-cov,pca,847657808,15,0,0.44922629115707013,0.670243456631297
5area,edges-cov,pca,847657808,15,1,0.34958503696228804,0.5912571665208712
5area,edges-cov,pca,847657808,15,2,0.44043286062322984,0.6636511588351443
5area,edges-cov,pca,847657808,15,3,0.4520256125359119,0.6723285004638075
5area,edges-cov,pca,847657808,15,4,0.4209695364198456,0.6488216522433937
5area,edges-cov,pca,847657808,10,0,0.6151652419737699,0.7843247044265336
5area,edges-cov,pca,847657808,10,1,0.39794568723511947,0.6308293645948317
5area,edges-cov,pca,847657808,10,2,0.4915270433993071,0.7010898968030493
5area,edges-cov,pca,847657808,10,3,0.33418551528737517,0.5780878093225772
5area,edges-cov,pca,847657808,10,4,0.5359312148789102,0.7320732305438511
5area,edges-cov,pca,847657808,5,0,0.6425440231134252,0.8015884374873585
5area,edges-cov,pca,847657808,5,1,0.2513716845042917,0.5013698081299787
5area,edges-cov,pca,847657808,5,2,0.6400006822743237,0.800000426421338
5area,edges-cov,pca,847657808,5,3,0.7281598755918399,0.8533228437067879
5area,edges-cov,pca,847657808,5,4,0.2633409373937733,0.5131675529432598
5area,node-var,sfa,766640955,15,0,0.4113224768211634,0.6413442732426664
5area,node-var,sfa,766640955,15,1,0.4464547195007098,0.6681726719199984
5area,node-var,sfa,766640955,15,2,0.3609881501063259,0.6008228941263201
5area,node-var,sfa,766640955,15,3,0.3240217562214398,0.569229089402008
5area,node-var,sfa,766640955,15,4,0.3133019621911243,0.5597338315584685
5area,node-var,sfa,766640955,10,0,0.4778066367050673,0.6912355869781779
5area,node-var,sfa,766640955,10,1,0.4678355454246651,0.6839850476616167
5area,node-var,sfa,766640955,10,2,0.5100632126531908,0.7141870991926342
5area,node-var,sfa,766640955,10,3,0.39170460367416005,0.6258630870039872
5area,node-var,sfa,766640955,10,4,0.5041023459969989,0.7100016521086392
5area,node-var,sfa,766640955,5,0,2.306676889940462e-06,0.0015187747989628447
5area,node-var,sfa,766640955,5,1,0.18037319390909334,0.4247036542214974
5area,node-var,sfa,766640955,5,2,0.5120389994745556,0.7155690039923168
5area,node-var,sfa,766640955,5,3,0.5865388462674218,0.7658582416266222
5area,node-var,sfa,766640955,5,4,0.4045368814776482,0.6360321387144274
5area,node-var,sfa,774875821,15,0,0.5816051994139204,0.7626304474736906
5area,node-var,sfa,774875821,15,1,0.5852256441698136,0.7650004210259058
5area,node-var,sfa,774875821,15,2,0.6078715912888932,0.7796612028880825
5area,node-var,sfa,774875821,15,3,0.5782861662801098,0.7604512911949769
5area,node-var,sfa,774875821,15,4,0.6096339375906259,0.7807905849782167
5area,node-var,sfa,774875821,10,0,0.5742336209003109,0.7577820404973388
5area,node-var,sfa,774875821,10,1,0.5322648899389266,0.7295648634212886
5area,node-var,sfa,774875821,10,2,0.5814612850302956,0.7625360876904739
5area,node-var,sfa,774875821,10,3,0.5481998465583958,0.7404051907964968
5area,node-var,sfa,774875821,10,4,0.5843548450155924,0.7644310596879169
5area,node-var,sfa,774875821,5,0,0.5872131065918282,0.7662983143605551
5area,node-var,sfa,774875821,5,1,0.7835397172489179,0.8851777884972708
5area,node-var,sfa,774875821,5,2,0.5037979080554742,0.7097872273121527
5area,node-var,sfa,774875821,5,3,0.5695362686815981,0.7546762674694342
5area,node-var,sfa,774875821,5,4,0.4426007168853543,0.665282433922131
5area,node-var,sfa,778240327,15,0,0.6656545528360185,0.8158765549003195
5area,node-var,sfa,778240327,15,1,0.6586192210628872,0.811553584837676
5area,node-var,sfa,778240327,15,2,0.6787229128715431,0.8238464133996961
5area,node-var,sfa,778240327,15,3,0.678243144084055,0.8235551858157768
5area,node-var,sfa,778240327,15,4,0.709298433920623,0.8421985715498578
5area,node-var,sfa,778240327,10,0,0.6311386767558553,0.7944423684294905
5area,node-var,sfa,778240327,10,1,0.6473009176895697,0.8045501337328641
5area,node-var,sfa,778240327,10,2,0.6366501807876093,0.7979036162266777
5area,node-var,sfa,778240327,10,3,0.6173868946927313,0.7857397117956617
5area,node-var,sfa,778240327,10,4,0.695613999289822,0.8340347710316529
5area,node-var,sfa,778240327,5,0,0.715721279450061,0.8460031202365986
5area,node-var,sfa,778240327,5,1,0.9141680705519198,0.9561213681075852
5area,node-var,sfa,778240327,5,2,0.4762642465268434,0.6901190089592113
5area,node-var,sfa,778240327,5,3,0.6718980269624428,0.819693861732807
5area,node-var,sfa,778240327,5,4,0.7768300562173759,0.881379632290976
5area,node-var,sfa,778998620,15,0,0.5759509319740805,0.758914311351471
5area,node-var,sfa,778998620,15,1,0.15957459591390477,0.3994678909673532
5area,node-var,sfa,778998620,15,2,0.5835201689608775,0.7638849186630646
5area,node-var,sfa,778998620,15,3,0.523833817020228,0.7237636472082767
5area,node-var,sfa,778998620,15,4,0.17133350906921174,0.41392452098083277
5area,node-var,sfa,778998620,10,0,0.25051535565813166,0.5005150903400729
5area,node-var,sfa,778998620,10,1,0.25138130787809765,0.5013794051196122
5area,node-var,sfa,778998620,10,2,0.36241081037901024,0.6020056564343976
5area,node-var,sfa,778998620,10,3,0.824632535754342,0.9080928012897892
5area,node-var,sfa,778998620,10,4,0.44215604170765965,0.6649481496384948
5area,node-var,sfa,778998620,5,0,0.8360976294444734,0.9143837429900388
5area,node-var,sfa,778998620,5,1,0.7397539838042331,0.8600895208082902
5area,node-var,sfa,778998620,5,2,0.42968383940477217,0.6555027379079149
5area,node-var,sfa,778998620,5,3,0.24183768277328455,0.49176994903438825
5area,node-var,sfa,778998620,5,4,0.7395895508711172,0.8599939249036103
5area,node-var,sfa,789848216,15,0,0.7403815887301891,0.8604542920633196
5area,node-var,sfa,789848216,15,1,0.6806031208615497,0.8249867398095254
5area,node-var,sfa,789848216,15,2,0.669038588459177,0.817947790790571
5area,node-var,sfa,789848216,15,3,0.4577151684435794,0.6765465013164863
5area,node-var,sfa,789848216,15,4,0.6135227177124132,0.783276909982934
5area,node-var,sfa,789848216,10,0,0.46853654620157936,0.684497294517356
5area,node-var,sfa,789848216,10,1,0.4839634514293478,0.695674817302845
5area,node-var,sfa,789848216,10,2,0.45073332699345015,0.6713667604174721
5area,node-var,sfa,789848216,10,3,0.830938315187827,0.9115581798151049
5area,node-var,sfa,789848216,10,4,0.6260895034426885,0.7912581774886686
5area,node-var,sfa,789848216,5,0,0.47175328579758014,0.6868429848208248
5area,node-var,sfa,789848216,5,1,0.8606405701383119,0.9277071575331906
5area,node-var,sfa,789848216,5,2,0.7483359163300355,0.8650641111097116
5area,node-var,sfa,789848216,5,3,0.5049313984455328,0.710585250652962
5area,node-var,sfa,789848216,5,4,0.6689072258925789,0.8178674867560021
5area,node-var,sfa,794812542,15,0,0.7285272979456507,0.8535381057373183
5area,node-var,sfa,794812542,15,1,0.6527795953082574,0.8079477676856679
5area,node-var,sfa,794812542,15,2,0.6696341309805396,0.8183117565943562
5area,node-var,sfa,794812542,15,3,0.6698691061223272,0.8184553171202001
5area,node-var,sfa,794812542,15,4,0.7133117397237358,0.8445778470477053
5area,node-var,sfa,794812542,10,0,0.7371892927112635,0.8585972820311409
5area,node-var,sfa,794812542,10,1,0.6871741842695226,0.8289597000274037
5area,node-var,sfa,794812542,10,2,0.705929617895829,0.8401961782202005
5area,node-var,sfa,794812542,10,3,0.5920822732651716,0.7694688254017638
5area,node-var,sfa,794812542,10,4,0.6503136311530324,0.8064202571569182
5area,node-var,sfa,794812542,5,0,0.6665262692022453,0.8164106008634663
5area,node-var,sfa,794812542,5,1,0.600237930769498,0.7747502376698562
5area,node-var,sfa,794812542,5,2,0.8468897428970241,0.9202661261271244
5area,node-var,sfa,794812542,5,3,0.7990072560755714,0.8938720580013506
5area,node-var,sfa,794812542,5,4,0.6795790091163183,0.8243658223848923
5area,node-var,sfa,829720705,15,0,0.28971411605340114,0.53825097868318
5area,node-var,sfa,829720705,15,1,0.27627725931128233,0.5256208322653142
5area,node-var,sfa,829720705,15,2,0.4653941054977423,0.6821979958177419
5area,node-var,sfa,829720705,15,3,0.3270511891352077,0.5718838948031387
5area,node-var,sfa,829720705,15,4,0.3681802366057928,0.6067785729619923
5area,node-var,sfa,829720705,10,0,0.5122913534279709,0.7157453132420568
5area,node-var,sfa,829720705,10,1,0.18048037998787347,0.42482982473912245
5area,node-var,sfa,829720705,10,2,0.24519298580058424,0.49516965355379455
5area,node-var,sfa,829720705,10,3,0.5022810164971546,0.7087178680526925
5area,node-var,sfa,829720705,10,4,0.2217019914118925,0.47085240937250383
5area,node-var,sfa,829720705,5,0,0.5283232277134868,0.7268584647051217
5area,node-var,sfa,829720705,5,1,0.40373551313676603,0.6354018516944738
5area,node-var,sfa,829720705,5,2,0.0445843754653682,0.21115012542115166
5area,node-var,sfa,829720705,5,3,0.5971143594596768,0.7727317512951541
5area,node-var,sfa,829720705,5,4,0.6181213204841012,0.7862069196363645
5area,node-var,sfa,847657808,15,0,0.4543655253526723,0.674066410194628
5area,node-var,sfa,847657808,15,1,0.4593333818666311,0.6777413827313723
5area,node-var,sfa,847657808,15,2,0.4738166244554428,0.6883433913792172
5area,node-var,sfa,847657808,15,3,0.5372771885201955,0.7329919430117877
5area,node-var,sfa,847657808,15,4,0.41698886113688605,0.6457467469038348
5area,node-var,sfa,847657808,10,0,0.35037373903549773,0.5919237611681912
5area,node-var,sfa,847657808,10,1,0.7253086844358106,0.8516505647481291
5area,node-var,sfa,847657808,10,2,0.6960887696561517,0.834319345128801
5area,node-var,sfa,847657808,10,3,0.47499129225127545,0.6891961203106668
5area,node-var,sfa,847657808,10,4,0.47329188525376353,0.687962124868632
5area,node-var,sfa,847657808,5,0,0.7818305790967152,0.8842118406223219
5area,node-var,sfa,847657808,5,1,0.639023323980503,0.7993893444251697
5area,node-var,sfa,847657808,5,2,0.660161769646761,0.8125033966986013
5area,node-var,sfa,847657808,5,3,0.6656349869291027,0.8158645640846908
5area,node-var,sfa,847657808,5,4,0.4526009446495848,0.6727562297367337
5area,node-var,pca,766640955,15,0,0.41893957574855845,0.6472554177050646
5area,node-var,pca,766640955,15,1,0.34063640611900714,0.5836406481037847
5area,node-var,pca,766640955,15,2,0.33471348859391525,0.5785442840387557
5area,node-var,pca,766640955,15,3,0.38401051365358974,0.6196858185028842
5area,node-var,pca,766640955,15,4,0.32443221591298754,0.5695895152765611
5area,node-var,pca,766640955,10,0,0.5178981885679947,0.7196514354658066
5area,node-var,pca,766640955,10,1,0.46585751820833954,0.6825375580935735
5area,node-var,pca,766640955,10,2,0.590255405099449,0.7682808113570503
5area,node-var,pca,766640955,10,3,0.3733857554593776,0.6110529890765425
5area,node-var,pca,766640955,10,4,0.5644950748803346,0.7513288726518718
5area,node-var,pca,766640955,5,0,0.022063645676258403,0.14853836432470383
5area,node-var,pca,766640955,5,1,0.44436475154000155,0.6666068943087834
5area,node-var,pca,766640955,5,2,0.5128928901375969,0.7161654069679688
5area,node-var,pca,766640955,5,3,0.3095376412646258,0.5563610709464009
5area,node-var,pca,766640955,5,4,0.4333357768746977,0.6582824446046681
5area,node-var,pca,774875821,15,0,0.5811761853661126,0.7623491230178691
5area,node-var,pca,774875821,15,1,0.5391287436106725,0.7342538686385497
5area,node-var,pca,774875821,15,2,0.5418640695270966,0.7361141688128948
5area,node-var,pca,774875821,15,3,0.6063838670148506,0.7787065345910787
5area,node-var,pca,774875821,15,4,0.6085089768068589,0.7800698537995555
5area,node-var,pca,774875821,10,0,0.5468653487199411,0.7395034474023352
5area,node-var,pca,774875821,10,1,0.5291300850062455,0.7274132834958721
5area,node-var,pca,774875821,10,2,0.5388997988145496,0.7340979490603085
5area,node-var,pca,774875821,10,3,0.5723526392673014,0.7565399125408405
5area,node-var,pca,774875821,10,4,0.6305559109164958,0.794075507062454
5area,node-var,pca,774875821,5,0,0.7452949544039544,0.8633046706719205
5area,node-var,pca,774875821,5,1,0.6945105048285471,0.833372968621221
5area,node-var,pca,774875821,5,2,0.6524326692380258,0.8077330432995959
5area,node-var,pca,774875821,5,3,0.5774527433598802,0.7599031144559667
5area,node-var,pca,774875821,5,4,0.648588504979138,0.8053499270373962
5area,node-var,pca,778240327,15,0,0.7365586994384976,0.8582299805055149
5area,node-var,pca,778240327,15,1,0.6765452649280352,0.8225237169395372
5area,node-var,pca,778240327,15,2,0.7459423498514505,0.8636795411791628
5area,node-var,pca,778240327,15,3,0.6676985406123692,0.8171282277662242
5area,node-var,pca,778240327,15,4,0.6570247243636085,0.8105706165187616
5area,node-var,pca,778240327,10,0,0.6088152135090236,0.7802661171094275
5area,node-var,pca,778240327,10,1,0.5981585654305279,0.7734071149339962
5area,node-var,pca,778240327,10,2,0.6849011753161934,0.8275875635340311
5area,node-var,pca,778240327,10,3,0.6870108631809517,0.8288611845061566
5area,node-var,pca,778240327,10,4,0.6840929309845803,0.8270991059024186
5area,node-var,pca,778240327,5,0,0.774886321614527,0.8802762757308221
5area,node-var,pca,778240327,5,1,0.8191129100182466,0.9050485677676341
5area,node-var,pca,778240327,5,2,0.8034267897426682,0.8963407776859585
5area,node-var,pca,778240327,5,3,0.7181026825370078,0.8474093948836104
5area,node-var,pca,778240327,5,4,0.8634071931797546,0.9291970690761752
5area,node-var,pca,778998620,15,0,0.5194251250880382,0.7207115408317271
5area,node-var,pca,778998620,15,1,0.5309852857571932,0.728687371756361
5area,node-var,pca,778998620,15,2,0.5666315719692459,0.7527493420583256
5area,node-var,pca,778998620,15,3,0.5693526100072221,0.7545545772223667
5area,node-var,pca,778998620,15,4,0.21709827979226815,0.4659380643307308
5area,node-var,pca,778998620,10,0,0.6053108612107714,0.7780172627974085
5area,node-var,pca,778998620,10,1,0.4856284414579095,0.6968704624662385
5area,node-var,pca,778998620,10,2,0.21406708860722123,0.4626738469021362
5area,node-var,pca,778998620,10,3,0.1806087083390765,0.42498083290788197
5area,node-var,pca,778998620,10,4,0.5717624330344895,0.7561497424680451
5area,node-var,pca,778998620,5,0,0.804434620021194,0.896902792960972
5area,node-var,pca,778998620,5,1,0.06599916482390611,0.2569030261088916
5area,node-var,pca,778998620,5,2,0.7951387101527945,0.8917055064048869
5area,node-var,pca,778998620,5,3,0.8022609533479499,0.8956902105906658
5area,node-var,pca,778998620,5,4,0.6837867832604025,0.826914012011166
5area,node-var,pca,789848216,15,0,0.7443497109226681,0.862757040494407
5area,node-var,pca,789848216,15,1,0.7212256840538132,0.8492500715653873
5area,node-var,pca,789848216,15,2,0.7128970410994335,0.8443323049009994
5area,node-var,pca,789848216,15,3,0.7547235665853058,0.868748275730838
5area,node-var,pca,789848216,15,4,0.517326209042764,0.7192539252883929
5area,node-var,pca,789848216,10,0,0.4585899880892462,0.6771927259571273
5area,node-var,pca,789848216,10,1,0.41604378132140174,0.6450145589995643
5area,node-var,pca,789848216,10,2,0.749809123677706,0.8659151942758052
5area,node-var,pca,789848216,10,3,0.5350840365633401,0.7314943858727421
5area,node-var,pca,789848216,10,4,0.7891598910939583,0.888346717838231
5area,node-var,pca,789848216,5,0,0.7619274396412279,0.8728845511528014
5area,node-var,pca,789848216,5,1,0.8459035351249776,0.919730142555399
5area,node-var,pca,789848216,5,2,0.5045844296327082,0.7103410657090772
5area,node-var,pca,789848216,5,3,0.12625133831909818,0.35531864335986935
5area,node-var,pca,789848216,5,4,0.543119553792262,0.7369664536410462
5area,node-var,pca,794812542,15,0,0.7216187537356848,0.8494814616786435
5area,node-var,pca,794812542,15,1,0.6295995114837389,0.7934730691609778
5area,node-var,pca,794812542,15,2,0.6645315869944035,0.8151880684813801
5area,node-var,pca,794812542,15,3,0.6585573102440854,0.8115154405457029
5area,node-var,pca,794812542,15,4,0.6742893537268303,0.8211512368174517
5area,node-var,pca,794812542,10,0,0.6211661814905095,0.78814096549444
5area,node-var,pca,794812542,10,1,0.6319170538454302,0.7949321064376703
5area,node-var,pca,794812542,10,2,0.7554739823941695,0.8691800632746775
5area,node-var,pca,794812542,10,3,0.6928533607084136,0.8323781356501471
5area,node-var,pca,794812542,10,4,0.6358929609420758,0.7974289692142351
5area,node-var,pca,794812542,5,0,0.7121005137419636,0.8438604823914699
5area,node-var,pca,794812542,5,1,0.5813189088023047,0.7624427249323752
5area,node-var,pca,794812542,5,2,0.5762766483641999,0.7591288746742539
5area,node-var,pca,794812542,5,3,0.8571416430761294,0.925819444101347
5area,node-var,pca,794812542,5,4,0.7327509518627986,0.8560087335201667
5area,node-var,pca,829720705,15,0,0.4797658758453959,0.6926513378644377
5area,node-var,pca,829720705,15,1,0.33857956395952904,0.5818759008238163
5area,node-var,pca,829720705,15,2,0.2909776388171683,0.5394234318391891
5area,node-var,pca,829720705,15,3,0.3453180086516532,0.5876376508118359
5area,node-var,pca,829720705,15,4,0.3389873269598429,0.5822261819601067
5area,node-var,pca,829720705,10,0,0.58108197348832,0.7622873300064223
5area,node-var,pca,829720705,10,1,0.4622072012050574,0.6798582213999158
5area,node-var,pca,829720705,10,2,0.5891132105520291,0.7675371069544638
5area,node-var,pca,829720705,10,3,0.24458552460967098,0.49455588623498525
5area,node-var,pca,829720705,10,4,0.5145780563405518,0.7173409624025054
5area,node-var,pca,829720705,5,0,0.15043051830353515,0.3878537331308479
5area,node-var,pca,829720705,5,1,0.3558106617097522,0.5964986686571492
5area,node-var,pca,829720705,5,2,0.839794844255085,0.9164032105220308
5area,node-var,pca,829720705,5,3,0.6995508546668755,0.8363915677880044
5area,node-var,pca,829720705,5,4,0.6283311985156594,0.7926734501140169
5area,node-var,pca,847657808,15,0,0.29137422161875537,0.5397909054613235
5area,node-var,pca,847657808,15,1,0.30593644890931804,0.55311522209149
5area,node-var,pca,847657808,15,2,0.3098392013615844,0.5566320161126057
5area,node-var,pca,847657808,15,3,0.26709208827169917,0.516809528038811
5area,node-var,pca,847657808,15,4,0.30193249013391443,0.5494838397386367
5area,node-var,pca,847657808,10,0,0.35836863531109187,0.5986389857928499
5area,node-var,pca,847657808,10,1,0.5912176588584099,0.768906794649657
5area,node-var,pca,847657808,10,2,0.32171212498536417,0.567196725118687
5area,node-var,pca,847657808,10,3,0.6715985794481631,0.8195111832355692
5area,node-var,pca,847657808,10,4,0.23903328331060691,0.4889103019068064
5area,node-var,pca,847657808,5,0,0.31490329798743755,0.5611624524034353
5area,node-var,pca,847657808,5,1,0.47140176052164184,0.6865870378339817
5area,node-var,pca,847657808,5,2,0.6531937193990912,0.8082040085269868
5area,node-var,pca,847657808,5,3,0.2771787765656898,0.5264777075676518
5area,node-var,pca,847657808,5,4,0.312003104702283,0.5585723808981994
3area,edges-corr,sfa,766640955,30,0,0.24943705361858193,0.49943673635264557
3area,edges-corr,sfa,767871931,30,0,0.6710755173537184,0.8191919905331824
3area,edges-corr,sfa,771990200,30,0,0.7293170568983449,0.8540006187927185
3area,edges-corr,sfa,774875821,30,0,0.030671809921458792,0.1751336915657831
3area,edges-corr,sfa,778240327,30,0,0.050467465085673346,0.22464964964511622
3area,edges-corr,sfa,778998620,30,0,0.4082606451513807,0.6389527722385905
3area,edges-corr,sfa,779839471,30,0,0.15291223148782007,0.39103993592447855
3area,edges-corr,sfa,781842082,30,0,0.15061947890795102,0.3880972544452628
3area,edges-corr,sfa,786091066,30,0,0.3032087948400837,0.5506439819339565
3area,edges-corr,sfa,787025148,30,0,0.1918063626661184,0.43795703289948223
3area,edges-corr,sfa,789848216,30,0,0.8833406531608873,0.9398620394296628
3area,edges-corr,sfa,794812542,30,0,0.041077072294998795,0.2026747944244644
3area,edges-corr,sfa,829720705,30,0,0.23038538622057392,0.4799847770717036
3area,edges-corr,sfa,839068429,30,0,0.03777351425918707,0.19435409504095044
3area,edges-corr,sfa,847657808,30,0,0.2669042059624557,0.5166277247326704
3area,edges-corr,pca,766640955,30,0,0.3910395064095957,0.6253315172047509
3area,edges-corr,pca,767871931,30,0,0.7276919367425816,0.853048613352474
3area,edges-corr,pca,771990200,30,0,0.664699560176955,0.8152910892294584
3area,edges-corr,pca,774875821,30,0,0.1104885635507713,0.33239820028208766
3area,edges-corr,pca,778240327,30,0,0.4866688559104868,0.6976165536385209
3area,edges-corr,pca,778998620,30,0,0.4689100884947679,0.6847700990075191
3area,edges-corr,pca,779839471,30,0,0.07867847388648885,0.28049683400439435
3area,edges-corr,pca,781842082,30,0,0.5121832233206047,0.7156697725352164
3area,edges-corr,pca,786091066,30,0,0.1885871563641054,0.4342662275195994
3area,edges-corr,pca,787025148,30,0,0.0097749928395513,0.09886856345447385
3area,edges-corr,pca,789848216,30,0,0.30977967333534473,0.5565785419285798
3area,edges-corr,pca,794812542,30,0,0.4674258422153602,0.6836854848651992
3area,edges-corr,pca,829720705,30,0,0.377078109305761,0.6140668606151602
3area,edges-corr,pca,839068429,30,0,0.19004159479133298,0.4359376042409428
3area,edges-corr,pca,847657808,30,0,0.19534044715306242,0.4419733557049134
3area,edges-cov,sfa,766640955,30,0,0.09822714341970062,0.3134120983939532
3area,edges-cov,sfa,767871931,30,0,0.04394798720667803,0.20963775234121887
3area,edges-cov,sfa,771990200,30,0,0.1578787575432853,0.39733959976735955
3area,edges-cov,sfa,774875821,30,0,0.49981307242522033,0.7069745910746876
3area,edges-cov,sfa,778240327,30,0,0.3861340929808882,0.6213968884544628
3area,edges-cov,sfa,778998620,30,0,0.48611371373673506,0.6972185552154606
3area,edges-cov,sfa,779839471,30,0,0.3753614060294729,0.6126674514199982
3area,edges-cov,sfa,781842082,30,0,0.573163958636183,0.7570759265992955
3area,edges-cov,sfa,786091066,30,0,0.034650091254027626,0.18614534980500472
3area,edges-cov,sfa,787025148,30,0,0.0008413740218987664,0.029006447936601745
3area,edges-cov,sfa,789848216,30,0,0.1568612186392745,0.3960570901262532
3area,edges-cov,sfa,794812542,30,0,0.6380467768065208,0.7987783026638411
3area,edges-cov,sfa,829720705,30,0,0.41851094817367496,0.6469242213533776
3area,edges-cov,sfa,839068429,30,0,0.13157755464932797,0.36273620531913797
3area,edges-cov,sfa,847657808,30,0,0.36101871668416896,0.6008483308491162
3area,edges-cov,pca,766640955,30,0,0.1342649736080621,0.36642185197946703
3area,edges-cov,pca,767871931,30,0,0.03844936678363564,0.1960851008711162
3area,edges-cov,pca,771990200,30,0,0.17701764493093364,0.4207346490734197
3area,edges-cov,pca,774875821,30,0,0.4963163107280637,0.7044972042017359
3area,edges-cov,pca,778240327,30,0,0.3824259310337266,0.6184059597333494
3area,edges-cov,pca,778998620,30,0,0.5095038523038624,0.7137953854599095
3area,edges-cov,pca,779839471,30,0,0.38990783010613683,0.6244260005045724
3area,edges-cov,pca,781842082,30,0,0.5653061154686824,0.7518684163260771
3area,edges-cov,pca,786091066,30,0,0.0010810022781532203,0.03287859909049131
3area,edges-cov,pca,787025148,30,0,0.006600337867210482,0.08124246344868329
3area,edges-cov,pca,789848216,30,0,0.3210457211086225,0.5666089666680366
3area,edges-cov,pca,794812542,30,0,0.6348787968114872,0.7967928192519618
3area,edges-cov,pca,829720705,30,0,0.40359969172525034,0.6352949643474685
3area,edges-cov,pca,839068429,30,0,0.10982437860156169,0.3313976140553225
3area,edges-cov,pca,847657808,30,0,0.37280119643273035,0.6105744806595936
3area,node-var,sfa,766640955,30,0,0.31206640764046734,0.5586290429618461
3area,node-var,sfa,767871931,30,0,0.5327586630880186,0.7299031874762691
3area,node-var,sfa,771990200,30,0,0.5626146853234795,0.7500764529856131
3area,node-var,sfa,774875821,30,0,0.5747260770062373,0.7581069034155019
3area,node-var,sfa,778240327,30,0,0.692067138955502,0.8319057272044125
3area,node-var,sfa,778998620,30,0,0.5919896979727496,0.7694086677265517
3area,node-var,sfa,779839471,30,0,0.4672913245803785,0.6835871009464558
3area,node-var,sfa,781842082,30,0,0.6693787178006607,0.818155680662711
3area,node-var,sfa,786091066,30,0,0.02655742231723779,0.16296448176592884
3area,node-var,sfa,787025148,30,0,0.19011448960527044,0.4360212031602015
3area,node-var,sfa,789848216,30,0,0.39231393996996866,0.62634969463549
3area,node-var,sfa,794812542,30,0,0.6802388530885153,0.8247659383658595
3area,node-var,sfa,829720705,30,0,0.42627383838784993,0.652896498985749
3area,node-var,sfa,839068429,30,0,0.1941426988289311,0.44061627163432193
3area,node-var,sfa,847657808,30,0,0.4801017588277664,0.6928937572440417
3area,node-var,pca,766640955,30,0,0.26485421846002954,0.5146398920216243
3area,node-var,pca,767871931,30,0,0.49959047756021724,0.7068171457740812
3area,node-var,pca,771990200,30,0,0.5169877210139567,0.7190185818280067
3area,node-var,pca,774875821,30,0,0.5669232187156836,0.7529430381613759
3area,node-var,pca,778240327,30,0,0.6668551054763812,0.8166119675074452
3area,node-var,pca,778998620,30,0,0.5569165993451113,0.7462684499194059
3area,node-var,pca,779839471,30,0,0.44605244613845585,0.6678715790767369
3area,node-var,pca,781842082,30,0,0.6507736299431544,0.8067054170780987
3area,node-var,pca,786091066,30,0,0.06492035071144964,0.25479472269152154
3area,node-var,pca,787025148,30,0,0.08407794489915343,0.2899619714706619
3area,node-var,pca,789848216,30,0,0.3335807725670319,0.5775645180990875
3area,node-var,pca,794812542,30,0,0.6753360871286705,0.8217883469170588
3area,node-var,pca,829720705,30,0,0.43086671975500035,0.6564043873672671
3area,node-var,pca,839068429,30,0,0.19897196875030243,0.44606274082274594
3area,node-var,pca,847657808,30,0,0.4605664985439034,0.6786504980797549
4area,edges-corr,sfa,766640955,30,0,0.5888885021100163,0.7673907102057047
4area,edges-corr,sfa,767871931,30,0,0.7576635565344862,0.8704387149791093
4area,edges-corr,sfa,771990200,30,0,0.8745340537298304,0.9351652547704229
4area,edges-corr,sfa,774875821,30,0,0.7018954295869688,0.8377919966119066
4area,edges-corr,sfa,778240327,30,0,0.7480969125167123,0.8649259578233907
4area,edges-corr,sfa,778998620,30,0,0.8340029437560803,0.9132376162620987
4area,edges-corr,sfa,781842082,30,0,0.8748524063073215,0.9353354512191482
4area,edges-corr,sfa,786091066,30,0,0.07629524857719061,0.27621594555200957
4area,edges-corr,sfa,787025148,30,0,0.68930315276898,0.8302428275926145
4area,edges-corr,sfa,789848216,30,0,0.9103310844864204,0.9541127210589005
4area,edges-corr,sfa,794812542,30,0,0.7565420690842847,0.8697942682521481
4area,edges-corr,sfa,829720705,30,0,0.06190186994060165,0.2488008640270394
4area,edges-corr,sfa,847657808,30,0,0.5454507169224595,0.7385463539429705
4area,edges-corr,pca,766640955,30,0,0.2388381404592369,0.4887106919837515
4area,edges-corr,pca,767871931,30,0,0.5806218667653846,0.7619854767417701
4area,edges-corr,pca,771990200,30,0,0.7192751258585524,0.8481008936786661
4area,edges-corr,pca,774875821,30,0,0.4461397352545551,0.66793692460782
4area,edges-corr,pca,778240327,30,0,0.42440818659155655,0.6514661822317067
4area,edges-corr,pca,778998620,30,0,0.8350850840507963,0.9138298988601743
4area,edges-corr,pca,781842082,30,0,0.822012886162459,0.9066492630353049
4area,edges-corr,pca,786091066,30,0,0.1817103758419688,0.42627500025449394
4area,edges-corr,pca,787025148,30,0,0.7903586511957114,0.8890211758983616
4area,edges-corr,pca,789848216,30,0,0.811936755957704,0.9010753331202126
4area,edges-corr,pca,794812542,30,0,0.7284650134525863,0.8535016188927724
4area,edges-corr,pca,829720705,30,0,0.35144219075197247,0.5928255989344366
4area,edges-corr,pca,847657808,30,0,0.4618856705702602,0.6796217113735094
4area,edges-cov,sfa,766640955,30,0,0.2824979903043302,0.5315054000707171
4area,edges-cov,sfa,767871931,30,0,0.6410784608550307,0.8006737543188442
4area,edges-cov,sfa,771990200,30,0,0.6796712038973807,0.824421739098005
4area,edges-cov,sfa,774875821,30,0,0.5091441449794649,0.7135433728789462
4area,edges-cov,sfa,778240327,30,0,0.7462893752975959,0.8638804172439566
4area,edges-cov,sfa,778998620,30,0,0.5719686671822779,0.7562861014075826
4area,edges-cov,sfa,781842082,30,0,0.6351070206738683,0.7969360204394502
4area,edges-cov,sfa,786091066,30,0,0.022728574065641327,0.15075998827819442
4area,edges-cov,sfa,787025148,30,0,0.7329874159991169,0.8561468425446168
4area,edges-cov,sfa,789848216,30,0,0.5538862090437826,0.7442353183259882
4area,edges-cov,sfa,794812542,30,0,0.6555161161505191,0.8096394976472671
4area,edges-cov,sfa,829720705,30,0,0.40807750388389574,0.6388094425444062
4area,edges-cov,sfa,847657808,30,0,0.41661435678292036,0.6454567040343755
4area,edges-cov,pca,766640955,30,0,0.28705945524505605,0.5357792971411437
4area,edges-cov,pca,767871931,30,0,0.5753879605875841,0.7585433149053429
4area,edges-cov,pca,771990200,30,0,0.585697373811159,0.7653086787768458
4area,edges-cov,pca,774875821,30,0,0.5165656694655032,0.7187250304988009
4area,edges-cov,pca,778240327,30,0,0.643618551050182,0.8022584066559721
4area,edges-cov,pca,778998620,30,0,0.5866854080559452,0.7659539203215443
4area,edges-cov,pca,781842082,30,0,0.6092574406393093,0.7805494479142931
4area,edges-cov,pca,786091066,30,0,0.0822751389880152,0.2868364324628503
4area,edges-cov,pca,787025148,30,0,0.5682239354101797,0.753806298335441
4area,edges-cov,pca,789848216,30,0,0.6061343575860554,0.7785463104954344
4area,edges-cov,pca,794812542,30,0,0.6564354431231392,0.8102070371967521
4area,edges-cov,pca,829720705,30,0,0.40808942042176766,0.6388187696223151
4area,edges-cov,pca,847657808,30,0,0.4469184568226009,0.6685196009262547
4area,node-var,sfa,766640955,30,0,0.36754407520361365,0.6062541341744528
4area,node-var,sfa,767871931,30,0,0.5990145211215947,0.7739602839433005
4area,node-var,sfa,771990200,30,0,0.6348600396099057,0.7967810487266268
4area,node-var,sfa,774875821,30,0,0.5710054645080365,0.7556490352723515
4area,node-var,sfa,778240327,30,0,0.719575627928933,0.8482780369247634
4area,node-var,sfa,778998620,30,0,0.6149861435803328,0.7842105224876382
4area,node-var,sfa,781842082,30,0,0.6749220646208162,0.821536404927269
4area,node-var,sfa,786091066,30,0,0.0008746277181318485,0.029574105533925567
4area,node-var,sfa,787025148,30,0,0.4107278179691367,0.6408805020978079
4area,node-var,sfa,789848216,30,0,0.4942768754765864,0.7030482739304525
4area,node-var,sfa,794812542,30,0,0.6851253831719993,0.8277230111408045
4area,node-var,sfa,829720705,30,0,0.42301999165397786,0.6503998705826873
4area,node-var,sfa,847657808,30,0,0.3106803648821599,0.5573870871146567
4area,node-var,pca,766640955,30,0,0.3302220819681554,0.5746495296858388
4area,node-var,pca,767871931,30,0,0.5900914227794174,0.7681740836421226
4area,node-var,pca,771990200,30,0,0.6001826700851407,0.7747145733011217
4area,node-var,pca,774875821,30,0,0.5715220679973324,0.7559907856563673
4area,node-var,pca,778240327,30,0,0.7061253541410949,0.8403126526127604
4area,node-var,pca,778998620,30,0,0.5823929722209178,0.7631467566732586
4area,node-var,pca,781842082,30,0,0.6603089752310508,0.8125939793224248
4area,node-var,pca,786091066,30,0,0.0019989889599290045,0.04471005434943047
4area,node-var,pca,787025148,30,0,0.26268387162995377,0.5125269472232209
4area,node-var,pca,789848216,30,0,0.4789367590137986,0.6920525695449722
4area,node-var,pca,794812542,30,0,0.6875204369169468,0.8291685214218806
4area,node-var,pca,829720705,30,0,0.4318869005187983,0.6571810256837897
4area,node-var,pca,847657808,30,0,0.32153904535046407,0.5670441299850163
5area,edges-corr,sfa,766640955,30,0,0.18261155169018672,0.42733072869873073
5area,edges-corr,sfa,774875821,30,0,0.520429108985291,0.7214077272841558
5area,edges-corr,sfa,778240327,30,0,0.5226285035684763,0.72293049705243
5area,edges-corr,sfa,778998620,30,0,0.044961965111588675,0.21204236631293466
5area,edges-corr,sfa,789848216,30,0,0.8352263685948125,0.9139071991153239
5area,edges-corr,sfa,794812542,30,0,0.6147965219713911,0.7840896134826629
5area,edges-corr,sfa,829720705,30,0,0.203369075647306,0.4509646057589289
5area,edges-corr,sfa,847657808,30,0,0.4521421138542401,0.6724151350573829
5area,edges-corr,pca,766640955,30,0,0.2582306081963538,0.5081639579863502
5area,edges-corr,pca,774875821,30,0,0.47200214320513445,0.6870241212687805
5area,edges-corr,pca,778240327,30,0,0.5412913553697184,0.7357250541946463
5area,edges-corr,pca,778998620,30,0,0.8317981500671847,0.9120296870536545
5area,edges-corr,pca,789848216,30,0,0.8169983973104312,0.9038796365171823
5area,edges-corr,pca,794812542,30,0,0.7335826081843255,0.8564943713675666
5area,edges-corr,pca,829720705,30,0,0.35641869302150275,0.5970081180532673
5area,edges-corr,pca,847657808,30,0,0.37271481178807886,0.6105037360967411
5area,edges-cov,sfa,766640955,30,0,0.35489525801403576,0.5957308603841472
5area,edges-cov,sfa,774875821,30,0,0.5457652296839168,0.7387592501511692
5area,edges-cov,sfa,778240327,30,0,0.7486381732698718,0.8652387955182472
5area,edges-cov,sfa,778998620,30,0,0.547745308616749,0.7400981749854179
5area,edges-cov,sfa,789848216,30,0,0.6503361532320361,0.8064342212679413
5area,edges-cov,sfa,794812542,30,0,0.6745073887170234,0.8212839878610955
5area,edges-cov,sfa,829720705,30,0,0.40568158207900384,0.6369313794114732
5area,edges-cov,sfa,847657808,30,0,0.3994893859384565,0.6320517272648308
5area,edges-cov,pca,766640955,30,0,0.3526026444223248,0.5938035402574875
5area,edges-cov,pca,774875821,30,0,0.5261319082914654,0.7253495076798953
5area,edges-cov,pca,778240327,30,0,0.6956086781310771,0.8340315810154173
5area,edges-cov,pca,778998620,30,0,0.5983596111900781,0.773537078096506
5area,edges-cov,pca,789848216,30,0,0.6830894239983414,0.8264922407369238
5area,edges-cov,pca,794812542,30,0,0.6676287338727681,0.8170855119709126
5area,edges-cov,pca,829720705,30,0,0.4061226381148584,0.63727752048449
5area,edges-cov,pca,847657808,30,0,0.46316187751291715,0.6805599734872151
5area,node-var,sfa,766640955,30,0,0.35520439214699295,0.5959902617887244
5area,node-var,sfa,774875821,30,0,0.5688875205803703,0.7542463261961396
5area,node-var,sfa,778240327,30,0,0.7170856643807628,0.8468091074030587
5area,node-var,sfa,778998620,30,0,0.5808252958615097,0.7621189512546623
5area,node-var,sfa,789848216,30,0,0.5255232804070586,0.724929845162316
5area,node-var,sfa,794812542,30,0,0.6919636286821915,0.8318435121356625
5area,node-var,sfa,829720705,30,0,0.4223835543850186,0.6499104202773014
5area,node-var,sfa,847657808,30,0,0.47668344650564576,0.6904226578738883
5area,node-var,pca,766640955,30,0,0.3678632055427734,0.6065172755517977
5area,node-var,pca,774875821,30,0,0.5682743569865307,0.7538397422440223
5area,node-var,pca,778240327,30,0,0.7133072727599926,0.8445752025485925
5area,node-var,pca,778998620,30,0,0.5807260520464927,0.762053838023596
5area,node-var,pca,789848216,30,0,0.5565820504543755,0.7460442684280706
5area,node-var,pca,794812542,30,0,0.6940941472054176,0.8331231284782685
5area,node-var,pca,829720705,30,0,0.4280920773669805,0.6542874577484884
5area,node-var,pca,847657808,30,0,0.3900587333165447,0.6245468223572562
