length_min,window_mode,edge_win,repeat,subject,feature,method,R2,abs_r
20.0,fixed,3001,0,766640955,edges-corr,sfa,0.6300745321942001,0.793772342799999
20.0,fixed,3001,0,766640955,edges-corr,pca,0.36041082097279076,0.600342253196284
20.0,fixed,3001,0,766640955,edges-cov,sfa,0.3960123857484117,0.6292951499482669
20.0,fixed,3001,0,766640955,edges-cov,pca,0.28100392768048765,0.5300980359145724
20.0,fixed,3001,0,766640955,node-var,sfa,0.40862161127451235,0.6392351768125026
20.0,fixed,3001,0,766640955,node-var,pca,0.26003316148720457,0.5099344678360198
20.0,proportional,2001,0,766640955,edges-corr,sfa,0.6199013449280277,0.7873381388755574
20.0,proportional,2001,0,766640955,edges-corr,pca,0.3334013290154242,0.5774091521749751
20.0,proportional,2001,0,766640955,edges-cov,sfa,0.362751891964581,0.6022888775036304
20.0,proportional,2001,0,766640955,edges-cov,pca,0.256894874395187,0.5068479795709823
20.0,proportional,2001,0,766640955,node-var,sfa,0.38350752407536637,0.6192798431043655
20.0,proportional,2001,0,766640955,node-var,pca,0.22833552320774542,0.4778446643081262
20.0,fixed,3001,0,767871931,edges-corr,sfa,0.6335128495707663,0.7959352043795861
20.0,fixed,3001,0,767871931,edges-corr,pca,0.5706636514725336,0.7554228295944819
20.0,fixed,3001,0,767871931,edges-cov,sfa,0.620992040121764,0.7880304817212112
20.0,fixed,3001,0,767871931,edges-cov,pca,0.599806098416469,0.7744714961936765
20.0,fixed,3001,0,767871931,node-var,sfa,0.6479275486539608,0.804939468937857
20.0,fixed,3001,0,767871931,node-var,pca,0.6111648597345006,0.7817703369497341
20.0,proportional,2001,0,767871931,edges-corr,sfa,0.6071548494899951,0.7792014177925968
20.0,proportional,2001,0,767871931,edges-corr,pca,0.5488673277709877,0.7408558076785158
20.0,proportional,2001,0,767871931,edges-cov,sfa,0.5929859649996019,0.7700558194050583
20.0,proportional,2001,0,767871931,edges-cov,pca,0.5271259064043932,0.7260343699883575
20.0,proportional,2001,0,767871931,node-var,sfa,0.6105467619700273,0.7813749176739839
20.0,proportional,2001,0,767871931,node-var,pca,0.5032186725591763,0.7093790753604005
20.0,fixed,3001,0,771160300,edges-corr,sfa,0.9021886458721615,0.9498361152705063
20.0,fixed,3001,0,771160300,edges-corr,pca,0.9183960095862402,0.958329802096461
20.0,fixed,3001,0,771160300,edges-cov,sfa,0.6441694744242327,0.8026016910175529
20.0,fixed,3001,0,771160300,edges-cov,pca,0.6076757899621652,0.7795356245625753
20.0,fixed,3001,0,771160300,node-var,sfa,0.6422207938298108,0.8013867941448826
20.0,fixed,3001,0,771160300,node-var,pca,0.5973155998229926,0.7728619539238512
20.0,proportional,2001,0,771160300,edges-corr,sfa,0.8902827539259887,0.9435479605859938
20.0,proportional,2001,0,771160300,edges-corr,pca,0.901179516312065,0.9493047541817468
20.0,proportional,2001,0,771160300,edges-cov,sfa,0.5788933114067247,0.760850387005701
20.0,proportional,2001,0,771160300,edges-cov,pca,0.5554359796969853,0.745275774258754
20.0,proportional,2001,0,771160300,node-var,sfa,0.5957805646967373,0.7718682301382396
20.0,proportional,2001,0,771160300,node-var,pca,0.5501754507034118,0.7417381281176076
20.0,fixed,3001,0,771990200,edges-corr,sfa,0.7296804642126737,0.8542133598888956
20.0,fixed,3001,0,771990200,edges-corr,pca,0.8111113914442583,0.9006172280410024
20.0,fixed,3001,0,771990200,edges-cov,sfa,0.826482689509235,0.9091109335549961
20.0,fixed,3001,0,771990200,edges-cov,pca,0.6033757003417604,0.776772618171984
20.0,fixed,3001,0,771990200,node-var,sfa,0.6534986325161752,0.8083926227497218
20.0,fixed,3001,0,771990200,node-var,pca,0.5088995965035238,0.7133719902712212
20.0,proportional,2001,0,771990200,edges-corr,sfa,0.6767615060813609,0.8226551562358081
20.0,proportional,2001,0,771990200,edges-corr,pca,0.7742721935822042,0.879927379720738
20.0,proportional,2001,0,771990200,edges-cov,sfa,0.7954095596135994,0.8918573650610272
20.0,proportional,2001,0,771990200,edges-cov,pca,0.525926161599058,0.7252076679124803
20.0,proportional,2001,0,771990200,node-var,sfa,0.5822415489498315,0.7630475404257797
20.0,proportional,2001,0,771990200,node-var,pca,0.44988636737199916,0.6707356911421952
20.0,fixed,3001,0,774875821,edges-corr,sfa,0.7285524638824645,0.8535528477384793
20.0,fixed,3001,0,774875821,edges-corr,pca,0.5173884958800716,0.7192972236009761
20.0,fixed,3001,0,774875821,edges-cov,sfa,0.569871147853119,0.7548981042850212
20.0,fixed,3001,0,774875821,edges-cov,pca,0.46906778760907464,0.6848852368164133
20.0,fixed,3001,0,774875821,node-var,sfa,0.5610779657359428,0.7490513772338602
20.0,fixed,3001,0,774875821,node-var,pca,0.4918963006135124,0.7013531924882872
20.0,proportional,2001,0,774875821,edges-corr,sfa,0.719478785688541,0.8482209533420731
20.0,proportional,2001,0,774875821,edges-corr,pca,0.457859823077994,0.6766533995170598
20.0,proportional,2001,0,774875821,edges-cov,sfa,0.5235655302270996,0.7235782820311146
20.0,proportional,2001,0,774875821,edges-cov,pca,0.41199410162889605,0.6418676667576381
20.0,proportional,2001,0,774875821,node-var,sfa,0.5148193783907892,0.7175091486460552
20.0,proportional,2001,0,774875821,node-var,pca,0.43840789888186804,0.6621237791243172
20.0,fixed,3001,0,778240327,edges-corr,sfa,0.7421733660619277,0.8614948438974706
20.0,fixed,3001,0,778240327,edges-corr,pca,0.6434181682171931,0.802133510219585
20.0,fixed,3001,0,778240327,edges-cov,sfa,0.7481845528020411,0.8649766198008153
20.0,fixed,3001,0,778240327,edges-cov,pca,0.6965751899118049,0.834610801458865
20.0,fixed,3001,0,778240327,node-var,sfa,0.7454656103456292,0.8634035037835028
20.0,fixed,3001,0,778240327,node-var,pca,0.7132684065719057,0.8445521929235084
20.0,proportional,2001,0,778240327,edges-corr,sfa,0.6970014039712549,0.8348660994262808
20.0,proportional,2001,0,778240327,edges-corr,pca,0.5706922465047408,0.7554417558652317
20.0,proportional,2001,0,778240327,edges-cov,sfa,0.7367163041731706,0.8583217952336835
20.0,proportional,2001,0,778240327,edges-cov,pca,0.6624621609449477,0.8139177851263291
20.0,proportional,2001,0,778240327,node-var,sfa,0.7217868050976262,0.8495803700048784
20.0,proportional,2001,0,778240327,node-var,pca,0.6848697379048627,0.827568569911198
20.0,fixed,3001,0,778998620,edges-corr,sfa,0.7870920696782913,0.8871820949941952
20.0,fixed,3001,0,778998620,edges-corr,pca,0.7282845650928335,0.8533959017319196
20.0,fixed,3001,0,778998620,edges-cov,sfa,0.4939763026224355,0.7028344774002159
20.0,fixed,3001,0,778998620,edges-cov,pca,0.49797393382871746,0.7056726817928536
20.0,fixed,3001,0,778998620,node-var,sfa,0.5356510893266173,0.7318818820865961
20.0,fixed,3001,0,778998620,node-var,pca,0.48725067979773873,0.698033437449624
20.0,proportional,2001,0,778998620,edges-corr,sfa,0.7700902032667849,0.8775478353154238
20.0,proportional,2001,0,778998620,edges-corr,pca,0.7002997473729958,0.8368391406793769
20.0,proportional,2001,0,778998620,edges-cov,sfa,0.4600041390734072,0.6782360496710622
20.0,proportional,2001,0,778998620,edges-cov,pca,0.4594353544114437,0.6778166082440324
20.0,proportional,2001,0,778998620,node-var,sfa,0.4987435002823203,0.7062177428260495
20.0,proportional,2001,0,778998620,node-var,pca,0.45285111193195116,0.6729421311910507
20.0,fixed,3001,0,779839471,edges-corr,sfa,0.6234733937886782,0.7896033141956024
20.0,fixed,3001,0,779839471,edges-corr,pca,0.5103292703677791,0.7143733410253924
20.0,fixed,3001,0,779839471,edges-cov,sfa,0.5359492275696984,0.7320855329602544
20.0,fixed,3001,0,779839471,edges-cov,pca,0.5065990791838354,0.7117577391106022
20.0,fixed,3001,0,779839471,node-var,sfa,0.5328842823852395,0.7299892344310563
20.0,fixed,3001,0,779839471,node-var,pca,0.5309402120776927,0.7286564431044955
20.0,proportional,2001,0,779839471,edges-corr,sfa,0.583673788728508,0.7639854636892709
20.0,proportional,2001,0,779839471,edges-corr,pca,0.4903769797062758,0.7002692194479748
20.0,proportional,2001,0,779839471,edges-cov,sfa,0.48743016968048536,0.6981619938671003
20.0,proportional,2001,0,779839471,edges-cov,pca,0.46033065710647403,0.678476718175702
20.0,proportional,2001,0,779839471,node-var,sfa,0.4838659012271207,0.695604701843744
20.0,proportional,2001,0,779839471,node-var,pca,0.48523709603676735,0.696589618094302
20.0,fixed,3001,0,781842082,edges-corr,sfa,0.8869761250708812,0.9417940990847627
20.0,fixed,3001,0,781842082,edges-corr,pca,0.8312223144841733,0.9117139433419731
20.0,fixed,3001,0,781842082,edges-cov,sfa,0.6140686485439234,0.7836253240828311
20.0,fixed,3001,0,781842082,edges-cov,pca,0.5843891833104802,0.7644535193917804
20.0,fixed,3001,0,781842082,node-var,sfa,0.6577159069623264,0.8109968600200147
20.0,fixed,3001,0,781842082,node-var,pca,0.6179156498788354,0.7860761094695844
20.0,proportional,2001,0,781842082,edges-corr,sfa,0.8750318643212047,0.9354313787345371
20.0,proportional,2001,0,781842082,edges-corr,pca,0.8252409647013991,0.9084277432473075
20.0,proportional,2001,0,781842082,edges-cov,sfa,0.5672713045771649,0.7531741528870747
20.0,proportional,2001,0,781842082,edges-cov,pca,0.543077095521556,0.7369376469699154
20.0,proportional,2001,0,781842082,node-var,sfa,0.613701539119244,0.7833910512121282
20.0,proportional,2001,0,781842082,node-var,pca,0.5775984339100754,0.7599989696769814
20.0,fixed,3001,0,786091066,edges-corr,sfa,1.5658924197192725e-05,0.00395713585784447
20.0,fixed,3001,0,786091066,edges-corr,pca,0.06894130602508675,0.26256676489054537
20.0,fixed,3001,0,786091066,edges-cov,sfa,0.7117371028421151,0.8436451285001978
20.0,fixed,3001,0,786091066,edges-cov,pca,0.05746732243831543,0.2397234290558925
20.0,fixed,3001,0,786091066,node-var,sfa,0.6726570750828176,0.8201567381195005
20.0,fixed,3001,0,786091066,node-var,pca,0.41417895137052085,0.6435673635063553
20.0,proportional,2001,0,786091066,edges-corr,sfa,0.013160838177376899,0.11472069637766627
20.0,proportional,2001,0,786091066,edges-corr,pca,0.06087847023998916,0.24673562823392434
20.0,proportional,2001,0,786091066,edges-cov,sfa,0.6986300804986556,0.8358409421048114
20.0,proportional,2001,0,786091066,edges-cov,pca,0.04343540277106184,0.2084116186086129
20.0,proportional,2001,0,786091066,node-var,sfa,0.6461911026591205,0.8038601263025318
20.0,proportional,2001,0,786091066,node-var,pca,0.41454527936144636,0.6438519079426932
20.0,fixed,3001,0,787025148,edges-corr,sfa,0.9207945462694188,0.9595804011490734
20.0,fixed,3001,0,787025148,edges-corr,pca,0.8912861137559249,0.9440795060565201
20.0,fixed,3001,0,787025148,edges-cov,sfa,0.88480083954102,0.9406385275657253
20.0,fixed,3001,0,787025148,edges-cov,pca,0.8304995672575025,0.9113174898231169
20.0,fixed,3001,0,787025148,node-var,sfa,0.8535753340409603,0.9238914081432726
20.0,fixed,3001,0,787025148,node-var,pca,0.549897433814057,0.7415506953769609
20.0,proportional,2001,0,787025148,edges-corr,sfa,0.9052108108804259,0.9514256728091938
20.0,proportional,2001,0,787025148,edges-corr,pca,0.8611079289240527,0.9279590125237491
20.0,proportional,2001,0,787025148,edges-cov,sfa,0.8644697624103103,0.9297686606948586
20.0,proportional,2001,0,787025148,edges-cov,pca,0.7875184287118617,0.8874223508070233
20.0,proportional,2001,0,787025148,node-var,sfa,0.818252659368357,0.9045731918249396
20.0,proportional,2001,0,787025148,node-var,pca,0.4936267235088244,0.7025857410372245
20.0,fixed,3001,0,789848216,edges-corr,sfa,0.9402513290302208,0.9696655758715066
20.0,fixed,3001,0,789848216,edges-corr,pca,0.8659562164848895,0.9305676850637401
20.0,fixed,3001,0,789848216,edges-cov,sfa,0.9289038524553612,0.963796582508654
20.0,fixed,3001,0,789848216,edges-cov,pca,0.7301855612608192,0.8545089591460243
20.0,fixed,3001,0,789848216,node-var,sfa,0.8364859304602272,0.9145960476954992
20.0,fixed,3001,0,789848216,node-var,pca,0.33992089356581623,0.583027352330761
20.0,proportional,2001,0,789848216,edges-corr,sfa,0.9289188290071788,0.9638043520378905
20.0,proportional,2001,0,789848216,edges-corr,pca,0.8300073170948232,0.9110473736830714
20.0,proportional,2001,0,789848216,edges-cov,sfa,0.9062088335393744,0.9519500163030479
20.0,proportional,2001,0,789848216,edges-cov,pca,0.6743921765603825,0.8212138433808709
20.0,proportional,2001,0,789848216,node-var,sfa,0.8012046392877932,0.8951003515180815
20.0,proportional,2001,0,789848216,node-var,pca,0.32781054579970303,0.5725474179486829
20.0,fixed,3001,0,793224716,edges-corr,sfa,0.950362070313568,0.9748651549386559
20.0,fixed,3001,0,793224716,edges-corr,pca,0.944862343057629,0.9720402990913654
20.0,fixed,3001,0,793224716,edges-cov,sfa,0.6933324972320989,0.8326658977237508
20.0,fixed,3001,0,793224716,edges-cov,pca,0.6674795936792481,0.8169942433574724
20.0,fixed,3001,0,793224716,node-var,sfa,0.7074618333061545,0.8411075040125117
20.0,fixed,3001,0,793224716,node-var,pca,0.6926815138500877,0.8322749028116186
20.0,proportional,2001,0,793224716,edges-corr,sfa,0.9380648261372533,0.9685374675959914
20.0,proportional,2001,0,793224716,edges-corr,pca,0.931319885653007,0.9650491622984856
20.0,proportional,2001,0,793224716,edges-cov,sfa,0.6521811610360801,0.8075773405910307
20.0,proportional,2001,0,793224716,edges-cov,pca,0.6310725978887458,0.7944007791340253
20.0,proportional,2001,0,793224716,node-var,sfa,0.6705537278417779,0.8188734504438279
20.0,proportional,2001,0,793224716,node-var,pca,0.6572707049074289,0.8107223352711023
20.0,fixed,3001,0,794812542,edges-corr,sfa,0.7673457517906216,0.875982734870167
20.0,fixed,3001,0,794812542,edges-corr,pca,0.7446327512911028,0.8629210573923339
20.0,fixed,3001,0,794812542,edges-cov,sfa,0.6300783298118389,0.7937747349291463
20.0,fixed,3001,0,794812542,edges-cov,pca,0.598298126690099,0.7734973346367126
20.0,fixed,3001,0,794812542,node-var,sfa,0.6185356638224997,0.7864703833091881
20.0,fixed,3001,0,794812542,node-var,pca,0.6267610452631847,0.7916824143955605
20.0,proportional,2001,0,794812542,edges-corr,sfa,0.7635182480564472,0.8737953124481973
20.0,proportional,2001,0,794812542,edges-corr,pca,0.7292290717488148,0.8539491037227066
20.0,proportional,2001,0,794812542,edges-cov,sfa,0.5969232736937009,0.7726080983873409
20.0,proportional,2001,0,794812542,edges-cov,pca,0.5560320108141946,0.7456755399060573
20.0,proportional,2001,0,794812542,node-var,sfa,0.5812960477769655,0.76242773282257
20.0,proportional,2001,0,794812542,node-var,pca,0.5884001122187836,0.7670724295780555
20.0,fixed,3001,0,816200189,edges-corr,sfa,0.6625499093185268,0.8139716882782398
20.0,fixed,3001,0,816200189,edges-corr,pca,0.6134722296727027,0.783244680590109
20.0,fixed,3001,0,816200189,edges-cov,sfa,0.4171499055449578,0.6458714311261624
20.0,fixed,3001,0,816200189,edges-cov,pca,0.4157964456625244,0.6448228017545004
20.0,fixed,3001,0,816200189,node-var,sfa,0.4309571399766353,0.6564732591481836
20.0,fixed,3001,0,816200189,node-var,pca,0.41769392236316016,0.6462924433746386
20.0,proportional,2001,0,816200189,edges-corr,sfa,0.6164772350792846,0.7851606428491444
20.0,proportional,2001,0,816200189,edges-corr,pca,0.5526953311861493,0.7434348197294438
20.0,proportional,2001,0,816200189,edges-cov,sfa,0.35471410638532364,0.5955787994760435
20.0,proportional,2001,0,816200189,edges-cov,pca,0.35215127286200176,0.5934233504522751
20.0,proportional,2001,0,816200189,node-var,sfa,0.36727742399787244,0.6060341772522996
20.0,proportional,2001,0,816200189,node-var,pca,0.3544595068225579,0.5953650198177237
20.0,fixed,3001,0,829720705,edges-corr,sfa,0.11286800990659163,0.3359583454932944
20.0,fixed,3001,0,829720705,edges-corr,pca,0.14841878503857708,0.38525158667885767
20.0,fixed,3001,0,829720705,edges-cov,sfa,0.3134147715151955,0.5598345929961765
20.0,fixed,3001,0,829720705,edges-cov,pca,0.2816502064746321,0.530707270041246
20.0,fixed,3001,0,829720705,node-var,sfa,0.30269354405818716,0.5501759210090778
20.0,fixed,3001,0,829720705,node-var,pca,0.3139374946078317,0.5603012534412476
20.0,proportional,2001,0,829720705,edges-corr,sfa,0.1629027920714402,0.40361218028131934
20.0,proportional,2001,0,829720705,edges-corr,pca,0.19580281814289946,0.4424961221783748
20.0,proportional,2001,0,829720705,edges-cov,sfa,0.29653838378587083,0.5445533801069201
20.0,proportional,2001,0,829720705,edges-cov,pca,0.2673079050208611,0.517018283062466
20.0,proportional,2001,0,829720705,node-var,sfa,0.2882624750163031,0.5369008055649604
20.0,proportional,2001,0,829720705,node-var,pca,0.29834725480941593,0.5462117307504623
20.0,fixed,3001,0,831882777,edges-corr,sfa,0.12819539976464522,0.35804385173417647
20.0,fixed,3001,0,831882777,edges-corr,pca,0.004149982425276533,0.06442035722717197
20.0,fixed,3001,0,831882777,edges-cov,sfa,0.4891312506134776,0.6993791894340848
20.0,fixed,3001,0,831882777,edges-cov,pca,0.44625925429602364,0.6680263874249454
20.0,fixed,3001,0,831882777,node-var,sfa,0.5055463575036404,0.7110178320574247
20.0,fixed,3001,0,831882777,node-var,pca,0.5049710344150917,0.7106131397709241
20.0,proportional,2001,0,831882777,edges-corr,sfa,0.07102209359762013,0.26649970656197836
20.0,proportional,2001,0,831882777,edges-corr,pca,0.0015677074593047902,0.039594285690042454
20.0,proportional,2001,0,831882777,edges-cov,sfa,0.4334392185754953,0.6583610093068204
20.0,proportional,2001,0,831882777,edges-cov,pca,0.40348030469702234,0.6352009955101023
20.0,proportional,2001,0,831882777,node-var,sfa,0.43314383261040423,0.6581366367331378
20.0,proportional,2001,0,831882777,node-var,pca,0.43315460416809703,0.6581448200571817
20.0,fixed,3001,0,835479236,edges-corr,sfa,0.03538548006262998,0.18811028696652987
20.0,fixed,3001,0,835479236,edges-corr,pca,0.027594014047734428,0.16611446068218885
20.0,fixed,3001,0,835479236,edges-cov,sfa,0.0013692691105816612,0.03700363645078219
20.0,fixed,3001,0,835479236,edges-cov,pca,0.002235896877479826,0.047285271253107504
20.0,fixed,3001,0,835479236,node-var,sfa,0.0028172927948104665,0.053078176257389295
20.0,fixed,3001,0,835479236,node-var,pca,0.0016584026976036448,0.04072349073450879
20.0,proportional,2001,0,835479236,edges-corr,sfa,0.02488035395476973,0.15773507522035052
20.0,proportional,2001,0,835479236,edges-corr,pca,0.019402343582747172,0.1392922954895465
20.0,proportional,2001,0,835479236,edges-cov,sfa,0.001147000922159691,0.033867402058021474
20.0,proportional,2001,0,835479236,edges-cov,pca,0.0015253108943399374,0.039055228770803294
20.0,proportional,2001,0,835479236,node-var,sfa,0.002129091413940909,0.046142078561125406
20.0,proportional,2001,0,835479236,node-var,pca,0.0011052369977900822,0.03324510486958701
20.0,fixed,3001,0,839068429,edges-corr,sfa,0.2400886435496148,0.4899884116482909
20.0,fixed,3001,0,839068429,edges-corr,pca,0.007582011529329358,0.08707474679451742
20.0,fixed,3001,0,839068429,edges-cov,sfa,0.024006400910506653,0.15493999132085495
20.0,fixed,3001,0,839068429,edges-cov,pca,0.0019249467189320635,0.04387421473863745
20.0,fixed,3001,0,839068429,node-var,sfa,0.10354522415651901,0.32178443740572543
20.0,fixed,3001,0,839068429,node-var,pca,8.18588009010579e-06,0.00286109770718553
20.0,proportional,2001,0,839068429,edges-corr,sfa,0.16385991759474994,0.4047961432557747
20.0,proportional,2001,0,839068429,edges-corr,pca,0.008714219475112528,0.09334998379813707
20.0,proportional,2001,0,839068429,edges-cov,sfa,0.023971848240201155,0.15482844777430593
20.0,proportional,2001,0,839068429,edges-cov,pca,0.004440005750291132,0.06663336814458075
20.0,proportional,2001,0,839068429,node-var,sfa,0.06285026709401653,0.25069955543242717
20.0,proportional,2001,0,839068429,node-var,pca,0.001004987502615795,0.031701537858847564
20.0,fixed,3001,0,847657808,edges-corr,sfa,0.6607934016863687,0.8128919987835812
20.0,fixed,3001,0,847657808,edges-corr,pca,0.5752854230954625,0.7584757234713986
20.0,fixed,3001,0,847657808,edges-cov,sfa,0.322090225163855,0.5675299332756419
20.0,fixed,3001,0,847657808,edges-cov,pca,0.34317101087730884,0.5858079983043136
20.0,fixed,3001,0,847657808,node-var,sfa,0.5883579716591143,0.7670449606503617
20.0,fixed,3001,0,847657808,node-var,pca,0.4204738848291303,0.6484395768528701
20.0,proportional,2001,0,847657808,edges-corr,sfa,0.6129211287321895,0.7828927951719741
20.0,proportional,2001,0,847657808,edges-corr,pca,0.49221840829241725,0.7015827879106048
20.0,proportional,2001,0,847657808,edges-cov,sfa,0.28676729193240735,0.5355065750599209
20.0,proportional,2001,0,847657808,edges-cov,pca,0.31185645130315454,0.5584410902710807
20.0,proportional,2001,0,847657808,node-var,sfa,0.5239622331842475,0.7238523559291956
20.0,proportional,2001,0,847657808,node-var,pca,0.3012495161448181,0.5488620192223337
20.0,fixed,3001,1,766640955,edges-corr,sfa,0.633229369697837,0.7957571047108747
20.0,fixed,3001,1,766640955,edges-corr,pca,0.4634615865568179,0.6807801308475583
20.0,fixed,3001,1,766640955,edges-cov,sfa,0.44019460798343024,0.6634716331414835
20.0,fixed,3001,1,766640955,edges-cov,pca,0.31453506646099316,0.5608342593502927
20.0,fixed,3001,1,766640955,node-var,sfa,0.4459134980027052,0.667767547880775
20.0,fixed,3001,1,766640955,node-var,pca,0.276116441107758,0.5254678307068448
20.0,proportional,2001,1,766640955,edges-corr,sfa,0.6272527899767664,0.7919929229335114
20.0,proportional,2001,1,766640955,edges-corr,pca,0.44512252291902055,0.6671750316963461
20.0,proportional,2001,1,766640955,edges-cov,sfa,0.42042104500555677,0.6483988317428987
20.0,proportional,2001,1,766640955,edges-cov,pca,0.29862173395258274,0.5464629300808816
20.0,proportional,2001,1,766640955,node-var,sfa,0.43265422400346587,0.6577645657858622
20.0,proportional,2001,1,766640955,node-var,pca,0.2507261209433187,0.5007255944560034
20.0,fixed,3001,1,767871931,edges-corr,sfa,0.6304018633092009,0.7939785030523187
20.0,fixed,3001,1,767871931,edges-corr,pca,0.5734703978334577,0.7572782829538027
20.0,fixed,3001,1,767871931,edges-cov,sfa,0.6170179093246626,0.7855048754302307
20.0,fixed,3001,1,767871931,edges-cov,pca,0.5998530756852646,0.7745018241975057
20.0,fixed,3001,1,767871931,node-var,sfa,0.6456936471351069,0.8035506500122507
20.0,fixed,3001,1,767871931,node-var,pca,0.5964599901365134,0.772308222238062
20.0,proportional,2001,1,767871931,edges-corr,sfa,0.6045699947944223,0.777540992356302
20.0,proportional,2001,1,767871931,edges-corr,pca,0.5553270024492396,0.7452026586434302
20.0,proportional,2001,1,767871931,edges-cov,sfa,0.5891649388419906,0.7675708037972736
20.0,proportional,2001,1,767871931,edges-cov,pca,0.534867121474795,0.7313461023857293
20.0,proportional,2001,1,767871931,node-var,sfa,0.6077616192729416,0.7795906741828944
20.0,proportional,2001,1,767871931,node-var,pca,0.5041164410649654,0.7100115781203616
20.0,fixed,3001,1,771160300,edges-corr,sfa,0.9025043756548694,0.9500023029734532
20.0,fixed,3001,1,771160300,edges-corr,pca,0.9181598017317611,0.9582065548365659
20.0,fixed,3001,1,771160300,edges-cov,sfa,0.5123561178808378,0.7157905544786385
20.0,fixed,3001,1,771160300,edges-cov,pca,0.5389318326259365,0.7341197672218994
20.0,fixed,3001,1,771160300,node-var,sfa,0.5533329173429842,0.7438635071993935
20.0,fixed,3001,1,771160300,node-var,pca,0.5524041417504654,0.7432389533322795
20.0,proportional,2001,1,771160300,edges-corr,sfa,0.8837294789396049,0.9400688692535266
20.0,proportional,2001,1,771160300,edges-corr,pca,0.8916196961648186,0.9442561602472161
20.0,proportional,2001,1,771160300,edges-cov,sfa,0.4693464569911865,0.6850886490018558
20.0,proportional,2001,1,771160300,edges-cov,pca,0.4940871726043563,0.7029133464406223
20.0,proportional,2001,1,771160300,node-var,sfa,0.515401146897654,0.7179144426027741
20.0,proportional,2001,1,771160300,node-var,pca,0.5127619199738722,0.7160739626420379
20.0,fixed,3001,1,771990200,edges-corr,sfa,0.5789544011772867,0.7608905316648955
20.0,fixed,3001,1,771990200,edges-corr,pca,0.7534529065720218,0.8680166510914543
20.0,fixed,3001,1,771990200,edges-cov,sfa,0.811414546982455,0.9007855166367043
20.0,fixed,3001,1,771990200,edges-cov,pca,0.32585591480584175,0.5708379058943461
20.0,fixed,3001,1,771990200,node-var,sfa,0.2712007659065103,0.5207693980127018
20.0,fixed,3001,1,771990200,node-var,pca,0.18024669844476704,0.42455470606833107
20.0,proportional,2001,1,771990200,edges-corr,sfa,0.5445456823431682,0.7379333861150137
20.0,proportional,2001,1,771990200,edges-corr,pca,0.7220952940966698,0.8497619043571368
20.0,proportional,2001,1,771990200,edges-cov,sfa,0.778908460880078,0.8825579079471675
20.0,proportional,2001,1,771990200,edges-cov,pca,0.2843091119075044,0.5332064439853518
20.0,proportional,2001,1,771990200,node-var,sfa,0.2509603318113526,0.5009594113412306
20.0,proportional,2001,1,771990200,node-var,pca,0.17265415369823522,0.4155167309486288
20.0,fixed,3001,1,774875821,edges-corr,sfa,0.7415105456149016,0.8611100659119599
20.0,fixed,3001,1,774875821,edges-corr,pca,0.5607618037573419,0.7488403059113082
20.0,fixed,3001,1,774875821,edges-cov,sfa,0.611207348773326,0.7817975113629652
20.0,fixed,3001,1,774875821,edges-cov,pca,0.5183308804877507,0.71995199873863
20.0,fixed,3001,1,774875821,node-var,sfa,0.6035363616955983,0.7768760272370336
20.0,fixed,3001,1,774875821,node-var,pca,0.542151183442092,0.736309162948616
20.0,proportional,2001,1,774875821,edges-corr,sfa,0.7194505923056871,0.8482043340526437
20.0,proportional,2001,1,774875821,edges-corr,pca,0.4844593538783072,0.6960311443307023
20.0,proportional,2001,1,774875821,edges-cov,sfa,0.5559035439615303,0.745589393675587
20.0,proportional,2001,1,774875821,edges-cov,pca,0.45306254281818237,0.6730992072630761
20.0,proportional,2001,1,774875821,node-var,sfa,0.5493680181236419,0.7411936441468199
20.0,proportional,2001,1,774875821,node-var,pca,0.4812091308348726,0.6936923892006257
20.0,fixed,3001,1,778240327,edges-corr,sfa,0.798517338063984,0.8935979733996592
20.0,fixed,3001,1,778240327,edges-corr,pca,0.6764651720799713,0.8224750282409593
20.0,fixed,3001,1,778240327,edges-cov,sfa,0.7653813719180632,0.874860772876496
20.0,fixed,3001,1,778240327,edges-cov,pca,0.6290584506377512,0.7931320511981284
20.0,fixed,3001,1,778240327,node-var,sfa,0.7139714192604745,0.8449682948255945
20.0,fixed,3001,1,778240327,node-var,pca,0.6370309610723538,0.7981421935171406
20.0,proportional,2001,1,778240327,edges-corr,sfa,0.7742955533697763,0.8799406533225864
20.0,proportional,2001,1,778240327,edges-corr,pca,0.6244181235889017,0.7902013183922815
20.0,proportional,2001,1,778240327,edges-cov,sfa,0.75301928601679,0.8677668385095086
20.0,proportional,2001,1,778240327,edges-cov,pca,0.6194229197754358,0.7870342557827044
20.0,proportional,2001,1,778240327,node-var,sfa,0.7025892017946722,0.8382059423522799
20.0,proportional,2001,1,778240327,node-var,pca,0.6304204650925389,0.7939902172524154
20.0,fixed,3001,1,778998620,edges-corr,sfa,0.8378516642124569,0.9153423754052118
20.0,fixed,3001,1,778998620,edges-corr,pca,0.7795275229443853,0.8829085586539437
20.0,fixed,3001,1,778998620,edges-cov,sfa,0.44640973845409926,0.6681390113248118
20.0,fixed,3001,1,778998620,edges-cov,pca,0.47106898687313536,0.6863446560388843
20.0,fixed,3001,1,778998620,node-var,sfa,0.5133574307537769,0.7164896585113947
20.0,fixed,3001,1,778998620,node-var,pca,0.425916364373481,0.6526226814733616
20.0,proportional,2001,1,778998620,edges-corr,sfa,0.8126476144390593,0.9014696969055915
20.0,proportional,2001,1,778998620,edges-corr,pca,0.7475272844893128,0.864596602173123
20.0,proportional,2001,1,778998620,edges-cov,sfa,0.4132050247915794,0.6428102556677026
20.0,proportional,2001,1,778998620,edges-cov,pca,0.4325155925940305,0.6576591766211642
20.0,proportional,2001,1,778998620,node-var,sfa,0.4757136518124697,0.6897199807258507
20.0,proportional,2001,1,778998620,node-var,pca,0.39230051846080505,0.6263389804736782
20.0,fixed,3001,1,779839471,edges-corr,sfa,0.602050422463901,0.7759190824202618
20.0,fixed,3001,1,779839471,edges-corr,pca,0.49004958724506054,0.7000354185647042
20.0,fixed,3001,1,779839471,edges-cov,sfa,0.5286346744807027,0.7270726748274234
20.0,fixed,3001,1,779839471,edges-cov,pca,0.5001747784538382,0.7072303574181755
20.0,fixed,3001,1,779839471,node-var,sfa,0.5251121031908054,0.7246461917313888
20.0,fixed,3001,1,779839471,node-var,pca,0.5244019825684856,0.7241560484926479
20.0,proportional,2001,1,779839471,edges-corr,sfa,0.5688287502039027,0.7542073655195235
20.0,proportional,2001,1,779839471,edges-corr,pca,0.4762755951083997,0.6901272311019163
20.0,proportional,2001,1,779839471,edges-cov,sfa,0.47872907672353604,0.6919025052155353
20.0,proportional,2001,1,779839471,edges-cov,pca,0.4531495119742016,0.6731638076829483
20.0,proportional,2001,1,779839471,node-var,sfa,0.4755715456750931,0.6896169557624663
20.0,proportional,2001,1,779839471,node-var,pca,0.4777144964915676,0.6911689348426789
20.0,fixed,3001,1,781842082,edges-corr,sfa,0.8776669136540773,0.9368387874410825
20.0,fixed,3001,1,781842082,edges-corr,pca,0.7905817507494249,0.8891466418704076
20.0,fixed,3001,1,781842082,edges-cov,sfa,0.5365999480929379,0.7325298274424996
20.0,fixed,3001,1,781842082,edges-cov,pca,0.515482065287309,0.7179707969599524
20.0,fixed,3001,1,781842082,node-var,sfa,0.5828613855021478,0.7634535909288429
20.0,fixed,3001,1,781842082,node-var,pca,0.5445370224659647,0.7379275184365776
20.0,proportional,2001,1,781842082,edges-corr,sfa,0.8635923688417997,0.9292967065699753
20.0,proportional,2001,1,781842082,edges-corr,pca,0.7735779596861343,0.8795328076235344
20.0,proportional,2001,1,781842082,edges-cov,sfa,0.4890858923847927,0.6993467611884645
20.0,proportional,2001,1,781842082,edges-cov,pca,0.47423021946448274,0.6886437536669342
20.0,proportional,2001,1,781842082,node-var,sfa,0.5377878633024182,0.7333402097951669
20.0,proportional,2001,1,781842082,node-var,pca,0.5048605419424377,0.7105353910555315
20.0,fixed,3001,1,786091066,edges-corr,sfa,0.006123459082083782,0.07825253402979127
20.0,fixed,3001,1,786091066,edges-corr,pca,0.12395972457449089,0.35207914532742723
20.0,fixed,3001,1,786091066,edges-cov,sfa,0.7061169802328884,0.8403076699833754
20.0,fixed,3001,1,786091066,edges-cov,pca,0.16508561792990994,0.4063072949503979
20.0,fixed,3001,1,786091066,node-var,sfa,0.7041978593734757,0.8391649774469129
20.0,fixed,3001,1,786091066,node-var,pca,0.5018090753477121,0.7083848356280052
20.0,proportional,2001,1,786091066,edges-corr,sfa,0.01291982793050761,0.11366542099736313
20.0,proportional,2001,1,786091066,edges-corr,pca,0.10241378509989008,0.3200215384937249
20.0,proportional,2001,1,786091066,edges-cov,sfa,0.7026082907422203,0.8382173290634253
20.0,proportional,2001,1,786091066,edges-cov,pca,0.10784227404124092,0.3283934744193932
20.0,proportional,2001,1,786091066,node-var,sfa,0.6743371494216255,0.8211803391592027
20.0,proportional,2001,1,786091066,node-var,pca,0.4729894203991011,0.6877422630601522
20.0,fixed,3001,1,787025148,edges-corr,sfa,0.9119735430659708,0.9549730588168277
20.0,fixed,3001,1,787025148,edges-corr,pca,0.8942499988644825,0.9456479254270492
20.0,fixed,3001,1,787025148,edges-cov,sfa,0.8724262662879543,0.9340376150284072
20.0,fixed,3001,1,787025148,edges-cov,pca,0.8285404491159063,0.9102419728379407
20.0,fixed,3001,1,787025148,node-var,sfa,0.8393185487068451,0.9161433014036846
20.0,fixed,3001,1,787025148,node-var,pca,0.5322433947707306,0.7295501317735014
20.0,proportional,2001,1,787025148,edges-corr,sfa,0.8960232788560448,0.9465850616062143
20.0,proportional,2001,1,787025148,edges-corr,pca,0.862846229273494,0.9288951659221267
20.0,proportional,2001,1,787025148,edges-cov,sfa,0.8523472122744705,0.9232265227312715
20.0,proportional,2001,1,787025148,edges-cov,pca,0.7871129006712341,0.8871938348924867
20.0,proportional,2001,1,787025148,node-var,sfa,0.8041297155799159,0.8967328005486995
20.0,proportional,2001,1,787025148,node-var,pca,0.48081075563940956,0.6934051886447133
20.0,fixed,3001,1,789848216,edges-corr,sfa,0.9076017268756734,0.952681335429468
20.0,fixed,3001,1,789848216,edges-corr,pca,0.7414633044113863,0.8610826350655245
20.0,fixed,3001,1,789848216,edges-cov,sfa,0.8438063023852221,0.9185893001691365
20.0,fixed,3001,1,789848216,edges-cov,pca,0.5968427639990403,0.7725559940865394
20.0,fixed,3001,1,789848216,node-var,sfa,0.7587186701297736,0.871044585615327
20.0,fixed,3001,1,789848216,node-var,pca,0.36815195309278637,0.6067552662258375
20.0,proportional,2001,1,789848216,edges-corr,sfa,0.8967997687866883,0.9469951260627932
20.0,proportional,2001,1,789848216,edges-corr,pca,0.702578809062508,0.8381997429387039
20.0,proportional,2001,1,789848216,edges-cov,sfa,0.8209134662250588,0.9060427507712097
20.0,proportional,2001,1,789848216,edges-cov,pca,0.5813192210556107,0.7624429297039931
20.0,proportional,2001,1,789848216,node-var,sfa,0.7480239683816696,0.8648837889460479
20.0,proportional,2001,1,789848216,node-var,pca,0.41448192772070624,0.6438027086932027
20.0,fixed,3001,1,793224716,edges-corr,sfa,0.9441691583017499,0.9716836719332863
20.0,fixed,3001,1,793224716,edges-corr,pca,0.9377087740953974,0.968353641029661
20.0,fixed,3001,1,793224716,edges-cov,sfa,0.7064375177387363,0.8404983746199275
20.0,fixed,3001,1,793224716,edges-cov,pca,0.6852921645863639,0.8278237521274477
20.0,fixed,3001,1,793224716,node-var,sfa,0.7015726595980454,0.8375993431217839
20.0,fixed,3001,1,793224716,node-var,pca,0.6784281809672609,0.8236675184607319
20.0,proportional,2001,1,793224716,edges-corr,sfa,0.930273296611678,0.9645067633830665
20.0,proportional,2001,1,793224716,edges-corr,pca,0.9231330929013668,0.9607981540892803
20.0,proportional,2001,1,793224716,edges-cov,sfa,0.6509884445667541,0.8068385492567607
20.0,proportional,2001,1,793224716,edges-cov,pca,0.6308378914298396,0.7942530399248341
20.0,proportional,2001,1,793224716,node-var,sfa,0.6511437746621574,0.8069348019897037
20.0,proportional,2001,1,793224716,node-var,pca,0.6306555860002199,0.7941382662989006
20.0,fixed,3001,1,794812542,edges-corr,sfa,0.8221480028569961,0.9067237742868537
20.0,fixed,3001,1,794812542,edges-corr,pca,0.8050084106639032,0.8972226093138213
20.0,fixed,3001,1,794812542,edges-cov,sfa,0.6665824895167868,0.8164450315341429
20.0,fixed,3001,1,794812542,edges-cov,pca,0.6342405331939893,0.7963921980996492
20.0,fixed,3001,1,794812542,node-var,sfa,0.6575615169662621,0.8109016691105396
20.0,fixed,3001,1,794812542,node-var,pca,0.6656979774993484,0.8159031667418316
20.0,proportional,2001,1,794812542,edges-corr,sfa,0.8108668046215928,0.9004814293596459
20.0,proportional,2001,1,794812542,edges-corr,pca,0.7828319147895878,0.8847778900885721
20.0,proportional,2001,1,794812542,edges-cov,sfa,0.6363496504314934,0.7977152690224071
20.0,proportional,2001,1,794812542,edges-cov,pca,0.5939612617858154,0.7706888229277868
20.0,proportional,2001,1,794812542,node-var,sfa,0.6242621071736474,0.7901025928154184
20.0,proportional,2001,1,794812542,node-var,pca,0.6307960112605024,0.7942266749867452
20.0,fixed,3001,1,816200189,edges-corr,sfa,0.7567840948992276,0.8699333853228244
20.0,fixed,3001,1,816200189,edges-corr,pca,0.6778863192023259,0.8233385204169226
20.0,fixed,3001,1,816200189,edges-cov,sfa,0.4469357569700042,0.6685325399485079
20.0,fixed,3001,1,816200189,edges-cov,pca,0.4542279619412377,0.6739643625157307
20.0,fixed,3001,1,816200189,node-var,sfa,0.45478219436965905,0.6743754105612518
20.0,fixed,3001,1,816200189,node-var,pca,0.4627721701558164,0.6802735994846603
20.0,proportional,2001,1,816200189,edges-corr,sfa,0.6932562172785135,0.8326200918056897
20.0,proportional,2001,1,816200189,edges-corr,pca,0.6145047307540497,0.7839035213303034
20.0,proportional,2001,1,816200189,edges-cov,sfa,0.3779863025008666,0.6148059063646568
20.0,proportional,2001,1,816200189,edges-cov,pca,0.3844293265482214,0.6200236499910475
20.0,proportional,2001,1,816200189,node-var,sfa,0.3880483587822766,0.6229352765595131
20.0,proportional,2001,1,816200189,node-var,pca,0.3938380616087894,0.6275651851471599
20.0,fixed,3001,1,829720705,edges-corr,sfa,0.09955122397674554,0.3155173909259932
20.0,fixed,3001,1,829720705,edges-corr,pca,0.14657823255266655,0.3828553676686095
20.0,fixed,3001,1,829720705,edges-cov,sfa,0.36288750045200147,0.6024014445965437
20.0,fixed,3001,1,829720705,edges-cov,pca,0.3379117768333175,0.5813017949682581
20.0,fixed,3001,1,829720705,node-var,sfa,0.35638780050873686,0.5969822447181627
20.0,fixed,3001,1,829720705,node-var,pca,0.3684187595742302,0.6069750897477009
20.0,proportional,2001,1,829720705,edges-corr,sfa,0.1315692529317335,0.36272476195006786
20.0,proportional,2001,1,829720705,edges-corr,pca,0.18229230687108944,0.4269570316449773
20.0,proportional,2001,1,829720705,edges-cov,sfa,0.3629960707966813,0.6024915524691433
20.0,proportional,2001,1,829720705,edges-cov,pca,0.33470023996776876,0.5785328339582522
20.0,proportional,2001,1,829720705,node-var,sfa,0.35738883222475015,0.597820066763194
20.0,proportional,2001,1,829720705,node-var,pca,0.3672537945867933,0.606014681824454
20.0,fixed,3001,1,831882777,edges-corr,sfa,0.195548016944029,0.4422081149685385
20.0,fixed,3001,1,831882777,edges-corr,pca,0.005302575235126006,0.0728187835323144
20.0,fixed,3001,1,831882777,edges-cov,sfa,0.5037638571529172,0.7097632402096596
20.0,fixed,3001,1,831882777,edges-cov,pca,0.45294938362884263,0.6730151436846286
20.0,fixed,3001,1,831882777,node-var,sfa,0.495081711100819,0.7036204311280461
20.0,fixed,3001,1,831882777,node-var,pca,0.4942158834561261,0.7030048957554446
20.0,proportional,2001,1,831882777,edges-corr,sfa,0.13439185143719512,0.3665949419143638
20.0,proportional,2001,1,831882777,edges-corr,pca,0.0008997395824512644,0.029995659393505486
20.0,proportional,2001,1,831882777,edges-cov,sfa,0.4362798477822635,0.6605148353990724
20.0,proportional,2001,1,831882777,edges-cov,pca,0.40356327718971563,0.635266304151036
20.0,proportional,2001,1,831882777,node-var,sfa,0.41902783666545784,0.6473235950167867
20.0,proportional,2001,1,831882777,node-var,pca,0.4178861266216152,0.6464411238632759
20.0,fixed,3001,1,835479236,edges-corr,sfa,0.1522806995930851,0.390231597379154
20.0,fixed,3001,1,835479236,edges-corr,pca,0.10817264371440449,0.3288960986609667
20.0,fixed,3001,1,835479236,edges-cov,sfa,0.00020345115900366473,0.014263630638929832
20.0,fixed,3001,1,835479236,edges-cov,pca,0.0016105401703840894,0.04013153585877705
20.0,fixed,3001,1,835479236,node-var,sfa,0.000686670753851204,0.02620440332942831
20.0,fixed,3001,1,835479236,node-var,pca,5.640531530703985e-05,0.0075103472161509865
20.0,proportional,2001,1,835479236,edges-corr,sfa,0.11006077998743569,0.33175409566037917
20.0,proportional,2001,1,835479236,edges-corr,pca,0.08196773450945927,0.286300077732192
20.0,proportional,2001,1,835479236,edges-cov,sfa,6.049025250698392e-07,0.0007777547975858877
20.0,proportional,2001,1,835479236,edges-cov,pca,0.0011607492732709224,0.034069770666545034
20.0,proportional,2001,1,835479236,node-var,sfa,0.0008700998392536796,0.02949745479281006
20.0,proportional,2001,1,835479236,node-var,pca,4.0499476140043456e-05,0.006363919872225588
20.0,fixed,3001,1,839068429,edges-corr,sfa,0.13099632978493025,0.36193415117246097
20.0,fixed,3001,1,839068429,edges-corr,pca,0.0801153732371872,0.28304659199006005
20.0,fixed,3001,1,839068429,edges-cov,sfa,0.4543342130743705,0.6740431833898854
20.0,fixed,3001,1,839068429,edges-cov,pca,0.39446794455153444,0.6280668312779569
20.0,fixed,3001,1,839068429,node-var,sfa,0.41525765048329555,0.6444048808655146
20.0,fixed,3001,1,839068429,node-var,pca,0.4727794111561483,0.6875895659157052
20.0,proportional,2001,1,839068429,edges-corr,sfa,0.1273851377335915,0.3569105458425015
20.0,proportional,2001,1,839068429,edges-corr,pca,0.05190799543046676,0.22783326234434428
20.0,proportional,2001,1,839068429,edges-cov,sfa,0.41983228645891424,0.6479446631147736
20.0,proportional,2001,1,839068429,edges-cov,pca,0.3482620605682878,0.5901373234835159
20.0,proportional,2001,1,839068429,node-var,sfa,0.38803010576779773,0.6229206255758417
20.0,proportional,2001,1,839068429,node-var,pca,0.43093816706841936,0.6564588083561845
20.0,fixed,3001,1,847657808,edges-corr,sfa,0.6197041024693497,0.7872128698575421
20.0,fixed,3001,1,847657808,edges-corr,pca,0.5367947403969209,0.7326627739942286
20.0,fixed,3001,1,847657808,edges-cov,sfa,0.42175962046842297,0.6494302275598378
20.0,fixed,3001,1,847657808,edges-cov,pca,0.4271503487389742,0.6535674018331808
20.0,fixed,3001,1,847657808,node-var,sfa,0.5764315685272324,0.7592309059352319
20.0,fixed,3001,1,847657808,node-var,pca,0.48487575008407535,0.6963302019042946
20.0,proportional,2001,1,847657808,edges-corr,sfa,0.58934146089285,0.7676857826564513
20.0,proportional,2001,1,847657808,edges-corr,pca,0.48886792351294894,0.6991909063431432
20.0,proportional,2001,1,847657808,edges-cov,sfa,0.38262737518117185,0.6185688120016817
20.0,proportional,2001,1,847657808,edges-cov,pca,0.39188748500942705,0.626009173263002
20.0,proportional,2001,1,847657808,node-var,sfa,0.5047245552571078,0.7104396914989394
20.0,proportional,2001,1,847657808,node-var,pca,0.3220478046022609,0.5674925590721516
20.0,fixed,3001,2,766640955,edges-corr,sfa,0.6154756845025156,0.7845225838065579
20.0,fixed,3001,2,766640955,edges-corr,pca,0.43630768003186593,0.6605359036660055
20.0,fixed,3001,2,766640955,edges-cov,sfa,0.4278635108535487,0.6541127661600487
20.0,fixed,3001,2,766640955,edges-cov,pca,0.301532872035117,0.5491200889014313
20.0,fixed,3001,2,766640955,node-var,sfa,0.4298054786016029,0.6555955144764227
20.0,fixed,3001,2,766640955,node-var,pca,0.27028501483193845,0.5198894255819595
20.0,proportional,2001,2,766640955,edges-corr,sfa,0.6058575367608356,0.7783685096153586
20.0,proportional,2001,2,766640955,edges-corr,pca,0.41514757799420854,0.6443194688927293
20.0,proportional,2001,2,766640955,edges-cov,sfa,0.4012988144587021,0.6334815028544265
20.0,proportional,2001,2,766640955,edges-cov,pca,0.2785386011034773,0.5277675635196589
20.0,proportional,2001,2,766640955,node-var,sfa,0.41109326912555,0.6411655551614982
20.0,proportional,2001,2,766640955,node-var,pca,0.23927986474823149,0.4891624114220466
20.0,fixed,3001,2,767871931,edges-corr,sfa,0.7900516657537558,0.8888485055135973
20.0,fixed,3001,2,767871931,edges-corr,pca,0.7446554314592616,0.8629341988003875
20.0,fixed,3001,2,767871931,edges-cov,sfa,0.7570211698195638,0.8700696350405337
20.0,fixed,3001,2,767871931,edges-cov,pca,0.7076309598072544,0.8412080359859027
20.0,fixed,3001,2,767871931,node-var,sfa,0.7882113889790124,0.8878126992665817
20.0,fixed,3001,2,767871931,node-var,pca,0.6943985444031635,0.8333057928534803
20.0,proportional,2001,2,767871931,edges-corr,sfa,0.7712865004831071,0.8782291844860939
20.0,proportional,2001,2,767871931,edges-corr,pca,0.73020595666436,0.8545208930531586
20.0,proportional,2001,2,767871931,edges-cov,sfa,0.7297264583200442,0.8542402813728945
20.0,proportional,2001,2,767871931,edges-cov,pca,0.6514446845668863,0.8071212328807175
20.0,proportional,2001,2,767871931,node-var,sfa,0.7548722536276445,0.8688338469624951
20.0,proportional,2001,2,767871931,node-var,pca,0.6427410843936159,0.8017113473025176
20.0,fixed,3001,2,771160300,edges-corr,sfa,0.8664034089663867,0.9308079334462009
20.0,fixed,3001,2,771160300,edges-corr,pca,0.8970238772982765,0.9471134447880476
20.0,fixed,3001,2,771160300,edges-cov,sfa,0.6604129596831603,0.8126579598349852
20.0,fixed,3001,2,771160300,edges-cov,pca,0.5592341477413241,0.7478195957189956
20.0,fixed,3001,2,771160300,node-var,sfa,0.6051582330595209,0.7779191687183965
20.0,fixed,3001,2,771160300,node-var,pca,0.5153281984765016,0.7178636350146897
20.0,proportional,2001,2,771160300,edges-corr,sfa,0.8583427380828,0.9264678829202853
20.0,proportional,2001,2,771160300,edges-corr,pca,0.8828283378198569,0.9395894517393539
20.0,proportional,2001,2,771160300,edges-cov,sfa,0.6126878388844842,0.7827437887869086
20.0,proportional,2001,2,771160300,edges-cov,pca,0.5153260032189074,0.7178621059917492
20.0,proportional,2001,2,771160300,node-var,sfa,0.5692181074277702,0.7544654448202184
20.0,proportional,2001,2,771160300,node-var,pca,0.47794360471507813,0.6913346546464152
20.0,fixed,3001,2,771990200,edges-corr,sfa,0.6310072454279205,0.7943596448888414
20.0,fixed,3001,2,771990200,edges-corr,pca,0.7720428936345032,0.878659714357329
20.0,fixed,3001,2,771990200,edges-cov,sfa,0.8234232369933726,0.9074267116375696
20.0,fixed,3001,2,771990200,edges-cov,pca,0.4136578963802703,0.6431624183519054
20.0,fixed,3001,2,771990200,node-var,sfa,0.3251700625794536,0.5702368477917347
20.0,fixed,3001,2,771990200,node-var,pca,0.25757175523762055,0.5075152758662748
20.0,proportional,2001,2,771990200,edges-corr,sfa,0.6020148219236177,0.7758961411964991
20.0,proportional,2001,2,771990200,edges-corr,pca,0.743587786493445,0.8623153637118178
20.0,proportional,2001,2,771990200,edges-cov,sfa,0.784714087283786,0.8858408927588451
20.0,proportional,2001,2,771990200,edges-cov,pca,0.3594697663440929,0.5995579757989162
20.0,proportional,2001,2,771990200,node-var,sfa,0.3069394801705241,0.5540211910843515
20.0,proportional,2001,2,771990200,node-var,pca,0.2441073960364567,0.49407225791017406
20.0,fixed,3001,2,774875821,edges-corr,sfa,0.723153891311211,0.8503845549580563
20.0,fixed,3001,2,774875821,edges-corr,pca,0.5347536219127735,0.7312685019285127
20.0,fixed,3001,2,774875821,edges-cov,sfa,0.6184655010430591,0.7864257759274272
20.0,fixed,3001,2,774875821,edges-cov,pca,0.5359718382359491,0.7321009754370967
20.0,fixed,3001,2,774875821,node-var,sfa,0.6161720386544086,0.7849662659340271
20.0,fixed,3001,2,774875821,node-var,pca,0.5583831607230826,0.7472504002829856
20.0,proportional,2001,2,774875821,edges-corr,sfa,0.7081948180759845,0.841543117181756
20.0,proportional,2001,2,774875821,edges-corr,pca,0.4661697492241793,0.682766247865388
20.0,proportional,2001,2,774875821,edges-cov,sfa,0.5516650453593311,0.7427415737383554
20.0,proportional,2001,2,774875821,edges-cov,pca,0.45650604734517386,0.6756523124693471
20.0,proportional,2001,2,774875821,node-var,sfa,0.5489101408581734,0.7408847014604708
20.0,proportional,2001,2,774875821,node-var,pca,0.4821096161355606,0.6943411381558495
20.0,fixed,3001,2,778240327,edges-corr,sfa,0.796196871898929,0.8922986450168632
20.0,fixed,3001,2,778240327,edges-corr,pca,0.704205383213546,0.8391694603675396
20.0,fixed,3001,2,778240327,edges-cov,sfa,0.7599695092104729,0.8717623008655914
20.0,fixed,3001,2,778240327,edges-cov,pca,0.6501954612627592,0.8063469856474706
20.0,fixed,3001,2,778240327,node-var,sfa,0.721605909589909,0.8494739016531988
20.0,fixed,3001,2,778240327,node-var,pca,0.6545264415766687,0.8090280845413655
20.0,proportional,2001,2,778240327,edges-corr,sfa,0.7758559569564861,0.880826859806444
20.0,proportional,2001,2,778240327,edges-corr,pca,0.6535119858436125,0.8084008818919061
20.0,proportional,2001,2,778240327,edges-cov,sfa,0.746857133361936,0.8642089639444478
20.0,proportional,2001,2,778240327,edges-cov,pca,0.6315843603425162,0.7947228198199161
20.0,proportional,2001,2,778240327,node-var,sfa,0.7070564744509686,0.8408665021577275
20.0,proportional,2001,2,778240327,node-var,pca,0.6393510485738156,0.7995943024895918
20.0,fixed,3001,2,778998620,edges-corr,sfa,0.8374492042091408,0.9151225077601037
20.0,fixed,3001,2,778998620,edges-corr,pca,0.7756919834843427,0.8807337756009719
20.0,fixed,3001,2,778998620,edges-cov,sfa,0.45062630471123744,0.671287050903888
20.0,fixed,3001,2,778998620,edges-cov,pca,0.47100326242068435,0.6862967743044451
20.0,fixed,3001,2,778998620,node-var,sfa,0.5153636679028211,0.7178883394392356
20.0,fixed,3001,2,778998620,node-var,pca,0.43075805095485686,0.6563216063446761
20.0,proportional,2001,2,778998620,edges-corr,sfa,0.8107162997545699,0.900397856369378
20.0,proportional,2001,2,778998620,edges-corr,pca,0.744548872867386,0.8628724545767955
20.0,proportional,2001,2,778998620,edges-cov,sfa,0.4152791963258662,0.6444215982769865
20.0,proportional,2001,2,778998620,edges-cov,pca,0.43209955228000774,0.6573427966289799
20.0,proportional,2001,2,778998620,node-var,sfa,0.4763998378393106,0.6902172395987439
20.0,proportional,2001,2,778998620,node-var,pca,0.3959578388590481,0.6292518087848831
20.0,fixed,3001,2,779839471,edges-corr,sfa,0.6511129323438349,0.8069156909763469
20.0,fixed,3001,2,779839471,edges-corr,pca,0.5871263617694831,0.766241712365937
20.0,fixed,3001,2,779839471,edges-cov,sfa,0.3597067341261415,0.5997555619801637
20.0,fixed,3001,2,779839471,edges-cov,pca,0.3697703339585673,0.6080874394020709
20.0,fixed,3001,2,779839471,node-var,sfa,0.38570959647352465,0.6210552281991706
20.0,fixed,3001,2,779839471,node-var,pca,0.370713082870586,0.6088621213957923
20.0,proportional,2001,2,779839471,edges-corr,sfa,0.6027487913840108,0.776368978890841
20.0,proportional,2001,2,779839471,edges-corr,pca,0.5390773479634453,0.7342188692504742
20.0,proportional,2001,2,779839471,edges-cov,sfa,0.32906681024575113,0.5736434521946105
20.0,proportional,2001,2,779839471,edges-cov,pca,0.3356355189240161,0.5793405897432153
20.0,proportional,2001,2,779839471,node-var,sfa,0.3519750573025796,0.5932748581412997
20.0,proportional,2001,2,779839471,node-var,pca,0.33995095742441994,0.5830531343063159
20.0,fixed,3001,2,781842082,edges-corr,sfa,0.885160969146122,0.9408299363573206
20.0,fixed,3001,2,781842082,edges-corr,pca,0.8268147934247669,0.9092935683401525
20.0,fixed,3001,2,781842082,edges-cov,sfa,0.5950484043857237,0.7713938062920422
20.0,fixed,3001,2,781842082,edges-cov,pca,0.5676893789053308,0.7534516433755596
20.0,fixed,3001,2,781842082,node-var,sfa,0.6422662989609568,0.8014151851324984
20.0,fixed,3001,2,781842082,node-var,pca,0.6020591779757997,0.7759247244261518
20.0,proportional,2001,2,781842082,edges-corr,sfa,0.8747200282194348,0.9352646835091326
20.0,proportional,2001,2,781842082,edges-corr,pca,0.8237529646160653,0.9076083762372762
20.0,proportional,2001,2,781842082,edges-cov,sfa,0.5466107389178982,0.739331278195301
20.0,proportional,2001,2,781842082,edges-cov,pca,0.5270024391176857,0.7259493364675569
20.0,proportional,2001,2,781842082,node-var,sfa,0.5978541600690859,0.7732102948545664
20.0,proportional,2001,2,781842082,node-var,pca,0.5622185205098649,0.7498123235249374
20.0,fixed,3001,2,786091066,edges-corr,sfa,0.012335668857105242,0.11106605627780743
20.0,fixed,3001,2,786091066,edges-corr,pca,0.1448159810502384,0.38054694986327114
20.0,fixed,3001,2,786091066,edges-cov,sfa,0.7155995006763678,0.8459311441697649
20.0,fixed,3001,2,786091066,edges-cov,pca,0.23934256454744218,0.48922649616250724
20.0,fixed,3001,2,786091066,node-var,sfa,0.7207004357147431,0.8489407727955717
20.0,fixed,3001,2,786091066,node-var,pca,0.5593243889974062,0.7478799295324117
20.0,proportional,2001,2,786091066,edges-corr,sfa,0.022087193091647084,0.14861760693688641
20.0,proportional,2001,2,786091066,edges-corr,pca,0.12012979577751037,0.3465974549495562
20.0,proportional,2001,2,786091066,edges-cov,sfa,0.7048748651584552,0.8395682611666856
20.0,proportional,2001,2,786091066,edges-cov,pca,0.17578867817868837,0.4192716043076223
20.0,proportional,2001,2,786091066,node-var,sfa,0.6876141573316015,0.8292250341925282
20.0,proportional,2001,2,786091066,node-var,pca,0.5265883360551294,0.7256640655669307
20.0,fixed,3001,2,787025148,edges-corr,sfa,0.9178229887812812,0.9580307869694372
20.0,fixed,3001,2,787025148,edges-corr,pca,0.8922658763847587,0.9445982619001363
20.0,fixed,3001,2,787025148,edges-cov,sfa,0.8820047044562931,0.9391510551856359
20.0,fixed,3001,2,787025148,edges-cov,pca,0.8332857990151167,0.9128448931856489
20.0,fixed,3001,2,787025148,node-var,sfa,0.8490005617902163,0.9214122648360048
20.0,fixed,3001,2,787025148,node-var,pca,0.5593003668348575,0.7478638691866717
20.0,proportional,2001,2,787025148,edges-corr,sfa,0.9023430497504551,0.949917391013796
20.0,proportional,2001,2,787025148,edges-corr,pca,0.8614422351455541,0.9281391248867561
20.0,proportional,2001,2,787025148,edges-cov,sfa,0.8618318829246494,0.9283490092226343
20.0,proportional,2001,2,787025148,edges-cov,pca,0.7910559018679848,0.889413234592326
20.0,proportional,2001,2,787025148,node-var,sfa,0.8133662709157925,0.9018682115008761
20.0,proportional,2001,2,787025148,node-var,pca,0.5056771464710647,0.7111097991668125
20.0,fixed,3001,2,789848216,edges-corr,sfa,0.9050690079887352,0.9513511486242788
20.0,fixed,3001,2,789848216,edges-corr,pca,0.7627070357066434,0.8733310000833834
20.0,fixed,3001,2,789848216,edges-cov,sfa,0.8488557804790089,0.9213336965936986
20.0,fixed,3001,2,789848216,edges-cov,pca,0.6238081598879719,0.7898152694700019
20.0,fixed,3001,2,789848216,node-var,sfa,0.7345094696349945,0.8570352791075736
20.0,fixed,3001,2,789848216,node-var,pca,0.4350791436687522,0.6596052938453052
20.0,proportional,2001,2,789848216,edges-corr,sfa,0.8929624497907677,0.944966904071658
20.0,proportional,2001,2,789848216,edges-corr,pca,0.7266884189994041,0.852460215493603
20.0,proportional,2001,2,789848216,edges-cov,sfa,0.822150172090941,0.906724970479439
20.0,proportional,2001,2,789848216,edges-cov,pca,0.5944272139007831,0.7709910595465961
20.0,proportional,2001,2,789848216,node-var,sfa,0.7255656662466976,0.851801424186821
20.0,proportional,2001,2,789848216,node-var,pca,0.43939287330189336,0.6628671611280014
20.0,fixed,3001,2,793224716,edges-corr,sfa,0.9491986791351019,0.9742682788303754
20.0,fixed,3001,2,793224716,edges-corr,pca,0.9433138853763352,0.9712434737882868
20.0,fixed,3001,2,793224716,edges-cov,sfa,0.6819065663904118,0.8257763416267192
20.0,fixed,3001,2,793224716,edges-cov,pca,0.6571588236973452,0.810653331392246
20.0,fixed,3001,2,793224716,node-var,sfa,0.6983318222413637,0.8356625049871296
20.0,fixed,3001,2,793224716,node-var,pca,0.6841076259885884,0.8271079893149298
20.0,proportional,2001,2,793224716,edges-corr,sfa,0.9368318492734213,0.9679007435028737
20.0,proportional,2001,2,793224716,edges-corr,pca,0.9303074674109407,0.9645244773518903
20.0,proportional,2001,2,793224716,edges-cov,sfa,0.6427786669288007,0.8017347859041677
20.0,proportional,2001,2,793224716,edges-cov,pca,0.622597041546807,0.7890481870879651
20.0,proportional,2001,2,793224716,node-var,sfa,0.6634070894161812,0.8144980597989065
20.0,proportional,2001,2,793224716,node-var,pca,0.6507437768741626,0.8066869137863579
20.0,fixed,3001,2,794812542,edges-corr,sfa,0.8017822132475391,0.8954229242361077
20.0,fixed,3001,2,794812542,edges-corr,pca,0.7733032490277577,0.8793766252452694
20.0,fixed,3001,2,794812542,edges-cov,sfa,0.6493663201456277,0.8058326874392896
20.0,fixed,3001,2,794812542,edges-cov,pca,0.6135500484894372,0.7832943562221273
20.0,fixed,3001,2,794812542,node-var,sfa,0.6381197926354424,0.7988240060460375
20.0,fixed,3001,2,794812542,node-var,pca,0.6475350965406352,0.8046956546052871
20.0,proportional,2001,2,794812542,edges-corr,sfa,0.7851037825184293,0.8860608232612657
20.0,proportional,2001,2,794812542,edges-corr,pca,0.7513829856483821,0.8668235031702748
20.0,proportional,2001,2,794812542,edges-cov,sfa,0.6142398355651755,0.7837345440678103
20.0,proportional,2001,2,794812542,edges-cov,pca,0.5696341186104776,0.7547410937602919
20.0,proportional,2001,2,794812542,node-var,sfa,0.60003650392968,0.7746202320683846
20.0,proportional,2001,2,794812542,node-var,pca,0.6081568155307256,0.7798440969390784
20.0,fixed,3001,2,816200189,edges-corr,sfa,0.7040602890792383,0.8390830048804687
20.0,fixed,3001,2,816200189,edges-corr,pca,0.6677865554754923,0.8171820822041403
20.0,fixed,3001,2,816200189,edges-cov,sfa,0.4249860683593303,0.6519095553520691
20.0,fixed,3001,2,816200189,edges-cov,pca,0.4313018765064769,0.6567357737374135
20.0,fixed,3001,2,816200189,node-var,sfa,0.4377523952231953,0.6616285931118732
20.0,fixed,3001,2,816200189,node-var,pca,0.42774558457801815,0.6540226177878088
20.0,proportional,2001,2,816200189,edges-corr,sfa,0.6548646351188867,0.8092370697878875
20.0,proportional,2001,2,816200189,edges-corr,pca,0.604075718797487,0.7772230817451872
20.0,proportional,2001,2,816200189,edges-cov,sfa,0.3662450372339483,0.6051818216320997
20.0,proportional,2001,2,816200189,edges-cov,pca,0.36831596024032487,0.6068904021652695
20.0,proportional,2001,2,816200189,node-var,sfa,0.37685673909192685,0.6138865848769837
20.0,proportional,2001,2,816200189,node-var,pca,0.36672968530449324,0.60558210451143
20.0,fixed,3001,2,829720705,edges-corr,sfa,0.3395303756252135,0.5826923507522764
20.0,fixed,3001,2,829720705,edges-corr,pca,0.3572692672364385,0.5977200575825102
20.0,fixed,3001,2,829720705,edges-cov,sfa,0.3977042996467506,0.6306380099920629
20.0,fixed,3001,2,829720705,edges-cov,pca,0.3696016435569913,0.6079487178677094
20.0,fixed,3001,2,829720705,node-var,sfa,0.3889286177093494,0.6236414175705051
20.0,fixed,3001,2,829720705,node-var,pca,0.4009253624124317,0.6331866726427771
20.0,proportional,2001,2,829720705,edges-corr,sfa,0.34027449194872494,0.5833305169016327
20.0,proportional,2001,2,829720705,edges-corr,pca,0.3500477463832232,0.5916483299927623
20.0,proportional,2001,2,829720705,edges-cov,sfa,0.37130444879085533,0.6093475599285318
20.0,proportional,2001,2,829720705,edges-cov,pca,0.3433481573216509,0.585959177180161
20.0,proportional,2001,2,829720705,node-var,sfa,0.3634530780561257,0.602870697626055
20.0,proportional,2001,2,829720705,node-var,pca,0.374094166540217,0.6116323785904534
20.0,fixed,3001,2,831882777,edges-corr,sfa,0.24887722963605796,0.49887596618403757
20.0,fixed,3001,2,831882777,edges-corr,pca,1.2669072259052783e-06,0.0011255697339670884
20.0,fixed,3001,2,831882777,edges-cov,sfa,0.5476385975310063,0.7400260789533063
20.0,fixed,3001,2,831882777,edges-cov,pca,0.5233797068940116,0.7234498648102788
20.0,fixed,3001,2,831882777,node-var,sfa,0.5500891052965595,0.7416799210552749
20.0,fixed,3001,2,831882777,node-var,pca,0.5480625246830613,0.7403124507146032
20.0,proportional,2001,2,831882777,edges-corr,sfa,0.17955127178069796,0.42373490743706416
20.0,proportional,2001,2,831882777,edges-corr,pca,0.0010033870013411716,0.031676284525508906
20.0,proportional,2001,2,831882777,edges-cov,sfa,0.4787960665995268,0.6919509134321062
20.0,proportional,2001,2,831882777,edges-cov,pca,0.4637440423165189,0.6809875493109379
20.0,proportional,2001,2,831882777,node-var,sfa,0.47073000619907024,0.6860976652045031
20.0,proportional,2001,2,831882777,node-var,pca,0.4690681599357166,0.684885508633173
20.0,fixed,3001,2,835479236,edges-corr,sfa,0.0010927907529950653,0.03305738575561092
20.0,fixed,3001,2,835479236,edges-corr,pca,0.0012388312989581873,0.0351970353717252
20.0,fixed,3001,2,835479236,edges-cov,sfa,0.002990371927223845,0.05468429324060428
20.0,fixed,3001,2,835479236,edges-cov,pca,0.0023701451435633736,0.048684136467268
20.0,fixed,3001,2,835479236,node-var,sfa,0.0032561302444660267,0.05706251172588203
20.0,fixed,3001,2,835479236,node-var,pca,0.0035212963369424255,0.05934051176846073
20.0,proportional,2001,2,835479236,edges-corr,sfa,0.00029779729247014775,0.017256804236881505
20.0,proportional,2001,2,835479236,edges-corr,pca,0.00033501645804456803,0.018303454811716285
20.0,proportional,2001,2,835479236,edges-cov,sfa,0.0018191867956034447,0.04265192604799565
20.0,proportional,2001,2,835479236,edges-cov,pca,0.0014679155486195805,0.038313386023942485
20.0,proportional,2001,2,835479236,node-var,sfa,0.0020309361970698436,0.04506590947789486
20.0,proportional,2001,2,835479236,node-var,pca,0.002225991732324961,0.04718041683076925
20.0,fixed,3001,2,839068429,edges-corr,sfa,0.09707720606117054,0.3115721522555739
20.0,fixed,3001,2,839068429,edges-corr,pca,0.006202721861695681,0.07875736068264116
20.0,fixed,3001,2,839068429,edges-cov,sfa,0.018019996393084714,0.13423858012167944
20.0,fixed,3001,2,839068429,edges-cov,pca,0.0007513731334193308,0.02741118628259748
20.0,fixed,3001,2,839068429,node-var,sfa,0.03922026738983908,0.1980410750067742
20.0,fixed,3001,2,839068429,node-var,pca,0.0003953610558147247,0.0198836881844033
20.0,proportional,2001,2,839068429,edges-corr,sfa,0.08494828328491166,0.2914588878125209
20.0,proportional,2001,2,839068429,edges-corr,pca,0.010155859938674627,0.10077628658903179
20.0,proportional,2001,2,839068429,edges-cov,sfa,0.023431690521356185,0.1530741340702473
20.0,proportional,2001,2,839068429,edges-cov,pca,0.00425524278623679,0.06523222199371032
20.0,proportional,2001,2,839068429,node-var,sfa,0.037671685746689554,0.19409195178236943
20.0,proportional,2001,2,839068429,node-var,pca,0.003495293022177326,0.059121003223703436
20.0,fixed,3001,2,847657808,edges-corr,sfa,0.5501427491596664,0.7417160839294671
20.0,fixed,3001,2,847657808,edges-corr,pca,0.46326943819970534,0.6806389925648586
20.0,fixed,3001,2,847657808,edges-cov,sfa,0.3357490019318623,0.5794385229960666
20.0,fixed,3001,2,847657808,edges-cov,pca,0.35125810713674743,0.5926703190954875
20.0,fixed,3001,2,847657808,node-var,sfa,0.49086043212523023,0.7006143248073294
20.0,fixed,3001,2,847657808,node-var,pca,0.38078131373871504,0.6170748040057334
20.0,proportional,2001,2,847657808,edges-corr,sfa,0.5128196948617698,0.7161143029305942
20.0,proportional,2001,2,847657808,edges-corr,pca,0.4081224590905711,0.638844628286543
20.0,proportional,2001,2,847657808,edges-cov,sfa,0.3016004666024886,0.5491816335261851
20.0,proportional,2001,2,847657808,edges-cov,pca,0.31887021532780824,0.5646859439793147
20.0,proportional,2001,2,847657808,node-var,sfa,0.39679533641167286,0.6299169281831306
20.0,proportional,2001,2,847657808,node-var,pca,0.2392931848380927,0.4891760264343428
20.0,fixed,3001,3,766640955,edges-corr,sfa,0.6295142324977648,0.7934193295463431
20.0,fixed,3001,3,766640955,edges-corr,pca,0.36596134348707066,0.6049473890240933
20.0,fixed,3001,3,766640955,edges-cov,sfa,0.3960343976519901,0.6293126390372195
20.0,fixed,3001,3,766640955,edges-cov,pca,0.28041498649203955,0.5295422424056841
20.0,fixed,3001,3,766640955,node-var,sfa,0.4084496675052718,0.639100670869053
20.0,fixed,3001,3,766640955,node-var,pca,0.25899770918694376,0.5089181753356262
20.0,proportional,2001,3,766640955,edges-corr,sfa,0.6210608222465679,0.7880741223048524
20.0,proportional,2001,3,766640955,edges-corr,pca,0.3406709530822756,0.5836702434442528
20.0,proportional,2001,3,766640955,edges-cov,sfa,0.3630535737530528,0.6025392715442311
20.0,proportional,2001,3,766640955,edges-cov,pca,0.2567090513920902,0.5066646340451341
20.0,proportional,2001,3,766640955,node-var,sfa,0.3832742897013154,0.6190915034963036
20.0,proportional,2001,3,766640955,node-var,pca,0.2269229048594964,0.4763642564881382
20.0,fixed,3001,3,767871931,edges-corr,sfa,0.6323777767988765,0.7952218412486418
20.0,fixed,3001,3,767871931,edges-corr,pca,0.5696527620855681,0.7547534445668759
20.0,fixed,3001,3,767871931,edges-cov,sfa,0.6197170046551019,0.7872210646667817
20.0,fixed,3001,3,767871931,edges-cov,pca,0.5987002312651383,0.7737572172620688
20.0,fixed,3001,3,767871931,node-var,sfa,0.6456717403297532,0.8035370186430408
20.0,fixed,3001,3,767871931,node-var,pca,0.6060109492478304,0.7784670508427648
20.0,proportional,2001,3,767871931,edges-corr,sfa,0.6057248811815472,0.7782832910846452
20.0,proportional,2001,3,767871931,edges-corr,pca,0.546485667511895,0.7392466892126677
20.0,proportional,2001,3,767871931,edges-cov,sfa,0.5916247758672221,0.769171486644704
20.0,proportional,2001,3,767871931,edges-cov,pca,0.5271062218022085,0.7260208136150168
20.0,proportional,2001,3,767871931,node-var,sfa,0.6077311814160253,0.7795711522472014
20.0,proportional,2001,3,767871931,node-var,pca,0.49976603878254,0.7069413262658671
20.0,fixed,3001,3,771160300,edges-corr,sfa,0.9089207127326777,0.9533733333446444
20.0,fixed,3001,3,771160300,edges-corr,pca,0.9205953700332524,0.9594766125514715
20.0,fixed,3001,3,771160300,edges-cov,sfa,0.507079905231115,0.7120954326711513
20.0,fixed,3001,3,771160300,edges-cov,pca,0.5323256806268345,0.7296065245232075
20.0,fixed,3001,3,771160300,node-var,sfa,0.5481039328531863,0.7403404168713092
20.0,fixed,3001,3,771160300,node-var,pca,0.5464497709044746,0.7392224096335789
20.0,proportional,2001,3,771160300,edges-corr,sfa,0.8885365055265493,0.9426221435583568
20.0,proportional,2001,3,771160300,edges-corr,pca,0.8907833976793917,0.9438132218184871
20.0,proportional,2001,3,771160300,edges-cov,sfa,0.4648680941915424,0.681812359958034
20.0,proportional,2001,3,771160300,edges-cov,pca,0.48667681759995984,0.6976222599659206
20.0,proportional,2001,3,771160300,node-var,sfa,0.5102055108533669,0.7142867147395123
20.0,proportional,2001,3,771160300,node-var,pca,0.5061098144982646,0.7114139543882061
20.0,fixed,3001,3,771990200,edges-corr,sfa,0.837902990558735,0.9153704116688132
20.0,fixed,3001,3,771990200,edges-corr,pca,0.8179108607215003,0.9043842439591155
20.0,fixed,3001,3,771990200,edges-cov,sfa,0.816938187493419,0.9038463295789932
20.0,fixed,3001,3,771990200,edges-cov,pca,0.6535197994356933,0.8084057146233533
20.0,fixed,3001,3,771990200,node-var,sfa,0.6986321174362121,0.8358421605998402
20.0,fixed,3001,3,771990200,node-var,pca,0.5640186410683878,0.7510117449603488
20.0,proportional,2001,3,771990200,edges-corr,sfa,0.8162486342256787,0.9034647941262998
20.0,proportional,2001,3,771990200,edges-corr,pca,0.7820600539482404,0.8843415934740596
20.0,proportional,2001,3,771990200,edges-cov,sfa,0.7872544678456017,0.8872736149833371
20.0,proportional,2001,3,771990200,edges-cov,pca,0.5735943789161277,0.7573601381879882
20.0,proportional,2001,3,771990200,node-var,sfa,0.6387987686309125,0.799248877778951
20.0,proportional,2001,3,771990200,node-var,pca,0.493767928795683,0.7026862235704373
20.0,fixed,3001,3,774875821,edges-corr,sfa,0.746306674678942,0.8638904297877972
20.0,fixed,3001,3,774875821,edges-corr,pca,0.5695097956193444,0.7546587279157022
20.0,fixed,3001,3,774875821,edges-cov,sfa,0.609504314284737,0.7807075728368066
20.0,fixed,3001,3,774875821,edges-cov,pca,0.512125886980413,0.7156297135952457
20.0,fixed,3001,3,774875821,node-var,sfa,0.6051826234259083,0.7779348452318539
20.0,fixed,3001,3,774875821,node-var,pca,0.5415570582025018,0.735905604138536
20.0,proportional,2001,3,774875821,edges-corr,sfa,0.7359053473394421,0.8578492567691879
20.0,proportional,2001,3,774875821,edges-corr,pca,0.5196042338342395,0.7208357883972206
20.0,proportional,2001,3,774875821,edges-cov,sfa,0.5643026210670535,0.7512007861198332
20.0,proportional,2001,3,774875821,edges-cov,pca,0.4563579792803927,0.6755427294260483
20.0,proportional,2001,3,774875821,node-var,sfa,0.5603809135306299,0.7485859426482916
20.0,proportional,2001,3,774875821,node-var,pca,0.4886585444887118,0.6990411607972122
20.0,fixed,3001,3,778240327,edges-corr,sfa,0.7122248144954648,0.8439341292396375
20.0,fixed,3001,3,778240327,edges-corr,pca,0.6327903367457883,0.7954811982352487
20.0,fixed,3001,3,778240327,edges-cov,sfa,0.7162419958311261,0.8463108151448426
20.0,fixed,3001,3,778240327,edges-cov,pca,0.6877864385342958,0.8293289085364719
20.0,fixed,3001,3,778240327,node-var,sfa,0.7281173941704148,0.8532979515798786
20.0,fixed,3001,3,778240327,node-var,pca,0.6979274136883289,0.8354205011180482
20.0,proportional,2001,3,778240327,edges-corr,sfa,0.6699398653765729,0.8184985432953288
20.0,proportional,2001,3,778240327,edges-corr,pca,0.5795866785357472,0.7613059033895286
20.0,proportional,2001,3,778240327,edges-cov,sfa,0.7082783503049919,0.841592746110014
20.0,proportional,2001,3,778240327,edges-cov,pca,0.6620505024438168,0.8136648587986433
20.0,proportional,2001,3,778240327,node-var,sfa,0.7092121166168113,0.8421473247697276
20.0,proportional,2001,3,778240327,node-var,pca,0.6755957020500201,0.8219462890298974
20.0,fixed,3001,3,778998620,edges-corr,sfa,0.838879959866121,0.9159039031831426
20.0,fixed,3001,3,778998620,edges-corr,pca,0.7770147719839734,0.8814844139200514
20.0,fixed,3001,3,778998620,edges-cov,sfa,0.4334990604074741,0.6584064553203237
20.0,fixed,3001,3,778998620,edges-cov,pca,0.45850104454290797,0.6771270519946072
20.0,fixed,3001,3,778998620,node-var,sfa,0.500643771888329,0.7075618502211176
20.0,fixed,3001,3,778998620,node-var,pca,0.40863789144867324,0.6392479107894479
20.0,proportional,2001,3,778998620,edges-corr,sfa,0.81363166032495,0.9020153326440455
20.0,proportional,2001,3,778998620,edges-corr,pca,0.7427396714476461,0.861823457239154
20.0,proportional,2001,3,778998620,edges-cov,sfa,0.40009864703079623,0.6325335145514417
20.0,proportional,2001,3,778998620,edges-cov,pca,0.4230056601302944,0.6503888530181706
20.0,proportional,2001,3,778998620,node-var,sfa,0.46521015539190724,0.6820631608523607
20.0,proportional,2001,3,778998620,node-var,pca,0.3787263687442928,0.6154074818722097
20.0,fixed,3001,3,779839471,edges-corr,sfa,0.6523539003504895,0.8076842825946843
20.0,fixed,3001,3,779839471,edges-corr,pca,0.5948952414368225,0.7712945231471711
20.0,fixed,3001,3,779839471,edges-cov,sfa,0.3724787087093102,0.6103103380324717
20.0,fixed,3001,3,779839471,edges-cov,pca,0.38482446699124406,0.6203422176438131
20.0,fixed,3001,3,779839471,node-var,sfa,0.398656776199101,0.6313927273885092
20.0,fixed,3001,3,779839471,node-var,pca,0.38414143949865887,0.6197914483910355
20.0,proportional,2001,3,779839471,edges-corr,sfa,0.610184698021764,0.7811431994338583
20.0,proportional,2001,3,779839471,edges-corr,pca,0.5445120873292373,0.7379106228597314
20.0,proportional,2001,3,779839471,edges-cov,sfa,0.34098203246725367,0.5839366681989171
20.0,proportional,2001,3,779839471,edges-cov,pca,0.34870957382208445,0.5905163620274085
20.0,proportional,2001,3,779839471,node-var,sfa,0.3647681936492594,0.6039604239097622
20.0,proportional,2001,3,779839471,node-var,pca,0.3518306714862588,0.5931531602261408
20.0,fixed,3001,3,781842082,edges-corr,sfa,0.8920734818803213,0.9444964170817808
20.0,fixed,3001,3,781842082,edges-corr,pca,0.8211995571901543,0.9062006164145746
20.0,fixed,3001,3,781842082,edges-cov,sfa,0.5453976305019459,0.7385104132657478
20.0,fixed,3001,3,781842082,edges-cov,pca,0.5287943164236366,0.7271824505745706
20.0,fixed,3001,3,781842082,node-var,sfa,0.5948603590087747,0.7712719099051739
20.0,fixed,3001,3,781842082,node-var,pca,0.558559098004141,0.7473681141205726
20.0,proportional,2001,3,781842082,edges-corr,sfa,0.8824160843165578,0.9393700465293511
20.0,proportional,2001,3,781842082,edges-corr,pca,0.8137535865708134,0.9020829155741797
20.0,proportional,2001,3,781842082,edges-cov,sfa,0.5059937613416097,0.7113323845725082
20.0,proportional,2001,3,781842082,edges-cov,pca,0.49627082042258897,0.704464917808253
20.0,proportional,2001,3,781842082,node-var,sfa,0.5568571130601183,0.7462285930330715
20.0,proportional,2001,3,781842082,node-var,pca,0.5262730646295899,0.7254468034457049
20.0,fixed,3001,3,786091066,edges-corr,sfa,0.04330140097589419,0.20808988676986154
20.0,fixed,3001,3,786091066,edges-corr,pca,0.17517187451246308,0.41853539218620966
20.0,fixed,3001,3,786091066,edges-cov,sfa,0.697585477070074,0.835215826640082
20.0,fixed,3001,3,786091066,edges-cov,pca,0.30307181275175576,0.5505195843489649
20.0,fixed,3001,3,786091066,node-var,sfa,0.7183623651127244,0.8475626024741334
20.0,fixed,3001,3,786091066,node-var,pca,0.6207876563393275,0.7879007909244208
20.0,proportional,2001,3,786091066,edges-corr,sfa,0.029925834915934146,0.1729908521163301
20.0,proportional,2001,3,786091066,edges-corr,pca,0.1325972622912246,0.3641390699873123
20.0,proportional,2001,3,786091066,edges-cov,sfa,0.6815513623585894,0.82556124082868
20.0,proportional,2001,3,786091066,edges-cov,pca,0.22564503860639196,0.47502109280156457
20.0,proportional,2001,3,786091066,node-var,sfa,0.6825485986465398,0.8261649948082644
20.0,proportional,2001,3,786091066,node-var,pca,0.5759893440030328,0.7589396181535346
20.0,fixed,3001,3,787025148,edges-corr,sfa,0.8519856519571012,0.9230306885240054
20.0,fixed,3001,3,787025148,edges-corr,pca,0.8677566142888005,0.9315345480919103
20.0,fixed,3001,3,787025148,edges-cov,sfa,0.852192986740918,0.9231429936585763
20.0,fixed,3001,3,787025148,edges-cov,pca,0.818156852001308,0.9045202330524786
20.0,fixed,3001,3,787025148,node-var,sfa,0.8310707284638299,0.9116308071055029
20.0,fixed,3001,3,787025148,node-var,pca,0.2887984438335056,0.537399705836825
20.0,proportional,2001,3,787025148,edges-corr,sfa,0.7836026581006174,0.8852133404443346
20.0,proportional,2001,3,787025148,edges-corr,pca,0.8376419494619767,0.9152278128761026
20.0,proportional,2001,3,787025148,edges-cov,sfa,0.8211375795830359,0.9061664193640344
20.0,proportional,2001,3,787025148,edges-cov,pca,0.7765803737332893,0.8812379779227008
20.0,proportional,2001,3,787025148,node-var,sfa,0.8010469157203982,0.8950122433354732
20.0,proportional,2001,3,787025148,node-var,pca,0.1710376310560494,0.4135669607887585
20.0,fixed,3001,3,789848216,edges-corr,sfa,0.8846089131054543,0.9405365028032981
20.0,fixed,3001,3,789848216,edges-corr,pca,0.7118142963822338,0.8436908772662155
20.0,fixed,3001,3,789848216,edges-cov,sfa,0.8169957690449817,0.9038781826357929
20.0,fixed,3001,3,789848216,edges-cov,pca,0.5717570231198057,0.75614616518224
20.0,fixed,3001,3,789848216,node-var,sfa,0.7261141344648601,0.8521233094246758
20.0,fixed,3001,3,789848216,node-var,pca,0.36636499041896187,0.6052809185981022
20.0,proportional,2001,3,789848216,edges-corr,sfa,0.8789872117732453,0.9375431786180562
20.0,proportional,2001,3,789848216,edges-corr,pca,0.6834075240395701,0.8266846581614825
20.0,proportional,2001,3,789848216,edges-cov,sfa,0.802621037020025,0.8958911970881446
20.0,proportional,2001,3,789848216,edges-cov,pca,0.5661507616350197,0.7524299047984605
20.0,proportional,2001,3,789848216,node-var,sfa,0.7253787065734302,0.8516916734202776
20.0,proportional,2001,3,789848216,node-var,pca,0.42021588481287964,0.6482406071921755
20.0,fixed,3001,3,793224716,edges-corr,sfa,0.9448054783278744,0.9720110484597757
20.0,fixed,3001,3,793224716,edges-corr,pca,0.93736543521888,0.9681763451039695
20.0,fixed,3001,3,793224716,edges-cov,sfa,0.6670696621741461,0.8167433269847645
20.0,fixed,3001,3,793224716,edges-cov,pca,0.6417522134846059,0.8010943848789629
20.0,fixed,3001,3,793224716,node-var,sfa,0.6832097714734614,0.8265650437040388
20.0,fixed,3001,3,793224716,node-var,pca,0.6700987225878628,0.8185955793845104
20.0,proportional,2001,3,793224716,edges-corr,sfa,0.9310202223856294,0.9648938917754784
20.0,proportional,2001,3,793224716,edges-corr,pca,0.9225385629677789,0.9604887104842923
20.0,proportional,2001,3,793224716,edges-cov,sfa,0.6266982176922706,0.7916427336193226
20.0,proportional,2001,3,793224716,edges-cov,pca,0.6055836226232076,0.7781925357025772
20.0,proportional,2001,3,793224716,node-var,sfa,0.6466160794364009,0.8041244178834527
20.0,proportional,2001,3,793224716,node-var,pca,0.6354238411547911,0.7971347697565251
20.0,fixed,3001,3,794812542,edges-corr,sfa,0.778335022099126,0.8822329749556681
20.0,fixed,3001,3,794812542,edges-corr,pca,0.751153454157545,0.866691095003027
20.0,fixed,3001,3,794812542,edges-cov,sfa,0.6451363499071834,0.8032038034690713
20.0,fixed,3001,3,794812542,edges-cov,pca,0.6159003138678274,0.7847931662978641
20.0,fixed,3001,3,794812542,node-var,sfa,0.6343037304716439,0.7964318743443439
20.0,fixed,3001,3,794812542,node-var,pca,0.6437331469569028,0.8023298242972792
20.0,proportional,2001,3,794812542,edges-corr,sfa,0.7771951045188461,0.8815866971085985
20.0,proportional,2001,3,794812542,edges-corr,pca,0.7378350000126275,0.8589732242698992
20.0,proportional,2001,3,794812542,edges-cov,sfa,0.6108074656142617,0.7815417235274555
20.0,proportional,2001,3,794812542,edges-cov,pca,0.5723067032510548,0.7565095526502339
20.0,proportional,2001,3,794812542,node-var,sfa,0.5956814706962454,0.7718040364601936
20.0,proportional,2001,3,794812542,node-var,pca,0.6041404624030727,0.7772647312229427
20.0,fixed,3001,3,816200189,edges-corr,sfa,0.7008305913179511,0.8371562526302635
20.0,fixed,3001,3,816200189,edges-corr,pca,0.6618789205974557,0.8135594143007967
20.0,fixed,3001,3,816200189,edges-cov,sfa,0.4171287751349333,0.6458550728568548
20.0,fixed,3001,3,816200189,edges-cov,pca,0.42626191109121037,0.6528873647814052
20.0,fixed,3001,3,816200189,node-var,sfa,0.43152869811167105,0.6569084396715192
20.0,fixed,3001,3,816200189,node-var,pca,0.42166413950445814,0.6493567120654552
20.0,proportional,2001,3,816200189,edges-corr,sfa,0.648481520472939,0.8052835031670158
20.0,proportional,2001,3,816200189,edges-corr,pca,0.5958790347035692,0.7719320143014998
20.0,proportional,2001,3,816200189,edges-cov,sfa,0.3576478393605572,0.5980366538604099
20.0,proportional,2001,3,816200189,edges-cov,pca,0.3619677989386805,0.601637597677108
20.0,proportional,2001,3,816200189,node-var,sfa,0.36948567690812617,0.6078533350308511
20.0,proportional,2001,3,816200189,node-var,pca,0.35969445317000304,0.5997453235916071
20.0,fixed,3001,3,829720705,edges-corr,sfa,0.309350936278475,0.5561932544345317
20.0,fixed,3001,3,829720705,edges-corr,pca,0.32994615336332334,0.574409395260317
20.0,fixed,3001,3,829720705,edges-cov,sfa,0.37960307828591133,0.6161193701596388
20.0,fixed,3001,3,829720705,edges-cov,pca,0.350588661762964,0.5921052792898941
20.0,fixed,3001,3,829720705,node-var,sfa,0.3704677144863454,0.6086605905480865
20.0,fixed,3001,3,829720705,node-var,pca,0.3831695653320373,0.6190069186463398
20.0,proportional,2001,3,829720705,edges-corr,sfa,0.31200780947903184,0.5585765923121302
20.0,proportional,2001,3,829720705,edges-corr,pca,0.32562388074429394,0.5706346298151683
20.0,proportional,2001,3,829720705,edges-cov,sfa,0.35462429773195114,0.595503398589758
20.0,proportional,2001,3,829720705,edges-cov,pca,0.3260733959603197,0.5710283670364543
20.0,proportional,2001,3,829720705,node-var,sfa,0.34628114551700107,0.5884565791262782
20.0,proportional,2001,3,829720705,node-var,pca,0.3576779009439114,0.5980617868948925
20.0,fixed,3001,3,831882777,edges-corr,sfa,0.19630426534384493,0.4430623718437907
20.0,fixed,3001,3,831882777,edges-corr,pca,0.00502002179128247,0.07085211211588999
20.0,fixed,3001,3,831882777,edges-cov,sfa,0.5028173047525197,0.7090961181338685
20.0,fixed,3001,3,831882777,edges-cov,pca,0.4462554233014028,0.6680235200211164
20.0,fixed,3001,3,831882777,node-var,sfa,0.4927857606899356,0.7019870089182092
20.0,fixed,3001,3,831882777,node-var,pca,0.4919155640131124,0.701366925377233
20.0,proportional,2001,3,831882777,edges-corr,sfa,0.13498498389472535,0.3674030265181899
20.0,proportional,2001,3,831882777,edges-corr,pca,0.0010239592710840073,0.0319993636043592
20.0,proportional,2001,3,831882777,edges-cov,sfa,0.4360112219441781,0.6603114582863
20.0,proportional,2001,3,831882777,edges-cov,pca,0.39721462557566223,0.6302496533721075
20.0,proportional,2001,3,831882777,node-var,sfa,0.4172695995160879,0.6459640853144137
20.0,proportional,2001,3,831882777,node-var,pca,0.4158947482875268,0.6448990217759123
20.0,fixed,3001,3,835479236,edges-corr,sfa,0.012669649761296031,0.1125595387397089
20.0,fixed,3001,3,835479236,edges-corr,pca,0.010014567503337402,0.10007281100947014
20.0,fixed,3001,3,835479236,edges-cov,sfa,0.0005607460612658821,0.0236800773070092
20.0,fixed,3001,3,835479236,edges-cov,pca,0.0005073087533457032,0.022523515563635743
20.0,fixed,3001,3,835479236,node-var,sfa,0.0006061450823507952,0.024620013857644132
20.0,fixed,3001,3,835479236,node-var,pca,0.0006599956944279839,0.02569038136010624
20.0,proportional,2001,3,835479236,edges-corr,sfa,0.00734056620871637,0.0856771043436703
20.0,proportional,2001,3,835479236,edges-corr,pca,0.006086350020400255,0.07801506277892786
20.0,proportional,2001,3,835479236,edges-cov,sfa,0.00034682322414392175,0.018623190493138715
20.0,proportional,2001,3,835479236,edges-cov,pca,0.00032726263380011833,0.01809040170365952
20.0,proportional,2001,3,835479236,node-var,sfa,0.0003984049951668567,0.019960085049083184
20.0,proportional,2001,3,835479236,node-var,pca,0.00045037802617609035,0.021222111727532262
20.0,fixed,3001,3,839068429,edges-corr,sfa,0.1936593470969037,0.44006743471529947
20.0,fixed,3001,3,839068429,edges-corr,pca,0.003177523013485173,0.05636952202640322
20.0,fixed,3001,3,839068429,edges-cov,sfa,0.006643406654908146,0.08150709573348851
20.0,fixed,3001,3,839068429,edges-cov,pca,0.00022491748223174568,0.014997249155486649
20.0,fixed,3001,3,839068429,node-var,sfa,0.04916147293586881,0.22172386641015648
20.0,fixed,3001,3,839068429,node-var,pca,0.005499426188797618,0.07415811613571131
20.0,proportional,2001,3,839068429,edges-corr,sfa,0.07722767119343554,0.2778986707298829
20.0,proportional,2001,3,839068429,edges-corr,pca,0.0036870073180294005,0.060720732192797985
20.0,proportional,2001,3,839068429,edges-cov,sfa,6.331675424864347e-05,0.007957182557207086
20.0,proportional,2001,3,839068429,edges-cov,pca,0.0028411648477104645,0.05330257824637001
20.0,proportional,2001,3,839068429,node-var,sfa,0.002968147776203689,0.05448071012939949
20.0,proportional,2001,3,839068429,node-var,pca,0.01509196610418373,0.1228493634667425
20.0,fixed,3001,3,847657808,edges-corr,sfa,0.6181703582503022,0.7862381053156259
20.0,fixed,3001,3,847657808,edges-corr,pca,0.537879724311447,0.7334028390396711
20.0,fixed,3001,3,847657808,edges-cov,sfa,0.42154321103701475,0.6492635913379219
20.0,fixed,3001,3,847657808,edges-cov,pca,0.42853243218391424,0.6546238860474894
20.0,fixed,3001,3,847657808,node-var,sfa,0.5782988579011628,0.7604596359447114
20.0,fixed,3001,3,847657808,node-var,pca,0.4898870866504579,0.6999193429606436
20.0,proportional,2001,3,847657808,edges-corr,sfa,0.586810827421447,0.7660357872981183
20.0,proportional,2001,3,847657808,edges-corr,pca,0.489433631432023,0.6995953340553576
20.0,proportional,2001,3,847657808,edges-cov,sfa,0.3834403024469203,0.6192255666935275
20.0,proportional,2001,3,847657808,edges-cov,pca,0.39211789736953007,0.6261931789548113
20.0,proportional,2001,3,847657808,node-var,sfa,0.5072548126893794,0.712218233892801
20.0,proportional,2001,3,847657808,node-var,pca,0.3268315510775881,0.5716918322641923
20.0,fixed,3001,4,766640955,edges-corr,sfa,0.6447014002883116,0.8029329986295927
20.0,fixed,3001,4,766640955,edges-corr,pca,0.41482287698696263,0.6440674475448681
20.0,fixed,3001,4,766640955,edges-cov,sfa,0.4587861419938095,0.6773375391884086
20.0,fixed,3001,4,766640955,edges-cov,pca,0.30419362278637774,0.5515375080503381
20.0,fixed,3001,4,766640955,node-var,sfa,0.43495148641246684,0.659508518832369
20.0,fixed,3001,4,766640955,node-var,pca,0.2911129353102392,0.5395488256962843
20.0,proportional,2001,4,766640955,edges-corr,sfa,0.6421921401382158,0.8013689163788525
20.0,proportional,2001,4,766640955,edges-corr,pca,0.3924831542859438,0.6264847598193789
20.0,proportional,2001,4,766640955,edges-cov,sfa,0.42665101152829055,0.6531852811632324
20.0,proportional,2001,4,766640955,edges-cov,pca,0.28075942958874156,0.5298673698094084
20.0,proportional,2001,4,766640955,node-var,sfa,0.41041444653740133,0.6406359703742844
20.0,proportional,2001,4,766640955,node-var,pca,0.255791956754973,0.5057587930574935
20.0,fixed,3001,4,767871931,edges-corr,sfa,0.6212953614440853,0.7882229135492608
20.0,fixed,3001,4,767871931,edges-corr,pca,0.547060425685358,0.7396353329076132
20.0,fixed,3001,4,767871931,edges-cov,sfa,0.6166850313430688,0.7852929589287493
20.0,fixed,3001,4,767871931,edges-cov,pca,0.5922782180737713,0.7695961395912596
20.0,fixed,3001,4,767871931,node-var,sfa,0.6484529914970751,0.8052657893497486
20.0,fixed,3001,4,767871931,node-var,pca,0.6122013487487226,0.7824329675753213
20.0,proportional,2001,4,767871931,edges-corr,sfa,0.5937525254084927,0.7705533890707991
20.0,proportional,2001,4,767871931,edges-corr,pca,0.526004758003533,0.7252618547831735
20.0,proportional,2001,4,767871931,edges-cov,sfa,0.5883015598131625,0.7670081875789636
20.0,proportional,2001,4,767871931,edges-cov,pca,0.5198563562439307,0.7210106491889908
20.0,proportional,2001,4,767871931,node-var,sfa,0.6098774346892688,0.7809464992489992
20.0,proportional,2001,4,767871931,node-var,pca,0.4988961689214637,0.706325823484788
20.0,fixed,3001,4,771160300,edges-corr,sfa,0.8835896786578816,0.9399945099083749
20.0,fixed,3001,4,771160300,edges-corr,pca,0.8992447408740538,0.9482851579952372
20.0,fixed,3001,4,771160300,edges-cov,sfa,0.621603439417663,0.7884183149938002
20.0,fixed,3001,4,771160300,edges-cov,pca,0.5360551760858734,0.7321578901342766
20.0,fixed,3001,4,771160300,node-var,sfa,0.5946724275886186,0.7711500681375957
20.0,fixed,3001,4,771160300,node-var,pca,0.5154339103760726,0.7179372607519913
20.0,proportional,2001,4,771160300,edges-corr,sfa,0.8721558762775194,0.9338928612413305
20.0,proportional,2001,4,771160300,edges-corr,pca,0.8836134618599348,0.9400071605365209
20.0,proportional,2001,4,771160300,edges-cov,sfa,0.5636560653961884,0.7507703146743272
20.0,proportional,2001,4,771160300,edges-cov,pca,0.49241437625945583,0.701722435339968
20.0,proportional,2001,4,771160300,node-var,sfa,0.5531553707805912,0.7437441568043333
20.0,proportional,2001,4,771160300,node-var,pca,0.47530548301552755,0.6894240226562514
20.0,fixed,3001,4,771990200,edges-corr,sfa,0.8412358853902078,0.9171891219318977
20.0,fixed,3001,4,771990200,edges-corr,pca,0.8121900777032842,0.9012158885102307
20.0,fixed,3001,4,771990200,edges-cov,sfa,0.825314148227485,0.9084680226774542
20.0,fixed,3001,4,771990200,edges-cov,pca,0.6294139083545133,0.7933561043784267
20.0,fixed,3001,4,771990200,node-var,sfa,0.7099400123433794,0.8425793804404309
20.0,fixed,3001,4,771990200,node-var,pca,0.5293114529044918,0.72753793915128
20.0,proportional,2001,4,771990200,edges-corr,sfa,0.8184884454563536,0.9047035124593885
20.0,proportional,2001,4,771990200,edges-corr,pca,0.775051720392482,0.8803702178018522
20.0,proportional,2001,4,771990200,edges-cov,sfa,0.7963088522093399,0.8923613910346747
20.0,proportional,2001,4,771990200,edges-cov,pca,0.5550237325186989,0.744999149340922
20.0,proportional,2001,4,771990200,node-var,sfa,0.6514106795053607,0.8071001669590724
20.0,proportional,2001,4,771990200,node-var,pca,0.4693874301676074,0.6851185519073383
20.0,fixed,3001,4,774875821,edges-corr,sfa,0.7665041867598453,0.8755022482894274
20.0,fixed,3001,4,774875821,edges-corr,pca,0.5805634173584853,0.7619471224163036
20.0,fixed,3001,4,774875821,edges-cov,sfa,0.618610139053597,0.7865177296498753
20.0,fixed,3001,4,774875821,edges-cov,pca,0.5189750993263463,0.7203992638296811
20.0,fixed,3001,4,774875821,node-var,sfa,0.610476593139797,0.781330015511882
20.0,fixed,3001,4,774875821,node-var,pca,0.5433573705520285,0.7371277844119221
20.0,proportional,2001,4,774875821,edges-corr,sfa,0.7481007190753725,0.8649281583318755
20.0,proportional,2001,4,774875821,edges-corr,pca,0.5181924654805153,0.7198558643787758
20.0,proportional,2001,4,774875821,edges-cov,sfa,0.5655558845941073,0.7520344969441933
20.0,proportional,2001,4,774875821,edges-cov,pca,0.4584287291142872,0.6770736511741454
20.0,proportional,2001,4,774875821,node-var,sfa,0.5591046552159711,0.7477330106501731
20.0,proportional,2001,4,774875821,node-var,pca,0.4861851166425415,0.6972697588756747
20.0,fixed,3001,4,778240327,edges-corr,sfa,0.7909278685481781,0.8893412553953487
20.0,fixed,3001,4,778240327,edges-corr,pca,0.702900481042093,0.8383916036328668
20.0,fixed,3001,4,778240327,edges-cov,sfa,0.7623135685019857,0.8731057029374988
20.0,fixed,3001,4,778240327,edges-cov,pca,0.6868561123553862,0.828767827775298
20.0,fixed,3001,4,778240327,node-var,sfa,0.7457771055915949,0.8635838729339482
20.0,fixed,3001,4,778240327,node-var,pca,0.6958791398086182,0.834193706406741
20.0,proportional,2001,4,778240327,edges-corr,sfa,0.7730921515441036,0.8792565902761853
20.0,proportional,2001,4,778240327,edges-corr,pca,0.6583003597815731,0.8113571098977149
20.0,proportional,2001,4,778240327,edges-cov,sfa,0.753593674791627,0.8680977334330662
20.0,proportional,2001,4,778240327,edges-cov,pca,0.6639309808807972,0.81481960020657
20.0,proportional,2001,4,778240327,node-var,sfa,0.7317862723148826,0.8554450726463294
20.0,proportional,2001,4,778240327,node-var,pca,0.6750876572752338,0.8216371810447917
20.0,fixed,3001,4,778998620,edges-corr,sfa,0.8370600461184375,0.9149098568265837
20.0,fixed,3001,4,778998620,edges-corr,pca,0.7720842271672059,0.8786832348276624
20.0,fixed,3001,4,778998620,edges-cov,sfa,0.46174246699034815,0.679516347846281
20.0,fixed,3001,4,778998620,edges-cov,pca,0.47601390247309683,0.6899376076668782
20.0,fixed,3001,4,778998620,node-var,sfa,0.5217850018729342,0.7223468708819422
20.0,fixed,3001,4,778998620,node-var,pca,0.4418012583260785,0.6646813208794721
20.0,proportional,2001,4,778998620,edges-corr,sfa,0.8109208049993314,0.9005114130311356
20.0,proportional,2001,4,778998620,edges-corr,pca,0.7418722240260784,0.861320047384293
20.0,proportional,2001,4,778998620,edges-cov,sfa,0.42555004368569027,0.6523419683614483
20.0,proportional,2001,4,778998620,edges-cov,pca,0.4374051133368091,0.6613660963012903
20.0,proportional,2001,4,778998620,node-var,sfa,0.48255250277265815,0.6946599907671788
20.0,proportional,2001,4,778998620,node-var,pca,0.40618895874995153,0.6373295527040561
20.0,fixed,3001,4,779839471,edges-corr,sfa,0.6434427000340153,0.802148801678353
20.0,fixed,3001,4,779839471,edges-corr,pca,0.5729170426359376,0.7569128368814596
20.0,fixed,3001,4,779839471,edges-cov,sfa,0.5398988084116858,0.7347780674541713
20.0,fixed,3001,4,779839471,edges-cov,pca,0.5190909011115531,0.7204796326833631
20.0,fixed,3001,4,779839471,node-var,sfa,0.5436430865825269,0.7373215625373546
20.0,fixed,3001,4,779839471,node-var,pca,0.5383166733441591,0.7337006701265572
20.0,proportional,2001,4,779839471,edges-corr,sfa,0.6085082834541149,0.7800694093823425
20.0,proportional,2001,4,779839471,edges-corr,pca,0.546799611241582,0.7394589990267086
20.0,proportional,2001,4,779839471,edges-cov,sfa,0.4857281494159855,0.6969419986024569
20.0,proportional,2001,4,779839471,edges-cov,pca,0.4652656292651479,0.6821038258690154
20.0,proportional,2001,4,779839471,node-var,sfa,0.4899829878432419,0.6999878483539882
20.0,proportional,2001,4,779839471,node-var,pca,0.486240895454106,0.6973097557428166
20.0,fixed,3001,4,781842082,edges-corr,sfa,0.8769796307970501,0.9364719060372549
20.0,fixed,3001,4,781842082,edges-corr,pca,0.787145959962065,0.8872124660767926
20.0,fixed,3001,4,781842082,edges-cov,sfa,0.5355601985614136,0.7318197855766237
20.0,fixed,3001,4,781842082,edges-cov,pca,0.5142899215662722,0.717140098980858
20.0,fixed,3001,4,781842082,node-var,sfa,0.581674718728715,0.7626760247501628
20.0,fixed,3001,4,781842082,node-var,pca,0.543532882024443,0.737246825713372
20.0,proportional,2001,4,781842082,edges-corr,sfa,0.8636273611797463,0.9293155337019542
20.0,proportional,2001,4,781842082,edges-corr,pca,0.772202972224684,0.8787508021189423
20.0,proportional,2001,4,781842082,edges-cov,sfa,0.48801095675594675,0.6985778100941578
20.0,proportional,2001,4,781842082,edges-cov,pca,0.47345217841403786,0.6880786135421133
20.0,proportional,2001,4,781842082,node-var,sfa,0.5367456016973071,0.7326292389041704
20.0,proportional,2001,4,781842082,node-var,pca,0.5041861686431542,0.7100606795501018
20.0,fixed,3001,4,786091066,edges-corr,sfa,0.26424759942261333,0.5140501915402939
20.0,fixed,3001,4,786091066,edges-corr,pca,0.23286560283488533,0.4825615016087436
20.0,fixed,3001,4,786091066,edges-cov,sfa,0.6788453855300319,0.8239207398348641
20.0,fixed,3001,4,786091066,edges-cov,pca,0.36097129214719037,0.6008088649039643
20.0,fixed,3001,4,786091066,node-var,sfa,0.7298220917506241,0.8542962552596263
20.0,fixed,3001,4,786091066,node-var,pca,0.6784486429430088,0.8236799396264385
20.0,proportional,2001,4,786091066,edges-corr,sfa,0.19438601390917853,0.4408922928666121
20.0,proportional,2001,4,786091066,edges-corr,pca,0.16924900009892496,0.4113988333708845
20.0,proportional,2001,4,786091066,edges-cov,sfa,0.6791356454575206,0.8240968665499945
20.0,proportional,2001,4,786091066,edges-cov,pca,0.27940953394225176,0.5285920297755637
20.0,proportional,2001,4,786091066,node-var,sfa,0.7095265772184689,0.8423340057355319
20.0,proportional,2001,4,786091066,node-var,pca,0.649470638722865,0.8058974120338553
20.0,fixed,3001,4,787025148,edges-corr,sfa,0.8510189835342072,0.9225069016187399
20.0,fixed,3001,4,787025148,edges-corr,pca,0.8663889483745971,0.9308001656502843
20.0,fixed,3001,4,787025148,edges-cov,sfa,0.8531631664437971,0.9236683205803907
20.0,fixed,3001,4,787025148,edges-cov,pca,0.8181206555096112,0.9045002241622787
20.0,fixed,3001,4,787025148,node-var,sfa,0.8402851032787031,0.9166706623857371
20.0,fixed,3001,4,787025148,node-var,pca,0.2948690951064761,0.5430185034660191
20.0,proportional,2001,4,787025148,edges-corr,sfa,0.7835545211929934,0.8851861505881079
20.0,proportional,2001,4,787025148,edges-corr,pca,0.8349110124443183,0.9137346510034068
20.0,proportional,2001,4,787025148,edges-cov,sfa,0.8232111881419811,0.9073098633553935
20.0,proportional,2001,4,787025148,edges-cov,pca,0.7777263508240967,0.8818879468640539
20.0,proportional,2001,4,787025148,node-var,sfa,0.8118782241579457,0.9010428536745363
20.0,proportional,2001,4,787025148,node-var,pca,0.17538884727557003,0.41879451676875007
20.0,fixed,3001,4,789848216,edges-corr,sfa,0.9393910046951258,0.9692218552504487
20.0,fixed,3001,4,789848216,edges-corr,pca,0.8657807059861078,0.930473377365579
20.0,fixed,3001,4,789848216,edges-cov,sfa,0.9283896768415143,0.9635298007023533
20.0,fixed,3001,4,789848216,edges-cov,pca,0.7311865247843268,0.8550944537209485
20.0,fixed,3001,4,789848216,node-var,sfa,0.8397293619163309,0.9163674819177786
20.0,fixed,3001,4,789848216,node-var,pca,0.35019915568579163,0.5917762716481556
20.0,proportional,2001,4,789848216,edges-corr,sfa,0.9273560060419543,0.9629932533730198
20.0,proportional,2001,4,789848216,edges-corr,pca,0.8303570007315171,0.9112392664561354
20.0,proportional,2001,4,789848216,edges-cov,sfa,0.9050356587823343,0.9513336211773088
20.0,proportional,2001,4,789848216,edges-cov,pca,0.677605423005516,0.8231679190818337
20.0,proportional,2001,4,789848216,node-var,sfa,0.8077692515369712,0.8987598408568157
20.0,proportional,2001,4,789848216,node-var,pca,0.3378842305213129,0.5812781008444345
20.0,fixed,3001,4,793224716,edges-corr,sfa,0.9454622798011915,0.972348846762926
20.0,fixed,3001,4,793224716,edges-corr,pca,0.9348191561084778,0.966860463618445
20.0,fixed,3001,4,793224716,edges-cov,sfa,0.6672760355753954,0.816869656417346
20.0,fixed,3001,4,793224716,edges-cov,pca,0.6466861521813001,0.8041679875382396
20.0,fixed,3001,4,793224716,node-var,sfa,0.6826413456030123,0.8262211239147859
20.0,fixed,3001,4,793224716,node-var,pca,0.6632714684966695,0.8144148012509778
20.0,proportional,2001,4,793224716,edges-corr,sfa,0.9308135826051309,0.9647868068154392
20.0,proportional,2001,4,793224716,edges-corr,pca,0.9189679979553084,0.9586281854584227
20.0,proportional,2001,4,793224716,edges-cov,sfa,0.6254547702937748,0.7908569847284503
20.0,proportional,2001,4,793224716,edges-cov,pca,0.6058406496022568,0.7783576617482862
20.0,proportional,2001,4,793224716,node-var,sfa,0.6439053399005943,0.8024371252008439
20.0,proportional,2001,4,793224716,node-var,pca,0.6267711438626199,0.7916887923058027
20.0,fixed,3001,4,794812542,edges-corr,sfa,0.7650576143627623,0.8746757195456851
20.0,fixed,3001,4,794812542,edges-corr,pca,0.728434735713646,0.8534838813437821
20.0,fixed,3001,4,794812542,edges-cov,sfa,0.6548969910454214,0.8092570611650033
20.0,fixed,3001,4,794812542,edges-cov,pca,0.6178921361933047,0.7860611529603178
20.0,fixed,3001,4,794812542,node-var,sfa,0.6388539105964475,0.7992833731515062
20.0,fixed,3001,4,794812542,node-var,pca,0.6448460903452669,0.8030230945279638
20.0,proportional,2001,4,794812542,edges-corr,sfa,0.7679205084951702,0.8763107374072119
20.0,proportional,2001,4,794812542,edges-corr,pca,0.7180346695544012,0.8473692639896744
20.0,proportional,2001,4,794812542,edges-cov,sfa,0.6173907276037445,0.7857421508381398
20.0,proportional,2001,4,794812542,edges-cov,pca,0.5689660121868212,0.7542983575395216
20.0,proportional,2001,4,794812542,node-var,sfa,0.5950222632674198,0.7713768620249246
20.0,proportional,2001,4,794812542,node-var,pca,0.600989212303433,0.7752349400687731
20.0,fixed,3001,4,816200189,edges-corr,sfa,0.7011376415393605,0.8373396213839182
20.0,fixed,3001,4,816200189,edges-corr,pca,0.6612679011490314,0.8131838052673155
20.0,fixed,3001,4,816200189,edges-cov,sfa,0.41755963499709137,0.6461885444644563
20.0,fixed,3001,4,816200189,edges-cov,pca,0.4264845744589705,0.6530578645564059
20.0,fixed,3001,4,816200189,node-var,sfa,0.4319240515070766,0.6572092904905391
20.0,fixed,3001,4,816200189,node-var,pca,0.42205666114199936,0.6496588805996572
20.0,proportional,2001,4,816200189,edges-corr,sfa,0.6489200359105747,0.8055557311015602
20.0,proportional,2001,4,816200189,edges-corr,pca,0.5950655937332068,0.7714049479574302
20.0,proportional,2001,4,816200189,edges-cov,sfa,0.3584907766366259,0.5987409929482245
20.0,proportional,2001,4,816200189,edges-cov,pca,0.3625707446377229,0.6021384762973738
20.0,proportional,2001,4,816200189,node-var,sfa,0.37028492062568397,0.6085104112713953
20.0,proportional,2001,4,816200189,node-var,pca,0.36046555234306066,0.6003878349392662
20.0,fixed,3001,4,829720705,edges-corr,sfa,0.047826914341884574,0.21869365409605465
20.0,fixed,3001,4,829720705,edges-corr,pca,0.08329947374418267,0.28861648210762736
20.0,fixed,3001,4,829720705,edges-cov,sfa,0.3111385159502693,0.5577979167675959
20.0,fixed,3001,4,829720705,edges-cov,pca,0.27422377290250033,0.5236637975862954
20.0,fixed,3001,4,829720705,node-var,sfa,0.29797092986205054,0.5458671357226492
20.0,fixed,3001,4,829720705,node-var,pca,0.30938248176286964,0.5562216120961768
20.0,proportional,2001,4,829720705,edges-corr,sfa,0.07077948760995645,0.2660441459794899
20.0,proportional,2001,4,829720705,edges-corr,pca,0.11287748769699901,0.33597245080065563
20.0,proportional,2001,4,829720705,edges-cov,sfa,0.316620967611978,0.5626908277304493
20.0,proportional,2001,4,829720705,edges-cov,pca,0.28061774541070317,0.5297336551614434
20.0,proportional,2001,4,829720705,node-var,sfa,0.30660597233596687,0.5537201209419492
20.0,proportional,2001,4,829720705,node-var,pca,0.31588670702153043,0.5620379942864449
20.0,fixed,3001,4,831882777,edges-corr,sfa,0.19643416696664562,0.4432089427873115
20.0,fixed,3001,4,831882777,edges-corr,pca,0.005432615155628762,0.07370627622956355
20.0,fixed,3001,4,831882777,edges-cov,sfa,0.4955919869228016,0.703982945051088
20.0,fixed,3001,4,831882777,edges-cov,pca,0.42887599775937035,0.6548862479540789
20.0,fixed,3001,4,831882777,node-var,sfa,0.4877750836648045,0.6984089659109501
20.0,fixed,3001,4,831882777,node-var,pca,0.48642815256622307,0.6974440139295927
20.0,proportional,2001,4,831882777,edges-corr,sfa,0.13389465673737555,0.36591618813244153
20.0,proportional,2001,4,831882777,edges-corr,pca,0.0010722143406710627,0.03274468415897923
20.0,proportional,2001,4,831882777,edges-cov,sfa,0.4240701735822249,0.6512067057257808
20.0,proportional,2001,4,831882777,edges-cov,pca,0.3846379721584756,0.6201918833381129
20.0,proportional,2001,4,831882777,node-var,sfa,0.4094583524774904,0.6398893283041138
20.0,proportional,2001,4,831882777,node-var,pca,0.4079459882066405,0.6387064961362449
20.0,fixed,3001,4,835479236,edges-corr,sfa,0.20974812318241465,0.4579826669017232
20.0,fixed,3001,4,835479236,edges-corr,pca,0.1468787262321528,0.3832476043397439
20.0,fixed,3001,4,835479236,edges-cov,sfa,0.003960117835879129,0.06292946715076622
20.0,fixed,3001,4,835479236,edges-cov,pca,3.2113945402922894e-07,0.0005666916746055556
20.0,fixed,3001,4,835479236,node-var,sfa,0.0011284117696098717,0.03359184081901421
20.0,fixed,3001,4,835479236,node-var,pca,0.0014708628337299912,0.03835182960081512
20.0,proportional,2001,4,835479236,edges-corr,sfa,0.1537773686763838,0.39214457624246624
20.0,proportional,2001,4,835479236,edges-corr,pca,0.1134285811642064,0.3367915990107332
20.0,proportional,2001,4,835479236,edges-cov,sfa,0.0017974392893730373,0.04239621786637273
20.0,proportional,2001,4,835479236,edges-cov,pca,1.104860271161634e-06,0.0010511233377424746
20.0,proportional,2001,4,835479236,node-var,sfa,0.0003796279470168473,0.019484043394961476
20.0,proportional,2001,4,835479236,node-var,pca,0.0010110726058817354,0.03179736790807827
20.0,fixed,3001,4,839068429,edges-corr,sfa,0.07287963920676266,0.2699622921942287
20.0,fixed,3001,4,839068429,edges-corr,pca,0.07311539701521552,0.27039858915167264
20.0,fixed,3001,4,839068429,edges-cov,sfa,0.3061630365836886,0.5533200128168968
20.0,fixed,3001,4,839068429,edges-cov,pca,0.2551217142815415,0.5050957476375556
20.0,fixed,3001,4,839068429,node-var,sfa,0.28206162558782466,0.5310947425721931
20.0,fixed,3001,4,839068429,node-var,pca,0.30467842778092336,0.5519768362720688
20.0,proportional,2001,4,839068429,edges-corr,sfa,0.0792065917803858,0.2814366567815673
20.0,proportional,2001,4,839068429,edges-corr,pca,0.04186383922760961,0.20460654737229156
20.0,proportional,2001,4,839068429,edges-cov,sfa,0.3199662371242531,0.5656555817140416
20.0,proportional,2001,4,839068429,edges-cov,pca,0.24216157698131724,0.49209915360760265
20.0,proportional,2001,4,839068429,node-var,sfa,0.29181758784733247,0.5402014326594592
20.0,proportional,2001,4,839068429,node-var,pca,0.3044676905847551,0.5517859100998822
20.0,fixed,3001,4,847657808,edges-corr,sfa,0.6700613721900261,0.8185727653605538
20.0,fixed,3001,4,847657808,edges-corr,pca,0.5766491253070655,0.7593741668683918
20.0,fixed,3001,4,847657808,edges-cov,sfa,0.3412066623569938,0.5841289775015388
20.0,fixed,3001,4,847657808,edges-cov,pca,0.36357258479443555,0.6029698042144688
20.0,fixed,3001,4,847657808,node-var,sfa,0.5928629033958,0.7699759109191677
20.0,fixed,3001,4,847657808,node-var,pca,0.4473188317105211,0.6688189827677747
20.0,proportional,2001,4,847657808,edges-corr,sfa,0.6310312570256598,0.794374758552699
20.0,proportional,2001,4,847657808,edges-corr,pca,0.503092808523184,0.7092903555830892
20.0,proportional,2001,4,847657808,edges-cov,sfa,0.30788919985836516,0.5548776440426891
20.0,proportional,2001,4,847657808,edges-cov,pca,0.3343954556041001,0.5782693624982225
20.0,proportional,2001,4,847657808,node-var,sfa,0.5257499867144373,0.725086192610534
20.0,proportional,2001,4,847657808,node-var,pca,0.3246171300326176,0.5697518144180113
15.0,fixed,3001,0,766640955,edges-corr,sfa,0.5681339200766513,0.7537465887661782
15.0,fixed,3001,0,766640955,edges-corr,pca,0.40007312162285547,0.6325133371106517
15.0,fixed,3001,0,766640955,edges-cov,sfa,0.4040455961159327,0.6356458102716734
15.0,fixed,3001,0,766640955,edges-cov,pca,0.2962407605930363,0.5442800387604122
15.0,fixed,3001,0,766640955,node-var,sfa,0.4285522013597277,0.6546389855177636
15.0,fixed,3001,0,766640955,node-var,pca,0.283660900868443,0.5325982546614688
15.0,proportional,1501,0,766640955,edges-corr,sfa,0.5579434596409958,0.7469561296629113
15.0,proportional,1501,0,766640955,edges-corr,pca,0.36710726582234865,0.6058937743716689
15.0,proportional,1501,0,766640955,edges-cov,sfa,0.359254752957618,0.5993786390568291
15.0,proportional,1501,0,766640955,edges-cov,pca,0.26943588376305927,0.5190721373403311
15.0,proportional,1501,0,766640955,node-var,sfa,0.4017758948775628,0.6338579453454565
15.0,proportional,1501,0,766640955,node-var,pca,0.23697097674208778,0.4867966482445082
15.0,fixed,3001,0,767871931,edges-corr,sfa,0.3337036123578153,0.577670851227423
15.0,fixed,3001,0,767871931,edges-corr,pca,0.26890757607001925,0.5185629914195768
15.0,fixed,3001,0,767871931,edges-cov,sfa,0.2951754261406526,0.5433004934110142
15.0,fixed,3001,0,767871931,edges-cov,pca,0.30433699226396604,0.551667465294054
15.0,fixed,3001,0,767871931,node-var,sfa,0.36301774714145085,0.6025095411206781
15.0,fixed,3001,0,767871931,node-var,pca,0.13201497925262418,0.36333865642486235
15.0,proportional,1501,0,767871931,edges-corr,sfa,0.3508126978223478,0.592294435076295
15.0,proportional,1501,0,767871931,edges-corr,pca,0.2803111332486321,0.5294441738735359
15.0,proportional,1501,0,767871931,edges-cov,sfa,0.32677373159730294,0.5716412612795757
15.0,proportional,1501,0,767871931,edges-cov,pca,0.213164841803839,0.46169778189183436
15.0,proportional,1501,0,767871931,node-var,sfa,0.35412776710584315,0.5950863526462705
15.0,proportional,1501,0,767871931,node-var,pca,0.023189255295567368,0.1522801868122287
15.0,fixed,3001,0,771160300,edges-corr,sfa,0.8863967024603968,0.9414864324356433
15.0,fixed,3001,0,771160300,edges-corr,pca,0.9126163785017064,0.9553095720768793
15.0,fixed,3001,0,771160300,edges-cov,sfa,0.7449084903819996,0.8630808133552744
15.0,fixed,3001,0,771160300,edges-cov,pca,0.6307874818845629,0.7942213053579985
15.0,fixed,3001,0,771160300,node-var,sfa,0.6707417734481338,0.8189882620942333
15.0,fixed,3001,0,771160300,node-var,pca,0.5784663877435425,0.7605697783527451
15.0,proportional,1501,0,771160300,edges-corr,sfa,0.8662995546280366,0.9307521445734278
15.0,proportional,1501,0,771160300,edges-corr,pca,0.8790991661071654,0.9376028829452073
15.0,proportional,1501,0,771160300,edges-cov,sfa,0.6257227075638341,0.7910263633810394
15.0,proportional,1501,0,771160300,edges-cov,pca,0.5247348429400076,0.7243858384452349
15.0,proportional,1501,0,771160300,node-var,sfa,0.5819093274522392,0.7628298155239067
15.0,proportional,1501,0,771160300,node-var,pca,0.4928925380873189,0.7020630584835812
15.0,fixed,3001,0,771990200,edges-corr,sfa,0.8183668880545164,0.90463632917019
15.0,fixed,3001,0,771990200,edges-corr,pca,0.7510659143357734,0.8666405912117058
15.0,fixed,3001,0,771990200,edges-cov,sfa,0.7711112371249622,0.8781293965726005
15.0,fixed,3001,0,771990200,edges-cov,pca,0.5260494158029367,0.7252926414923405
15.0,fixed,3001,0,771990200,node-var,sfa,0.6437959187958,0.8023689418190362
15.0,fixed,3001,0,771990200,node-var,pca,0.38085511698952634,0.6171346020031021
15.0,proportional,1501,0,771990200,edges-corr,sfa,0.7810983298511684,0.8837976747260462
15.0,proportional,1501,0,771990200,edges-corr,pca,0.6742580339305011,0.8211321659334134
15.0,proportional,1501,0,771990200,edges-cov,sfa,0.7179772955774826,0.8473354091370665
15.0,proportional,1501,0,771990200,edges-cov,pca,0.4067447927310637,0.6377654684373115
15.0,proportional,1501,0,771990200,node-var,sfa,0.5594061272752096,0.7479345741942992
15.0,proportional,1501,0,771990200,node-var,pca,0.31224972715935506,0.5587930987041221
15.0,fixed,3001,0,774875821,edges-corr,sfa,0.7550026943177948,0.8689089102534262
15.0,fixed,3001,0,774875821,edges-corr,pca,0.5592516394540408,0.7478312907695429
15.0,fixed,3001,0,774875821,edges-cov,sfa,0.6166161233064323,0.7852490836075099
15.0,fixed,3001,0,774875821,edges-cov,pca,0.5188494125521129,0.7203120244394886
15.0,fixed,3001,0,774875821,node-var,sfa,0.6076235857768121,0.7795021396871276
15.0,fixed,3001,0,774875821,node-var,pca,0.5428710062778299,0.7367978055598615
15.0,proportional,1501,0,774875821,edges-corr,sfa,0.7490490854420286,0.8654762188772303
15.0,proportional,1501,0,774875821,edges-corr,pca,0.4845908755315421,0.6961256176377514
15.0,proportional,1501,0,774875821,edges-cov,sfa,0.5519494742910153,0.7429330214030159
15.0,proportional,1501,0,774875821,edges-cov,pca,0.43179821136168994,0.6571135452581169
15.0,proportional,1501,0,774875821,node-var,sfa,0.5412565498677367,0.7357013999359627
15.0,proportional,1501,0,774875821,node-var,pca,0.46211836958257824,0.6797928872697755
15.0,fixed,3001,0,778240327,edges-corr,sfa,0.8042273132660742,0.8967872173855242
15.0,fixed,3001,0,778240327,edges-corr,pca,0.7708947235451105,0.878006106781218
15.0,fixed,3001,0,778240327,edges-cov,sfa,0.7906759924304019,0.889199635869471
15.0,fixed,3001,0,778240327,edges-cov,pca,0.6523499019658141,0.8076818073757848
15.0,fixed,3001,0,778240327,node-var,sfa,0.7316083816830075,0.8553410908421321
15.0,fixed,3001,0,778240327,node-var,pca,0.6482562885793571,0.8051436446866855
15.0,proportional,1501,0,778240327,edges-corr,sfa,0.7331440767714087,0.8562383294220185
15.0,proportional,1501,0,778240327,edges-corr,pca,0.6200039449457919,0.787403292440281
15.0,proportional,1501,0,778240327,edges-cov,sfa,0.7471486986695189,0.8643776366088595
15.0,proportional,1501,0,778240327,edges-cov,pca,0.6192276848943967,0.7869102139980135
15.0,proportional,1501,0,778240327,node-var,sfa,0.7004288473795928,0.8369162726220548
15.0,proportional,1501,0,778240327,node-var,pca,0.6278760675114308,0.7923863120419432
15.0,fixed,3001,0,778998620,edges-corr,sfa,0.7779187797287682,0.8819970406576029
15.0,fixed,3001,0,778998620,edges-corr,pca,0.7322900654567572,0.8557394845727051
15.0,fixed,3001,0,778998620,edges-cov,sfa,0.4915950285249241,0.7011383804392148
15.0,fixed,3001,0,778998620,edges-cov,pca,0.4913764777812877,0.7009825088982518
15.0,fixed,3001,0,778998620,node-var,sfa,0.5267781288502267,0.7257948255879394
15.0,fixed,3001,0,778998620,node-var,pca,0.4881671885507318,0.6986896224724766
15.0,proportional,1501,0,778998620,edges-corr,sfa,0.7384872191757998,0.8593527908698486
15.0,proportional,1501,0,778998620,edges-corr,pca,0.6710681662269271,0.8191875037053041
15.0,proportional,1501,0,778998620,edges-cov,sfa,0.4425821083705225,0.6652684483503805
15.0,proportional,1501,0,778998620,edges-cov,pca,0.4324259532230753,0.6575910227664873
15.0,proportional,1501,0,778998620,node-var,sfa,0.4710884547543669,0.6863588381847844
15.0,proportional,1501,0,778998620,node-var,pca,0.4382221387187222,0.6619834882523282
15.0,fixed,3001,0,779839471,edges-corr,sfa,0.5259234952597012,0.7252058295819878
15.0,fixed,3001,0,779839471,edges-corr,pca,0.4443378422441918,0.6665867102217012
15.0,fixed,3001,0,779839471,edges-cov,sfa,0.512523507837067,0.7159074715611417
15.0,fixed,3001,0,779839471,edges-cov,pca,0.4872705916794572,0.6980477001462437
15.0,fixed,3001,0,779839471,node-var,sfa,0.5117357329342185,0.7153570667395533
15.0,fixed,3001,0,779839471,node-var,pca,0.5123819257873183,0.7158085818061399
15.0,proportional,1501,0,779839471,edges-corr,sfa,0.43310153598805434,0.6581045023307878
15.0,proportional,1501,0,779839471,edges-corr,pca,0.4029589038046749,0.6347904408579848
15.0,proportional,1501,0,779839471,edges-cov,sfa,0.4505117133848936,0.6712016935205787
15.0,proportional,1501,0,779839471,edges-cov,pca,0.4218029028571426,0.6494635500604642
15.0,proportional,1501,0,779839471,node-var,sfa,0.44521073698232405,0.6672411385566112
15.0,proportional,1501,0,779839471,node-var,pca,0.45059766746851937,0.6712657204628569
15.0,fixed,3001,0,781842082,edges-corr,sfa,0.9084151676986518,0.953108161594817
15.0,fixed,3001,0,781842082,edges-corr,pca,0.8329992962197783,0.9126879511748673
15.0,fixed,3001,0,781842082,edges-cov,sfa,0.5215803109169144,0.7222051723138742
15.0,fixed,3001,0,781842082,edges-cov,pca,0.5111924404298827,0.7149772307073008
15.0,fixed,3001,0,781842082,node-var,sfa,0.5743031416441211,0.7578279103095379
15.0,fixed,3001,0,781842082,node-var,pca,0.5433713441538183,0.7371372627630597
15.0,proportional,1501,0,781842082,edges-corr,sfa,0.8562232249741499,0.9253233083491149
15.0,proportional,1501,0,781842082,edges-corr,pca,0.7892908713413966,0.8884204361344901
15.0,proportional,1501,0,781842082,edges-cov,sfa,0.45567241364204625,0.6750351203026737
15.0,proportional,1501,0,781842082,edges-cov,pca,0.4560836164932738,0.6753396304773426
15.0,proportional,1501,0,781842082,node-var,sfa,0.5098231922662353,0.7140190419493283
15.0,proportional,1501,0,781842082,node-var,pca,0.4882172265076692,0.698725429984962
15.0,fixed,3001,0,786091066,edges-corr,sfa,0.14942508057118953,0.3865554042710946
15.0,fixed,3001,0,786091066,edges-corr,pca,0.26231609734467465,0.512168036238767
15.0,fixed,3001,0,786091066,edges-cov,sfa,0.6764404445976931,0.8224599957430697
15.0,fixed,3001,0,786091066,edges-cov,pca,0.43579059047245683,0.6601443709314316
15.0,fixed,3001,0,786091066,node-var,sfa,0.713151186519738,0.8444827923171306
15.0,fixed,3001,0,786091066,node-var,pca,0.6810778091236325,0.8252743841436198
15.0,proportional,1501,0,786091066,edges-corr,sfa,0.08789304752843619,0.29646761632332785
15.0,proportional,1501,0,786091066,edges-corr,pca,0.15532415436303293,0.39411185514144587
15.0,proportional,1501,0,786091066,edges-cov,sfa,0.6584036374290103,0.8114207524022349
15.0,proportional,1501,0,786091066,edges-cov,pca,0.31038185098882853,0.5571192430609704
15.0,proportional,1501,0,786091066,node-var,sfa,0.6703118673199656,0.8187257583098052
15.0,proportional,1501,0,786091066,node-var,pca,0.6230484269248416,0.7893341668297671
15.0,fixed,3001,0,787025148,edges-corr,sfa,0.9154764466235422,0.9568053337139912
15.0,fixed,3001,0,787025148,edges-corr,pca,0.889092642090902,0.9429170918436582
15.0,fixed,3001,0,787025148,edges-cov,sfa,0.8640208127795129,0.9295271985151973
15.0,fixed,3001,0,787025148,edges-cov,pca,0.8127546109255785,0.9015290405336804
15.0,fixed,3001,0,787025148,node-var,sfa,0.845965411321357,0.9197637801747546
15.0,fixed,3001,0,787025148,node-var,pca,0.47336001890291624,0.6880116415460675
15.0,proportional,1501,0,787025148,edges-corr,sfa,0.8852072509989843,0.9408545323263238
15.0,proportional,1501,0,787025148,edges-corr,pca,0.8257147602067191,0.9086884835886954
15.0,proportional,1501,0,787025148,edges-cov,sfa,0.8210154325313119,0.9060990191647466
15.0,proportional,1501,0,787025148,edges-cov,pca,0.7210942958249796,0.8491727126003173
15.0,proportional,1501,0,787025148,node-var,sfa,0.7791112394589086,0.8826727816461247
15.0,proportional,1501,0,787025148,node-var,pca,0.38740476372734556,0.6224184795837493
15.0,fixed,3001,0,789848216,edges-corr,sfa,0.9058764868309275,0.951775439287506
15.0,fixed,3001,0,789848216,edges-corr,pca,0.7475725906779315,0.8646228025433595
15.0,fixed,3001,0,789848216,edges-cov,sfa,0.8435047301046268,0.9184251358192604
15.0,fixed,3001,0,789848216,edges-cov,pca,0.5475553488668277,0.7399698297003923
15.0,fixed,3001,0,789848216,node-var,sfa,0.7451675172454437,0.8632308597620019
15.0,fixed,3001,0,789848216,node-var,pca,0.23716623662853387,0.4869971628547063
15.0,proportional,1501,0,789848216,edges-corr,sfa,0.8802183640583057,0.93819953317954
15.0,proportional,1501,0,789848216,edges-corr,pca,0.6532367854618055,0.8082306511521342
15.0,proportional,1501,0,789848216,edges-cov,sfa,0.7966008895318542,0.8925250077907374
15.0,proportional,1501,0,789848216,edges-cov,pca,0.5100281524964413,0.7141625532723217
15.0,proportional,1501,0,789848216,node-var,sfa,0.7222828746699208,0.8498722696205119
15.0,proportional,1501,0,789848216,node-var,pca,0.311754039800224,0.558349388644982
15.0,fixed,3001,0,793224716,edges-corr,sfa,0.937795331298259,0.9683983329695794
15.0,fixed,3001,0,793224716,edges-corr,pca,0.9339430862512287,0.9664073086702254
15.0,fixed,3001,0,793224716,edges-cov,sfa,0.6622133909496213,0.8137649482188457
15.0,fixed,3001,0,793224716,edges-cov,pca,0.6367795205381326,0.7979846618439057
15.0,fixed,3001,0,793224716,node-var,sfa,0.682218836611729,0.8259653967399156
15.0,fixed,3001,0,793224716,node-var,pca,0.6763724655172701,0.8224186680257615
15.0,proportional,1501,0,793224716,edges-corr,sfa,0.8979840969562088,0.9476202282329189
15.0,proportional,1501,0,793224716,edges-corr,pca,0.8866116504301607,0.9416005790302817
15.0,proportional,1501,0,793224716,edges-cov,sfa,0.590964156200014,0.7687419308194494
15.0,proportional,1501,0,793224716,edges-cov,pca,0.5694119030193046,0.7545938662746376
15.0,proportional,1501,0,793224716,node-var,sfa,0.6125095883053427,0.7826299178445345
15.0,proportional,1501,0,793224716,node-var,pca,0.6090734482599367,0.78043157820525
15.0,fixed,3001,0,794812542,edges-corr,sfa,0.8277998057326454,0.9098350431438897
15.0,fixed,3001,0,794812542,edges-corr,pca,0.7918336036389128,0.8898503265375104
15.0,fixed,3001,0,794812542,edges-cov,sfa,0.6578858904891117,0.8111016523772531
15.0,fixed,3001,0,794812542,edges-cov,pca,0.6220303846701257,0.7886890291300662
15.0,fixed,3001,0,794812542,node-var,sfa,0.640863675754139,0.8005396153558788
15.0,fixed,3001,0,794812542,node-var,pca,0.6513741840852971,0.8070775576642549
15.0,proportional,1501,0,794812542,edges-corr,sfa,0.8232361506412913,0.9073236195764384
15.0,proportional,1501,0,794812542,edges-corr,pca,0.7660904850424705,0.8752659510357235
15.0,proportional,1501,0,794812542,edges-cov,sfa,0.6016239042670681,0.7756441866391234
15.0,proportional,1501,0,794812542,edges-cov,pca,0.5527082506317356,0.7434435087024003
15.0,proportional,1501,0,794812542,node-var,sfa,0.5783892390972164,0.7605190589966936
15.0,proportional,1501,0,794812542,node-var,pca,0.590956469547004,0.7687369313016015
15.0,fixed,3001,0,816200189,edges-corr,sfa,0.7095316090539839,0.8423369925712549
15.0,fixed,3001,0,816200189,edges-corr,pca,0.6554066764806886,0.8095719093945181
15.0,fixed,3001,0,816200189,edges-cov,sfa,0.5101140281621532,0.7142226740745159
15.0,fixed,3001,0,816200189,edges-cov,pca,0.4986769274436653,0.7061706078871207
15.0,fixed,3001,0,816200189,node-var,sfa,0.5145378084298462,0.7173129083111823
15.0,fixed,3001,0,816200189,node-var,pca,0.5084403030390182,0.7130500003779658
15.0,proportional,1501,0,816200189,edges-corr,sfa,0.6276041469636651,0.7922147101409215
15.0,proportional,1501,0,816200189,edges-corr,pca,0.5393667322131908,0.7344159122821275
15.0,proportional,1501,0,816200189,edges-cov,sfa,0.407908219037567,0.6386769285308249
15.0,proportional,1501,0,816200189,edges-cov,pca,0.387397715134595,0.6224128172962007
15.0,proportional,1501,0,816200189,node-var,sfa,0.41076402884685825,0.6409087523562607
15.0,proportional,1501,0,816200189,node-var,pca,0.40123466293722987,0.6334308667386133
15.0,fixed,3001,0,829720705,edges-corr,sfa,0.12061981131673805,0.3473036298640401
15.0,fixed,3001,0,829720705,edges-corr,pca,0.16823205223423565,0.41016100769604585
15.0,fixed,3001,0,829720705,edges-cov,sfa,0.3634812853622773,0.6028940913313674
15.0,fixed,3001,0,829720705,edges-cov,pca,0.33597884961766566,0.5796368256224456
15.0,fixed,3001,0,829720705,node-var,sfa,0.35036786950063314,0.5919188031315041
15.0,fixed,3001,0,829720705,node-var,pca,0.3657635983000792,0.6047839269524937
15.0,proportional,1501,0,829720705,edges-corr,sfa,0.1256635125725487,0.35449049715408254
15.0,proportional,1501,0,829720705,edges-corr,pca,0.17562501550521248,0.41907638385527296
15.0,proportional,1501,0,829720705,edges-cov,sfa,0.33604730822170115,0.5796958756293693
15.0,proportional,1501,0,829720705,edges-cov,pca,0.3062682847692758,0.5534151107164275
15.0,proportional,1501,0,829720705,node-var,sfa,0.3282409522673636,0.572923164366184
15.0,proportional,1501,0,829720705,node-var,pca,0.3372203315677932,0.5807067517842317
15.0,fixed,3001,0,831882777,edges-corr,sfa,0.20021745592238682,0.4474566525624434
15.0,fixed,3001,0,831882777,edges-corr,pca,0.008962768300917023,0.094671898158413
15.0,fixed,3001,0,831882777,edges-cov,sfa,0.46599041557238585,0.6826349065000893
15.0,fixed,3001,0,831882777,edges-cov,pca,0.4398738916088334,0.6632298934825187
15.0,fixed,3001,0,831882777,node-var,sfa,0.4646862398678423,0.6816789859368143
15.0,fixed,3001,0,831882777,node-var,pca,0.4645629204675519,0.68158852724173
15.0,proportional,1501,0,831882777,edges-corr,sfa,0.06540506142145719,0.2557441327214704
15.0,proportional,1501,0,831882777,edges-corr,pca,0.007571528356770885,0.0870145295727723
15.0,proportional,1501,0,831882777,edges-cov,sfa,0.34888572369436277,0.5906654922156553
15.0,proportional,1501,0,831882777,edges-cov,pca,0.3419390409563493,0.5847555394832524
15.0,proportional,1501,0,831882777,node-var,sfa,0.3372043786303448,0.5806930158270772
15.0,proportional,1501,0,831882777,node-var,pca,0.3388732761093822,0.5821282299540049
15.0,fixed,3001,0,835479236,edges-corr,sfa,0.2548319063349155,0.5048087819510626
15.0,fixed,3001,0,835479236,edges-corr,pca,0.12715156166912855,0.3565831763686111
15.0,fixed,3001,0,835479236,edges-cov,sfa,0.015822047972730013,0.12578572245183495
15.0,fixed,3001,0,835479236,edges-cov,pca,0.0012907304023476174,0.035926736594737815
15.0,fixed,3001,0,835479236,node-var,sfa,0.007130327711658446,0.08444126782361094
15.0,fixed,3001,0,835479236,node-var,pca,0.006551028796497382,0.08093842595762273
15.0,proportional,1501,0,835479236,edges-corr,sfa,0.10536046904118801,0.324592774166627
15.0,proportional,1501,0,835479236,edges-corr,pca,0.07047811407561844,0.2654771441680408
15.0,proportional,1501,0,835479236,edges-cov,sfa,0.0018135822431523119,0.04258617431928099
15.0,proportional,1501,0,835479236,edges-cov,pca,1.088081166278343e-07,0.0003298607531593972
15.0,proportional,1501,0,835479236,node-var,sfa,6.941741719557193e-06,0.002634718527558037
15.0,proportional,1501,0,835479236,node-var,pca,0.0007270547340212374,0.026963952492560235
15.0,fixed,3001,0,839068429,edges-corr,sfa,0.0873906519817157,0.295619099487357
15.0,fixed,3001,0,839068429,edges-corr,pca,0.0008135928874301035,0.02852354969897662
15.0,fixed,3001,0,839068429,edges-cov,sfa,0.01609639684329034,0.12687157618351882
15.0,fixed,3001,0,839068429,edges-cov,pca,2.2794194659447875e-05,0.0047743266184345524
15.0,fixed,3001,0,839068429,node-var,sfa,0.060467674351322054,0.2459017575197909
15.0,fixed,3001,0,839068429,node-var,pca,0.0006421539209313654,0.025340756123904302
15.0,proportional,1501,0,839068429,edges-corr,sfa,0.06571031540419126,0.2563402336820959
15.0,proportional,1501,0,839068429,edges-corr,pca,0.004851059317860673,0.06964954642968402
15.0,proportional,1501,0,839068429,edges-cov,sfa,0.016297259625663862,0.12766072076274596
15.0,proportional,1501,0,839068429,edges-cov,pca,0.0018506657302974627,0.04301936459662626
15.0,proportional,1501,0,839068429,node-var,sfa,0.036688607258177464,0.1915427034845687
15.0,proportional,1501,0,839068429,node-var,pca,0.002713397106332227,0.0520902784244085
15.0,fixed,3001,0,847657808,edges-corr,sfa,0.6190203499917828,0.7867784630960508
15.0,fixed,3001,0,847657808,edges-corr,pca,0.5151973599217309,0.717772498722075
15.0,fixed,3001,0,847657808,edges-cov,sfa,0.4608349056948263,0.6788482199246212
15.0,fixed,3001,0,847657808,edges-cov,pca,0.4649691549865429,0.6818864678130393
15.0,fixed,3001,0,847657808,node-var,sfa,0.6384203120569139,0.7990120850506041
15.0,fixed,3001,0,847657808,node-var,pca,0.5818002472703794,0.762758315110613
15.0,proportional,1501,0,847657808,edges-corr,sfa,0.5516645120580985,0.7427412147296649
15.0,proportional,1501,0,847657808,edges-corr,pca,0.42511589743652767,0.6520091237371816
15.0,proportional,1501,0,847657808,edges-cov,sfa,0.37686789065381043,0.6138956675639679
15.0,proportional,1501,0,847657808,edges-cov,pca,0.38872709854764764,0.6234798301049096
15.0,proportional,1501,0,847657808,node-var,sfa,0.54534423992266,0.7384742649020737
15.0,proportional,1501,0,847657808,node-var,pca,0.5013580379458701,0.7080664078643114
15.0,fixed,3001,1,766640955,edges-corr,sfa,0.6026292080765796,0.7762919605899441
15.0,fixed,3001,1,766640955,edges-corr,pca,0.4128109872958743,0.6425036866009993
15.0,fixed,3001,1,766640955,edges-cov,sfa,0.4155770358594666,0.644652647446255
15.0,fixed,3001,1,766640955,edges-cov,pca,0.2928329171986642,0.5411403858507169
15.0,fixed,3001,1,766640955,node-var,sfa,0.4186302894801033,0.647016452248396
15.0,fixed,3001,1,766640955,node-var,pca,0.2719959070781782,0.5215322684917761
15.0,proportional,1501,1,766640955,edges-corr,sfa,0.5803358012275522,0.7617977429918981
15.0,proportional,1501,1,766640955,edges-corr,pca,0.37553634905860234,0.6128102063923234
15.0,proportional,1501,1,766640955,edges-cov,sfa,0.3610675019556031,0.6008889264711098
15.0,proportional,1501,1,766640955,edges-cov,pca,0.26563192717836626,0.5153949235085322
15.0,proportional,1501,1,766640955,node-var,sfa,0.3945783143358368,0.6281546898144073
15.0,proportional,1501,1,766640955,node-var,pca,0.22433918902298067,0.473644580907435
15.0,fixed,3001,1,767871931,edges-corr,sfa,0.7148082279677681,0.8454633214798662
15.0,fixed,3001,1,767871931,edges-corr,pca,0.5985835406630904,0.7736818084090452
15.0,fixed,3001,1,767871931,edges-cov,sfa,0.7268276591613055,0.852541881177285
15.0,fixed,3001,1,767871931,edges-cov,pca,0.693489503514679,0.8327601716668958
15.0,fixed,3001,1,767871931,node-var,sfa,0.7810838476612167,0.883789481528954
15.0,fixed,3001,1,767871931,node-var,pca,0.7540555154737165,0.8683636999977106
15.0,proportional,1501,1,767871931,edges-corr,sfa,0.6545439029295961,0.8090388760310565
15.0,proportional,1501,1,767871931,edges-corr,pca,0.5543029476632231,0.7445152434055506
15.0,proportional,1501,1,767871931,edges-cov,sfa,0.6593302062653574,0.8119915062766105
15.0,proportional,1501,1,767871931,edges-cov,pca,0.5411862211397075,0.7356536013231411
15.0,proportional,1501,1,767871931,node-var,sfa,0.6936750491371411,0.8328715682127362
15.0,proportional,1501,1,767871931,node-var,pca,0.5328936157481114,0.7299956272116356
15.0,fixed,3001,1,771160300,edges-corr,sfa,0.9387798993885208,0.9689065483257493
15.0,fixed,3001,1,771160300,edges-corr,pca,0.9049020250255061,0.9512633836249053
15.0,fixed,3001,1,771160300,edges-cov,sfa,0.45418780930173575,0.6739345734577915
15.0,fixed,3001,1,771160300,edges-cov,pca,0.4885722925638941,0.6989794650516524
15.0,fixed,3001,1,771160300,node-var,sfa,0.5025199165977323,0.7088863918835873
15.0,fixed,3001,1,771160300,node-var,pca,0.5321924991045792,0.7295152493982445
15.0,proportional,1501,1,771160300,edges-corr,sfa,0.8877885903951264,0.9422253394995928
15.0,proportional,1501,1,771160300,edges-corr,pca,0.8307298562368866,0.9114438305440914
15.0,proportional,1501,1,771160300,edges-cov,sfa,0.36421878265742,0.6035054122851099
15.0,proportional,1501,1,771160300,edges-cov,pca,0.3942262880089532,0.6278744205722633
15.0,proportional,1501,1,771160300,node-var,sfa,0.41617869923250295,0.6451191356892937
15.0,proportional,1501,1,771160300,node-var,pca,0.43797260292840423,0.661794985572122
15.0,fixed,3001,1,771990200,edges-corr,sfa,0.7896500787770233,0.888622573861943
15.0,fixed,3001,1,771990200,edges-corr,pca,0.7337129962531077,0.8565704852801708
15.0,fixed,3001,1,771990200,edges-cov,sfa,0.7614454663093593,0.8726084266779455
15.0,fixed,3001,1,771990200,edges-cov,pca,0.49799168394074744,0.7056852584125208
15.0,fixed,3001,1,771990200,node-var,sfa,0.6281188984584067,0.7925395248556422
15.0,fixed,3001,1,771990200,node-var,pca,0.34589874283404587,0.5881315693227539
15.0,proportional,1501,1,771990200,edges-corr,sfa,0.7053932302677837,0.8398769137604533
15.0,proportional,1501,1,771990200,edges-corr,pca,0.6541795046545393,0.808813640250051
15.0,proportional,1501,1,771990200,edges-cov,sfa,0.6987267715626069,0.8358987806921404
15.0,proportional,1501,1,771990200,edges-cov,pca,0.36783525562662756,0.6064942337950355
15.0,proportional,1501,1,771990200,node-var,sfa,0.5149137666157672,0.7175749205593558
15.0,proportional,1501,1,771990200,node-var,pca,0.2790480041595834,0.5282499447795368
15.0,fixed,3001,1,774875821,edges-corr,sfa,0.7381563616274909,0.8591602653914395
15.0,fixed,3001,1,774875821,edges-corr,pca,0.5281358706893304,0.7267295719105772
15.0,fixed,3001,1,774875821,edges-cov,sfa,0.5848506494849877,0.7647552873207143
15.0,fixed,3001,1,774875821,edges-cov,pca,0.475626293194367,0.6896566487712315
15.0,fixed,3001,1,774875821,node-var,sfa,0.5745084292869063,0.757963342970428
15.0,fixed,3001,1,774875821,node-var,pca,0.5070409078404404,0.7120680500067678
15.0,proportional,1501,1,774875821,edges-corr,sfa,0.724356745251913,0.8510915022792287
15.0,proportional,1501,1,774875821,edges-corr,pca,0.44479772501694037,0.666931574463932
15.0,proportional,1501,1,774875821,edges-cov,sfa,0.5160646879659898,0.718376424979264
15.0,proportional,1501,1,774875821,edges-cov,pca,0.3914052560086888,0.6256238934125579
15.0,proportional,1501,1,774875821,node-var,sfa,0.5066545128685991,0.711796679444769
15.0,proportional,1501,1,774875821,node-var,pca,0.4282165026314648,0.6543825353961259
15.0,fixed,3001,1,778240327,edges-corr,sfa,0.73768776893295,0.8588875182076794
15.0,fixed,3001,1,778240327,edges-corr,pca,0.6073395481184628,0.7793199266786801
15.0,fixed,3001,1,778240327,edges-cov,sfa,0.7552491648076132,0.8690507262568812
15.0,fixed,3001,1,778240327,edges-cov,pca,0.7032374678066537,0.8385925517238122
15.0,fixed,3001,1,778240327,node-var,sfa,0.7444032593657914,0.8627880732635279
15.0,fixed,3001,1,778240327,node-var,pca,0.7271824316453638,0.8527499232749096
15.0,proportional,1501,1,778240327,edges-corr,sfa,0.670261829180348,0.8186951991921955
15.0,proportional,1501,1,778240327,edges-corr,pca,0.49842008946040517,0.7059887318225436
15.0,proportional,1501,1,778240327,edges-cov,sfa,0.7415543522257381,0.861135501663781
15.0,proportional,1501,1,778240327,edges-cov,pca,0.6368729438785941,0.798043196749772
15.0,proportional,1501,1,778240327,node-var,sfa,0.6925653513397951,0.8322051137428758
15.0,proportional,1501,1,778240327,node-var,pca,0.6648801594358842,0.8154018392399432
15.0,fixed,3001,1,778998620,edges-corr,sfa,0.8348462780846335,0.9136992273634862
15.0,fixed,3001,1,778998620,edges-corr,pca,0.7258104365193966,0.8519450900846821
15.0,fixed,3001,1,778998620,edges-cov,sfa,0.41540688588215136,0.6445206636580026
15.0,fixed,3001,1,778998620,edges-cov,pca,0.41310881270783906,0.6427354142318901
15.0,fixed,3001,1,778998620,node-var,sfa,0.45897790159542784,0.677479078345175
15.0,fixed,3001,1,778998620,node-var,pca,0.3915330357674066,0.6257260069450583
15.0,proportional,1501,1,778998620,edges-corr,sfa,0.7882645260301047,0.887842624585069
15.0,proportional,1501,1,778998620,edges-corr,pca,0.66855612974121,0.8176528173627322
15.0,proportional,1501,1,778998620,edges-cov,sfa,0.3733509084845873,0.6110244745381201
15.0,proportional,1501,1,778998620,edges-cov,pca,0.36789622750678763,0.6065444975488519
15.0,proportional,1501,1,778998620,node-var,sfa,0.412835592120975,0.6425228339296395
15.0,proportional,1501,1,778998620,node-var,pca,0.35128278899344034,0.5926911413151382
15.0,fixed,3001,1,779839471,edges-corr,sfa,0.5688877549686495,0.7542464815752541
15.0,fixed,3001,1,779839471,edges-corr,pca,0.5455555720924188,0.738617338066485
15.0,fixed,3001,1,779839471,edges-cov,sfa,0.5360200361106655,0.7321338922018751
15.0,fixed,3001,1,779839471,edges-cov,pca,0.5205962751819324,0.7215235790893688
15.0,fixed,3001,1,779839471,node-var,sfa,0.5341955480377111,0.7308868230018319
15.0,fixed,3001,1,779839471,node-var,pca,0.5379646149756131,0.7334607112692627
15.0,proportional,1501,1,779839471,edges-corr,sfa,0.5210538057493443,0.7218405680961302
15.0,proportional,1501,1,779839471,edges-corr,pca,0.5156708809904953,0.7181022775277182
15.0,proportional,1501,1,779839471,edges-cov,sfa,0.449599399833825,0.6705217370330553
15.0,proportional,1501,1,779839471,edges-cov,pca,0.42990321309331403,0.655670048952454
15.0,proportional,1501,1,779839471,node-var,sfa,0.44660838423967797,0.6682876508208722
15.0,proportional,1501,1,779839471,node-var,pca,0.45316735309560185,0.6731770592463764
15.0,fixed,3001,1,781842082,edges-corr,sfa,0.918653032494331,0.9584638921181812
15.0,fixed,3001,1,781842082,edges-corr,pca,0.8474759169991709,0.9205845517925939
15.0,fixed,3001,1,781842082,edges-cov,sfa,0.5346547762192011,0.7312009137160601
15.0,fixed,3001,1,781842082,edges-cov,pca,0.5209548166672993,0.721771997702391
15.0,fixed,3001,1,781842082,node-var,sfa,0.5882031422169923,0.7669440280861376
15.0,fixed,3001,1,781842082,node-var,pca,0.5514268675107888,0.7425812194708331
15.0,proportional,1501,1,781842082,edges-corr,sfa,0.8655946867497843,0.9303734125337977
15.0,proportional,1501,1,781842082,edges-corr,pca,0.7888988631051296,0.8881997878321811
15.0,proportional,1501,1,781842082,edges-cov,sfa,0.45327294597171786,0.6732554834323431
15.0,proportional,1501,1,781842082,edges-cov,pca,0.4530808385172016,0.6731127977666159
15.0,proportional,1501,1,781842082,node-var,sfa,0.5114436847436643,0.7151529100434849
15.0,proportional,1501,1,781842082,node-var,pca,0.48383531994926465,0.6955827197028868
15.0,fixed,3001,1,786091066,edges-corr,sfa,0.2122852097119805,0.4607441911863689
15.0,fixed,3001,1,786091066,edges-corr,pca,0.3100245016153441,0.5567984389483714
15.0,fixed,3001,1,786091066,edges-cov,sfa,0.6828124423584987,0.8263246591736794
15.0,fixed,3001,1,786091066,edges-cov,pca,0.471868083331067,0.6869265487161398
15.0,fixed,3001,1,786091066,node-var,sfa,0.724968929310414,0.8514510727636786
15.0,fixed,3001,1,786091066,node-var,pca,0.681536172351482,0.8255520409710619
15.0,proportional,1501,1,786091066,edges-corr,sfa,0.11773123296868426,0.34311985219261837
15.0,proportional,1501,1,786091066,edges-corr,pca,0.1908952976580489,0.4369156642397346
15.0,proportional,1501,1,786091066,edges-cov,sfa,0.6593391085646148,0.8119969880268121
15.0,proportional,1501,1,786091066,edges-cov,pca,0.3286986461440997,0.5733224626195104
15.0,proportional,1501,1,786091066,node-var,sfa,0.6743747760766168,0.821203248944265
15.0,proportional,1501,1,786091066,node-var,pca,0.6124061721437468,0.7825638454105502
15.0,fixed,3001,1,787025148,edges-corr,sfa,0.8440744817535979,0.9187352620606206
15.0,fixed,3001,1,787025148,edges-corr,pca,0.8354757862585096,0.914043645707639
15.0,fixed,3001,1,787025148,edges-cov,sfa,0.7626949709999046,0.8733240927627623
15.0,fixed,3001,1,787025148,edges-cov,pca,0.84048974938812,0.9167822802542165
15.0,fixed,3001,1,787025148,node-var,sfa,0.754268269058199,0.86848619393644
15.0,fixed,3001,1,787025148,node-var,pca,0.5320814802195362,0.7294391545698224
15.0,proportional,1501,1,787025148,edges-corr,sfa,0.8014120498743702,0.8952162028663072
15.0,proportional,1501,1,787025148,edges-corr,pca,0.7622236902002788,0.8730542309617876
15.0,proportional,1501,1,787025148,edges-cov,sfa,0.738562547117537,0.8593966180510236
15.0,proportional,1501,1,787025148,edges-cov,pca,0.7883815822371658,0.8879085438473746
15.0,proportional,1501,1,787025148,node-var,sfa,0.7316979618325581,0.8553934544012803
15.0,proportional,1501,1,787025148,node-var,pca,0.41479924192131734,0.6440490989989174
15.0,fixed,3001,1,789848216,edges-corr,sfa,0.9355549109331018,0.9672408753423838
15.0,fixed,3001,1,789848216,edges-corr,pca,0.8204239057237255,0.9057725463513054
15.0,fixed,3001,1,789848216,edges-cov,sfa,0.8968682211337957,0.9470312672418961
15.0,fixed,3001,1,789848216,edges-cov,pca,0.7334488818990132,0.8564163017475863
15.0,fixed,3001,1,789848216,node-var,sfa,0.7963227367369925,0.8923691706558391
15.0,fixed,3001,1,789848216,node-var,pca,0.6302904096122703,0.7939083131018779
15.0,proportional,1501,1,789848216,edges-corr,sfa,0.9028668691589935,0.9501930694122083
15.0,proportional,1501,1,789848216,edges-corr,pca,0.7462610656719509,0.8638640319355531
15.0,proportional,1501,1,789848216,edges-cov,sfa,0.8465969144476685,0.9201070124978213
15.0,proportional,1501,1,789848216,edges-cov,pca,0.6519154089103735,0.8074127871853238
15.0,proportional,1501,1,789848216,node-var,sfa,0.7591419031362812,0.8712874974061555
15.0,proportional,1501,1,789848216,node-var,pca,0.5617520359030765,0.7495011913953672
15.0,fixed,3001,1,793224716,edges-corr,sfa,0.9386249875825123,0.96882660346551
15.0,fixed,3001,1,793224716,edges-corr,pca,0.9340628332265605,0.9664692613976714
15.0,fixed,3001,1,793224716,edges-cov,sfa,0.6581103926610125,0.8112400339363276
15.0,fixed,3001,1,793224716,edges-cov,pca,0.6241897605763007,0.7900568084487977
15.0,fixed,3001,1,793224716,node-var,sfa,0.674659657749122,0.8213766844445515
15.0,fixed,3001,1,793224716,node-var,pca,0.6692481919930211,0.8180759084541125
15.0,proportional,1501,1,793224716,edges-corr,sfa,0.9016784935005477,0.9495675297210557
15.0,proportional,1501,1,793224716,edges-corr,pca,0.88537545300055,0.9409439159697824
15.0,proportional,1501,1,793224716,edges-cov,sfa,0.5792174880240966,0.7610633929076448
15.0,proportional,1501,1,793224716,edges-cov,pca,0.5452646849307045,0.7384203985066401
15.0,proportional,1501,1,793224716,node-var,sfa,0.5981289324904452,0.7733879572959789
15.0,proportional,1501,1,793224716,node-var,pca,0.5974784288532072,0.7729672883461538
15.0,fixed,3001,1,794812542,edges-corr,sfa,0.754011345618075,0.86833826681661
15.0,fixed,3001,1,794812542,edges-corr,pca,0.7236358545421644,0.8506678873345116
15.0,fixed,3001,1,794812542,edges-cov,sfa,0.6497667117337882,0.8060810826050852
15.0,fixed,3001,1,794812542,edges-cov,pca,0.6250961585032124,0.7906302286803937
15.0,fixed,3001,1,794812542,node-var,sfa,0.6451885718056395,0.8032363113092198
15.0,fixed,3001,1,794812542,node-var,pca,0.6446880751869799,0.8029247008200577
15.0,proportional,1501,1,794812542,edges-corr,sfa,0.7778364790388572,0.8819503835470907
15.0,proportional,1501,1,794812542,edges-corr,pca,0.7235325534442529,0.8506071675246178
15.0,proportional,1501,1,794812542,edges-cov,sfa,0.6002893015547965,0.7747833900870605
15.0,proportional,1501,1,794812542,edges-cov,pca,0.558940754188496,0.7476234039865907
15.0,proportional,1501,1,794812542,node-var,sfa,0.5869342681834402,0.7661163542070097
15.0,proportional,1501,1,794812542,node-var,pca,0.5866890285666007,0.7659562837176808
15.0,fixed,3001,1,816200189,edges-corr,sfa,0.6426690264186947,0.8016664059437025
15.0,fixed,3001,1,816200189,edges-corr,pca,0.6239376526160066,0.7898972418080746
15.0,fixed,3001,1,816200189,edges-cov,sfa,0.39362259351185636,0.6273934917672126
15.0,fixed,3001,1,816200189,edges-cov,pca,0.39912358341819354,0.6317622839472072
15.0,fixed,3001,1,816200189,node-var,sfa,0.40550402828198984,0.636791981954853
15.0,fixed,3001,1,816200189,node-var,pca,0.39535444715162293,0.6287721742822456
15.0,proportional,1501,1,816200189,edges-corr,sfa,0.5570935423965124,0.7463869923816402
15.0,proportional,1501,1,816200189,edges-corr,pca,0.5097084800182152,0.7139387088666752
15.0,proportional,1501,1,816200189,edges-cov,sfa,0.2990316096152311,0.546837827527715
15.0,proportional,1501,1,816200189,edges-cov,pca,0.2970547332774477,0.5450272775535616
15.0,proportional,1501,1,816200189,node-var,sfa,0.3065692594744309,0.5536869688501179
15.0,proportional,1501,1,816200189,node-var,pca,0.2965371440762721,0.5445522418246681
15.0,fixed,3001,1,829720705,edges-corr,sfa,0.43392019301967344,0.6587261897174521
15.0,fixed,3001,1,829720705,edges-corr,pca,0.44745339933842454,0.6689195761363418
15.0,fixed,3001,1,829720705,edges-cov,sfa,0.4644163422790857,0.6814809918692418
15.0,fixed,3001,1,829720705,edges-cov,pca,0.43945176053547164,0.6629115782179934
15.0,fixed,3001,1,829720705,node-var,sfa,0.4516465938162757,0.6720465711662216
15.0,fixed,3001,1,829720705,node-var,pca,0.46634682964978247,0.6828959142137129
15.0,proportional,1501,1,829720705,edges-corr,sfa,0.4102907680588469,0.6405394352097658
15.0,proportional,1501,1,829720705,edges-corr,pca,0.4092795357413015,0.6397495883088171
15.0,proportional,1501,1,829720705,edges-cov,sfa,0.3979731152918009,0.6308511038999618
15.0,proportional,1501,1,829720705,edges-cov,pca,0.373317541486925,0.6109971697863457
15.0,proportional,1501,1,829720705,node-var,sfa,0.3901697700587825,0.6246357098811933
15.0,proportional,1501,1,829720705,node-var,pca,0.4008807018869759,0.6331514051843963
15.0,fixed,3001,1,831882777,edges-corr,sfa,0.14776440274539615,0.38440135632616684
15.0,fixed,3001,1,831882777,edges-corr,pca,0.014194667071242728,0.11914137430482663
15.0,fixed,3001,1,831882777,edges-cov,sfa,0.6034851067782061,0.7768430387010025
15.0,fixed,3001,1,831882777,edges-cov,pca,0.45504249277118847,0.6745683751638448
15.0,fixed,3001,1,831882777,node-var,sfa,0.6206174673045612,0.7877927819576417
15.0,fixed,3001,1,831882777,node-var,pca,0.6190850160732337,0.7868195575055538
15.0,proportional,1501,1,831882777,edges-corr,sfa,0.1450191563183747,0.380813807940804
15.0,proportional,1501,1,831882777,edges-corr,pca,0.010055340556277659,0.1002763210148715
15.0,proportional,1501,1,831882777,edges-cov,sfa,0.5058044973368482,0.7111993372725018
15.0,proportional,1501,1,831882777,edges-cov,pca,0.3668799860987296,0.6057061879316818
15.0,proportional,1501,1,831882777,node-var,sfa,0.5271478659597334,0.7260494927756183
15.0,proportional,1501,1,831882777,node-var,pca,0.5231395907329024,0.7232838935942805
15.0,fixed,3001,1,835479236,edges-corr,sfa,0.04819466214568391,0.21953282703432722
15.0,fixed,3001,1,835479236,edges-corr,pca,0.03852273313315946,0.19627208954194017
15.0,fixed,3001,1,835479236,edges-cov,sfa,0.0022847855711374265,0.047799430657043264
15.0,fixed,3001,1,835479236,edges-cov,pca,0.0037307839368446727,0.0610801435561889
15.0,fixed,3001,1,835479236,node-var,sfa,0.004353028816673654,0.06597748719581106
15.0,fixed,3001,1,835479236,node-var,pca,0.0031217174008963955,0.05587233126419724
15.0,proportional,1501,1,835479236,edges-corr,sfa,0.023128364311950644,0.15208012464471066
15.0,proportional,1501,1,835479236,edges-corr,pca,0.01859230386074806,0.13635359863512192
15.0,proportional,1501,1,835479236,edges-cov,sfa,0.0012249902163675719,0.0349998602335404
15.0,proportional,1501,1,835479236,edges-cov,pca,0.0016492848406068905,0.04061138806550175
15.0,proportional,1501,1,835479236,node-var,sfa,0.002769636534368791,0.05262733637919144
15.0,proportional,1501,1,835479236,node-var,pca,0.0013494296682475815,0.036734584089759256
15.0,fixed,3001,1,839068429,edges-corr,sfa,0.10522594484313275,0.32438548802795214
15.0,fixed,3001,1,839068429,edges-corr,pca,0.0005583108067543918,0.02362860145574353
15.0,fixed,3001,1,839068429,edges-cov,sfa,0.019655703304079952,0.14019879922481518
15.0,fixed,3001,1,839068429,edges-cov,pca,0.003796985913122386,0.061619687707115914
15.0,fixed,3001,1,839068429,node-var,sfa,0.07486587226471186,0.27361628654872144
15.0,fixed,3001,1,839068429,node-var,pca,0.0025195524870604835,0.05019514405857026
15.0,proportional,1501,1,839068429,edges-corr,sfa,0.06878101785899826,0.2622613541088329
15.0,proportional,1501,1,839068429,edges-corr,pca,0.0009785057592636148,0.031281076696044345
15.0,proportional,1501,1,839068429,edges-cov,sfa,0.01836345558866015,0.13551182822418173
15.0,proportional,1501,1,839068429,edges-cov,pca,0.00022845570091345468,0.015114751103256661
15.0,proportional,1501,1,839068429,node-var,sfa,0.037320254522286045,0.1931845090122028
15.0,proportional,1501,1,839068429,node-var,pca,0.0007202680012392548,0.02683780917361385
15.0,fixed,3001,1,847657808,edges-corr,sfa,0.6105506503636207,0.7813774058440789
15.0,fixed,3001,1,847657808,edges-corr,pca,0.48616684922099895,0.6972566595027955
15.0,fixed,3001,1,847657808,edges-cov,sfa,0.4420683039019414,0.6648821729464099
15.0,fixed,3001,1,847657808,edges-cov,pca,0.43862086119691246,0.6622845771999458
15.0,fixed,3001,1,847657808,node-var,sfa,0.6062570933559728,0.7786251301852339
15.0,fixed,3001,1,847657808,node-var,pca,0.5525822549065402,0.743358765944506
15.0,proportional,1501,1,847657808,edges-corr,sfa,0.5244284856794548,0.7241743475707059
15.0,proportional,1501,1,847657808,edges-corr,pca,0.39452539283863,0.6281125638280376
15.0,proportional,1501,1,847657808,edges-cov,sfa,0.36421725170965,0.6035041439042915
15.0,proportional,1501,1,847657808,edges-cov,pca,0.3661538876344429,0.6051065093307479
15.0,proportional,1501,1,847657808,node-var,sfa,0.4297279742742831,0.6555364019444572
15.0,proportional,1501,1,847657808,node-var,pca,0.28195591201256287,0.5309952090297644
15.0,fixed,3001,2,766640955,edges-corr,sfa,0.6016241936615598,0.775644373190163
15.0,fixed,3001,2,766640955,edges-corr,pca,0.418891485070074,0.6472182669471513
15.0,fixed,3001,2,766640955,edges-cov,sfa,0.4269297818126697,0.6533986392797809
15.0,fixed,3001,2,766640955,edges-cov,pca,0.31533079212405846,0.5615432237362126
15.0,fixed,3001,2,766640955,node-var,sfa,0.42890260170867833,0.6549065595248527
15.0,fixed,3001,2,766640955,node-var,pca,0.2997045321274615,0.5474527670287745
15.0,proportional,1501,2,766640955,edges-corr,sfa,0.5907577589957368,0.7686076756029298
15.0,proportional,1501,2,766640955,edges-corr,pca,0.3849393861276077,0.6204348363265946
15.0,proportional,1501,2,766640955,edges-cov,sfa,0.39483792154051367,0.6283612985699502
15.0,proportional,1501,2,766640955,edges-cov,pca,0.29157092458971423,0.5399730776526868
15.0,proportional,1501,2,766640955,node-var,sfa,0.4102370797481867,0.640497525169449
15.0,proportional,1501,2,766640955,node-var,pca,0.2555592946529628,0.5055287278216377
15.0,fixed,3001,2,767871931,edges-corr,sfa,0.6952395812441707,0.8338102789269092
15.0,fixed,3001,2,767871931,edges-corr,pca,0.6202004489504025,0.7875280623256559
15.0,fixed,3001,2,767871931,edges-cov,sfa,0.7092034875974123,0.8421422015297696
15.0,fixed,3001,2,767871931,edges-cov,pca,0.6906742523997443,0.8310681394445009
15.0,fixed,3001,2,767871931,node-var,sfa,0.7543309232951702,0.8685222641332627
15.0,fixed,3001,2,767871931,node-var,pca,0.7194679740645202,0.8482145802003868
15.0,proportional,1501,2,767871931,edges-corr,sfa,0.6291744085793437,0.79320514911298
15.0,proportional,1501,2,767871931,edges-corr,pca,0.5690033129595764,0.7543230826108788
15.0,proportional,1501,2,767871931,edges-cov,sfa,0.6378877867228676,0.7986787756807275
15.0,proportional,1501,2,767871931,edges-cov,pca,0.5381754960977465,0.7336044547968269
15.0,proportional,1501,2,767871931,node-var,sfa,0.6629247659165736,0.81420191962226
15.0,proportional,1501,2,767871931,node-var,pca,0.5240013913953627,0.7238794039032763
15.0,fixed,3001,2,771160300,edges-corr,sfa,0.9111231781101903,0.9545277251657971
15.0,fixed,3001,2,771160300,edges-corr,pca,0.9046250173323589,0.951117772587788
15.0,fixed,3001,2,771160300,edges-cov,sfa,0.43035675991737865,0.6560158229169314
15.0,fixed,3001,2,771160300,edges-cov,pca,0.48122134297523045,0.6937011914183442
15.0,fixed,3001,2,771160300,node-var,sfa,0.48652559656201055,0.6975138683653599
15.0,fixed,3001,2,771160300,node-var,pca,0.5115469596381721,0.7152251111630308
15.0,proportional,1501,2,771160300,edges-corr,sfa,0.8632163551266728,0.9290943736384757
15.0,proportional,1501,2,771160300,edges-corr,pca,0.8254293857848326,0.9085314445768158
15.0,proportional,1501,2,771160300,edges-cov,sfa,0.34999161908883847,0.5916008951048327
15.0,proportional,1501,2,771160300,edges-cov,pca,0.38967966657832787,0.6242432751566709
15.0,proportional,1501,2,771160300,node-var,sfa,0.414960952699411,0.6441746290404584
15.0,proportional,1501,2,771160300,node-var,pca,0.42461080951872987,0.6516216766795976
15.0,fixed,3001,2,771990200,edges-corr,sfa,0.8343258709694412,0.9134144026505395
15.0,fixed,3001,2,771990200,edges-corr,pca,0.8903650021383309,0.9435915441218874
15.0,fixed,3001,2,771990200,edges-cov,sfa,0.7972781341685696,0.8929043253163059
15.0,fixed,3001,2,771990200,edges-cov,pca,0.6751965478518118,0.8217034427649742
15.0,fixed,3001,2,771990200,node-var,sfa,0.6875943202602266,0.8292130728951532
15.0,fixed,3001,2,771990200,node-var,pca,0.6560565173468919,0.8099731584113681
15.0,proportional,1501,2,771990200,edges-corr,sfa,0.8066192729001411,0.8981198544181821
15.0,proportional,1501,2,771990200,edges-corr,pca,0.857260825996064,0.9258838080429221
15.0,proportional,1501,2,771990200,edges-cov,sfa,0.7118404145044606,0.8437063556145928
15.0,proportional,1501,2,771990200,edges-cov,pca,0.5531977621090921,0.7437726548543518
15.0,proportional,1501,2,771990200,node-var,sfa,0.5856539483705159,0.7652803070578211
15.0,proportional,1501,2,771990200,node-var,pca,0.5483207761083146,0.7404868507328907
15.0,fixed,3001,2,774875821,edges-corr,sfa,0.7642590994402513,0.8742191369675302
15.0,fixed,3001,2,774875821,edges-corr,pca,0.5553954687454332,0.7452485952656562
15.0,fixed,3001,2,774875821,edges-cov,sfa,0.6347601398976181,0.7967183566967797
15.0,fixed,3001,2,774875821,edges-cov,pca,0.5279030700934549,0.7265693842252482
15.0,fixed,3001,2,774875821,node-var,sfa,0.6274105643500035,0.7920925225944269
15.0,fixed,3001,2,774875821,node-var,pca,0.5577128762292659,0.7468017650148313
15.0,proportional,1501,2,774875821,edges-corr,sfa,0.736841455925445,0.858394697051098
15.0,proportional,1501,2,774875821,edges-corr,pca,0.4441149930758034,0.6664195323336518
15.0,proportional,1501,2,774875821,edges-cov,sfa,0.5438223026329146,0.737443084334592
15.0,proportional,1501,2,774875821,edges-cov,pca,0.4122633383430496,0.6420773616497084
15.0,proportional,1501,2,774875821,node-var,sfa,0.5364550672999564,0.7324309300541275
15.0,proportional,1501,2,774875821,node-var,pca,0.44697717834390616,0.6685635185559455
15.0,fixed,3001,2,778240327,edges-corr,sfa,0.7171452222796437,0.8468442727441949
15.0,fixed,3001,2,778240327,edges-corr,pca,0.6756884634072338,0.8220027149634198
15.0,fixed,3001,2,778240327,edges-cov,sfa,0.7045083437328549,0.8393499530784861
15.0,fixed,3001,2,778240327,edges-cov,pca,0.6528906802101604,0.8080165098623694
15.0,fixed,3001,2,778240327,node-var,sfa,0.702394833289588,0.8380899911641874
15.0,fixed,3001,2,778240327,node-var,pca,0.656056648582568,0.8099732394237273
15.0,proportional,1501,2,778240327,edges-corr,sfa,0.6828614161536017,0.8263542921493198
15.0,proportional,1501,2,778240327,edges-corr,pca,0.576337471858793,0.7591689349932563
15.0,proportional,1501,2,778240327,edges-cov,sfa,0.7021975683850197,0.8379722957144932
15.0,proportional,1501,2,778240327,edges-cov,pca,0.6186750396418825,0.7865589867529863
15.0,proportional,1501,2,778240327,node-var,sfa,0.6824642460203805,0.8261139425166367
15.0,proportional,1501,2,778240327,node-var,pca,0.6330549938301738,0.7956475311531951
15.0,fixed,3001,2,778998620,edges-corr,sfa,0.7764237592346321,0.8811491129398195
15.0,fixed,3001,2,778998620,edges-corr,pca,0.6962210555649424,0.8343986191053671
15.0,fixed,3001,2,778998620,edges-cov,sfa,0.4573373508936236,0.6762672185561153
15.0,fixed,3001,2,778998620,edges-cov,pca,0.4499603265559776,0.6707908217588984
15.0,fixed,3001,2,778998620,node-var,sfa,0.49800465359234536,0.7056944477550767
15.0,fixed,3001,2,778998620,node-var,pca,0.44067275209870826,0.663831870354767
15.0,proportional,1501,2,778998620,edges-corr,sfa,0.7344145126772859,0.856979878805384
15.0,proportional,1501,2,778998620,edges-corr,pca,0.6409609012672162,0.8006003380384097
15.0,proportional,1501,2,778998620,edges-cov,sfa,0.40001314919768305,0.6324659273017671
15.0,proportional,1501,2,778998620,edges-cov,pca,0.3911250616945636,0.6253999214059465
15.0,proportional,1501,2,778998620,node-var,sfa,0.43685933384220454,0.6609533522437141
15.0,proportional,1501,2,778998620,node-var,pca,0.38546994854459793,0.6208622621359737
15.0,fixed,3001,2,779839471,edges-corr,sfa,0.6544554021869511,0.8089841791944709
15.0,fixed,3001,2,779839471,edges-corr,pca,0.6009467289063155,0.7752075392475981
15.0,fixed,3001,2,779839471,edges-cov,sfa,0.32539157354659387,0.5704310418855163
15.0,fixed,3001,2,779839471,edges-cov,pca,0.35681566622066674,0.5973404943754184
15.0,fixed,3001,2,779839471,node-var,sfa,0.36963281464867304,0.6079743536109676
15.0,fixed,3001,2,779839471,node-var,pca,0.35361594503108884,0.5946561569773644
15.0,proportional,1501,2,779839471,edges-corr,sfa,0.5856741713362107,0.7652935197270467
15.0,proportional,1501,2,779839471,edges-corr,pca,0.5187496814768002,0.7202427934223311
15.0,proportional,1501,2,779839471,edges-cov,sfa,0.2553992982449603,0.5053704564425597
15.0,proportional,1501,2,779839471,edges-cov,pca,0.281773413402035,0.5308233353970374
15.0,proportional,1501,2,779839471,node-var,sfa,0.2904449045943327,0.5389294059469506
15.0,proportional,1501,2,779839471,node-var,pca,0.28498193200873134,0.5338369901090891
15.0,fixed,3001,2,781842082,edges-corr,sfa,0.8707649670344824,0.9331478805818956
15.0,fixed,3001,2,781842082,edges-corr,pca,0.7925704556452885,0.8902642616915999
15.0,fixed,3001,2,781842082,edges-cov,sfa,0.6219596930783169,0.7886442119728747
15.0,fixed,3001,2,781842082,edges-cov,pca,0.585643286787674,0.7652733412236942
15.0,fixed,3001,2,781842082,node-var,sfa,0.6650161035087727,0.8154851951499622
15.0,fixed,3001,2,781842082,node-var,pca,0.6086003321794675,0.7801284074942205
15.0,proportional,1501,2,781842082,edges-corr,sfa,0.8512797323863346,0.9226482170287493
15.0,proportional,1501,2,781842082,edges-corr,pca,0.7932779267850001,0.8906615107800476
15.0,proportional,1501,2,781842082,edges-cov,sfa,0.5346407254780932,0.7311913056636358
15.0,proportional,1501,2,781842082,edges-cov,pca,0.511113081763183,0.7149217312148093
15.0,proportional,1501,2,781842082,node-var,sfa,0.5849324325331107,0.7648087555285359
15.0,proportional,1501,2,781842082,node-var,pca,0.5400222358951664,0.7348620522895193
15.0,fixed,3001,2,786091066,edges-corr,sfa,0.09987395403885391,0.3160284070124935
15.0,fixed,3001,2,786091066,edges-corr,pca,0.17026121485302903,0.41262721050971596
15.0,fixed,3001,2,786091066,edges-cov,sfa,0.5923378907661783,0.7696349074503962
15.0,fixed,3001,2,786091066,edges-cov,pca,0.4802181197624671,0.6929777195281741
15.0,fixed,3001,2,786091066,node-var,sfa,0.7050235409358104,0.839656799493586
15.0,fixed,3001,2,786091066,node-var,pca,0.6529876570117271,0.808076516805016
15.0,proportional,1501,2,786091066,edges-corr,sfa,0.0744068569206563,0.2727762029955246
15.0,proportional,1501,2,786091066,edges-corr,pca,0.09363280869012769,0.30599478539695374
15.0,proportional,1501,2,786091066,edges-cov,sfa,0.6250602585837388,0.7906075249981753
15.0,proportional,1501,2,786091066,edges-cov,pca,0.3963432280197461,0.6295579623988129
15.0,proportional,1501,2,786091066,node-var,sfa,0.6615073147291937,0.8133309994886424
15.0,proportional,1501,2,786091066,node-var,pca,0.6001718882474822,0.7747076146827777
15.0,fixed,3001,2,787025148,edges-corr,sfa,0.8106256008382614,0.9003474889387202
15.0,fixed,3001,2,787025148,edges-corr,pca,0.8586565429491353,0.9266372229460339
15.0,fixed,3001,2,787025148,edges-cov,sfa,0.8566409438855478,0.9255489959400018
15.0,fixed,3001,2,787025148,edges-cov,pca,0.7883733857687569,0.8879039282314021
15.0,fixed,3001,2,787025148,node-var,sfa,0.8460022391554163,0.9197838002244951
15.0,fixed,3001,2,787025148,node-var,pca,0.25438306029268587,0.5043640156600049
15.0,proportional,1501,2,787025148,edges-corr,sfa,0.46072195933394744,0.6787650251257407
15.0,proportional,1501,2,787025148,edges-corr,pca,0.7893614967780029,0.8884601830009063
15.0,proportional,1501,2,787025148,edges-cov,sfa,0.6891748497216127,0.8301655556102122
15.0,proportional,1501,2,787025148,edges-cov,pca,0.7059109787469968,0.840185086006052
15.0,proportional,1501,2,787025148,node-var,sfa,0.7808063930884367,0.8836324988865213
15.0,proportional,1501,2,787025148,node-var,pca,0.08424439051009613,0.29024884239234544
15.0,fixed,3001,2,789848216,edges-corr,sfa,0.9022106454465835,0.9498476959210798
15.0,fixed,3001,2,789848216,edges-corr,pca,0.7276995350396185,0.8530530669539967
15.0,fixed,3001,2,789848216,edges-cov,sfa,0.8641318208178965,0.929586908695415
15.0,fixed,3001,2,789848216,edges-cov,pca,0.6028123886598622,0.7764099359615801
15.0,fixed,3001,2,789848216,node-var,sfa,0.7988047369619579,0.8937587688867498
15.0,fixed,3001,2,789848216,node-var,pca,0.192169976481106,0.4383719613309071
15.0,proportional,1501,2,789848216,edges-corr,sfa,0.8742338732645771,0.9350047450492304
15.0,proportional,1501,2,789848216,edges-corr,pca,0.6458548305819982,0.8036509382698425
15.0,proportional,1501,2,789848216,edges-cov,sfa,0.8178046259592695,0.904325508851359
15.0,proportional,1501,2,789848216,edges-cov,pca,0.5502741149854655,0.7418046339741123
15.0,proportional,1501,2,789848216,node-var,sfa,0.7494804030771993,0.8657253623853218
15.0,proportional,1501,2,789848216,node-var,pca,0.39632369349771757,0.6295424477330482
15.0,fixed,3001,2,793224716,edges-corr,sfa,0.9462562391953331,0.9727570298873881
15.0,fixed,3001,2,793224716,edges-corr,pca,0.9365937133083342,0.9677777189563399
15.0,fixed,3001,2,793224716,edges-cov,sfa,0.659247393817704,0.8119405112554147
15.0,fixed,3001,2,793224716,edges-cov,pca,0.6206074295535671,0.7877864111252267
15.0,fixed,3001,2,793224716,node-var,sfa,0.6736185678260984,0.8207426928252842
15.0,fixed,3001,2,793224716,node-var,pca,0.669107799294075,0.8179900973080749
15.0,proportional,1501,2,793224716,edges-corr,sfa,0.9167434146265561,0.9574671872323118
15.0,proportional,1501,2,793224716,edges-corr,pca,0.8962686385408809,0.9467146552900082
15.0,proportional,1501,2,793224716,edges-cov,sfa,0.5910036747793153,0.7687676338005613
15.0,proportional,1501,2,793224716,edges-cov,pca,0.5559294109451631,0.7456067401419906
15.0,proportional,1501,2,793224716,node-var,sfa,0.6083555345980185,0.7799714960163743
15.0,proportional,1501,2,793224716,node-var,pca,0.6064153964900865,0.7787267791016844
15.0,fixed,3001,2,794812542,edges-corr,sfa,0.8280106774816876,0.9099509203697131
15.0,fixed,3001,2,794812542,edges-corr,pca,0.7969923925571958,0.8927443041303581
15.0,fixed,3001,2,794812542,edges-cov,sfa,0.6339152874342308,0.7961879724249976
15.0,fixed,3001,2,794812542,edges-cov,pca,0.602189548640955,0.7760087297453268
15.0,fixed,3001,2,794812542,node-var,sfa,0.6193456516162789,0.7869851660713053
15.0,fixed,3001,2,794812542,node-var,pca,0.6325909567216899,0.795355867974637
15.0,proportional,1501,2,794812542,edges-corr,sfa,0.8144076810505819,0.9024453895115121
15.0,proportional,1501,2,794812542,edges-corr,pca,0.766025627136365,0.875228899852129
15.0,proportional,1501,2,794812542,edges-cov,sfa,0.5746131222341635,0.7580324018365998
15.0,proportional,1501,2,794812542,edges-cov,pca,0.5312731703319813,0.7288848813989643
15.0,proportional,1501,2,794812542,node-var,sfa,0.5546495470955184,0.7447479755565083
15.0,proportional,1501,2,794812542,node-var,pca,0.5697359186941682,0.7548085311482442
15.0,fixed,3001,2,816200189,edges-corr,sfa,0.7549510816718056,0.868879210058456
15.0,fixed,3001,2,816200189,edges-corr,pca,0.6996832740835417,0.8364707251802331
15.0,fixed,3001,2,816200189,edges-cov,sfa,0.4653888271500274,0.6821941271735117
15.0,fixed,3001,2,816200189,edges-cov,pca,0.4658902880644361,0.6825615635709635
15.0,fixed,3001,2,816200189,node-var,sfa,0.4725201499093885,0.6874010109895016
15.0,fixed,3001,2,816200189,node-var,pca,0.47064565192734853,0.6860361884968983
15.0,proportional,1501,2,816200189,edges-corr,sfa,0.6427465814878148,0.8017147756451874
15.0,proportional,1501,2,816200189,edges-corr,pca,0.5787632542569414,0.7607649139234401
15.0,proportional,1501,2,816200189,edges-cov,sfa,0.34405536857799,0.5865623313664023
15.0,proportional,1501,2,816200189,edges-cov,pca,0.3412363671262022,0.5841544034980828
15.0,proportional,1501,2,816200189,node-var,sfa,0.3526461419452078,0.5938401653182517
15.0,proportional,1501,2,816200189,node-var,pca,0.3495984312655237,0.5912684933814089
15.0,fixed,3001,2,829720705,edges-corr,sfa,0.46167368422235155,0.6794657343989846
15.0,fixed,3001,2,829720705,edges-corr,pca,0.47213006538916347,0.687117213719146
15.0,fixed,3001,2,829720705,edges-cov,sfa,0.49367746072692076,0.7026218476014814
15.0,fixed,3001,2,829720705,edges-cov,pca,0.4693820501047694,0.6851146255224525
15.0,fixed,3001,2,829720705,node-var,sfa,0.48215029716295577,0.69437043223553
15.0,fixed,3001,2,829720705,node-var,pca,0.4945725940752833,0.7032585542140835
15.0,proportional,1501,2,829720705,edges-corr,sfa,0.4329853986363522,0.6580162601610645
15.0,proportional,1501,2,829720705,edges-corr,pca,0.4323846657378094,0.6575596290358836
15.0,proportional,1501,2,829720705,edges-cov,sfa,0.42838132025814024,0.654508456979846
15.0,proportional,1501,2,829720705,edges-cov,pca,0.4035090999583947,0.6352236613653444
15.0,proportional,1501,2,829720705,node-var,sfa,0.4219052658654162,0.6495423510945342
15.0,proportional,1501,2,829720705,node-var,pca,0.430779345752076,0.6563378289814435
15.0,fixed,3001,2,831882777,edges-corr,sfa,0.20078114074119524,0.44808608630618674
15.0,fixed,3001,2,831882777,edges-corr,pca,0.0031927281582662115,0.056504231330638886
15.0,fixed,3001,2,831882777,edges-cov,sfa,0.46577847604177414,0.6824796524745451
15.0,fixed,3001,2,831882777,edges-cov,pca,0.47490137184032455,0.6891308815024382
15.0,fixed,3001,2,831882777,node-var,sfa,0.47186874611651075,0.686927031144145
15.0,fixed,3001,2,831882777,node-var,pca,0.47052493539315987,0.6859482016837432
15.0,proportional,1501,2,831882777,edges-corr,sfa,0.051000082506671984,0.22583197848549233
15.0,proportional,1501,2,831882777,edges-corr,pca,0.013436349809668124,0.11591526995900076
15.0,proportional,1501,2,831882777,edges-cov,sfa,0.3406565495698015,0.5836579045723631
15.0,proportional,1501,2,831882777,edges-cov,pca,0.35899612917515433,0.5991628569722525
15.0,proportional,1501,2,831882777,node-var,sfa,0.330144744331313,0.5745822346116467
15.0,proportional,1501,2,831882777,node-var,pca,0.33178179534083196,0.576005030655837
15.0,fixed,3001,2,835479236,edges-corr,sfa,0.03518836459418573,0.1875856193693594
15.0,fixed,3001,2,835479236,edges-corr,pca,0.020470278580460355,0.14307438128630987
15.0,fixed,3001,2,835479236,edges-cov,sfa,0.007563082955494349,0.08696598734847291
15.0,fixed,3001,2,835479236,edges-cov,pca,0.006893071814740748,0.0830245253810044
15.0,fixed,3001,2,835479236,node-var,sfa,0.0037731794571599364,0.06142621148304745
15.0,fixed,3001,2,835479236,node-var,pca,0.004322501920474453,0.0657457368996227
15.0,proportional,1501,2,835479236,edges-corr,sfa,0.016769302002269226,0.12949633972537422
15.0,proportional,1501,2,835479236,edges-corr,pca,0.008759407315248602,0.09359170537632572
15.0,proportional,1501,2,835479236,edges-cov,sfa,0.0037386460297234025,0.06114446851288885
15.0,proportional,1501,2,835479236,edges-cov,pca,0.0029819529582006954,0.05460726103917911
15.0,proportional,1501,2,835479236,node-var,sfa,0.0016780922401077314,0.040964524165526955
15.0,proportional,1501,2,835479236,node-var,pca,0.002096192906818728,0.04578419931394256
15.0,fixed,3001,2,839068429,edges-corr,sfa,0.1159715312223144,0.3405459311492572
15.0,fixed,3001,2,839068429,edges-corr,pca,0.06671691797805401,0.2582961826625685
15.0,fixed,3001,2,839068429,edges-cov,sfa,0.2773695371846442,0.5266588432606479
15.0,fixed,3001,2,839068429,edges-cov,pca,0.2339660776740582,0.4837004007379553
15.0,fixed,3001,2,839068429,node-var,sfa,0.29807284006285817,0.5459604748174157
15.0,fixed,3001,2,839068429,node-var,pca,0.2750193586444748,0.524422881503538
15.0,proportional,1501,2,839068429,edges-corr,sfa,0.12686724361164314,0.3561842832181723
15.0,proportional,1501,2,839068429,edges-corr,pca,0.015413577619092678,0.12415143019350476
15.0,proportional,1501,2,839068429,edges-cov,sfa,0.2866777927118781,0.5354230035326074
15.0,proportional,1501,2,839068429,edges-cov,pca,0.21636643237432418,0.46515205296152606
15.0,proportional,1501,2,839068429,node-var,sfa,0.3040602799739224,0.5514166119858205
15.0,proportional,1501,2,839068429,node-var,pca,0.2754932900707927,0.5248745469831761
15.0,fixed,3001,2,847657808,edges-corr,sfa,0.4971352033303248,0.7050781540583476
15.0,fixed,3001,2,847657808,edges-corr,pca,0.43471169497915063,0.6593266982150439
15.0,fixed,3001,2,847657808,edges-cov,sfa,0.29167359191856146,0.540068136366665
15.0,fixed,3001,2,847657808,edges-cov,pca,0.321385276977196,0.5669085261108672
15.0,fixed,3001,2,847657808,node-var,sfa,0.47909129782592275,0.6921642130491305
15.0,fixed,3001,2,847657808,node-var,pca,0.3551065801056127,0.5959081977164048
15.0,proportional,1501,2,847657808,edges-corr,sfa,0.43622146747386625,0.6604706408871361
15.0,proportional,1501,2,847657808,edges-corr,pca,0.36910591570394147,0.6075408757474189
15.0,proportional,1501,2,847657808,edges-cov,sfa,0.24538155290405006,0.4953600235223348
15.0,proportional,1501,2,847657808,edges-cov,pca,0.27323191289185667,0.5227159007451901
15.0,proportional,1501,2,847657808,node-var,sfa,0.35323490281162995,0.5943356819269974
15.0,proportional,1501,2,847657808,node-var,pca,0.16466266335438717,0.40578647507573157
15.0,fixed,3001,3,766640955,edges-corr,sfa,0.6170334032084467,0.7855147377410845
15.0,fixed,3001,3,766640955,edges-corr,pca,0.4116379209996073,0.6415901503293253
15.0,fixed,3001,3,766640955,edges-cov,sfa,0.4147321967262769,0.6439970471409614
15.0,fixed,3001,3,766640955,edges-cov,pca,0.2970098519465022,0.5449861025260201
15.0,fixed,3001,3,766640955,node-var,sfa,0.3952190110313393,0.628664466175193
15.0,fixed,3001,3,766640955,node-var,pca,0.27707152143072455,0.5263758366706486
15.0,proportional,1501,3,766640955,edges-corr,sfa,0.5852450600889887,0.7650131110569199
15.0,proportional,1501,3,766640955,edges-corr,pca,0.35061815717884026,0.5921301860054434
15.0,proportional,1501,3,766640955,edges-cov,sfa,0.3397243964857892,0.5828588135095746
15.0,proportional,1501,3,766640955,edges-cov,pca,0.24847692302777913,0.49847459617093764
15.0,proportional,1501,3,766640955,node-var,sfa,0.34851400820445666,0.5903507501515128
15.0,proportional,1501,3,766640955,node-var,pca,0.2169267282457329,0.4657539352981715
15.0,fixed,3001,3,767871931,edges-corr,sfa,0.5034527084586513,0.7095440144618596
15.0,fixed,3001,3,767871931,edges-corr,pca,0.43027333621592434,0.6559522362305992
15.0,fixed,3001,3,767871931,edges-cov,sfa,0.47314797085110105,0.6878575222028924
15.0,fixed,3001,3,767871931,edges-cov,pca,0.43916448668985375,0.6626948669560181
15.0,fixed,3001,3,767871931,node-var,sfa,0.5031697802844299,0.7093446132060421
15.0,fixed,3001,3,767871931,node-var,pca,0.39191343053178085,0.6260298958770116
15.0,proportional,1501,3,767871931,edges-corr,sfa,0.48466312159370273,0.6961775072448867
15.0,proportional,1501,3,767871931,edges-corr,pca,0.4181473126310874,0.6466431107118418
15.0,proportional,1501,3,767871931,edges-cov,sfa,0.4544542492208403,0.6741322193908562
15.0,proportional,1501,3,767871931,edges-cov,pca,0.3706518463662355,0.6088118316575621
15.0,proportional,1501,3,767871931,node-var,sfa,0.47302933545872883,0.6877712813564772
15.0,proportional,1501,3,767871931,node-var,pca,0.2809029401532833,0.5300027737222553
15.0,fixed,3001,3,771160300,edges-corr,sfa,0.9034228478799997,0.9504855853088985
15.0,fixed,3001,3,771160300,edges-corr,pca,0.9301692061458682,0.964452801409105
15.0,fixed,3001,3,771160300,edges-cov,sfa,0.6719455091772151,0.8197228246042776
15.0,fixed,3001,3,771160300,edges-cov,pca,0.6067169385625633,0.778920367279327
15.0,fixed,3001,3,771160300,node-var,sfa,0.6468145386711718,0.8042478092423836
15.0,fixed,3001,3,771160300,node-var,pca,0.5888964282377345,0.7673958745248328
15.0,proportional,1501,3,771160300,edges-corr,sfa,0.8731645556782222,0.9344327454013048
15.0,proportional,1501,3,771160300,edges-corr,pca,0.8879328698104665,0.9423018995048577
15.0,proportional,1501,3,771160300,edges-cov,sfa,0.5718523306812351,0.7562091844729428
15.0,proportional,1501,3,771160300,edges-cov,pca,0.5179035643766385,0.7196551704647424
15.0,proportional,1501,3,771160300,node-var,sfa,0.5669777668018006,0.7529792605389616
15.0,proportional,1501,3,771160300,node-var,pca,0.5044682790055433,0.7102593040612301
15.0,fixed,3001,3,771990200,edges-corr,sfa,0.8641114010112327,0.9295759253612546
15.0,fixed,3001,3,771990200,edges-corr,pca,0.8807291068791671,0.9384716867754543
15.0,fixed,3001,3,771990200,edges-cov,sfa,0.844176337919462,0.9187906932046397
15.0,fixed,3001,3,771990200,edges-cov,pca,0.7052683719973915,0.8398025791800069
15.0,fixed,3001,3,771990200,node-var,sfa,0.726522209530218,0.8523627218093346
15.0,fixed,3001,3,771990200,node-var,pca,0.6605372255672544,0.812734412687967
15.0,proportional,1501,3,771990200,edges-corr,sfa,0.8139852705783,0.9022113225726539
15.0,proportional,1501,3,771990200,edges-corr,pca,0.802608933468643,0.8958844420284571
15.0,proportional,1501,3,771990200,edges-cov,sfa,0.7766794380566625,0.8812941836053727
15.0,proportional,1501,3,771990200,edges-cov,pca,0.5688683938567887,0.7542336467281121
15.0,proportional,1501,3,771990200,node-var,sfa,0.6131835319977819,0.7830603629336503
15.0,proportional,1501,3,771990200,node-var,pca,0.5329766078513735,0.7300524692454453
15.0,fixed,3001,3,774875821,edges-corr,sfa,0.7796982555239828,0.8830052409380041
15.0,fixed,3001,3,774875821,edges-corr,pca,0.5679502394374288,0.7536247338280704
15.0,fixed,3001,3,774875821,edges-cov,sfa,0.6316677879684742,0.7947753065920418
15.0,fixed,3001,3,774875821,edges-cov,pca,0.5209235247354043,0.7217503202184276
15.0,fixed,3001,3,774875821,node-var,sfa,0.6209953613196992,0.7880325889959754
15.0,fixed,3001,3,774875821,node-var,pca,0.548064528386762,0.7403138039958206
15.0,proportional,1501,3,774875821,edges-corr,sfa,0.7405563395739788,0.860555831758743
15.0,proportional,1501,3,774875821,edges-corr,pca,0.45099303825946135,0.6715601523761385
15.0,proportional,1501,3,774875821,edges-cov,sfa,0.5455060526285446,0.7385838155744706
15.0,proportional,1501,3,774875821,edges-cov,pca,0.4119040713549088,0.6417975314341029
15.0,proportional,1501,3,774875821,node-var,sfa,0.5359141693884786,0.7320615885214037
15.0,proportional,1501,3,774875821,node-var,pca,0.4454563874150207,0.6674251923736635
15.0,fixed,3001,3,778240327,edges-corr,sfa,0.732522050950877,0.8558750206372888
15.0,fixed,3001,3,778240327,edges-corr,pca,0.6466176408623525,0.8041253887686646
15.0,fixed,3001,3,778240327,edges-cov,sfa,0.7161036211225058,0.8462290594883308
15.0,fixed,3001,3,778240327,edges-cov,pca,0.6526424808004729,0.8078629096576193
15.0,fixed,3001,3,778240327,node-var,sfa,0.7147835685386906,0.8454487379721454
15.0,fixed,3001,3,778240327,node-var,pca,0.664568936032947,0.81521097639381
15.0,proportional,1501,3,778240327,edges-corr,sfa,0.6803708155909309,0.8248459344574172
15.0,proportional,1501,3,778240327,edges-corr,pca,0.5502416580928067,0.7417827566699063
15.0,proportional,1501,3,778240327,edges-cov,sfa,0.7041628424999177,0.8391441130699284
15.0,proportional,1501,3,778240327,edges-cov,pca,0.6196868958504231,0.7872019409595108
15.0,proportional,1501,3,778240327,node-var,sfa,0.6906363045171398,0.8310453083419324
15.0,proportional,1501,3,778240327,node-var,pca,0.6404716605567473,0.8002947335555481
15.0,fixed,3001,3,778998620,edges-corr,sfa,0.8000190478409727,0.8944378390033441
15.0,fixed,3001,3,778998620,edges-corr,pca,0.7519796377951667,0.8671675949867879
15.0,fixed,3001,3,778998620,edges-cov,sfa,0.5126984829733082,0.7160296662662159
15.0,fixed,3001,3,778998620,edges-cov,pca,0.505245079064454,0.7108059362895426
15.0,fixed,3001,3,778998620,node-var,sfa,0.5569980986806622,0.7463230524917899
15.0,fixed,3001,3,778998620,node-var,pca,0.5005569606074871,0.7075005021959266
15.0,proportional,1501,3,778998620,edges-corr,sfa,0.7618452904111821,0.872837493701539
15.0,proportional,1501,3,778998620,edges-corr,pca,0.7001998635261085,0.8367794593117763
15.0,proportional,1501,3,778998620,edges-cov,sfa,0.4600819454793422,0.6782934066311878
15.0,proportional,1501,3,778998620,edges-cov,pca,0.44879826149655166,0.6699240714413467
15.0,proportional,1501,3,778998620,node-var,sfa,0.49760086796091274,0.7054082987610168
15.0,proportional,1501,3,778998620,node-var,pca,0.44996653053235636,0.6707954461177836
15.0,fixed,3001,3,779839471,edges-corr,sfa,0.6582494559522197,0.8113257397323346
15.0,fixed,3001,3,779839471,edges-corr,pca,0.5977536744181731,0.7731453126147579
15.0,fixed,3001,3,779839471,edges-cov,sfa,0.33206877133506907,0.5762540857426256
15.0,fixed,3001,3,779839471,edges-cov,pca,0.3537482722144184,0.5947674101818443
15.0,fixed,3001,3,779839471,node-var,sfa,0.36126269719587,0.6010513265902255
15.0,fixed,3001,3,779839471,node-var,pca,0.3494333329782511,0.5911288632593156
15.0,proportional,1501,3,779839471,edges-corr,sfa,0.581432470733682,0.7625171937298734
15.0,proportional,1501,3,779839471,edges-corr,pca,0.5272348827527935,0.7261094151385139
15.0,proportional,1501,3,779839471,edges-cov,sfa,0.2780189828774988,0.5272750542909261
15.0,proportional,1501,3,779839471,edges-cov,pca,0.295129812960815,0.5432585139331136
15.0,proportional,1501,3,779839471,node-var,sfa,0.3030903540267712,0.5505364238874398
15.0,proportional,1501,3,779839471,node-var,pca,0.2969223414817488,0.5449058097338937
15.0,fixed,3001,3,781842082,edges-corr,sfa,0.8643585277326522,0.9297088403003668
15.0,fixed,3001,3,781842082,edges-corr,pca,0.7851243506097512,0.8860724296634859
15.0,fixed,3001,3,781842082,edges-cov,sfa,0.6163424149554688,0.7850747830337358
15.0,fixed,3001,3,781842082,edges-cov,pca,0.5723546789364777,0.7565412605644699
15.0,fixed,3001,3,781842082,node-var,sfa,0.6526778854014548,0.8078848218659984
15.0,fixed,3001,3,781842082,node-var,pca,0.5918160987800363,0.7692958460696605
15.0,proportional,1501,3,781842082,edges-corr,sfa,0.8430645518645157,0.9181854670296824
15.0,proportional,1501,3,781842082,edges-corr,pca,0.7815773727326718,0.8840686470702763
15.0,proportional,1501,3,781842082,edges-cov,sfa,0.5296777731459729,0.7277896489686915
15.0,proportional,1501,3,781842082,edges-cov,pca,0.5002938014354669,0.7073144996643748
15.0,proportional,1501,3,781842082,node-var,sfa,0.5747419241987327,0.7581173551625968
15.0,proportional,1501,3,781842082,node-var,pca,0.5262631231347157,0.7254399514327252
15.0,fixed,3001,3,786091066,edges-corr,sfa,0.12689602764231656,0.35622468701974713
15.0,fixed,3001,3,786091066,edges-corr,pca,0.24533841901291986,0.49531648368787434
15.0,fixed,3001,3,786091066,edges-cov,sfa,0.6748324437192184,0.8214818584236778
15.0,fixed,3001,3,786091066,edges-cov,pca,0.4685060076942822,0.6844749869018464
15.0,fixed,3001,3,786091066,node-var,sfa,0.7348210089427075,0.8572170139134603
15.0,fixed,3001,3,786091066,node-var,pca,0.699768802131407,0.8365218479701563
15.0,proportional,1501,3,786091066,edges-corr,sfa,0.08967417332509042,0.29945646315464663
15.0,proportional,1501,3,786091066,edges-corr,pca,0.1447833027855987,0.38050401152366237
15.0,proportional,1501,3,786091066,edges-cov,sfa,0.6619100124293504,0.8135785225959155
15.0,proportional,1501,3,786091066,edges-cov,pca,0.35319866944547207,0.5943051989049675
15.0,proportional,1501,3,786091066,node-var,sfa,0.6772575693721832,0.8229566023625935
15.0,proportional,1501,3,786091066,node-var,pca,0.626653775585361,0.7916146635739878
15.0,fixed,3001,3,787025148,edges-corr,sfa,0.7590369492816033,0.8712272661490839
15.0,fixed,3001,3,787025148,edges-corr,pca,0.8141026116848947,0.9022763499532134
15.0,fixed,3001,3,787025148,edges-cov,sfa,0.7875785151872639,0.8874562046587227
15.0,fixed,3001,3,787025148,edges-cov,pca,0.7570882856137364,0.870108203394117
15.0,fixed,3001,3,787025148,node-var,sfa,0.7928621231889573,0.8904280561555542
15.0,fixed,3001,3,787025148,node-var,pca,0.28523108406242503,0.5340702988019683
15.0,proportional,1501,3,787025148,edges-corr,sfa,0.44565993806010584,0.6675776644407044
15.0,proportional,1501,3,787025148,edges-corr,pca,0.7515123229848544,0.866898104153454
15.0,proportional,1501,3,787025148,edges-cov,sfa,0.5950954335547813,0.7714242889323482
15.0,proportional,1501,3,787025148,edges-cov,pca,0.6814457776336071,0.8254972911122174
15.0,proportional,1501,3,787025148,node-var,sfa,0.7310983003340921,0.855042864617961
15.0,proportional,1501,3,787025148,node-var,pca,0.12528159197564004,0.3539513977591275
15.0,fixed,3001,3,789848216,edges-corr,sfa,0.9474270396135394,0.9733586387419275
15.0,fixed,3001,3,789848216,edges-corr,pca,0.8545466086170449,0.9244169019533579
15.0,fixed,3001,3,789848216,edges-cov,sfa,0.9099446371912204,0.9539101829791012
15.0,fixed,3001,3,789848216,edges-cov,pca,0.7665783520043493,0.8755446030924694
15.0,fixed,3001,3,789848216,node-var,sfa,0.8216824094524319,0.9064669930297696
15.0,fixed,3001,3,789848216,node-var,pca,0.6734774219035193,0.8206567016137256
15.0,proportional,1501,3,789848216,edges-corr,sfa,0.9120986553035032,0.9550385622075697
15.0,proportional,1501,3,789848216,edges-corr,pca,0.7787716988573604,0.8824804240646706
15.0,proportional,1501,3,789848216,edges-cov,sfa,0.8445829218220212,0.9190119269204404
15.0,proportional,1501,3,789848216,edges-cov,pca,0.6618901932332573,0.8135663422446012
15.0,proportional,1501,3,789848216,node-var,sfa,0.7589595166146472,0.871182826170631
15.0,proportional,1501,3,789848216,node-var,pca,0.5678086189713378,0.7535307684304202
15.0,fixed,3001,3,793224716,edges-corr,sfa,0.9300258580062883,0.964378482757828
15.0,fixed,3001,3,793224716,edges-corr,pca,0.9312914384177231,0.9650344234366569
15.0,fixed,3001,3,793224716,edges-cov,sfa,0.7022785366575154,0.8380206063442085
15.0,fixed,3001,3,793224716,edges-cov,pca,0.6743554558521048,0.8211914854965929
15.0,fixed,3001,3,793224716,node-var,sfa,0.7188344227384594,0.8478410362435036
15.0,fixed,3001,3,793224716,node-var,pca,0.7118957089958695,0.8437391237793039
15.0,proportional,1501,3,793224716,edges-corr,sfa,0.8968437222199843,0.9470183325680592
15.0,proportional,1501,3,793224716,edges-corr,pca,0.8852838991051295,0.9408952646841903
15.0,proportional,1501,3,793224716,edges-cov,sfa,0.622692102407936,0.7891084224667334
15.0,proportional,1501,3,793224716,edges-cov,pca,0.5952171645248057,0.7715031850386647
15.0,proportional,1501,3,793224716,node-var,sfa,0.6424297584116536,0.801517160397489
15.0,proportional,1501,3,793224716,node-var,pca,0.6385217501016428,0.7990755596948536
15.0,fixed,3001,3,794812542,edges-corr,sfa,0.8263676767531363,0.9090476757316627
15.0,fixed,3001,3,794812542,edges-corr,pca,0.7959785902051637,0.8921763223742065
15.0,fixed,3001,3,794812542,edges-cov,sfa,0.6403515526684885,0.8002196902529265
15.0,fixed,3001,3,794812542,edges-cov,pca,0.603409864351979,0.7767946088587242
15.0,fixed,3001,3,794812542,node-var,sfa,0.625538294235175,0.7909097889362446
15.0,fixed,3001,3,794812542,node-var,pca,0.6367603640304302,0.7979726586985498
15.0,proportional,1501,3,794812542,edges-corr,sfa,0.8087610007616856,0.8993114036648734
15.0,proportional,1501,3,794812542,edges-corr,pca,0.7639414613256029,0.8740374484686586
15.0,proportional,1501,3,794812542,edges-cov,sfa,0.5808370166695759,0.7621266408344319
15.0,proportional,1501,3,794812542,edges-cov,pca,0.5304594244286889,0.7283264545714959
15.0,proportional,1501,3,794812542,node-var,sfa,0.5596247148196273,0.7480806873724432
15.0,proportional,1501,3,794812542,node-var,pca,0.5722868735819346,0.7564964465097865
15.0,fixed,3001,3,816200189,edges-corr,sfa,0.7229273998845158,0.8502513745266836
15.0,fixed,3001,3,816200189,edges-corr,pca,0.6695880942245682,0.8182836270050664
15.0,fixed,3001,3,816200189,edges-cov,sfa,0.5231483931151747,0.7232899785806339
15.0,fixed,3001,3,816200189,edges-cov,pca,0.5123349203698,0.7157757472629255
15.0,fixed,3001,3,816200189,node-var,sfa,0.5288011902251966,0.7271871768844628
15.0,fixed,3001,3,816200189,node-var,pca,0.5207686148164508,0.7216429967902769
15.0,proportional,1501,3,816200189,edges-corr,sfa,0.6342471000815608,0.7963963209869568
15.0,proportional,1501,3,816200189,edges-corr,pca,0.5460896270082609,0.7389787730430821
15.0,proportional,1501,3,816200189,edges-cov,sfa,0.41637158726982704,0.6452686163682734
15.0,proportional,1501,3,816200189,edges-cov,pca,0.3957392144224072,0.6290780670333426
15.0,proportional,1501,3,816200189,node-var,sfa,0.4193679677689549,0.6475862628012999
15.0,proportional,1501,3,816200189,node-var,pca,0.4091925851472724,0.6396816279582151
15.0,fixed,3001,3,829720705,edges-corr,sfa,0.4306632148695341,0.6562493541859937
15.0,fixed,3001,3,829720705,edges-corr,pca,0.44379970058099905,0.6661829332705843
15.0,fixed,3001,3,829720705,edges-cov,sfa,0.4582996830846532,0.676978347574465
15.0,fixed,3001,3,829720705,edges-cov,pca,0.43395012407789824,0.658748908217614
15.0,fixed,3001,3,829720705,node-var,sfa,0.4454540768153288,0.6674234613911386
15.0,fixed,3001,3,829720705,node-var,pca,0.46092866466752036,0.678917273802575
15.0,proportional,1501,3,829720705,edges-corr,sfa,0.4065084697987741,0.6375801673505644
15.0,proportional,1501,3,829720705,edges-corr,pca,0.40691013543621235,0.637895081840433
15.0,proportional,1501,3,829720705,edges-cov,sfa,0.39266131584216146,0.6266269351393721
15.0,proportional,1501,3,829720705,edges-cov,pca,0.36888021241058844,0.6073550958134686
15.0,proportional,1501,3,829720705,node-var,sfa,0.3849848358536321,0.6204714625618434
15.0,proportional,1501,3,829720705,node-var,pca,0.39618896834859296,0.6294354362034222
15.0,fixed,3001,3,831882777,edges-corr,sfa,0.148554113617403,0.38542718328810577
15.0,fixed,3001,3,831882777,edges-corr,pca,0.02227017698241751,0.14923195697442748
15.0,fixed,3001,3,831882777,edges-cov,sfa,0.5797112283658645,0.7613876991164622
15.0,fixed,3001,3,831882777,edges-cov,pca,0.4257807031215364,0.6525187377551189
15.0,fixed,3001,3,831882777,node-var,sfa,0.6041272212130722,0.7772562133640826
15.0,fixed,3001,3,831882777,node-var,pca,0.601295563178129,0.7754325007233888
15.0,proportional,1501,3,831882777,edges-corr,sfa,0.15682423723995054,0.39601040041891655
15.0,proportional,1501,3,831882777,edges-corr,pca,0.0153591142245737,0.1239318934922466
15.0,proportional,1501,3,831882777,edges-cov,sfa,0.5127565058008168,0.7160701821754766
15.0,proportional,1501,3,831882777,edges-cov,pca,0.3702076312386907,0.6084469009196218
15.0,proportional,1501,3,831882777,node-var,sfa,0.5306375977390688,0.7284487612310624
15.0,proportional,1501,3,831882777,node-var,pca,0.5265002294495894,0.7256033554564013
15.0,fixed,3001,3,835479236,edges-corr,sfa,0.5219612484019504,0.7224688563543402
15.0,fixed,3001,3,835479236,edges-corr,pca,0.2113175883861267,0.4596929283621036
15.0,fixed,3001,3,835479236,edges-cov,sfa,0.09784716165826701,0.31280530951099106
15.0,fixed,3001,3,835479236,edges-cov,pca,0.033748560846976305,0.18370781378857107
15.0,fixed,3001,3,835479236,node-var,sfa,0.08175734034163828,0.2859324051968202
15.0,fixed,3001,3,835479236,node-var,pca,0.06523206535245885,0.25540568778407935
15.0,proportional,1501,3,835479236,edges-corr,sfa,0.4004720518297904,0.6328286117344822
15.0,proportional,1501,3,835479236,edges-corr,pca,0.2246962680393253,0.4740213793061716
15.0,proportional,1501,3,835479236,edges-cov,sfa,0.06784145786598894,0.26046392814742875
15.0,proportional,1501,3,835479236,edges-cov,pca,0.02772505787382107,0.16650843184001524
15.0,proportional,1501,3,835479236,node-var,sfa,0.03988957136161031,0.19972373760174375
15.0,proportional,1501,3,835479236,node-var,pca,0.052336791098562374,0.22877235649999844
15.0,fixed,3001,3,839068429,edges-corr,sfa,0.10196213315255886,0.3193151001010732
15.0,fixed,3001,3,839068429,edges-corr,pca,0.1342472337073829,0.36639764424376825
15.0,fixed,3001,3,839068429,edges-cov,sfa,0.32698843423837476,0.571829025354935
15.0,fixed,3001,3,839068429,edges-cov,pca,0.3227266525133671,0.5680903559411713
15.0,fixed,3001,3,839068429,node-var,sfa,0.34788723280752254,0.5898196612588661
15.0,fixed,3001,3,839068429,node-var,pca,0.3559735659953036,0.5966352034495649
15.0,proportional,1501,3,839068429,edges-corr,sfa,0.12786053044460532,0.3575759086468282
15.0,proportional,1501,3,839068429,edges-corr,pca,0.04966118556277932,0.22284789781996825
15.0,proportional,1501,3,839068429,edges-cov,sfa,0.35353653861568446,0.5945893865649512
15.0,proportional,1501,3,839068429,edges-cov,pca,0.3102086154089764,0.5569637469431701
15.0,proportional,1501,3,839068429,node-var,sfa,0.37200096435589347,0.6099188178404519
15.0,proportional,1501,3,839068429,node-var,pca,0.36689864333389055,0.6057215889613736
15.0,fixed,3001,3,847657808,edges-corr,sfa,0.5398154546535482,0.7347213449012815
15.0,fixed,3001,3,847657808,edges-corr,pca,0.4680585176361347,0.6841480231909869
15.0,fixed,3001,3,847657808,edges-cov,sfa,0.33032751842498087,0.5747412621562692
15.0,fixed,3001,3,847657808,edges-cov,pca,0.3337820688791775,0.577738754870382
15.0,fixed,3001,3,847657808,node-var,sfa,0.5206865068609479,0.7215861049527954
15.0,fixed,3001,3,847657808,node-var,pca,0.34075795634544326,0.5837447698656015
15.0,proportional,1501,3,847657808,edges-corr,sfa,0.47488580607895026,0.6891195876471292
15.0,proportional,1501,3,847657808,edges-corr,pca,0.37918997277855504,0.6157840309544863
15.0,proportional,1501,3,847657808,edges-cov,sfa,0.2770796213901964,0.5263835306980993
15.0,proportional,1501,3,847657808,edges-cov,pca,0.28825124704219984,0.5368903491796069
15.0,proportional,1501,3,847657808,node-var,sfa,0.3969495754250544,0.6300393443468854
15.0,proportional,1501,3,847657808,node-var,pca,0.10941513890531207,0.33077959263732126
15.0,fixed,3001,4,766640955,edges-corr,sfa,0.5647719824137061,0.7515131285704236
15.0,fixed,3001,4,766640955,edges-corr,pca,0.2674372799938378,0.5171433843663062
15.0,fixed,3001,4,766640955,edges-cov,sfa,0.32261935510104933,0.5679959111657841
15.0,fixed,3001,4,766640955,edges-cov,pca,0.2546792062239419,0.5046575137892451
15.0,fixed,3001,4,766640955,node-var,sfa,0.32878629132463144,0.5733988937246315
15.0,fixed,3001,4,766640955,node-var,pca,0.2588246267147579,0.508748097504804
15.0,proportional,1501,4,766640955,edges-corr,sfa,0.5009669352767107,0.707790177437289
15.0,proportional,1501,4,766640955,edges-corr,pca,0.20037304112626042,0.4476304738579133
15.0,proportional,1501,4,766640955,edges-cov,sfa,0.24961849256195623,0.49961834690287016
15.0,proportional,1501,4,766640955,edges-cov,pca,0.19609805473996167,0.4428296001172028
15.0,proportional,1501,4,766640955,node-var,sfa,0.272186481871759,0.5217149431171759
15.0,proportional,1501,4,766640955,node-var,pca,0.19008635418426456,0.43598893814438056
15.0,fixed,3001,4,767871931,edges-corr,sfa,0.04943741916095601,0.22234527015647532
15.0,fixed,3001,4,767871931,edges-corr,pca,0.12407939796958056,0.3522490567334149
15.0,fixed,3001,4,767871931,edges-cov,sfa,0.015485316214218448,0.12444001050393065
15.0,fixed,3001,4,767871931,edges-cov,pca,0.24166118310985008,0.49159046279382995
15.0,fixed,3001,4,767871931,node-var,sfa,0.05993722869002516,0.24482080934843872
15.0,fixed,3001,4,767871931,node-var,pca,0.27907822869278676,0.5282785521794238
15.0,proportional,1501,4,767871931,edges-corr,sfa,0.05074558442013777,0.2252678060001871
15.0,proportional,1501,4,767871931,edges-corr,pca,0.09762485397625809,0.3124497623238942
15.0,proportional,1501,4,767871931,edges-cov,sfa,0.0194091631972797,0.13931677284978963
15.0,proportional,1501,4,767871931,edges-cov,pca,0.06909254614220717,0.2628546102738307
15.0,proportional,1501,4,767871931,node-var,sfa,0.06026181591924873,0.24548282204514607
15.0,proportional,1501,4,767871931,node-var,pca,0.1680496497597792,0.4099385926694132
15.0,fixed,3001,4,771160300,edges-corr,sfa,0.9168827334249531,0.9575399382923684
15.0,fixed,3001,4,771160300,edges-corr,pca,0.9206997261409675,0.959530992798549
15.0,fixed,3001,4,771160300,edges-cov,sfa,0.598043409018612,0.7733326638766899
15.0,fixed,3001,4,771160300,edges-cov,pca,0.5736854868071422,0.7574202841270791
15.0,fixed,3001,4,771160300,node-var,sfa,0.6216630036044016,0.7884560885708229
15.0,fixed,3001,4,771160300,node-var,pca,0.5838377843488513,0.7640927851700023
15.0,proportional,1501,4,771160300,edges-corr,sfa,0.8826622094057478,0.9395010427911985
15.0,proportional,1501,4,771160300,edges-corr,pca,0.8633966998982961,0.9291914226349131
15.0,proportional,1501,4,771160300,edges-cov,sfa,0.45358108802259434,0.6734842893658276
15.0,proportional,1501,4,771160300,edges-cov,pca,0.4654887622797922,0.6822673686171665
15.0,proportional,1501,4,771160300,node-var,sfa,0.518944856344647,0.7203782730931335
15.0,proportional,1501,4,771160300,node-var,pca,0.482847624906087,0.6948723803016537
15.0,fixed,3001,4,771990200,edges-corr,sfa,0.8301890596836881,0.9111471119877873
15.0,fixed,3001,4,771990200,edges-corr,pca,0.8893349757830848,0.9430455852094765
15.0,fixed,3001,4,771990200,edges-cov,sfa,0.7855365180998213,0.8863049802973135
15.0,fixed,3001,4,771990200,edges-cov,pca,0.679358036966023,0.8242317859473869
15.0,fixed,3001,4,771990200,node-var,sfa,0.6821030383743893,0.8258952950431366
15.0,fixed,3001,4,771990200,node-var,pca,0.6599656588375493,0.8123827046642164
15.0,proportional,1501,4,771990200,edges-corr,sfa,0.804225164839439,0.8967860195383505
15.0,proportional,1501,4,771990200,edges-corr,pca,0.8560900310667641,0.9252513339989118
15.0,proportional,1501,4,771990200,edges-cov,sfa,0.7056603903123946,0.8400359458454126
15.0,proportional,1501,4,771990200,edges-cov,pca,0.5562248488104231,0.7458048329224094
15.0,proportional,1501,4,771990200,node-var,sfa,0.5872232465951042,0.7663049305564376
15.0,proportional,1501,4,771990200,node-var,pca,0.5542227827716413,0.7444614044875936
15.0,fixed,3001,4,774875821,edges-corr,sfa,0.729047564360037,0.853842821812091
15.0,fixed,3001,4,774875821,edges-corr,pca,0.5297440971412616,0.7278352129027993
15.0,fixed,3001,4,774875821,edges-cov,sfa,0.5846399543353868,0.7646175215984724
15.0,fixed,3001,4,774875821,edges-cov,pca,0.4840896413646797,0.6957655074554085
15.0,fixed,3001,4,774875821,node-var,sfa,0.5749433756716422,0.7582502065094621
15.0,fixed,3001,4,774875821,node-var,pca,0.5122950541805081,0.7157478984813781
15.0,proportional,1501,4,774875821,edges-corr,sfa,0.7283463553896883,0.8534321035616642
15.0,proportional,1501,4,774875821,edges-corr,pca,0.4683174817695024,0.6843372573296757
15.0,proportional,1501,4,774875821,edges-cov,sfa,0.5266524897815057,0.7257082676816551
15.0,proportional,1501,4,774875821,edges-cov,pca,0.4056912465116429,0.6369389660804573
15.0,proportional,1501,4,774875821,node-var,sfa,0.5152601146020915,0.7178162122730932
15.0,proportional,1501,4,774875821,node-var,pca,0.43910098286551635,0.6626469519023815
15.0,fixed,3001,4,778240327,edges-corr,sfa,0.7785777201890475,0.882370511853752
15.0,fixed,3001,4,778240327,edges-corr,pca,0.5911913081337191,0.7688896592708978
15.0,fixed,3001,4,778240327,edges-cov,sfa,0.7636143693209061,0.8738503128802476
15.0,fixed,3001,4,778240327,edges-cov,pca,0.7243687263857062,0.8510985409373625
15.0,fixed,3001,4,778240327,node-var,sfa,0.753285219580101,0.8679200536801196
15.0,fixed,3001,4,778240327,node-var,pca,0.7453952361178385,0.8633627488592724
15.0,proportional,1501,4,778240327,edges-corr,sfa,0.7139410785269049,0.8449503408644217
15.0,proportional,1501,4,778240327,edges-corr,pca,0.489679663948814,0.6997711511264333
15.0,proportional,1501,4,778240327,edges-cov,sfa,0.7419901711865624,0.861388513498156
15.0,proportional,1501,4,778240327,edges-cov,pca,0.6540847500611178,0.8087550618457466
15.0,proportional,1501,4,778240327,node-var,sfa,0.7016508427614188,0.8376460128010017
15.0,proportional,1501,4,778240327,node-var,pca,0.6819145370274207,0.8257811677602124
15.0,fixed,3001,4,778998620,edges-corr,sfa,0.8067489334708002,0.8981920359649156
15.0,fixed,3001,4,778998620,edges-corr,pca,0.7584420886431117,0.8708858068903815
15.0,fixed,3001,4,778998620,edges-cov,sfa,0.5198024335718001,0.7209732544080948
15.0,fixed,3001,4,778998620,edges-cov,pca,0.5161994273726807,0.718470199362981
15.0,fixed,3001,4,778998620,node-var,sfa,0.5593691151318251,0.7479098308832597
15.0,fixed,3001,4,778998620,node-var,pca,0.5128755755654462,0.7161533184768781
15.0,proportional,1501,4,778998620,edges-corr,sfa,0.7667748166134822,0.875656791564757
15.0,proportional,1501,4,778998620,edges-corr,pca,0.6965413255650085,0.8345905137041819
15.0,proportional,1501,4,778998620,edges-cov,sfa,0.4660798550251626,0.6827004138164586
15.0,proportional,1501,4,778998620,edges-cov,pca,0.4542284323395924,0.6739647114942986
15.0,proportional,1501,4,778998620,node-var,sfa,0.49914821154105193,0.7065042190539647
15.0,proportional,1501,4,778998620,node-var,pca,0.45973970936740094,0.6780410823596164
15.0,fixed,3001,4,779839471,edges-corr,sfa,0.6647959899267046,0.8153502253183625
15.0,fixed,3001,4,779839471,edges-corr,pca,0.6084335781394232,0.7800215241513678
15.0,fixed,3001,4,779839471,edges-cov,sfa,0.35106989620552753,0.5925115156733465
15.0,fixed,3001,4,779839471,edges-cov,pca,0.3690169531389297,0.6074676560434544
15.0,fixed,3001,4,779839471,node-var,sfa,0.38874941152845577,0.6234977237556346
15.0,fixed,3001,4,779839471,node-var,pca,0.36819834431967713,0.6067934939661738
15.0,proportional,1501,4,779839471,edges-corr,sfa,0.5839589361079157,0.764172059230063
15.0,proportional,1501,4,779839471,edges-corr,pca,0.5263693314685427,0.72551315044494
15.0,proportional,1501,4,779839471,edges-cov,sfa,0.27484246402412527,0.5242541979079659
15.0,proportional,1501,4,779839471,edges-cov,pca,0.29097763232896223,0.5394234258251691
15.0,proportional,1501,4,779839471,node-var,sfa,0.30631764506212633,0.5534597050031067
15.0,proportional,1501,4,779839471,node-var,pca,0.2957028897429077,0.54378570203979
15.0,fixed,3001,4,781842082,edges-corr,sfa,0.8663714168149936,0.9307907481356881
15.0,fixed,3001,4,781842082,edges-corr,pca,0.78968553869881,0.8886425258217203
15.0,fixed,3001,4,781842082,edges-cov,sfa,0.6167738249915119,0.7853494922590266
15.0,fixed,3001,4,781842082,edges-cov,pca,0.5749753768082483,0.7582713081795004
15.0,fixed,3001,4,781842082,node-var,sfa,0.6533586433414793,0.8083060332210059
15.0,fixed,3001,4,781842082,node-var,pca,0.5940782035640049,0.7707646875434848
15.0,proportional,1501,4,781842082,edges-corr,sfa,0.8454111909951415,0.9194624467563347
15.0,proportional,1501,4,781842082,edges-corr,pca,0.7861588733726957,0.8866560062237747
15.0,proportional,1501,4,781842082,edges-cov,sfa,0.5306751319264786,0.7284745238692144
15.0,proportional,1501,4,781842082,edges-cov,pca,0.5042057952736775,0.7100744998052518
15.0,proportional,1501,4,781842082,node-var,sfa,0.5755715764794489,0.7586643371606763
15.0,proportional,1501,4,781842082,node-var,pca,0.5295952501946406,0.7277329525276706
15.0,fixed,3001,4,786091066,edges-corr,sfa,0.23250934713219262,0.4821922304768015
15.0,fixed,3001,4,786091066,edges-corr,pca,0.11762505025103542,0.3429650860525524
15.0,fixed,3001,4,786091066,edges-cov,sfa,0.7781480150840089,0.8821269835369545
15.0,fixed,3001,4,786091066,edges-cov,pca,0.10682678120400857,0.32684366477569693
15.0,fixed,3001,4,786091066,node-var,sfa,0.6500894961922606,0.806281276101744
15.0,fixed,3001,4,786091066,node-var,pca,0.02045693780189195,0.1430277518591828
15.0,proportional,1501,4,786091066,edges-corr,sfa,0.27653743132274466,0.5258682642285465
15.0,proportional,1501,4,786091066,edges-corr,pca,0.08064490808347968,0.2839804713065317
15.0,proportional,1501,4,786091066,edges-cov,sfa,0.7182651134586919,0.8475052291630354
15.0,proportional,1501,4,786091066,edges-cov,pca,0.09213290387372974,0.3035340242439557
15.0,proportional,1501,4,786091066,node-var,sfa,0.5886580298993234,0.7672405293643746
15.0,proportional,1501,4,786091066,node-var,pca,0.31240793975309034,0.5589346471217268
15.0,fixed,3001,4,787025148,edges-corr,sfa,0.8820375093039027,0.9391685201836273
15.0,fixed,3001,4,787025148,edges-corr,pca,0.8640166006668486,0.9295249327838644
15.0,fixed,3001,4,787025148,edges-cov,sfa,0.8195263426690436,0.9052769425259017
15.0,fixed,3001,4,787025148,edges-cov,pca,0.86623437566543,0.9307171297797368
15.0,fixed,3001,4,787025148,node-var,sfa,0.8147014256175448,0.9026081240591317
15.0,fixed,3001,4,787025148,node-var,pca,0.6370906219805204,0.7981795675037793
15.0,proportional,1501,4,787025148,edges-corr,sfa,0.8458632286386093,0.91970823016792
15.0,proportional,1501,4,787025148,edges-corr,pca,0.7967241283373021,0.8925940445338532
15.0,proportional,1501,4,787025148,edges-cov,sfa,0.7936701056034956,0.8908816451153847
15.0,proportional,1501,4,787025148,edges-cov,pca,0.8196111946286924,0.9053238065072055
15.0,proportional,1501,4,787025148,node-var,sfa,0.782716723367782,0.8847127914570806
15.0,proportional,1501,4,787025148,node-var,pca,0.48572321375436933,0.6969384576520157
15.0,fixed,3001,4,789848216,edges-corr,sfa,0.9449439704655942,0.9720822858511482
15.0,fixed,3001,4,789848216,edges-corr,pca,0.8708787125786408,0.9332088258148005
15.0,fixed,3001,4,789848216,edges-cov,sfa,0.9292341148244654,0.9639679013455089
15.0,fixed,3001,4,789848216,edges-cov,pca,0.7392320010765575,0.8597860205170567
15.0,fixed,3001,4,789848216,node-var,sfa,0.8231825017849069,0.9072940547501175
15.0,fixed,3001,4,789848216,node-var,pca,0.38383349370837117,0.619542971639879
15.0,proportional,1501,4,789848216,edges-corr,sfa,0.9234395630002379,0.9609576280982627
15.0,proportional,1501,4,789848216,edges-corr,pca,0.8135138648476226,0.9019500345626815
15.0,proportional,1501,4,789848216,edges-cov,sfa,0.8852358966169251,0.9408697553949359
15.0,proportional,1501,4,789848216,edges-cov,pca,0.6406065855055028,0.800379026152925
15.0,proportional,1501,4,789848216,node-var,sfa,0.7563979100434781,0.8697113946841659
15.0,proportional,1501,4,789848216,node-var,pca,0.3209218751027998,0.5664996691109347
15.0,fixed,3001,4,793224716,edges-corr,sfa,0.9505147841646328,0.9749434774204261
15.0,fixed,3001,4,793224716,edges-corr,pca,0.9476930511620233,0.9734952753670786
15.0,fixed,3001,4,793224716,edges-cov,sfa,0.7607027693433205,0.8721827614343894
15.0,fixed,3001,4,793224716,edges-cov,pca,0.7521809881170975,0.8672836837604494
15.0,fixed,3001,4,793224716,node-var,sfa,0.7701789770591114,0.8775984144579527
15.0,fixed,3001,4,793224716,node-var,pca,0.7409394014623042,0.8607783695367249
15.0,proportional,1501,4,793224716,edges-corr,sfa,0.9282116558334774,0.9634374166667388
15.0,proportional,1501,4,793224716,edges-corr,pca,0.9206232417919149,0.959491136901178
15.0,proportional,1501,4,793224716,edges-cov,sfa,0.6652193181938577,0.815609783042024
15.0,proportional,1501,4,793224716,edges-cov,pca,0.6504206938490933,0.8064866358775531
15.0,proportional,1501,4,793224716,node-var,sfa,0.6790625733262665,0.8240525306837351
15.0,proportional,1501,4,793224716,node-var,pca,0.6523545144346294,0.8076846627456966
15.0,fixed,3001,4,794812542,edges-corr,sfa,0.7457821470443304,0.8635867918422163
15.0,fixed,3001,4,794812542,edges-corr,pca,0.7023319505666237,0.8380524748287695
15.0,fixed,3001,4,794812542,edges-cov,sfa,0.6396342271820434,0.7997713593159245
15.0,fixed,3001,4,794812542,edges-cov,pca,0.6118971006624414,0.782238519035238
15.0,fixed,3001,4,794812542,node-var,sfa,0.6348600942588554,0.796781083020208
15.0,fixed,3001,4,794812542,node-var,pca,0.6339068560740193,0.7961826775772123
15.0,proportional,1501,4,794812542,edges-corr,sfa,0.7576594786878312,0.8704363725671351
15.0,proportional,1501,4,794812542,edges-corr,pca,0.6912110847043569,0.8313910540199209
15.0,proportional,1501,4,794812542,edges-cov,sfa,0.5777070094699996,0.7600703977066852
15.0,proportional,1501,4,794812542,edges-cov,pca,0.5328239542064717,0.7299479119817187
15.0,proportional,1501,4,794812542,node-var,sfa,0.5604976040378538,0.7486638792127307
15.0,proportional,1501,4,794812542,node-var,pca,0.5620721039578609,0.7497146817008863
15.0,fixed,3001,4,816200189,edges-corr,sfa,0.7363083904720353,0.8580841395061634
15.0,fixed,3001,4,816200189,edges-corr,pca,0.6773298534441914,0.8230005184957002
15.0,fixed,3001,4,816200189,edges-cov,sfa,0.4640705919379201,0.6812272689330039
15.0,fixed,3001,4,816200189,edges-cov,pca,0.45339164640400265,0.6733436317393969
15.0,fixed,3001,4,816200189,node-var,sfa,0.4712345092295266,0.6864652279828346
15.0,fixed,3001,4,816200189,node-var,pca,0.4616071242333679,0.6794167529825637
15.0,proportional,1501,4,816200189,edges-corr,sfa,0.6428814689254284,0.8017988955626136
15.0,proportional,1501,4,816200189,edges-corr,pca,0.5618785103108292,0.7495855590330073
15.0,proportional,1501,4,816200189,edges-cov,sfa,0.3379619116621111,0.5813449162606583
15.0,proportional,1501,4,816200189,edges-cov,pca,0.32370683796087774,0.5689524039503445
15.0,proportional,1501,4,816200189,node-var,sfa,0.34556462040195446,0.5878474465386023
15.0,proportional,1501,4,816200189,node-var,pca,0.3348663903343557,0.5786764124572173
15.0,fixed,3001,4,829720705,edges-corr,sfa,0.4463196756559783,0.6680716096766711
15.0,fixed,3001,4,829720705,edges-corr,pca,0.46001985995320194,0.6782476391062492
15.0,fixed,3001,4,829720705,edges-cov,sfa,0.4805792427773524,0.6932382294546028
15.0,fixed,3001,4,829720705,edges-cov,pca,0.4570188726041009,0.6760317097622717
15.0,fixed,3001,4,829720705,node-var,sfa,0.46849226954938283,0.6844649512936238
15.0,fixed,3001,4,829720705,node-var,pca,0.482360798635614,0.6945219929099535
15.0,proportional,1501,4,829720705,edges-corr,sfa,0.42196954580068957,0.6495918301523581
15.0,proportional,1501,4,829720705,edges-corr,pca,0.42222686555564404,0.6497898626137869
15.0,proportional,1501,4,829720705,edges-cov,sfa,0.41359879223564244,0.6431164686397348
15.0,proportional,1501,4,829720705,edges-cov,pca,0.38925053488013484,0.6238994589516283
15.0,proportional,1501,4,829720705,node-var,sfa,0.40641923294633486,0.6375101826216862
15.0,proportional,1501,4,829720705,node-var,pca,0.4161846248950689,0.645123728361519
15.0,fixed,3001,4,831882777,edges-corr,sfa,0.22799001322415668,0.4774829978377843
15.0,fixed,3001,4,831882777,edges-corr,pca,0.01807043664950192,0.1344263242430659
15.0,fixed,3001,4,831882777,edges-cov,sfa,0.5553979232016382,0.745250242000389
15.0,fixed,3001,4,831882777,edges-cov,pca,0.5476650260104072,0.7400439351892627
15.0,fixed,3001,4,831882777,node-var,sfa,0.5764434518003956,0.7592387317572742
15.0,fixed,3001,4,831882777,node-var,pca,0.5778429646956929,0.7601598283885385
15.0,proportional,1501,4,831882777,edges-corr,sfa,0.11349770973238371,0.3368942114854217
15.0,proportional,1501,4,831882777,edges-corr,pca,0.00062784111386327,0.025056757848202733
15.0,proportional,1501,4,831882777,edges-cov,sfa,0.42329524306879807,0.6506114378558043
15.0,proportional,1501,4,831882777,edges-cov,pca,0.4147563261920406,0.6440157810116464
15.0,proportional,1501,4,831882777,node-var,sfa,0.4252689390098786,0.6521264747040106
15.0,proportional,1501,4,831882777,node-var,pca,0.42751317995273475,0.6538449204151809
15.0,fixed,3001,4,835479236,edges-corr,sfa,0.011155076228403615,0.10561759431270587
15.0,fixed,3001,4,835479236,edges-corr,pca,0.007367735624127181,0.08583551493482602
15.0,fixed,3001,4,835479236,edges-cov,sfa,0.00010390520724534724,0.010193390370490303
15.0,fixed,3001,4,835479236,edges-cov,pca,0.00026924883131251853,0.016408803469854124
15.0,fixed,3001,4,835479236,node-var,sfa,0.00041656508935061787,0.020409926245590994
15.0,fixed,3001,4,835479236,node-var,pca,0.0006563557955927557,0.025619441750215147
15.0,proportional,1501,4,835479236,edges-corr,sfa,0.005065632963833222,0.07117326017426169
15.0,proportional,1501,4,835479236,edges-corr,pca,0.0030816196671904494,0.055512337972657866
15.0,proportional,1501,4,835479236,edges-cov,sfa,1.5160109506529018e-05,0.0038935985292011467
15.0,proportional,1501,4,835479236,edges-cov,pca,4.843827350453633e-05,0.006959761023532831
15.0,proportional,1501,4,835479236,node-var,sfa,0.0001003806512276384,0.010019014483845599
15.0,proportional,1501,4,835479236,node-var,pca,0.00019111348753242385,0.01382438018619227
15.0,fixed,3001,4,839068429,edges-corr,sfa,0.07004519609063731,0.2646605299069684
15.0,fixed,3001,4,839068429,edges-corr,pca,0.0002486427642219846,0.01576841032640921
15.0,fixed,3001,4,839068429,edges-cov,sfa,0.01206196852440189,0.1098269936054065
15.0,fixed,3001,4,839068429,edges-cov,pca,0.001450706574676608,0.03808814217938078
15.0,fixed,3001,4,839068429,node-var,sfa,0.0023712368027510866,0.048695346828532875
15.0,fixed,3001,4,839068429,node-var,pca,0.00042758466487646807,0.020678120438677866
15.0,proportional,1501,4,839068429,edges-corr,sfa,0.03092718242531778,0.17586125902346375
15.0,proportional,1501,4,839068429,edges-corr,pca,0.0025907856609036495,0.050899760912047544
15.0,proportional,1501,4,839068429,edges-cov,sfa,0.015267449765635432,0.12356152218888938
15.0,proportional,1501,4,839068429,edges-cov,pca,0.005722033659425585,0.07564412508202742
15.0,proportional,1501,4,839068429,node-var,sfa,0.0067696226991207364,0.08227771690512956
15.0,proportional,1501,4,839068429,node-var,pca,0.0038964501276674834,0.06242155178836401
15.0,fixed,3001,4,847657808,edges-corr,sfa,0.6137296702307921,0.7834090057120796
15.0,fixed,3001,4,847657808,edges-corr,pca,0.5439267042758316,0.7375138671752764
15.0,fixed,3001,4,847657808,edges-cov,sfa,0.34208204279949994,0.5848778015957685
15.0,fixed,3001,4,847657808,edges-cov,pca,0.34832386667452786,0.5901896870282702
15.0,fixed,3001,4,847657808,node-var,sfa,0.5756353306489408,0.7587063533732512
15.0,fixed,3001,4,847657808,node-var,pca,0.31997278472768675,0.5656613693082527
15.0,proportional,1501,4,847657808,edges-corr,sfa,0.5293048557240324,0.7275334052289514
15.0,proportional,1501,4,847657808,edges-corr,pca,0.42416203819655884,0.6512772360497167
15.0,proportional,1501,4,847657808,edges-cov,sfa,0.27298637292150685,0.5224809785260192
15.0,proportional,1501,4,847657808,edges-cov,pca,0.28304659787695785,0.5320212381822338
15.0,proportional,1501,4,847657808,node-var,sfa,0.4436054704534097,0.6660371389445253
15.0,proportional,1501,4,847657808,node-var,pca,0.20063983934512863,0.44792838640247856
10.0,fixed,3001,0,766640955,edges-corr,sfa,0.8034436068572737,0.8963501586195399
10.0,fixed,3001,0,766640955,edges-corr,pca,0.5567181307415531,0.7461354640690615
10.0,fixed,3001,0,766640955,edges-cov,sfa,0.7988336081874123,0.8937749203168616
10.0,fixed,3001,0,766640955,edges-cov,pca,0.5470734753855908,0.739644154567309
10.0,fixed,3001,0,766640955,node-var,sfa,0.7236273984100041,0.8506629170300077
10.0,fixed,3001,0,766640955,node-var,pca,0.5370710003760804,0.7328512812133717
10.0,proportional,1001,0,766640955,edges-corr,sfa,0.7206915802313669,0.8489355571722547
10.0,proportional,1001,0,766640955,edges-corr,pca,0.426861882725619,0.653346678820379
10.0,proportional,1001,0,766640955,edges-cov,sfa,0.5787576429701844,0.7607612259902466
10.0,proportional,1001,0,766640955,edges-cov,pca,0.35690262629259906,0.5974132793072138
10.0,proportional,1001,0,766640955,node-var,sfa,0.552222915555022,0.7431170268235158
10.0,proportional,1001,0,766640955,node-var,pca,0.2833539278374674,0.5323099922389851
10.0,fixed,3001,0,767871931,edges-corr,sfa,0.7275550774228334,0.8529683918075934
10.0,fixed,3001,0,767871931,edges-corr,pca,0.6393444040834496,0.7995901475652686
10.0,fixed,3001,0,767871931,edges-cov,sfa,0.7510258199016746,0.8666174588027157
10.0,fixed,3001,0,767871931,edges-cov,pca,0.7205642067651424,0.8488605343430352
10.0,fixed,3001,0,767871931,node-var,sfa,0.7911628767980223,0.8894733704827941
10.0,fixed,3001,0,767871931,node-var,pca,0.7487313009896124,0.865292610039871
10.0,proportional,1001,0,767871931,edges-corr,sfa,0.6306388047476844,0.7941277005291317
10.0,proportional,1001,0,767871931,edges-corr,pca,0.5600839616925268,0.7483875745177258
10.0,proportional,1001,0,767871931,edges-cov,sfa,0.6436038678495215,0.8022492554371885
10.0,proportional,1001,0,767871931,edges-cov,pca,0.47084126401599835,0.6861787405742027
10.0,proportional,1001,0,767871931,node-var,sfa,0.6562938298568222,0.8101196392242443
10.0,proportional,1001,0,767871931,node-var,pca,0.44406272806901903,0.6663803178883816
10.0,fixed,3001,0,771160300,edges-corr,sfa,0.8586330600162153,0.9266245518095305
10.0,fixed,3001,0,771160300,edges-corr,pca,0.9149939577687451,0.9565531651553646
10.0,fixed,3001,0,771160300,edges-cov,sfa,0.7124152788691415,0.8440469648480126
10.0,fixed,3001,0,771160300,edges-cov,pca,0.6155082911522975,0.7845433647366458
10.0,fixed,3001,0,771160300,node-var,sfa,0.6162468290839236,0.7850139037519802
10.0,fixed,3001,0,771160300,node-var,pca,0.5371949864692807,0.7329358679102018
10.0,proportional,1001,0,771160300,edges-corr,sfa,0.8197841048453286,0.9054192978092134
10.0,proportional,1001,0,771160300,edges-corr,pca,0.8225534461462357,0.9069473226964383
10.0,proportional,1001,0,771160300,edges-cov,sfa,0.5707780006684398,0.7554985113608363
10.0,proportional,1001,0,771160300,edges-cov,pca,0.4911568291813895,0.7008258194311835
10.0,proportional,1001,0,771160300,node-var,sfa,0.5078739972538868,0.7126527887084192
10.0,proportional,1001,0,771160300,node-var,pca,0.442514844821715,0.6652178927402026
10.0,fixed,3001,0,771990200,edges-corr,sfa,0.7081166767742026,0.8414966885105384
10.0,fixed,3001,0,771990200,edges-corr,pca,0.53098172807962,0.7286849305973186
10.0,fixed,3001,0,771990200,edges-cov,sfa,0.5611597772483936,0.7491059853241023
10.0,fixed,3001,0,771990200,edges-cov,pca,0.4048656549033812,0.6362905428366675
10.0,fixed,3001,0,771990200,node-var,sfa,0.42525145801836517,0.6521130714978546
10.0,fixed,3001,0,771990200,node-var,pca,0.20816987707003554,0.45625637208704894
10.0,proportional,1001,0,771990200,edges-corr,sfa,0.6003339724222028,0.7748122175225439
10.0,proportional,1001,0,771990200,edges-corr,pca,0.3591348558434413,0.5992786128700412
10.0,proportional,1001,0,771990200,edges-cov,sfa,0.48203576815342686,0.6942879576612474
10.0,proportional,1001,0,771990200,edges-cov,pca,0.20335026426363711,0.450943748447228
10.0,proportional,1001,0,771990200,node-var,sfa,0.35873634315085423,0.5989460269096492
10.0,proportional,1001,0,771990200,node-var,pca,0.11371320278761865,0.33721388285125264
10.0,fixed,3001,0,774875821,edges-corr,sfa,0.8098000816294484,0.899888927384622
10.0,fixed,3001,0,774875821,edges-corr,pca,0.5503067534658908,0.7418266330254611
10.0,fixed,3001,0,774875821,edges-cov,sfa,0.5952288412507389,0.7715107525179024
10.0,fixed,3001,0,774875821,edges-cov,pca,0.4712256343195079,0.6864587637429568
10.0,fixed,3001,0,774875821,node-var,sfa,0.5715219386469618,0.755990700106133
10.0,fixed,3001,0,774875821,node-var,pca,0.5045360626410433,0.7103070199857551
10.0,proportional,1001,0,774875821,edges-corr,sfa,0.7442114680185783,0.8626769198364916
10.0,proportional,1001,0,774875821,edges-corr,pca,0.41189573170591054,0.641791034298479
10.0,proportional,1001,0,774875821,edges-cov,sfa,0.49733768570058334,0.7052217280406106
10.0,proportional,1001,0,774875821,edges-cov,pca,0.35765136523136765,0.5980396017249757
10.0,proportional,1001,0,774875821,node-var,sfa,0.4723783819985695,0.6872978844711877
10.0,proportional,1001,0,774875821,node-var,pca,0.3960047238097443,0.6292890622041224
10.0,fixed,3001,0,778240327,edges-corr,sfa,0.8570878902545983,0.9257904137841346
10.0,fixed,3001,0,778240327,edges-corr,pca,0.7914450483401225,0.8896319735374423
10.0,fixed,3001,0,778240327,edges-cov,sfa,0.809082641696897,0.8994902121184513
10.0,fixed,3001,0,778240327,edges-cov,pca,0.7323868823304305,0.8557960518315271
10.0,fixed,3001,0,778240327,node-var,sfa,0.7999002308309345,0.8943714165999122
10.0,fixed,3001,0,778240327,node-var,pca,0.728667372290682,0.8536201569144694
10.0,proportional,1001,0,778240327,edges-corr,sfa,0.8040901941236606,0.8967107639164703
10.0,proportional,1001,0,778240327,edges-corr,pca,0.5709805492100463,0.7556325490673681
10.0,proportional,1001,0,778240327,edges-cov,sfa,0.7245905083403958,0.8512288225503145
10.0,proportional,1001,0,778240327,edges-cov,pca,0.6240682755869977,0.7899799210024244
10.0,proportional,1001,0,778240327,node-var,sfa,0.7012543035233751,0.837409280772177
10.0,proportional,1001,0,778240327,node-var,pca,0.6366545947798553,0.7979063822152661
10.0,fixed,3001,0,778998620,edges-corr,sfa,0.526428696053116,0.725554061426933
10.0,fixed,3001,0,778998620,edges-corr,pca,0.4376394337542443,0.6615432213803155
10.0,fixed,3001,0,778998620,edges-cov,sfa,0.797875714992484,0.893238890214977
10.0,fixed,3001,0,778998620,edges-cov,pca,0.6834539824858753,0.8267127569391173
10.0,fixed,3001,0,778998620,node-var,sfa,0.7614697838416042,0.872622360383691
10.0,fixed,3001,0,778998620,node-var,pca,0.7590901790894613,0.8712578143634999
10.0,proportional,1001,0,778998620,edges-corr,sfa,0.5214070219211239,0.7220851902103561
10.0,proportional,1001,0,778998620,edges-corr,pca,0.36680797963026246,0.6056467449184082
10.0,proportional,1001,0,778998620,edges-cov,sfa,0.6700397543716159,0.8185595606744905
10.0,proportional,1001,0,778998620,edges-cov,pca,0.5297189553021129,0.7278179410416542
10.0,proportional,1001,0,778998620,node-var,sfa,0.6208688738489316,0.7879523296805035
10.0,proportional,1001,0,778998620,node-var,pca,0.6246652953521571,0.7903577008874894
10.0,fixed,3001,0,779839471,edges-corr,sfa,0.6654880248419784,0.8157744938657863
10.0,fixed,3001,0,779839471,edges-corr,pca,0.6527553832274873,0.8079327838548745
10.0,fixed,3001,0,779839471,edges-cov,sfa,0.40029631075818584,0.632689742889977
10.0,fixed,3001,0,779839471,edges-cov,pca,0.40171620636659444,0.6338108600888712
10.0,fixed,3001,0,779839471,node-var,sfa,0.4180587719554889,0.6465746453082499
10.0,fixed,3001,0,779839471,node-var,pca,0.4001257927400179,0.6325549721091573
10.0,proportional,1001,0,779839471,edges-corr,sfa,0.5624442409731182,0.7499628263941602
10.0,proportional,1001,0,779839471,edges-corr,pca,0.5062659618548911,0.7115236902977229
10.0,proportional,1001,0,779839471,edges-cov,sfa,0.28823370587929464,0.5368740130415083
10.0,proportional,1001,0,779839471,edges-cov,pca,0.28125066395347975,0.5303307118708841
10.0,proportional,1001,0,779839471,node-var,sfa,0.3099154234702145,0.5567004791359653
10.0,proportional,1001,0,779839471,node-var,pca,0.29169850607928827,0.5400912016310656
10.0,fixed,3001,0,781842082,edges-corr,sfa,0.915941462673213,0.9570483073874645
10.0,fixed,3001,0,781842082,edges-corr,pca,0.8793256306746017,0.9377236430178162
10.0,fixed,3001,0,781842082,edges-cov,sfa,0.5509390472902465,0.7422526842593742
10.0,fixed,3001,0,781842082,edges-cov,pca,0.5596630639823383,0.7481063186354854
10.0,fixed,3001,0,781842082,node-var,sfa,0.6230881064755512,0.7893593012535871
10.0,fixed,3001,0,781842082,node-var,pca,0.5713768762376005,0.7558947520902619
10.0,proportional,1001,0,781842082,edges-corr,sfa,0.8269686319864419,0.909378156756825
10.0,proportional,1001,0,781842082,edges-corr,pca,0.7575152305943653,0.8703535089803257
10.0,proportional,1001,0,781842082,edges-cov,sfa,0.40978099694369374,0.6401413882445768
10.0,proportional,1001,0,781842082,edges-cov,pca,0.4362897715296534,0.6605223474869364
10.0,proportional,1001,0,781842082,node-var,sfa,0.48288541056307244,0.6948995686882172
10.0,proportional,1001,0,781842082,node-var,pca,0.44944096281141543,0.6704035820395164
10.0,fixed,3001,0,786091066,edges-corr,sfa,0.1284032851486595,0.3583340412920045
10.0,fixed,3001,0,786091066,edges-corr,pca,0.20043163253452334,0.4476959152533373
10.0,fixed,3001,0,786091066,edges-cov,sfa,0.6484304458210274,0.8052517903246326
10.0,fixed,3001,0,786091066,edges-cov,pca,0.5003557396507733,0.7073582823794274
10.0,fixed,3001,0,786091066,node-var,sfa,0.736458759950418,0.8581717543419957
10.0,fixed,3001,0,786091066,node-var,pca,0.6849396779766062,0.8276108251929806
10.0,proportional,1001,0,786091066,edges-corr,sfa,0.023897477219151586,0.1545880888657062
10.0,proportional,1001,0,786091066,edges-corr,pca,0.07056161603534572,0.26563436531319784
10.0,proportional,1001,0,786091066,edges-cov,sfa,0.589086488465537,0.7675196990732799
10.0,proportional,1001,0,786091066,edges-cov,pca,0.0025895438845707774,0.05088756119692435
10.0,proportional,1001,0,786091066,node-var,sfa,0.6203531568592937,0.7876250103058524
10.0,proportional,1001,0,786091066,node-var,pca,0.5289708650175506,0.7273038326707418
10.0,fixed,3001,0,787025148,edges-corr,sfa,0.898697200842998,0.9479964139399475
10.0,fixed,3001,0,787025148,edges-corr,pca,0.8496742610284395,0.9217777720407672
10.0,fixed,3001,0,787025148,edges-cov,sfa,0.8468184581034616,0.9202273947799321
10.0,fixed,3001,0,787025148,edges-cov,pca,0.7186351744169774,0.8477235247514238
10.0,fixed,3001,0,787025148,node-var,sfa,0.7624940636575244,0.8732090606822195
10.0,fixed,3001,0,787025148,node-var,pca,0.5797303929938022,0.7614002843405056
10.0,proportional,1001,0,787025148,edges-corr,sfa,0.8386585762516685,0.9157830399454153
10.0,proportional,1001,0,787025148,edges-corr,pca,0.7082254733690374,0.841561330723458
10.0,proportional,1001,0,787025148,edges-cov,sfa,0.724989143475056,0.851462943101493
10.0,proportional,1001,0,787025148,edges-cov,pca,0.5798850055260386,0.7615018092729899
10.0,proportional,1001,0,787025148,node-var,sfa,0.6209610628177842,0.788010826586655
10.0,proportional,1001,0,787025148,node-var,pca,0.4740297338088426,0.6884981726982601
10.0,fixed,3001,0,789848216,edges-corr,sfa,0.9297058550260235,0.9642125569738356
10.0,fixed,3001,0,789848216,edges-corr,pca,0.728299306330083,0.8534045384986436
10.0,fixed,3001,0,789848216,edges-cov,sfa,0.8860755497285702,0.9413158607654343
10.0,fixed,3001,0,789848216,edges-cov,pca,0.6394058737759354,0.7996285848917202
10.0,fixed,3001,0,789848216,node-var,sfa,0.8191420617438524,0.9050646726857997
10.0,fixed,3001,0,789848216,node-var,pca,0.29083662387355014,0.5392927070465064
10.0,proportional,1001,0,789848216,edges-corr,sfa,0.844679675784642,0.9190645656234604
10.0,proportional,1001,0,789848216,edges-corr,pca,0.5353027275430906,0.7316438529387721
10.0,proportional,1001,0,789848216,edges-cov,sfa,0.8071002324753761,0.8983875736425664
10.0,proportional,1001,0,789848216,edges-cov,pca,0.5377810623915671,0.7333355728393159
10.0,proportional,1001,0,789848216,node-var,sfa,0.7573925225742411,0.8702830129183492
10.0,proportional,1001,0,789848216,node-var,pca,0.4796016604683797,0.6925327865656472
10.0,fixed,3001,0,793224716,edges-corr,sfa,0.93275696859935,0.9657934399235434
10.0,fixed,3001,0,793224716,edges-corr,pca,0.9186215352699449,0.95844746088137
10.0,fixed,3001,0,793224716,edges-cov,sfa,0.6409012478333401,0.8005630817326876
10.0,fixed,3001,0,793224716,edges-cov,pca,0.6128645635284307,0.7828566685724975
10.0,fixed,3001,0,793224716,node-var,sfa,0.6651138113529103,0.8155451007472915
10.0,fixed,3001,0,793224716,node-var,pca,0.653777067666406,0.8085648197061299
10.0,proportional,1001,0,793224716,edges-corr,sfa,0.8599057542269877,0.9273110342420114
10.0,proportional,1001,0,793224716,edges-corr,pca,0.8317045985947971,0.9119783980965739
10.0,proportional,1001,0,793224716,edges-cov,sfa,0.5252487059861598,0.7247404404241281
10.0,proportional,1001,0,793224716,edges-cov,pca,0.4923478627091903,0.7016750406770872
10.0,proportional,1001,0,793224716,node-var,sfa,0.5478307423079629,0.7401558905446646
10.0,proportional,1001,0,793224716,node-var,pca,0.5430151417519753,0.7368956111634635
10.0,fixed,3001,0,794812542,edges-corr,sfa,0.8110856334512117,0.9006029277385298
10.0,fixed,3001,0,794812542,edges-corr,pca,0.7812179348726525,0.8838653375218701
10.0,fixed,3001,0,794812542,edges-cov,sfa,0.5843019639519356,0.7643964703947378
10.0,fixed,3001,0,794812542,edges-cov,pca,0.5723541757178051,0.7565409279859251
10.0,fixed,3001,0,794812542,node-var,sfa,0.5868565895935258,0.7660656561898103
10.0,fixed,3001,0,794812542,node-var,pca,0.5921164196464046,0.7694910133629903
10.0,proportional,1001,0,794812542,edges-corr,sfa,0.8357498243790992,0.9141935377036424
10.0,proportional,1001,0,794812542,edges-corr,pca,0.7522815600886512,0.8673416628345789
10.0,proportional,1001,0,794812542,edges-cov,sfa,0.5308942771913102,0.7286249221590697
10.0,proportional,1001,0,794812542,edges-cov,pca,0.4917125505271819,0.7012221834248988
10.0,proportional,1001,0,794812542,node-var,sfa,0.5178325037981322,0.7196057975017528
10.0,proportional,1001,0,794812542,node-var,pca,0.5242161039198157,0.724027695547496
10.0,fixed,3001,0,816200189,edges-corr,sfa,0.7703758757817768,0.8777105877120172
10.0,fixed,3001,0,816200189,edges-corr,pca,0.6748838475480174,0.8215131450853448
10.0,fixed,3001,0,816200189,edges-cov,sfa,0.4971580067043433,0.705094324685955
10.0,fixed,3001,0,816200189,edges-cov,pca,0.5092461265704225,0.7136148306827864
10.0,fixed,3001,0,816200189,node-var,sfa,0.514389046829022,0.7172092071557804
10.0,fixed,3001,0,816200189,node-var,pca,0.5268881074460641,0.7258705858801991
10.0,proportional,1001,0,816200189,edges-corr,sfa,0.5846305460375205,0.7646113692834553
10.0,proportional,1001,0,816200189,edges-corr,pca,0.5034814373540194,0.7095642587912802
10.0,proportional,1001,0,816200189,edges-cov,sfa,0.31146984042892945,0.5580948310358458
10.0,proportional,1001,0,816200189,edges-cov,pca,0.3238208310035541,0.5690525731455343
10.0,proportional,1001,0,816200189,node-var,sfa,0.3272976922194174,0.572099372678749
10.0,proportional,1001,0,816200189,node-var,pca,0.334411570313077,0.5782832958966372
10.0,fixed,3001,0,829720705,edges-corr,sfa,0.543294841405436,0.7370853691435182
10.0,fixed,3001,0,829720705,edges-corr,pca,0.5417685492094388,0.736049284497606
10.0,fixed,3001,0,829720705,edges-cov,sfa,0.5056343481401773,0.7110797058981346
10.0,fixed,3001,0,829720705,edges-cov,pca,0.4868516766357667,0.6977475737225944
10.0,fixed,3001,0,829720705,node-var,sfa,0.5013057060159396,0.7080294527884701
10.0,fixed,3001,0,829720705,node-var,pca,0.516369307712366,0.7185884132884184
10.0,proportional,1001,0,829720705,edges-corr,sfa,0.4537645768215651,0.6736204991102679
10.0,proportional,1001,0,829720705,edges-corr,pca,0.4480246402219239,0.6693464276605385
10.0,proportional,1001,0,829720705,edges-cov,sfa,0.398901178653716,0.6315862400762992
10.0,proportional,1001,0,829720705,edges-cov,pca,0.3846278048444206,0.6201836863739809
10.0,proportional,1001,0,829720705,node-var,sfa,0.40111429279044286,0.6333358451804564
10.0,proportional,1001,0,829720705,node-var,pca,0.4133932865194464,0.6429566754606769
10.0,fixed,3001,0,831882777,edges-corr,sfa,0.21701292592959098,0.46584646175493405
10.0,fixed,3001,0,831882777,edges-corr,pca,0.0020443135152914405,0.04521408536387178
10.0,fixed,3001,0,831882777,edges-cov,sfa,0.42174392883765,0.6494181463723128
10.0,fixed,3001,0,831882777,edges-cov,pca,0.5334251274915892,0.7303595878001372
10.0,fixed,3001,0,831882777,node-var,sfa,0.39872438342000327,0.6314462632877035
10.0,fixed,3001,0,831882777,node-var,pca,0.3967536097634099,0.629883806557535
10.0,proportional,1001,0,831882777,edges-corr,sfa,0.02281347541652967,0.1510413036772717
10.0,proportional,1001,0,831882777,edges-corr,pca,0.06328071893964105,0.251556591922456
10.0,proportional,1001,0,831882777,edges-cov,sfa,0.2511695394689897,0.5011681748365404
10.0,proportional,1001,0,831882777,edges-cov,pca,0.31941576486274736,0.5651687932491919
10.0,proportional,1001,0,831882777,node-var,sfa,0.22245370884924898,0.471649985528727
10.0,proportional,1001,0,831882777,node-var,pca,0.22479068841623617,0.47412096390714004
10.0,fixed,3001,0,835479236,edges-corr,sfa,0.6243360888688114,0.7901494092061405
10.0,fixed,3001,0,835479236,edges-corr,pca,0.5779183325887333,0.7602094004869532
10.0,fixed,3001,0,835479236,edges-cov,sfa,0.2164427253966108,0.4652340544248778
10.0,fixed,3001,0,835479236,edges-cov,pca,0.04368258234497813,0.20900378548001952
10.0,fixed,3001,0,835479236,node-var,sfa,0.14721185751525256,0.3836819744466148
10.0,fixed,3001,0,835479236,node-var,pca,0.0008309478232183531,0.028826165600341715
10.0,proportional,1001,0,835479236,edges-corr,sfa,0.662437331724714,0.8139025320790656
10.0,proportional,1001,0,835479236,edges-corr,pca,0.6178026139110103,0.7860042073112645
10.0,proportional,1001,0,835479236,edges-cov,sfa,0.10607094979489673,0.32568535397665144
10.0,proportional,1001,0,835479236,edges-cov,pca,0.028198018346506815,0.16792265584639476
10.0,proportional,1001,0,835479236,node-var,sfa,0.058453751480032956,0.24177210649707478
10.0,proportional,1001,0,835479236,node-var,pca,0.00230030457904995,0.04796149058411417
10.0,fixed,3001,0,839068429,edges-corr,sfa,0.15405771979713934,0.39250187234857764
10.0,fixed,3001,0,839068429,edges-corr,pca,0.04038536820447025,0.20096111117445137
10.0,fixed,3001,0,839068429,edges-cov,sfa,0.06269276012668534,0.25038522345914355
10.0,fixed,3001,0,839068429,edges-cov,pca,0.02596716689462475,0.1611433116658111
10.0,fixed,3001,0,839068429,node-var,sfa,0.1956231633081621,0.4422930739997654
10.0,fixed,3001,0,839068429,node-var,pca,0.03650470193240296,0.19106203686866455
10.0,proportional,1001,0,839068429,edges-corr,sfa,0.056746242430498306,0.23821469818316893
10.0,proportional,1001,0,839068429,edges-corr,pca,0.03365335237078182,0.18344850059562182
10.0,proportional,1001,0,839068429,edges-cov,sfa,0.02268788393090615,0.15062497777894
10.0,proportional,1001,0,839068429,edges-cov,pca,0.024718949252248157,0.1572226104994064
10.0,proportional,1001,0,839068429,node-var,sfa,0.08564697472288241,0.2926550439047354
10.0,proportional,1001,0,839068429,node-var,pca,0.02112294636082901,0.14533735363226125
10.0,fixed,3001,0,847657808,edges-corr,sfa,0.540660178134746,0.7352959799527978
10.0,fixed,3001,0,847657808,edges-corr,pca,0.45039364977576846,0.6711137383303719
10.0,fixed,3001,0,847657808,edges-cov,sfa,0.35399256892007136,0.5949727463674882
10.0,fixed,3001,0,847657808,edges-cov,pca,0.36521201049551044,0.6043277343424757
10.0,fixed,3001,0,847657808,node-var,sfa,0.2896502751556014,0.5381916713918954
10.0,fixed,3001,0,847657808,node-var,pca,0.050087012546399357,0.2238012791437961
10.0,proportional,1001,0,847657808,edges-corr,sfa,0.4462755052624071,0.6680385507307252
10.0,proportional,1001,0,847657808,edges-corr,pca,0.3603366383518617,0.6002804664087126
10.0,proportional,1001,0,847657808,edges-cov,sfa,0.1682274308258751,0.4101553740058463
10.0,proportional,1001,0,847657808,edges-cov,pca,0.23531019939398812,0.4850878264747404
10.0,proportional,1001,0,847657808,node-var,sfa,0.07786650706203202,0.2790457078366057
10.0,proportional,1001,0,847657808,node-var,pca,0.013636452845247948,0.11677522359322585
10.0,fixed,3001,1,766640955,edges-corr,sfa,0.7367086317029146,0.8583173257618149
10.0,fixed,3001,1,766640955,edges-corr,pca,0.5088705074159422,0.7133516015373781
10.0,fixed,3001,1,766640955,edges-cov,sfa,0.6730910339753204,0.8204212539758586
10.0,fixed,3001,1,766640955,edges-cov,pca,0.5051291940364333,0.7107244149713957
10.0,fixed,3001,1,766640955,node-var,sfa,0.6191767520856484,0.7868778508038269
10.0,fixed,3001,1,766640955,node-var,pca,0.49963842603339814,0.7068510635440821
10.0,proportional,1001,1,766640955,edges-corr,sfa,0.6933108813510618,0.8326529176980421
10.0,proportional,1001,1,766640955,edges-corr,pca,0.39230955959392066,0.626346197876159
10.0,proportional,1001,1,766640955,edges-cov,sfa,0.4866797911994418,0.6976243912016274
10.0,proportional,1001,1,766640955,edges-cov,pca,0.37284223105414094,0.6106080830239151
10.0,proportional,1001,1,766640955,node-var,sfa,0.4988106406685032,0.7062652764142537
10.0,proportional,1001,1,766640955,node-var,pca,0.32955807549873106,0.5740714898849545
10.0,fixed,3001,1,767871931,edges-corr,sfa,0.07432987548182035,0.27263505915751257
10.0,fixed,3001,1,767871931,edges-corr,pca,0.0941420584731486,0.3068257786972089
10.0,fixed,3001,1,767871931,edges-cov,sfa,0.1789605075729166,0.42303724135460735
10.0,fixed,3001,1,767871931,edges-cov,pca,0.29137130001180456,0.5397881992150321
10.0,fixed,3001,1,767871931,node-var,sfa,0.36194300643247646,0.601616993138057
10.0,fixed,3001,1,767871931,node-var,pca,0.2545895018171167,0.5045686294421371
10.0,proportional,1001,1,767871931,edges-corr,sfa,0.11045416984458734,0.33234646055673145
10.0,proportional,1001,1,767871931,edges-corr,pca,0.11058646892038249,0.33254543888073834
10.0,proportional,1001,1,767871931,edges-cov,sfa,0.24154131033219606,0.49146852425378934
10.0,proportional,1001,1,767871931,edges-cov,pca,0.26438599681655195,0.5141847885892281
10.0,proportional,1001,1,767871931,node-var,sfa,0.37868946261064707,0.6153774960222762
10.0,proportional,1001,1,767871931,node-var,pca,0.18421625351686932,0.4292042095749629
10.0,fixed,3001,1,771160300,edges-corr,sfa,0.9090949187748867,0.9534646919392907
10.0,fixed,3001,1,771160300,edges-corr,pca,0.9280158320820437,0.9633357836611518
10.0,fixed,3001,1,771160300,edges-cov,sfa,0.6973535365840708,0.8350769644673897
10.0,fixed,3001,1,771160300,edges-cov,pca,0.6181243571115519,0.7862088508224441
10.0,fixed,3001,1,771160300,node-var,sfa,0.6676666848025801,0.8171087349934398
10.0,fixed,3001,1,771160300,node-var,pca,0.5987359289697994,0.7737802846866791
10.0,proportional,1001,1,771160300,edges-corr,sfa,0.8629824711170545,0.9289684984524798
10.0,proportional,1001,1,771160300,edges-corr,pca,0.8406442871168163,0.9168665590568869
10.0,proportional,1001,1,771160300,edges-cov,sfa,0.5023608291677792,0.7087741736038207
10.0,proportional,1001,1,771160300,edges-cov,pca,0.44354552166056416,0.6659921333323423
10.0,proportional,1001,1,771160300,node-var,sfa,0.5215900963404729,0.7222119469660367
10.0,proportional,1001,1,771160300,node-var,pca,0.44352505961245703,0.665976771075732
10.0,fixed,3001,1,771990200,edges-corr,sfa,0.46438240567989075,0.6814560922611892
10.0,fixed,3001,1,771990200,edges-corr,pca,0.4414131027009073,0.6643892704588988
10.0,fixed,3001,1,771990200,edges-cov,sfa,0.3818721987237583,0.6179580881611292
10.0,fixed,3001,1,771990200,edges-cov,pca,0.45675499218955995,0.6758365129153353
10.0,fixed,3001,1,771990200,node-var,sfa,0.07902595704347237,0.2811155581668726
10.0,fixed,3001,1,771990200,node-var,pca,0.2465750560697927,0.49656324478337377
10.0,proportional,1001,1,771990200,edges-corr,sfa,0.34825926602461077,0.5901349557725002
10.0,proportional,1001,1,771990200,edges-corr,pca,0.3754691533922824,0.6127553781014756
10.0,proportional,1001,1,771990200,edges-cov,sfa,0.24396908721744726,0.49393226986849753
10.0,proportional,1001,1,771990200,edges-cov,pca,0.3684773615322,0.607023361603324
10.0,proportional,1001,1,771990200,node-var,sfa,0.04477526692297329,0.21160167041631095
10.0,proportional,1001,1,771990200,node-var,pca,0.17362310480099208,0.4166810588459625
10.0,fixed,3001,1,774875821,edges-corr,sfa,0.8154269162504079,0.9030099203499429
10.0,fixed,3001,1,774875821,edges-corr,pca,0.5651781459380598,0.7517833104944923
10.0,fixed,3001,1,774875821,edges-cov,sfa,0.5929807392598628,0.7700524263060675
10.0,fixed,3001,1,774875821,edges-cov,pca,0.46876147193290507,0.6846615747454398
10.0,fixed,3001,1,774875821,node-var,sfa,0.57302372920169,0.7569833084036208
10.0,fixed,3001,1,774875821,node-var,pca,0.5051620320177683,0.710747516364123
10.0,proportional,1001,1,774875821,edges-corr,sfa,0.7546214067647918,0.8686894766053019
10.0,proportional,1001,1,774875821,edges-corr,pca,0.44427156222646436,0.6665369923916199
10.0,proportional,1001,1,774875821,edges-cov,sfa,0.5051986384939258,0.7107732679933356
10.0,proportional,1001,1,774875821,edges-cov,pca,0.3639607574899213,0.6032916023698003
10.0,proportional,1001,1,774875821,node-var,sfa,0.48604520195129763,0.6971694212680998
10.0,proportional,1001,1,774875821,node-var,pca,0.40473875102359214,0.6361908133756682
10.0,fixed,3001,1,778240327,edges-corr,sfa,0.7010392425537775,0.837280862407459
10.0,fixed,3001,1,778240327,edges-corr,pca,0.7639871461112976,0.8740635824190925
10.0,fixed,3001,1,778240327,edges-cov,sfa,0.739821276650642,0.8601286395944764
10.0,fixed,3001,1,778240327,edges-cov,pca,0.7584322814587358,0.8708801762922016
10.0,fixed,3001,1,778240327,node-var,sfa,0.776903675425738,0.8814213949217136
10.0,fixed,3001,1,778240327,node-var,pca,0.7535369423560047,0.8680650565228412
10.0,proportional,1001,1,778240327,edges-corr,sfa,0.5207835242796457,0.7216533269372806
10.0,proportional,1001,1,778240327,edges-corr,pca,0.46828012492044,0.6843099626049873
10.0,proportional,1001,1,778240327,edges-cov,sfa,0.6939699853121302,0.8330486092132502
10.0,proportional,1001,1,778240327,edges-cov,pca,0.6391218439775758,0.7994509640857107
10.0,proportional,1001,1,778240327,node-var,sfa,0.7112925027210413,0.8433815878480164
10.0,proportional,1001,1,778240327,node-var,pca,0.6738578257585863,0.8208884368527714
10.0,fixed,3001,1,778998620,edges-corr,sfa,0.7867989682376986,0.8870168928705346
10.0,fixed,3001,1,778998620,edges-corr,pca,0.7459001909157965,0.8636551342496601
10.0,fixed,3001,1,778998620,edges-cov,sfa,0.5185861504933527,0.7201292595731379
10.0,fixed,3001,1,778998620,edges-cov,pca,0.502124351877222,0.7086073326442673
10.0,fixed,3001,1,778998620,node-var,sfa,0.5532650031281514,0.7438178561503836
10.0,fixed,3001,1,778998620,node-var,pca,0.5031198116978202,0.709309390673648
10.0,proportional,1001,1,778998620,edges-corr,sfa,0.7166634887518735,0.8465597963238473
10.0,proportional,1001,1,778998620,edges-corr,pca,0.6507905597558574,0.8067159101913485
10.0,proportional,1001,1,778998620,edges-cov,sfa,0.43644216409248304,0.6606376950284344
10.0,proportional,1001,1,778998620,edges-cov,pca,0.4074744454690773,0.6383372505729853
10.0,proportional,1001,1,778998620,node-var,sfa,0.46359690120662334,0.6808795056444442
10.0,proportional,1001,1,778998620,node-var,pca,0.42091895807878943,0.6487826739970701
10.0,fixed,3001,1,779839471,edges-corr,sfa,0.7838869232882087,0.8853738889803614
10.0,fixed,3001,1,779839471,edges-corr,pca,0.6132422483937621,0.7830978536516111
10.0,fixed,3001,1,779839471,edges-cov,sfa,0.6044047703263977,0.7774347370206681
10.0,fixed,3001,1,779839471,edges-cov,pca,0.5722702375284512,0.7564854509694486
10.0,fixed,3001,1,779839471,node-var,sfa,0.6033228010568502,0.7767385667371292
10.0,fixed,3001,1,779839471,node-var,pca,0.5978201207667462,0.7731882828695387
10.0,proportional,1001,1,779839471,edges-corr,sfa,0.5869448544519846,0.7661232632233468
10.0,proportional,1001,1,779839471,edges-corr,pca,0.48649999042165626,0.6974955128326334
10.0,proportional,1001,1,779839471,edges-cov,sfa,0.4500346758108864,0.6708462385754924
10.0,proportional,1001,1,779839471,edges-cov,pca,0.4070166576080344,0.6379785714332699
10.0,proportional,1001,1,779839471,node-var,sfa,0.43512157113888716,0.659637454317816
10.0,proportional,1001,1,779839471,node-var,pca,0.4420693904613884,0.6648829900526781
10.0,fixed,3001,1,781842082,edges-corr,sfa,0.8728627507943826,0.9342712404833974
10.0,fixed,3001,1,781842082,edges-corr,pca,0.7691011719359648,0.8769841343695821
10.0,fixed,3001,1,781842082,edges-cov,sfa,0.6083979291397756,0.7799986725243689
10.0,fixed,3001,1,781842082,edges-cov,pca,0.5365563131663067,0.7325000431169324
10.0,fixed,3001,1,781842082,node-var,sfa,0.6465527862209188,0.8040850615581168
10.0,fixed,3001,1,781842082,node-var,pca,0.5625634369806185,0.7500422901281104
10.0,proportional,1001,1,781842082,edges-corr,sfa,0.8240292636616698,0.9077605761772579
10.0,proportional,1001,1,781842082,edges-corr,pca,0.7637247687377323,0.873913478977028
10.0,proportional,1001,1,781842082,edges-cov,sfa,0.4412896156219117,0.6642963311820355
10.0,proportional,1001,1,781842082,edges-cov,pca,0.4061366188091281,0.6372884894685674
10.0,proportional,1001,1,781842082,node-var,sfa,0.49844436567792116,0.7060059246762183
10.0,proportional,1001,1,781842082,node-var,pca,0.4375715159666582,0.6614918865463568
10.0,fixed,3001,1,786091066,edges-corr,sfa,0.3120035059416093,0.558572740063109
10.0,fixed,3001,1,786091066,edges-corr,pca,0.2540969963575266,0.5040803471248677
10.0,fixed,3001,1,786091066,edges-cov,sfa,0.7846329424387494,0.8857950905478936
10.0,fixed,3001,1,786091066,edges-cov,pca,0.20455528121382716,0.4522778805268143
10.0,fixed,3001,1,786091066,node-var,sfa,0.7237055281835947,0.8507088386654967
10.0,fixed,3001,1,786091066,node-var,pca,0.594615056899575,0.7711128691051491
10.0,proportional,1001,1,786091066,edges-corr,sfa,0.16350188058589887,0.4043536578119442
10.0,proportional,1001,1,786091066,edges-corr,pca,0.1005122321405707,0.3170366416371629
10.0,proportional,1001,1,786091066,edges-cov,sfa,0.6456691277372355,0.8035353929586655
10.0,proportional,1001,1,786091066,edges-cov,pca,0.1141504589230592,0.3378615972895703
10.0,proportional,1001,1,786091066,node-var,sfa,0.591013959471773,0.7687743228488911
10.0,proportional,1001,1,786091066,node-var,pca,0.46331300546661436,0.6806709964928839
10.0,fixed,3001,1,787025148,edges-corr,sfa,0.7632997547330514,0.8736702780414672
10.0,fixed,3001,1,787025148,edges-corr,pca,0.8653596335889344,0.9302470820104384
10.0,fixed,3001,1,787025148,edges-cov,sfa,0.816276290455066,0.903480099645292
10.0,fixed,3001,1,787025148,edges-cov,pca,0.8105688346265907,0.9003159637741579
10.0,fixed,3001,1,787025148,node-var,sfa,0.8307084318549665,0.9114320774775099
10.0,fixed,3001,1,787025148,node-var,pca,0.16236113457179413,0.402940609236391
10.0,proportional,1001,1,787025148,edges-corr,sfa,0.19636509624738885,0.4431310147658244
10.0,proportional,1001,1,787025148,edges-corr,pca,0.7319247530474056,0.8555260095680359
10.0,proportional,1001,1,787025148,edges-cov,sfa,0.23910632047218294,0.48898499002748974
10.0,proportional,1001,1,787025148,edges-cov,pca,0.6591572571053038,0.8118850023896885
10.0,proportional,1001,1,787025148,node-var,sfa,0.6800532268193626,0.8246533979917651
10.0,proportional,1001,1,787025148,node-var,pca,0.04398743834027241,0.20973182481510153
10.0,fixed,3001,1,789848216,edges-corr,sfa,0.9256386505357819,0.9621011643978926
10.0,fixed,3001,1,789848216,edges-corr,pca,0.7058623196909782,0.8401561281636754
10.0,fixed,3001,1,789848216,edges-cov,sfa,0.8848908837148245,0.9406863896723622
10.0,fixed,3001,1,789848216,edges-cov,pca,0.6241166556480955,0.7900105414790975
10.0,fixed,3001,1,789848216,node-var,sfa,0.8093811394049241,0.8996561228630231
10.0,fixed,3001,1,789848216,node-var,pca,0.24812358075193808,0.4981200465268763
10.0,proportional,1001,1,789848216,edges-corr,sfa,0.8456033044395816,0.9195669113444546
10.0,proportional,1001,1,789848216,edges-corr,pca,0.5507242858715424,0.7421080014873458
10.0,proportional,1001,1,789848216,edges-cov,sfa,0.7941906071584213,0.8911737244546765
10.0,proportional,1001,1,789848216,edges-cov,pca,0.535388566591984,0.7317025123586667
10.0,proportional,1001,1,789848216,node-var,sfa,0.7443034020660717,0.8627302023611267
10.0,proportional,1001,1,789848216,node-var,pca,0.4558447721232488,0.6751627745390366
10.0,fixed,3001,1,793224716,edges-corr,sfa,0.9365387409236546,0.9677493171910044
10.0,fixed,3001,1,793224716,edges-corr,pca,0.9246511794035568,0.9615878427910559
10.0,fixed,3001,1,793224716,edges-cov,sfa,0.6742682063969873,0.8211383600812886
10.0,fixed,3001,1,793224716,edges-cov,pca,0.6565399273362145,0.8102715145778089
10.0,fixed,3001,1,793224716,node-var,sfa,0.6865614849576473,0.8285900584472675
10.0,fixed,3001,1,793224716,node-var,pca,0.6889357001028071,0.8300215058074137
10.0,proportional,1001,1,793224716,edges-corr,sfa,0.8228527693433905,0.9071123245460783
10.0,proportional,1001,1,793224716,edges-corr,pca,0.8075572267830249,0.8986418790502839
10.0,proportional,1001,1,793224716,edges-cov,sfa,0.5722787055147744,0.7564910478748402
10.0,proportional,1001,1,793224716,edges-cov,pca,0.5536513923464899,0.7440775445788491
10.0,proportional,1001,1,793224716,node-var,sfa,0.5909610664962434,0.7687399212323005
10.0,proportional,1001,1,793224716,node-var,pca,0.5952864918428555,0.7715481137575657
10.0,fixed,3001,1,794812542,edges-corr,sfa,0.8073578793574012,0.8985309562599412
10.0,fixed,3001,1,794812542,edges-corr,pca,0.7986404080623996,0.8936668328087365
10.0,fixed,3001,1,794812542,edges-cov,sfa,0.7173675188111801,0.846975512521572
10.0,fixed,3001,1,794812542,edges-cov,pca,0.6665426279163831,0.8164206194826193
10.0,fixed,3001,1,794812542,node-var,sfa,0.7014890049065174,0.8375494044571452
10.0,fixed,3001,1,794812542,node-var,pca,0.7143258087033191,0.8451779745729995
10.0,proportional,1001,1,794812542,edges-corr,sfa,0.6791698366734189,0.8241176109472631
10.0,proportional,1001,1,794812542,edges-corr,pca,0.6438750081415713,0.8024182252052687
10.0,proportional,1001,1,794812542,edges-cov,sfa,0.5893521550021541,0.7676927477853058
10.0,proportional,1001,1,794812542,edges-cov,pca,0.5014646474066594,0.7081416859687487
10.0,proportional,1001,1,794812542,node-var,sfa,0.5572675470202558,0.7465035478952904
10.0,proportional,1001,1,794812542,node-var,pca,0.5691018346767425,0.7543883845054498
10.0,fixed,3001,1,816200189,edges-corr,sfa,0.7622078282702989,0.8730451467537634
10.0,fixed,3001,1,816200189,edges-corr,pca,0.728323273314935,0.8534185803665956
10.0,fixed,3001,1,816200189,edges-cov,sfa,0.5353001665027286,0.7316421027406278
10.0,fixed,3001,1,816200189,edges-cov,pca,0.5416253391049588,0.7359519951090293
10.0,fixed,3001,1,816200189,node-var,sfa,0.5487692629315853,0.7407896212364106
10.0,fixed,3001,1,816200189,node-var,pca,0.5505394834036368,0.7419834791985859
10.0,proportional,1001,1,816200189,edges-corr,sfa,0.5879127625939926,0.7667546951887493
10.0,proportional,1001,1,816200189,edges-corr,pca,0.5381286329794083,0.7335725137840212
10.0,proportional,1001,1,816200189,edges-cov,sfa,0.3142626443521437,0.5605913345317993
10.0,proportional,1001,1,816200189,edges-cov,pca,0.3201164999062729,0.565788387921025
10.0,proportional,1001,1,816200189,node-var,sfa,0.3264831463830491,0.571387037290004
10.0,proportional,1001,1,816200189,node-var,pca,0.3250658914261155,0.5701455002243866
10.0,fixed,3001,1,829720705,edges-corr,sfa,0.5508989147542109,0.7422256494855246
10.0,fixed,3001,1,829720705,edges-corr,pca,0.6238401774857459,0.7898355382519492
10.0,fixed,3001,1,829720705,edges-cov,sfa,0.5249267630465497,0.7245182972475911
10.0,fixed,3001,1,829720705,edges-cov,pca,0.5460370219276516,0.7389431790927173
10.0,fixed,3001,1,829720705,node-var,sfa,0.5525104726871257,0.7433104820242536
10.0,fixed,3001,1,829720705,node-var,pca,0.5585504259696005,0.7473623123824219
10.0,proportional,1001,1,829720705,edges-corr,sfa,0.5024108136317252,0.7088094339325098
10.0,proportional,1001,1,829720705,edges-corr,pca,0.5185549705799897,0.7201076104166573
10.0,proportional,1001,1,829720705,edges-cov,sfa,0.4143828930402713,0.6437257902556573
10.0,proportional,1001,1,829720705,edges-cov,pca,0.40772831111006824,0.6385360687620297
10.0,proportional,1001,1,829720705,node-var,sfa,0.4322016781483442,0.6574204728697933
10.0,proportional,1001,1,829720705,node-var,pca,0.4342449994053741,0.6589726848704528
10.0,fixed,3001,1,831882777,edges-corr,sfa,0.17480164928306918,0.41809287160040026
10.0,fixed,3001,1,831882777,edges-corr,pca,0.006955360866484628,0.08339880614544135
10.0,fixed,3001,1,831882777,edges-cov,sfa,0.5102116481944426,0.7142910108593289
10.0,fixed,3001,1,831882777,edges-cov,pca,0.5266767934200902,0.7257250122602154
10.0,fixed,3001,1,831882777,node-var,sfa,0.5290531962142936,0.7273604307455084
10.0,fixed,3001,1,831882777,node-var,pca,0.5411328590925191,0.7356173319685438
10.0,proportional,1001,1,831882777,edges-corr,sfa,0.0139292135327298,0.11802208917287478
10.0,proportional,1001,1,831882777,edges-corr,pca,0.03236226512726781,0.1798951503717314
10.0,proportional,1001,1,831882777,edges-cov,sfa,0.2980179980709665,0.545910247266862
10.0,proportional,1001,1,831882777,edges-cov,pca,0.3177961520512277,0.5637341146775029
10.0,proportional,1001,1,831882777,node-var,sfa,0.2951238211862277,0.543252999242736
10.0,proportional,1001,1,831882777,node-var,pca,0.3039615556274511,0.5513270858822844
10.0,fixed,3001,1,835479236,edges-corr,sfa,0.001516850255383062,0.038946761808695385
10.0,fixed,3001,1,835479236,edges-corr,pca,0.002281522069003006,0.04776528099993986
10.0,fixed,3001,1,835479236,edges-cov,sfa,0.007343033946217714,0.08569150451601242
10.0,fixed,3001,1,835479236,edges-cov,pca,0.00233274654425375,0.0482985149280369
10.0,fixed,3001,1,835479236,node-var,sfa,0.0049511142377324235,0.07036415449454742
10.0,fixed,3001,1,835479236,node-var,pca,0.006078957146587349,0.07796766731528805
10.0,proportional,1001,1,835479236,edges-corr,sfa,0.0003505260123601861,0.018722339927479546
10.0,proportional,1001,1,835479236,edges-corr,pca,0.0040859069466142595,0.06392109938521122
10.0,proportional,1001,1,835479236,edges-cov,sfa,0.0010362485102118901,0.032190814065686635
10.0,proportional,1001,1,835479236,edges-cov,pca,0.00013869632893481754,0.011776940559191333
10.0,proportional,1001,1,835479236,node-var,sfa,0.0005889980396994732,0.0242692818125998
10.0,proportional,1001,1,835479236,node-var,pca,0.000895293351671711,0.029921453034094464
10.0,fixed,3001,1,839068429,edges-corr,sfa,0.024786411637498396,0.15743700847481298
10.0,fixed,3001,1,839068429,edges-corr,pca,0.02075199717914611,0.14405553505209795
10.0,fixed,3001,1,839068429,edges-cov,sfa,4.028868660910234e-08,0.00020072041906099382
10.0,fixed,3001,1,839068429,edges-cov,pca,0.0005205837326835994,0.022816304097805967
10.0,fixed,3001,1,839068429,node-var,sfa,0.00021399957207213216,0.0146287242120492
10.0,fixed,3001,1,839068429,node-var,pca,0.00022015952522569382,0.014837773593967466
10.0,proportional,1001,1,839068429,edges-corr,sfa,0.009414196529888508,0.09702678253909329
10.0,proportional,1001,1,839068429,edges-corr,pca,3.3570772016711103e-06,0.0018322328459272079
10.0,proportional,1001,1,839068429,edges-cov,sfa,0.009007740110379858,0.09490911500156346
10.0,proportional,1001,1,839068429,edges-cov,pca,0.0057580525314343545,0.07588183268368309
10.0,proportional,1001,1,839068429,node-var,sfa,0.00880817815311763,0.09385189477638485
10.0,proportional,1001,1,839068429,node-var,pca,0.008334387275605315,0.09129286541458422
10.0,fixed,3001,1,847657808,edges-corr,sfa,0.745938651705252,0.8636774002515377
10.0,fixed,3001,1,847657808,edges-corr,pca,0.5932992683461535,0.7702592215262041
10.0,fixed,3001,1,847657808,edges-cov,sfa,0.6238506502307807,0.7898421679239359
10.0,fixed,3001,1,847657808,edges-cov,pca,0.623859481855823,0.7898477586572127
10.0,fixed,3001,1,847657808,node-var,sfa,0.5597230091878087,0.748146382192556
10.0,fixed,3001,1,847657808,node-var,pca,0.5394125575122829,0.7344471100850535
10.0,proportional,1001,1,847657808,edges-corr,sfa,0.6148985730153778,0.7841546869179427
10.0,proportional,1001,1,847657808,edges-corr,pca,0.4379552076458675,0.6617818429406088
10.0,proportional,1001,1,847657808,edges-cov,sfa,0.4109969791197755,0.6410904609489795
10.0,proportional,1001,1,847657808,edges-cov,pca,0.4009677409819362,0.6332201362732683
10.0,proportional,1001,1,847657808,node-var,sfa,0.4065232585291251,0.6375917647908631
10.0,proportional,1001,1,847657808,node-var,pca,0.3030436377105933,0.5504939942547905
10.0,fixed,3001,2,766640955,edges-corr,sfa,0.556416798995315,0.7459335084277401
10.0,fixed,3001,2,766640955,edges-corr,pca,0.41943262207539755,0.6476361803322884
10.0,fixed,3001,2,766640955,edges-cov,sfa,0.38140952938484296,0.6175836213702919
10.0,fixed,3001,2,766640955,edges-cov,pca,0.2819195921492733,0.5309610081251479
10.0,fixed,3001,2,766640955,node-var,sfa,0.371251239038496,0.609303897114155
10.0,fixed,3001,2,766640955,node-var,pca,0.25828376847487955,0.5082162615214899
10.0,proportional,1001,2,766640955,edges-corr,sfa,0.48052300624109134,0.6931976675098477
10.0,proportional,1001,2,766640955,edges-corr,pca,0.33207322282226304,0.57625794816407
10.0,proportional,1001,2,766640955,edges-cov,sfa,0.29851409019105535,0.546364429836949
10.0,proportional,1001,2,766640955,edges-cov,pca,0.23401095034769814,0.48374678329442006
10.0,proportional,1001,2,766640955,node-var,sfa,0.3296847315561562,0.5741817931249283
10.0,proportional,1001,2,766640955,node-var,pca,0.1951868303511214,0.4417995363862679
10.0,fixed,3001,2,767871931,edges-corr,sfa,0.7653220773267039,0.8748268842043581
10.0,fixed,3001,2,767871931,edges-corr,pca,0.6997945904145815,0.8365372618207635
10.0,fixed,3001,2,767871931,edges-cov,sfa,0.7925113976911271,0.890231092296337
10.0,fixed,3001,2,767871931,edges-cov,pca,0.7140663025889722,0.8450244390483462
10.0,fixed,3001,2,767871931,node-var,sfa,0.8169150776185059,0.9038335453049458
10.0,fixed,3001,2,767871931,node-var,pca,0.7414836118564183,0.8610944267944262
10.0,proportional,1001,2,767871931,edges-corr,sfa,0.6739037939762988,0.8209164354404772
10.0,proportional,1001,2,767871931,edges-corr,pca,0.6220368924149036,0.7886931547914592
10.0,proportional,1001,2,767871931,edges-cov,sfa,0.6833515132617141,0.8266507807180211
10.0,proportional,1001,2,767871931,edges-cov,pca,0.4280311066204122,0.6542408628482406
10.0,proportional,1001,2,767871931,node-var,sfa,0.6813710802224253,0.8254520459859708
10.0,proportional,1001,2,767871931,node-var,pca,0.3803514467935598,0.6167263954084985
10.0,fixed,3001,2,771160300,edges-corr,sfa,0.8698616078635861,0.9326637163863449
10.0,fixed,3001,2,771160300,edges-corr,pca,0.9020751674283355,0.9497763775901857
10.0,fixed,3001,2,771160300,edges-cov,sfa,0.682096948035929,0.8258916079219648
10.0,fixed,3001,2,771160300,edges-cov,pca,0.5183600854876339,0.7199722810550657
10.0,fixed,3001,2,771160300,node-var,sfa,0.5646819075358551,0.7514531971692283
10.0,fixed,3001,2,771160300,node-var,pca,0.45585324733275656,0.6751690509292891
10.0,proportional,1001,2,771160300,edges-corr,sfa,0.8327669051260469,0.9125606309314723
10.0,proportional,1001,2,771160300,edges-corr,pca,0.8326796021796589,0.912512795625168
10.0,proportional,1001,2,771160300,edges-cov,sfa,0.47294693546107547,0.6877113751139164
10.0,proportional,1001,2,771160300,edges-cov,pca,0.3709956221359436,0.6090940995740681
10.0,proportional,1001,2,771160300,node-var,sfa,0.43088031701479845,0.6564147446659011
10.0,proportional,1001,2,771160300,node-var,pca,0.35235492614221386,0.5935949175508626
10.0,fixed,3001,2,771990200,edges-corr,sfa,0.8626653487491953,0.9287977975583264
10.0,fixed,3001,2,771990200,edges-corr,pca,0.8491840216860699,0.921511813101747
10.0,fixed,3001,2,771990200,edges-cov,sfa,0.8015397231432054,0.8952875086491526
10.0,fixed,3001,2,771990200,edges-cov,pca,0.6462792079007758,0.8039149257855426
10.0,fixed,3001,2,771990200,node-var,sfa,0.6675245185157388,0.8170217368685725
10.0,fixed,3001,2,771990200,node-var,pca,0.5981483197298114,0.7734004911621204
10.0,proportional,1001,2,771990200,edges-corr,sfa,0.7828215115543705,0.8847720110595565
10.0,proportional,1001,2,771990200,edges-corr,pca,0.714707084808569,0.8454035041378581
10.0,proportional,1001,2,771990200,edges-cov,sfa,0.6823735199337144,0.8260590293276369
10.0,proportional,1001,2,771990200,edges-cov,pca,0.47613510371588486,0.6900254370064083
10.0,proportional,1001,2,771990200,node-var,sfa,0.5326860083797209,0.7298534156799712
10.0,proportional,1001,2,771990200,node-var,pca,0.4501849738429602,0.6709582504470458
10.0,fixed,3001,2,774875821,edges-corr,sfa,0.8054804907433168,0.8974856493244407
10.0,fixed,3001,2,774875821,edges-corr,pca,0.5628678557349999,0.7502451970755961
10.0,fixed,3001,2,774875821,edges-cov,sfa,0.6169410722292801,0.7854559645386113
10.0,fixed,3001,2,774875821,edges-cov,pca,0.4997964012177075,0.7069628004483031
10.0,fixed,3001,2,774875821,node-var,sfa,0.5930974683813219,0.7701282155468142
10.0,fixed,3001,2,774875821,node-var,pca,0.5288218604057094,0.7272013891665139
10.0,proportional,1001,2,774875821,edges-corr,sfa,0.7499292639905113,0.8659845633673323
10.0,proportional,1001,2,774875821,edges-corr,pca,0.43456324817472003,0.6592141140590968
10.0,proportional,1001,2,774875821,edges-cov,sfa,0.516350063147361,0.71857502262976
10.0,proportional,1001,2,774875821,edges-cov,pca,0.38047192806266117,0.6168240657291691
10.0,proportional,1001,2,774875821,node-var,sfa,0.49331931658528716,0.7023669387046121
10.0,proportional,1001,2,774875821,node-var,pca,0.41858991805056256,0.6469852533486077
10.0,fixed,3001,2,778240327,edges-corr,sfa,0.8607112302782013,0.9277452399652635
10.0,fixed,3001,2,778240327,edges-corr,pca,0.7527802531754815,0.8676290988524298
10.0,fixed,3001,2,778240327,edges-cov,sfa,0.8083668589994139,0.899092241652331
10.0,fixed,3001,2,778240327,edges-cov,pca,0.6908167943890786,0.8311538933248639
10.0,fixed,3001,2,778240327,node-var,sfa,0.7514689260298045,0.8668730737713582
10.0,fixed,3001,2,778240327,node-var,pca,0.7005611168694537,0.8369952908287185
10.0,proportional,1001,2,778240327,edges-corr,sfa,0.7782043367465079,0.8821589067432841
10.0,proportional,1001,2,778240327,edges-corr,pca,0.5456591391674869,0.7386874434884404
10.0,proportional,1001,2,778240327,edges-cov,sfa,0.6923879502370822,0.8320985219534313
10.0,proportional,1001,2,778240327,edges-cov,pca,0.6116900746127181,0.7821061786053864
10.0,proportional,1001,2,778240327,node-var,sfa,0.6727361006273298,0.8202049138034534
10.0,proportional,1001,2,778240327,node-var,pca,0.6222928511408821,0.7888554057245742
10.0,fixed,3001,2,778998620,edges-corr,sfa,0.5280348433783109,0.7266600603984718
10.0,fixed,3001,2,778998620,edges-corr,pca,0.4403172676734004,0.6635640644831527
10.0,fixed,3001,2,778998620,edges-cov,sfa,0.792256333722963,0.89008782360111
10.0,fixed,3001,2,778998620,edges-cov,pca,0.6787127917607407,0.8238402707811403
10.0,fixed,3001,2,778998620,node-var,sfa,0.7565212058865978,0.8697822749898962
10.0,fixed,3001,2,778998620,node-var,pca,0.755130557423551,0.8689824839566966
10.0,proportional,1001,2,778998620,edges-corr,sfa,0.5223844054784184,0.7227616519146662
10.0,proportional,1001,2,778998620,edges-corr,pca,0.3679663127256372,0.6066022689750158
10.0,proportional,1001,2,778998620,edges-cov,sfa,0.6703232482286974,0.8187327086593629
10.0,proportional,1001,2,778998620,edges-cov,pca,0.5309324189280378,0.7286510954689079
10.0,proportional,1001,2,778998620,node-var,sfa,0.6215243605779186,0.788368163092548
10.0,proportional,1001,2,778998620,node-var,pca,0.6256156521536336,0.7909586918124337
10.0,fixed,3001,2,779839471,edges-corr,sfa,0.5292681539433219,0.7275081813583418
10.0,fixed,3001,2,779839471,edges-corr,pca,0.48723198721065686,0.6980200478572655
10.0,fixed,3001,2,779839471,edges-cov,sfa,0.4875715224846586,0.698263218625082
10.0,fixed,3001,2,779839471,edges-cov,pca,0.4793381766586242,0.6923425284197292
10.0,fixed,3001,2,779839471,node-var,sfa,0.49132545076715384,0.7009461111720023
10.0,fixed,3001,2,779839471,node-var,pca,0.4950520651608339,0.7035993640992256
10.0,proportional,1001,2,779839471,edges-corr,sfa,0.40085677226370764,0.6331325076662138
10.0,proportional,1001,2,779839471,edges-corr,pca,0.4271167851012021,0.6535417240706224
10.0,proportional,1001,2,779839471,edges-cov,sfa,0.37715001933110626,0.6141254101004996
10.0,proportional,1001,2,779839471,edges-cov,pca,0.36655130305058037,0.605434804954738
10.0,proportional,1001,2,779839471,node-var,sfa,0.37395637136734405,0.6115197227950578
10.0,proportional,1001,2,779839471,node-var,pca,0.3887455841402173,0.6234946544600181
10.0,fixed,3001,2,781842082,edges-corr,sfa,0.9305599598492362,0.9646553580679662
10.0,fixed,3001,2,781842082,edges-corr,pca,0.8481010944297525,0.9209240437895813
10.0,fixed,3001,2,781842082,edges-cov,sfa,0.5097250743996333,0.7139503304849946
10.0,fixed,3001,2,781842082,edges-cov,pca,0.49695778340347885,0.7049523270430982
10.0,fixed,3001,2,781842082,node-var,sfa,0.5708390522855648,0.7555389151364514
10.0,fixed,3001,2,781842082,node-var,pca,0.533408408666271,0.730348142098184
10.0,proportional,1001,2,781842082,edges-corr,sfa,0.802246477445596,0.895682129689766
10.0,proportional,1001,2,781842082,edges-corr,pca,0.7341622904030121,0.8568327085277574
10.0,proportional,1001,2,781842082,edges-cov,sfa,0.3829025860851498,0.6187912298062654
10.0,proportional,1001,2,781842082,edges-cov,pca,0.3880885707606798,0.6229675519324256
10.0,proportional,1001,2,781842082,node-var,sfa,0.44491594060507633,0.6670201950504024
10.0,proportional,1001,2,781842082,node-var,pca,0.4208420872558841,0.6487234289401644
10.0,fixed,3001,2,786091066,edges-corr,sfa,0.14196798424877177,0.3767863907425155
10.0,fixed,3001,2,786091066,edges-corr,pca,0.20503235090868321,0.45280498109968265
10.0,fixed,3001,2,786091066,edges-cov,sfa,0.6584826094945024,0.811469413776332
10.0,fixed,3001,2,786091066,edges-cov,pca,0.4873325233949314,0.6980920593982795
10.0,fixed,3001,2,786091066,node-var,sfa,0.7472570371499581,0.8644403028260272
10.0,fixed,3001,2,786091066,node-var,pca,0.696302086586269,0.8344471742334997
10.0,proportional,1001,2,786091066,edges-corr,sfa,0.03370625950552608,0.18359264556491908
10.0,proportional,1001,2,786091066,edges-corr,pca,0.07367072244639616,0.27142351122626823
10.0,proportional,1001,2,786091066,edges-cov,sfa,0.5992653727306924,0.774122324139211
10.0,proportional,1001,2,786091066,edges-cov,pca,0.0033006005405469274,0.05745085326213018
10.0,proportional,1001,2,786091066,node-var,sfa,0.6429638144132372,0.8018502443806044
10.0,proportional,1001,2,786091066,node-var,pca,0.5634455603148618,0.7506301088517962
10.0,fixed,3001,2,787025148,edges-corr,sfa,0.8495361771262958,0.92170286813392
10.0,fixed,3001,2,787025148,edges-corr,pca,0.769010271740693,0.876932307387915
10.0,fixed,3001,2,787025148,edges-cov,sfa,0.750449412386534,0.866284833288989
10.0,fixed,3001,2,787025148,edges-cov,pca,0.6118423896211004,0.7822035474357685
10.0,fixed,3001,2,787025148,node-var,sfa,0.6429902708427815,0.801866741324755
10.0,fixed,3001,2,787025148,node-var,pca,0.45755409550055925,0.676427450286104
10.0,proportional,1001,2,787025148,edges-corr,sfa,0.7959714799263985,0.8921723375707175
10.0,proportional,1001,2,787025148,edges-corr,pca,0.6304093848132823,0.7939832396299576
10.0,proportional,1001,2,787025148,edges-cov,sfa,0.6478382314183379,0.804883986310039
10.0,proportional,1001,2,787025148,edges-cov,pca,0.511964784118607,0.7155171445315669
10.0,proportional,1001,2,787025148,node-var,sfa,0.5475937686890717,0.7399957896428012
10.0,proportional,1001,2,787025148,node-var,pca,0.4045732005544912,0.6360606893642246
10.0,fixed,3001,2,789848216,edges-corr,sfa,0.8890748276962992,0.9429076453695228
10.0,fixed,3001,2,789848216,edges-corr,pca,0.7680060120266845,0.8763595221292938
10.0,fixed,3001,2,789848216,edges-cov,sfa,0.7867637564357172,0.8869970442091206
10.0,fixed,3001,2,789848216,edges-cov,pca,0.587997825404353,0.766810162559386
10.0,fixed,3001,2,789848216,node-var,sfa,0.7037626100377327,0.838905602578581
10.0,fixed,3001,2,789848216,node-var,pca,0.43080385811173927,0.6563565023001892
10.0,proportional,1001,2,789848216,edges-corr,sfa,0.8489617495122773,0.9213912032965572
10.0,proportional,1001,2,789848216,edges-corr,pca,0.6253373005976403,0.7907827138965808
10.0,proportional,1001,2,789848216,edges-cov,sfa,0.7483265063976368,0.8650586722284433
10.0,proportional,1001,2,789848216,edges-cov,pca,0.5073425236911985,0.7122798071623244
10.0,proportional,1001,2,789848216,node-var,sfa,0.706041203214526,0.8402625799204236
10.0,proportional,1001,2,789848216,node-var,pca,0.41862311298961974,0.6470109063915537
10.0,fixed,3001,2,793224716,edges-corr,sfa,0.9531527357077688,0.9762954141589355
10.0,fixed,3001,2,793224716,edges-corr,pca,0.9455407548561053,0.9723891992695636
10.0,fixed,3001,2,793224716,edges-cov,sfa,0.7687373507070575,0.8767766823467976
10.0,fixed,3001,2,793224716,edges-cov,pca,0.7389271294464248,0.8596087071722959
10.0,fixed,3001,2,793224716,node-var,sfa,0.7610511746078554,0.8723824703694213
10.0,fixed,3001,2,793224716,node-var,pca,0.7388112375891528,0.8595412948713719
10.0,proportional,1001,2,793224716,edges-corr,sfa,0.8974998485156787,0.9473646861244507
10.0,proportional,1001,2,793224716,edges-corr,pca,0.8860828159230645,0.9413197203517318
10.0,proportional,1001,2,793224716,edges-cov,sfa,0.5821609409446782,0.7629947188183399
10.0,proportional,1001,2,793224716,edges-cov,pca,0.5510620144291346,0.7423355133826882
10.0,proportional,1001,2,793224716,node-var,sfa,0.5857698094169397,0.765356001751433
10.0,proportional,1001,2,793224716,node-var,pca,0.5708652339935291,0.7555562414496542
10.0,fixed,3001,2,794812542,edges-corr,sfa,0.802525061081063,0.8958376309806723
10.0,fixed,3001,2,794812542,edges-corr,pca,0.801612705332104,0.8953282668005665
10.0,fixed,3001,2,794812542,edges-cov,sfa,0.6789926367833885,0.8240100950737136
10.0,fixed,3001,2,794812542,edges-cov,pca,0.6406821710983135,0.800426243384308
10.0,fixed,3001,2,794812542,node-var,sfa,0.6626791576717223,0.8140510780483767
10.0,fixed,3001,2,794812542,node-var,pca,0.6795882438966204,0.8243714235080096
10.0,proportional,1001,2,794812542,edges-corr,sfa,0.6794724112038447,0.8243011653539282
10.0,proportional,1001,2,794812542,edges-corr,pca,0.6528708163798432,0.808004218045824
10.0,proportional,1001,2,794812542,edges-cov,sfa,0.5646664199617804,0.7514428920162728
10.0,proportional,1001,2,794812542,edges-cov,pca,0.49481374287323654,0.7034299843433144
10.0,proportional,1001,2,794812542,node-var,sfa,0.5360538478149646,0.7321569830404995
10.0,proportional,1001,2,794812542,node-var,pca,0.5505809638410379,0.7420114310716786
10.0,fixed,3001,2,816200189,edges-corr,sfa,0.759374497491324,0.8714209645695489
10.0,fixed,3001,2,816200189,edges-corr,pca,0.6899040848700064,0.8306046501615585
10.0,fixed,3001,2,816200189,edges-cov,sfa,0.4917567497551435,0.7012536985678873
10.0,fixed,3001,2,816200189,edges-cov,pca,0.504713344392986,0.7104318013665961
10.0,fixed,3001,2,816200189,node-var,sfa,0.5084614630640423,0.7130648379102991
10.0,fixed,3001,2,816200189,node-var,pca,0.5191519550957808,0.7205220018124231
10.0,proportional,1001,2,816200189,edges-corr,sfa,0.5739163765025572,0.7575726872733454
10.0,proportional,1001,2,816200189,edges-corr,pca,0.5125060268860755,0.7158952625112657
10.0,proportional,1001,2,816200189,edges-cov,sfa,0.2876754075470982,0.5363538081780511
10.0,proportional,1001,2,816200189,edges-cov,pca,0.30289147552024454,0.5503557717697213
10.0,proportional,1001,2,816200189,node-var,sfa,0.3011456029286663,0.5487673486357101
10.0,proportional,1001,2,816200189,node-var,pca,0.3089608737335592,0.5558424900397222
10.0,fixed,3001,2,829720705,edges-corr,sfa,0.06398183201387464,0.2529463026293815
10.0,fixed,3001,2,829720705,edges-corr,pca,0.09704146953635062,0.31151479826221856
10.0,fixed,3001,2,829720705,edges-cov,sfa,0.24276605568069198,0.49271295465077
10.0,fixed,3001,2,829720705,edges-cov,pca,0.23395058322948514,0.4836843839007875
10.0,fixed,3001,2,829720705,node-var,sfa,0.25606706052005324,0.506030691282706
10.0,fixed,3001,2,829720705,node-var,pca,0.2594439447548076,0.5093564024873032
10.0,proportional,1001,2,829720705,edges-corr,sfa,0.11701282077792141,0.3420713679598477
10.0,proportional,1001,2,829720705,edges-corr,pca,0.15965573653904108,0.3995694389452735
10.0,proportional,1001,2,829720705,edges-cov,sfa,0.22332495513623818,0.4725726982552398
10.0,proportional,1001,2,829720705,edges-cov,pca,0.21410846093722324,0.4627185547794925
10.0,proportional,1001,2,829720705,node-var,sfa,0.23675138637647697,0.48657104966949744
10.0,proportional,1001,2,829720705,node-var,pca,0.2397254561663582,0.48961766324996686
10.0,fixed,3001,2,831882777,edges-corr,sfa,0.25460090859099693,0.5045799328064849
10.0,fixed,3001,2,831882777,edges-corr,pca,0.02580148394120796,0.16062840328288153
10.0,fixed,3001,2,831882777,edges-cov,sfa,0.6373693519200736,0.7983541519401479
10.0,fixed,3001,2,831882777,edges-cov,pca,0.5252016271261588,0.7247079598887806
10.0,fixed,3001,2,831882777,node-var,sfa,0.6460118950443356,0.8037486516594203
10.0,fixed,3001,2,831882777,node-var,pca,0.6418394355644863,0.8011488223572987
10.0,proportional,1001,2,831882777,edges-corr,sfa,0.19890403977555837,0.44598659147507824
10.0,proportional,1001,2,831882777,edges-corr,pca,0.011109636615722285,0.10540226096114998
10.0,proportional,1001,2,831882777,edges-cov,sfa,0.4981087252462848,0.7057681809534102
10.0,proportional,1001,2,831882777,edges-cov,pca,0.3250813263564981,0.5701590360210896
10.0,proportional,1001,2,831882777,node-var,sfa,0.5307724989443094,0.7285413501952437
10.0,proportional,1001,2,831882777,node-var,pca,0.5257341717027677,0.7250752869204456
10.0,fixed,3001,2,835479236,edges-corr,sfa,0.6644828313418646,0.8151581633903107
10.0,fixed,3001,2,835479236,edges-corr,pca,0.6275287345495475,0.7921671127669653
10.0,fixed,3001,2,835479236,edges-cov,sfa,0.3913031077226842,0.6255422509492742
10.0,fixed,3001,2,835479236,edges-cov,pca,0.11335886790586291,0.3366880869675421
10.0,fixed,3001,2,835479236,node-var,sfa,0.37468881185801706,0.6121182989079943
10.0,fixed,3001,2,835479236,node-var,pca,0.024376881875246115,0.15613097666781683
10.0,proportional,1001,2,835479236,edges-corr,sfa,0.6955460636532609,0.8339940429363147
10.0,proportional,1001,2,835479236,edges-corr,pca,0.6608600205648125,0.8129329742142415
10.0,proportional,1001,2,835479236,edges-cov,sfa,0.2028140199515157,0.45034877589654415
10.0,proportional,1001,2,835479236,edges-cov,pca,0.06322936880104957,0.2514545064242226
10.0,proportional,1001,2,835479236,node-var,sfa,0.15604357555580306,0.395023512661972
10.0,proportional,1001,2,835479236,node-var,pca,0.01662182306392368,0.12892564936397816
10.0,fixed,3001,2,839068429,edges-corr,sfa,0.11061453482224781,0.33258763480058523
10.0,fixed,3001,2,839068429,edges-corr,pca,0.008195692034367208,0.09053006149543455
10.0,fixed,3001,2,839068429,edges-cov,sfa,0.04295672460911237,0.2072600410332687
10.0,fixed,3001,2,839068429,edges-cov,pca,0.005854296929104663,0.07651337745195011
10.0,fixed,3001,2,839068429,node-var,sfa,0.1845619445115192,0.42960673238616587
10.0,fixed,3001,2,839068429,node-var,pca,0.014212970509419387,0.11921816350464128
10.0,proportional,1001,2,839068429,edges-corr,sfa,0.04359471278641924,0.20879346921400424
10.0,proportional,1001,2,839068429,edges-corr,pca,0.014549323930365121,0.12062057838679559
10.0,proportional,1001,2,839068429,edges-cov,sfa,0.02281152328964242,0.15103484131034936
10.0,proportional,1001,2,839068429,edges-cov,pca,0.013959926252067545,0.1181521318134701
10.0,proportional,1001,2,839068429,node-var,sfa,0.0793952114853752,0.28177155904273754
10.0,proportional,1001,2,839068429,node-var,pca,0.014646123758060847,0.12102117070190985
10.0,fixed,3001,2,847657808,edges-corr,sfa,0.576149903785129,0.7590453898055957
10.0,fixed,3001,2,847657808,edges-corr,pca,0.4919551744133963,0.7013951628100922
10.0,fixed,3001,2,847657808,edges-cov,sfa,0.3731817165981731,0.6108860094961844
10.0,fixed,3001,2,847657808,edges-cov,pca,0.3973894864138431,0.6303883615786724
10.0,fixed,3001,2,847657808,node-var,sfa,0.6643379767865213,0.8150693079649852
10.0,fixed,3001,2,847657808,node-var,pca,0.4726652341930935,0.6875065339275647
10.0,proportional,1001,2,847657808,edges-corr,sfa,0.482791550098459,0.6948320301327939
10.0,proportional,1001,2,847657808,edges-corr,pca,0.3846738454653812,0.620220803799245
10.0,proportional,1001,2,847657808,edges-cov,sfa,0.2724706156433495,0.5219871795775729
10.0,proportional,1001,2,847657808,edges-cov,pca,0.30260642783565894,0.5500967440693132
10.0,proportional,1001,2,847657808,node-var,sfa,0.42833814706540385,0.6544754747623502
10.0,proportional,1001,2,847657808,node-var,pca,0.025012552140760147,0.1581535713816165
10.0,fixed,3001,3,766640955,edges-corr,sfa,0.6758362706888863,0.8220926168558422
10.0,fixed,3001,3,766640955,edges-corr,pca,0.5331075823189684,0.730142165827291
10.0,fixed,3001,3,766640955,edges-cov,sfa,0.43220926059526144,0.6574262396613476
10.0,fixed,3001,3,766640955,edges-cov,pca,0.36879270505693706,0.607283051843979
10.0,fixed,3001,3,766640955,node-var,sfa,0.4421217868782059,0.6649223916204096
10.0,fixed,3001,3,766640955,node-var,pca,0.35077511774722137,0.5922627100765516
10.0,proportional,1001,3,766640955,edges-corr,sfa,0.5614593578957677,0.749305917430102
10.0,proportional,1001,3,766640955,edges-corr,pca,0.33529770675801696,0.5790489674958563
10.0,proportional,1001,3,766640955,edges-cov,sfa,0.2870297019095196,0.5357515300113659
10.0,proportional,1001,3,766640955,edges-cov,pca,0.24079394593820158,0.49070759718818496
10.0,proportional,1001,3,766640955,node-var,sfa,0.31971814226118145,0.5654362406683721
10.0,proportional,1001,3,766640955,node-var,pca,0.21347768577014214,0.4620364550229159
10.0,fixed,3001,3,767871931,edges-corr,sfa,0.4634455834949205,0.6807683772730063
10.0,fixed,3001,3,767871931,edges-corr,pca,0.3401024300951935,0.5831830159522773
10.0,fixed,3001,3,767871931,edges-cov,sfa,0.4533271205575965,0.6732957155348586
10.0,fixed,3001,3,767871931,edges-cov,pca,0.453615382894629,0.6735097496656078
10.0,fixed,3001,3,767871931,node-var,sfa,0.5554945883232887,0.7453150933150962
10.0,fixed,3001,3,767871931,node-var,pca,0.5056743088659277,0.7111078039692224
10.0,proportional,1001,3,767871931,edges-corr,sfa,0.4277050877592965,0.6539916572551189
10.0,proportional,1001,3,767871931,edges-corr,pca,0.331237188390722,0.5755320915385356
10.0,proportional,1001,3,767871931,edges-cov,sfa,0.44649254900236535,0.6682009794982089
10.0,proportional,1001,3,767871931,edges-cov,pca,0.38089403464805704,0.6171661321297982
10.0,proportional,1001,3,767871931,node-var,sfa,0.49281376980665004,0.7020069585172549
10.0,proportional,1001,3,767871931,node-var,pca,0.35639852281174567,0.596991225070976
10.0,fixed,3001,3,771160300,edges-corr,sfa,0.2977814274872983,0.5456935289036314
10.0,fixed,3001,3,771160300,edges-corr,pca,0.28470907559470515,0.5335813673608789
10.0,fixed,3001,3,771160300,edges-cov,sfa,0.4891181507473763,0.6993698240182922
10.0,fixed,3001,3,771160300,edges-cov,pca,0.4767236387894499,0.6904517642742676
10.0,fixed,3001,3,771160300,node-var,sfa,0.5241745859613978,0.7239990234533463
10.0,fixed,3001,3,771160300,node-var,pca,0.4981250190109152,0.7057797241426786
10.0,proportional,1001,3,771160300,edges-corr,sfa,0.13510617575107065,0.36756791991558646
10.0,proportional,1001,3,771160300,edges-corr,pca,0.20106926772901357,0.4484074795640826
10.0,proportional,1001,3,771160300,edges-cov,sfa,0.29062426934181906,0.5390957886515332
10.0,proportional,1001,3,771160300,edges-cov,pca,0.29377444503826133,0.5420096355585041
10.0,proportional,1001,3,771160300,node-var,sfa,0.32073646058233996,0.5663359961916079
10.0,proportional,1001,3,771160300,node-var,pca,0.31569715538355103,0.5618693401348313
10.0,fixed,3001,3,771990200,edges-corr,sfa,0.8523911256855365,0.9232503050015941
10.0,fixed,3001,3,771990200,edges-corr,pca,0.8709443336810405,0.9332439840047407
10.0,fixed,3001,3,771990200,edges-cov,sfa,0.8204876714581485,0.9058077453069997
10.0,fixed,3001,3,771990200,edges-cov,pca,0.6223775962190352,0.788909117845038
10.0,fixed,3001,3,771990200,node-var,sfa,0.6809277735777146,0.8251834787353142
10.0,fixed,3001,3,771990200,node-var,pca,0.5818125246374557,0.7627663630742098
10.0,proportional,1001,3,771990200,edges-corr,sfa,0.7633708637252927,0.8737109726478739
10.0,proportional,1001,3,771990200,edges-corr,pca,0.7706346537121324,0.8778579917686751
10.0,proportional,1001,3,771990200,edges-cov,sfa,0.6895963088895081,0.8304193572463909
10.0,proportional,1001,3,771990200,edges-cov,pca,0.47041599101840836,0.6858687855693745
10.0,proportional,1001,3,771990200,node-var,sfa,0.5302193506225399,0.7281616239699394
10.0,proportional,1001,3,771990200,node-var,pca,0.45485533732536276,0.6744296385282627
10.0,fixed,3001,3,774875821,edges-corr,sfa,0.743404523064495,0.8622090947470311
10.0,fixed,3001,3,774875821,edges-corr,pca,0.5583029806867059,0.7471967483111156
10.0,fixed,3001,3,774875821,edges-cov,sfa,0.6063054281775688,0.7786561681368527
10.0,fixed,3001,3,774875821,edges-cov,pca,0.5186677061108176,0.7201858830266091
10.0,fixed,3001,3,774875821,node-var,sfa,0.5910401517964549,0.7687913577795041
10.0,fixed,3001,3,774875821,node-var,pca,0.5408837395121722,0.7354479855925721
10.0,proportional,1001,3,774875821,edges-corr,sfa,0.7184072230014499,0.8475890649373973
10.0,proportional,1001,3,774875821,edges-corr,pca,0.43716836220029465,0.6611870856272799
10.0,proportional,1001,3,774875821,edges-cov,sfa,0.516707271188084,0.7188235327172336
10.0,proportional,1001,3,774875821,edges-cov,pca,0.3963118403998057,0.6295330336049142
10.0,proportional,1001,3,774875821,node-var,sfa,0.4981559916226117,0.7058016659250768
10.0,proportional,1001,3,774875821,node-var,pca,0.43231010787815105,0.6575029337410998
10.0,fixed,3001,3,778240327,edges-corr,sfa,0.8516085789679615,0.9228264078189143
10.0,fixed,3001,3,778240327,edges-corr,pca,0.7763405209711105,0.8811018788829774
10.0,fixed,3001,3,778240327,edges-cov,sfa,0.7960162059489161,0.8921974030162361
10.0,fixed,3001,3,778240327,edges-cov,pca,0.7016089065541766,0.8376209802495271
10.0,fixed,3001,3,778240327,node-var,sfa,0.7761305532326994,0.880982720166919
10.0,fixed,3001,3,778240327,node-var,pca,0.6979713041316441,0.8354467691790087
10.0,proportional,1001,3,778240327,edges-corr,sfa,0.8030171144308547,0.8961122220072967
10.0,proportional,1001,3,778240327,edges-corr,pca,0.5595063772106112,0.7480015890428385
10.0,proportional,1001,3,778240327,edges-cov,sfa,0.718950746912656,0.8479096336949212
10.0,proportional,1001,3,778240327,edges-cov,pca,0.6138178354159554,0.783465273905586
10.0,proportional,1001,3,778240327,node-var,sfa,0.6948451796370665,0.833573739771753
10.0,proportional,1001,3,778240327,node-var,pca,0.6286857425988492,0.7928970567475003
10.0,fixed,3001,3,778998620,edges-corr,sfa,0.4608699619379716,0.6788740398173806
10.0,fixed,3001,3,778998620,edges-corr,pca,0.3182033037493661,0.5640951194163676
10.0,fixed,3001,3,778998620,edges-cov,sfa,0.8201311427523865,0.9056109223901765
10.0,fixed,3001,3,778998620,edges-cov,pca,0.6974469086842736,0.835132868880318
10.0,fixed,3001,3,778998620,node-var,sfa,0.7850452244425448,0.8860277785953122
10.0,fixed,3001,3,778998620,node-var,pca,0.7765608922269271,0.8812269243656393
10.0,proportional,1001,3,778998620,edges-corr,sfa,0.5230705371529867,0.7232361558667993
10.0,proportional,1001,3,778998620,edges-corr,pca,0.34201511374441074,0.584820582524598
10.0,proportional,1001,3,778998620,edges-cov,sfa,0.6953757682110637,0.8338919403682138
10.0,proportional,1001,3,778998620,edges-cov,pca,0.5652078410655532,0.7518030600267291
10.0,proportional,1001,3,778998620,node-var,sfa,0.6526141789207186,0.8078453929563002
10.0,proportional,1001,3,778998620,node-var,pca,0.6563704428055762,0.8101669228039218
10.0,fixed,3001,3,779839471,edges-corr,sfa,0.5274181601120329,0.7262356092288739
10.0,fixed,3001,3,779839471,edges-corr,pca,0.48650612582055386,0.6974999109824711
10.0,fixed,3001,3,779839471,edges-cov,sfa,0.48556106574403435,0.6968221191552657
10.0,fixed,3001,3,779839471,edges-cov,pca,0.47812075138796195,0.6914627621122925
10.0,fixed,3001,3,779839471,node-var,sfa,0.48911090802817314,0.6993646459667328
10.0,fixed,3001,3,779839471,node-var,pca,0.4939748269980275,0.7028334276327686
10.0,proportional,1001,3,779839471,edges-corr,sfa,0.39848367245494787,0.6312556316223624
10.0,proportional,1001,3,779839471,edges-corr,pca,0.42743510350789105,0.6537852120596571
10.0,proportional,1001,3,779839471,edges-cov,sfa,0.3753429372158572,0.6126523787727084
10.0,proportional,1001,3,779839471,edges-cov,pca,0.36643666597874325,0.6053401242101355
10.0,proportional,1001,3,779839471,node-var,sfa,0.3723410589603703,0.6101975573208824
10.0,proportional,1001,3,779839471,node-var,pca,0.3882870368327518,0.6231268224308376
10.0,fixed,3001,3,781842082,edges-corr,sfa,0.8463221365790842,0.9199576819501443
10.0,fixed,3001,3,781842082,edges-corr,pca,0.7615196932587212,0.8726509572897535
10.0,fixed,3001,3,781842082,edges-cov,sfa,0.5943990663241465,0.7709728051780725
10.0,fixed,3001,3,781842082,edges-cov,pca,0.5707899372197875,0.7555064111043589
10.0,fixed,3001,3,781842082,node-var,sfa,0.6248422989110074,0.7904696698235857
10.0,fixed,3001,3,781842082,node-var,pca,0.5931941791113462,0.7701910017075947
10.0,proportional,1001,3,781842082,edges-corr,sfa,0.7885862895565057,0.8880238113679758
10.0,proportional,1001,3,781842082,edges-corr,pca,0.7464065472129902,0.8639482317899564
10.0,proportional,1001,3,781842082,edges-cov,sfa,0.48981062633886696,0.6998647200272827
10.0,proportional,1001,3,781842082,edges-cov,pca,0.4800718850316431,0.6928721996383199
10.0,proportional,1001,3,781842082,node-var,sfa,0.5260017285947876,0.7252597662870773
10.0,proportional,1001,3,781842082,node-var,pca,0.5085174670605198,0.713104106747758
10.0,fixed,3001,3,786091066,edges-corr,sfa,0.12438961249959557,0.35268911593582747
10.0,fixed,3001,3,786091066,edges-corr,pca,0.1923789223595309,0.4386102168891322
10.0,fixed,3001,3,786091066,edges-cov,sfa,0.6237873354163757,0.7898020862319708
10.0,fixed,3001,3,786091066,edges-cov,pca,0.5017223574854269,0.7083236248251414
10.0,fixed,3001,3,786091066,node-var,sfa,0.7073701859402171,0.8410530220742451
10.0,fixed,3001,3,786091066,node-var,pca,0.661624644825803,0.8134031256552968
10.0,proportional,1001,3,786091066,edges-corr,sfa,0.01359765960647441,0.11660900311071404
10.0,proportional,1001,3,786091066,edges-corr,pca,0.0731916407330967,0.27053953635854533
10.0,proportional,1001,3,786091066,edges-cov,sfa,0.6063916840204476,0.7787115537992526
10.0,proportional,1001,3,786091066,edges-cov,pca,0.0012306466346528877,0.03508057346528258
10.0,proportional,1001,3,786091066,node-var,sfa,0.6244087442392535,0.7901953835851321
10.0,proportional,1001,3,786091066,node-var,pca,0.5446308225848566,0.7379910721579613
10.0,fixed,3001,3,787025148,edges-corr,sfa,0.8897185804937079,0.9432489493732328
10.0,fixed,3001,3,787025148,edges-corr,pca,0.8383841789485715,0.9156332120170034
10.0,fixed,3001,3,787025148,edges-cov,sfa,0.859233615227577,0.9269485504749312
10.0,fixed,3001,3,787025148,edges-cov,pca,0.7514717659501734,0.8668747117952946
10.0,fixed,3001,3,787025148,node-var,sfa,0.8265962650384096,0.9091733965742794
10.0,fixed,3001,3,787025148,node-var,pca,0.6461822112089826,0.8038545958125654
10.0,proportional,1001,3,787025148,edges-corr,sfa,0.8277833193113348,0.909825982983192
10.0,proportional,1001,3,787025148,edges-corr,pca,0.7029521453274692,0.8384224146141784
10.0,proportional,1001,3,787025148,edges-cov,sfa,0.7175412957302486,0.8470780930529641
10.0,proportional,1001,3,787025148,edges-cov,pca,0.5688235450642969,0.7542039147765648
10.0,proportional,1001,3,787025148,node-var,sfa,0.6132077714547848,0.7830758401679787
10.0,proportional,1001,3,787025148,node-var,pca,0.4427022099735989,0.6653587077461283
10.0,fixed,3001,3,789848216,edges-corr,sfa,0.9285322834662647,0.9636038000476452
10.0,fixed,3001,3,789848216,edges-corr,pca,0.7311289818602075,0.8550608059431853
10.0,fixed,3001,3,789848216,edges-cov,sfa,0.8949319894669161,0.9460084510547034
10.0,fixed,3001,3,789848216,edges-cov,pca,0.6124533514254455,0.7825939888763797
10.0,fixed,3001,3,789848216,node-var,sfa,0.8296747971751566,0.9108648621915079
10.0,fixed,3001,3,789848216,node-var,pca,0.12387746002721545,0.35196229915605337
10.0,proportional,1001,3,789848216,edges-corr,sfa,0.8466901973562032,0.9201577024381213
10.0,proportional,1001,3,789848216,edges-corr,pca,0.5840194821213525,0.7642116736358793
10.0,proportional,1001,3,789848216,edges-cov,sfa,0.7994939613737786,0.8941442620594163
10.0,proportional,1001,3,789848216,edges-cov,pca,0.5201862491044864,0.7212393840497674
10.0,proportional,1001,3,789848216,node-var,sfa,0.7376742828654518,0.858879667279096
10.0,proportional,1001,3,789848216,node-var,pca,0.3922262839858569,0.6262797170481074
10.0,fixed,3001,3,793224716,edges-corr,sfa,0.9168446950911155,0.9575200755551388
10.0,fixed,3001,3,793224716,edges-corr,pca,0.9234965164993517,0.960987261361644
10.0,fixed,3001,3,793224716,edges-cov,sfa,0.7295068847829103,0.8541117519288149
10.0,fixed,3001,3,793224716,edges-cov,pca,0.731984191636627,0.855560746900317
10.0,fixed,3001,3,793224716,node-var,sfa,0.7615715450483049,0.8726806661364207
10.0,fixed,3001,3,793224716,node-var,pca,0.741674216828115,0.8612050956816953
10.0,proportional,1001,3,793224716,edges-corr,sfa,0.8555689972287349,0.9249697277363924
10.0,proportional,1001,3,793224716,edges-corr,pca,0.8322379918596355,0.9122707886694811
10.0,proportional,1001,3,793224716,edges-cov,sfa,0.5621329538547108,0.7497552626388901
10.0,proportional,1001,3,793224716,edges-cov,pca,0.5503643879595803,0.7418654783446795
10.0,proportional,1001,3,793224716,node-var,sfa,0.5972767612604137,0.7728368270601593
10.0,proportional,1001,3,793224716,node-var,pca,0.5854531615362106,0.7651491106550489
10.0,fixed,3001,3,794812542,edges-corr,sfa,0.8446587584072582,0.9190531858425045
10.0,fixed,3001,3,794812542,edges-corr,pca,0.8421944997872743,0.9177115558754149
10.0,fixed,3001,3,794812542,edges-cov,sfa,0.7151780264708961,0.8456819889715609
10.0,fixed,3001,3,794812542,edges-cov,pca,0.6785462827510369,0.8237392079724242
10.0,fixed,3001,3,794812542,node-var,sfa,0.6970143314197096,0.8348738416190248
10.0,fixed,3001,3,794812542,node-var,pca,0.7114288287375141,0.843462405052836
10.0,proportional,1001,3,794812542,edges-corr,sfa,0.7669473527750026,0.8757553041660686
10.0,proportional,1001,3,794812542,edges-corr,pca,0.7225064478595764,0.850003792850114
10.0,proportional,1001,3,794812542,edges-cov,sfa,0.6106837185257251,0.781462550942606
10.0,proportional,1001,3,794812542,edges-cov,pca,0.5393370473815641,0.7343957021807543
10.0,proportional,1001,3,794812542,node-var,sfa,0.5783930403878397,0.7605215581348377
10.0,proportional,1001,3,794812542,node-var,pca,0.5916518398209736,0.7691890793692889
10.0,fixed,3001,3,816200189,edges-corr,sfa,0.6964359520723294,0.834527382458078
10.0,fixed,3001,3,816200189,edges-corr,pca,0.683975894216402,0.8270283515191006
10.0,fixed,3001,3,816200189,edges-cov,sfa,0.4622124919043654,0.6798621124201334
10.0,fixed,3001,3,816200189,edges-cov,pca,0.46670424223785634,0.683157553012376
10.0,fixed,3001,3,816200189,node-var,sfa,0.4690751346401688,0.6848906004904507
10.0,fixed,3001,3,816200189,node-var,pca,0.46558601701963787,0.6823386380820281
10.0,proportional,1001,3,816200189,edges-corr,sfa,0.5341150282002354,0.730831737269419
10.0,proportional,1001,3,816200189,edges-corr,pca,0.48588359000906767,0.6970535058437548
10.0,proportional,1001,3,816200189,edges-cov,sfa,0.31481560192356406,0.5610843091047588
10.0,proportional,1001,3,816200189,edges-cov,pca,0.30778214630920353,0.5547811697500233
10.0,proportional,1001,3,816200189,node-var,sfa,0.3166694331923,0.5627338919883007
10.0,proportional,1001,3,816200189,node-var,pca,0.3110623864953519,0.5577296715213851
10.0,fixed,3001,3,829720705,edges-corr,sfa,0.33266171785078,0.5767683398477945
10.0,fixed,3001,3,829720705,edges-corr,pca,0.3608950661242476,0.600745425387699
10.0,fixed,3001,3,829720705,edges-cov,sfa,0.5068943280864575,0.7119651171837409
10.0,fixed,3001,3,829720705,edges-cov,pca,0.4835441166615059,0.6953733649353468
10.0,fixed,3001,3,829720705,node-var,sfa,0.4881438335266579,0.6986729088254813
10.0,fixed,3001,3,829720705,node-var,pca,0.5072634331800223,0.7122242857274829
10.0,proportional,1001,3,829720705,edges-corr,sfa,0.3982682475384941,0.6310849764797887
10.0,proportional,1001,3,829720705,edges-corr,pca,0.4201979541381343,0.6482267767827348
10.0,proportional,1001,3,829720705,edges-cov,sfa,0.4859611482401658,0.6971091365347071
10.0,proportional,1001,3,829720705,edges-cov,pca,0.44697403145445413,0.668561165080992
10.0,proportional,1001,3,829720705,node-var,sfa,0.4801693498657791,0.6929425299877175
10.0,proportional,1001,3,829720705,node-var,pca,0.48285170231208274,0.694875314219812
10.0,fixed,3001,3,831882777,edges-corr,sfa,0.21890058227622722,0.46786812487732804
10.0,fixed,3001,3,831882777,edges-corr,pca,0.0029712983401186666,0.054509616950762375
10.0,fixed,3001,3,831882777,edges-cov,sfa,0.4200693569693572,0.6481275776954389
10.0,fixed,3001,3,831882777,edges-cov,pca,0.5398028249455207,0.7347127499543765
10.0,fixed,3001,3,831882777,node-var,sfa,0.4003050016014825,0.6326966110241798
10.0,fixed,3001,3,831882777,node-var,pca,0.39797309595768304,0.6308510885761263
10.0,proportional,1001,3,831882777,edges-corr,sfa,0.024587748476828097,0.15680481012018746
10.0,proportional,1001,3,831882777,edges-corr,pca,0.059809549877222645,0.2445599106092872
10.0,proportional,1001,3,831882777,edges-cov,sfa,0.259762356698897,0.5096688696584253
10.0,proportional,1001,3,831882777,edges-cov,pca,0.32580951336311625,0.5707972611734535
10.0,proportional,1001,3,831882777,node-var,sfa,0.23606847089701988,0.48586877950432317
10.0,proportional,1001,3,831882777,node-var,pca,0.23820757570043227,0.48806513469047635
10.0,fixed,3001,3,835479236,edges-corr,sfa,0.5559930577996981,0.7456494201698936
10.0,fixed,3001,3,835479236,edges-corr,pca,0.463415063682064,0.6807459611940893
10.0,fixed,3001,3,835479236,edges-cov,sfa,0.7353950492599919,0.8575517764310161
10.0,fixed,3001,3,835479236,edges-cov,pca,0.1175252851444083,0.3428196102098138
10.0,fixed,3001,3,835479236,node-var,sfa,0.007161771967061692,0.0846272530988799
10.0,fixed,3001,3,835479236,node-var,pca,0.001526479891465482,0.039070191853452514
10.0,proportional,1001,3,835479236,edges-corr,sfa,0.5096459726365621,0.7138949310903966
10.0,proportional,1001,3,835479236,edges-corr,pca,0.4195841854950073,0.6477531825433256
10.0,proportional,1001,3,835479236,edges-cov,sfa,0.08190635837226945,0.2861928691848721
10.0,proportional,1001,3,835479236,edges-cov,pca,0.06216768087118518,0.24933447589770882
10.0,proportional,1001,3,835479236,node-var,sfa,0.001207902013421025,0.03475488474187615
10.0,proportional,1001,3,835479236,node-var,pca,0.0030390655460766913,0.05512772030545863
10.0,fixed,3001,3,839068429,edges-corr,sfa,0.030457020675207058,0.17451939913719391
10.0,fixed,3001,3,839068429,edges-corr,pca,0.017442745920794422,0.13207098818739377
10.0,fixed,3001,3,839068429,edges-cov,sfa,6.963842082041705e-05,0.008344963799829467
10.0,fixed,3001,3,839068429,edges-cov,pca,7.379636261073408e-06,0.0027165485935597704
10.0,fixed,3001,3,839068429,node-var,sfa,0.0007074988607773669,0.026598850741666943
10.0,fixed,3001,3,839068429,node-var,pca,0.001050680218234068,0.032414197787918084
10.0,proportional,1001,3,839068429,edges-corr,sfa,0.008653315382436966,0.09302319808755825
10.0,proportional,1001,3,839068429,edges-corr,pca,0.00010513270153589271,0.01025342389331246
10.0,proportional,1001,3,839068429,edges-cov,sfa,0.006670028724189092,0.08167024381125161
10.0,proportional,1001,3,839068429,edges-cov,pca,0.004699777849149656,0.0685549257832711
10.0,proportional,1001,3,839068429,node-var,sfa,0.007760874855707867,0.08809582768615075
10.0,proportional,1001,3,839068429,node-var,pca,0.007104715950861706,0.08428947710634889
10.0,fixed,3001,3,847657808,edges-corr,sfa,0.3423995831048925,0.5851491973034675
10.0,fixed,3001,3,847657808,edges-corr,pca,0.2977930001983524,0.5457041324732228
10.0,fixed,3001,3,847657808,edges-cov,sfa,0.2705981466068814,0.5201904906924781
10.0,fixed,3001,3,847657808,edges-cov,pca,0.28116847333092976,0.5302532162381756
10.0,fixed,3001,3,847657808,node-var,sfa,0.4173009890685834,0.6459883815275503
10.0,fixed,3001,3,847657808,node-var,pca,0.3551180146267304,0.5959177918360298
10.0,proportional,1001,3,847657808,edges-corr,sfa,0.3031600716733487,0.5505997381704316
10.0,proportional,1001,3,847657808,edges-corr,pca,0.2298504943995644,0.47942725662978763
10.0,proportional,1001,3,847657808,edges-cov,sfa,0.20325618989760597,0.45083942806458877
10.0,proportional,1001,3,847657808,edges-cov,pca,0.21299026389242992,0.46150868235866366
10.0,proportional,1001,3,847657808,node-var,sfa,0.22893904743645832,0.47847575428276157
10.0,proportional,1001,3,847657808,node-var,pca,0.11379272507454352,0.3373317729988448
10.0,fixed,3001,4,766640955,edges-corr,sfa,0.7631973314495836,0.8736116594057002
10.0,fixed,3001,4,766640955,edges-corr,pca,0.6548538956376375,0.8092304342013079
10.0,fixed,3001,4,766640955,edges-cov,sfa,0.658045068652813,0.8111997711124018
10.0,fixed,3001,4,766640955,edges-cov,pca,0.4800443001708541,0.6928522931843788
10.0,fixed,3001,4,766640955,node-var,sfa,0.6526029969474447,0.8078384720644615
10.0,fixed,3001,4,766640955,node-var,pca,0.40295378155521855,0.6347864062463986
10.0,proportional,1001,4,766640955,edges-corr,sfa,0.6633885023789393,0.8144866496014157
10.0,proportional,1001,4,766640955,edges-corr,pca,0.4566869128667673,0.6757861443287859
10.0,proportional,1001,4,766640955,edges-cov,sfa,0.4881704286134747,0.6986919411396382
10.0,proportional,1001,4,766640955,edges-cov,pca,0.3361602746733686,0.5797933034050732
10.0,proportional,1001,4,766640955,node-var,sfa,0.5059942491591206,0.7113327274624166
10.0,proportional,1001,4,766640955,node-var,pca,0.24510304301185926,0.49507882504896034
10.0,fixed,3001,4,767871931,edges-corr,sfa,0.6670103005932688,0.8167069857625
10.0,fixed,3001,4,767871931,edges-corr,pca,0.543678455041013,0.7373455465662043
10.0,fixed,3001,4,767871931,edges-cov,sfa,0.6722737875303193,0.8199230375653094
10.0,fixed,3001,4,767871931,edges-cov,pca,0.6538777147381343,0.8086270554082003
10.0,fixed,3001,4,767871931,node-var,sfa,0.7280448462610912,0.8532554402176936
10.0,fixed,3001,4,767871931,node-var,pca,0.697045641858536,0.8348925930073482
10.0,proportional,1001,4,767871931,edges-corr,sfa,0.5787583884774499,0.7607617159646314
10.0,proportional,1001,4,767871931,edges-corr,pca,0.4834551677377886,0.6953094043214088
10.0,proportional,1001,4,767871931,edges-cov,sfa,0.5763731218157103,0.7591924142242935
10.0,proportional,1001,4,767871931,edges-cov,pca,0.4676463150078626,0.6838467043189295
10.0,proportional,1001,4,767871931,node-var,sfa,0.6055665757323135,0.778181582750654
10.0,proportional,1001,4,767871931,node-var,pca,0.45782894717228984,0.676630583976435
10.0,fixed,3001,4,771160300,edges-corr,sfa,0.8698772666487695,0.9326721110062042
10.0,fixed,3001,4,771160300,edges-corr,pca,0.9019675409066209,0.9497197170253027
10.0,fixed,3001,4,771160300,edges-cov,sfa,0.700883509428845,0.8371878579081544
10.0,fixed,3001,4,771160300,edges-cov,pca,0.5369311075680427,0.7327558307977083
10.0,fixed,3001,4,771160300,node-var,sfa,0.5740741322100782,0.7576767993083051
10.0,fixed,3001,4,771160300,node-var,pca,0.46360427905830304,0.68088492350639
10.0,proportional,1001,4,771160300,edges-corr,sfa,0.8317567788106528,0.9120070058999851
10.0,proportional,1001,4,771160300,edges-corr,pca,0.8329184204144899,0.9126436437156022
10.0,proportional,1001,4,771160300,edges-cov,sfa,0.4606559453445085,0.678716395370341
10.0,proportional,1001,4,771160300,edges-cov,pca,0.3696209472346583,0.6079645937344206
10.0,proportional,1001,4,771160300,node-var,sfa,0.4204238210579663,0.6484009724375555
10.0,proportional,1001,4,771160300,node-var,pca,0.3494913431833576,0.5911779285319765
10.0,fixed,3001,4,771990200,edges-corr,sfa,0.8179343666726016,0.9043972394211522
10.0,fixed,3001,4,771990200,edges-corr,pca,0.9020674293016238,0.9497723039242721
10.0,fixed,3001,4,771990200,edges-cov,sfa,0.7961362586424185,0.8922646797012738
10.0,fixed,3001,4,771990200,edges-cov,pca,0.6556246886632977,0.8097065447823043
10.0,fixed,3001,4,771990200,node-var,sfa,0.6777476047801239,0.8232542771101293
10.0,fixed,3001,4,771990200,node-var,pca,0.6089854540117483,0.7803752007923803
10.0,proportional,1001,4,771990200,edges-corr,sfa,0.7366673444162302,0.8582932741296705
10.0,proportional,1001,4,771990200,edges-corr,pca,0.7933202621707033,0.8906852767227618
10.0,proportional,1001,4,771990200,edges-cov,sfa,0.6831491306176899,0.8265283604436628
10.0,proportional,1001,4,771990200,edges-cov,pca,0.4693763597612711,0.6851104726693877
10.0,proportional,1001,4,771990200,node-var,sfa,0.5243006445363073,0.724086075364184
10.0,proportional,1001,4,771990200,node-var,pca,0.457416562600514,0.676325781410493
10.0,fixed,3001,4,774875821,edges-corr,sfa,0.7325601902734145,0.8558973012420432
10.0,fixed,3001,4,774875821,edges-corr,pca,0.5448835000799379,0.738162245092458
10.0,fixed,3001,4,774875821,edges-cov,sfa,0.5887410850558308,0.7672946533476112
10.0,fixed,3001,4,774875821,edges-cov,pca,0.5261815314641238,0.7253837132608679
10.0,fixed,3001,4,774875821,node-var,sfa,0.597147569422056,0.7727532396710187
10.0,fixed,3001,4,774875821,node-var,pca,0.5371178920467481,0.7328832731388738
10.0,proportional,1001,4,774875821,edges-corr,sfa,0.6605585439302386,0.8127475277909114
10.0,proportional,1001,4,774875821,edges-corr,pca,0.3412174397512059,0.5841382026123665
10.0,proportional,1001,4,774875821,edges-cov,sfa,0.41637554783491126,0.6452716852883851
10.0,proportional,1001,4,774875821,edges-cov,pca,0.3331120374294547,0.5771585894963834
10.0,proportional,1001,4,774875821,node-var,sfa,0.42732525876700866,0.6537011999124743
10.0,proportional,1001,4,774875821,node-var,pca,0.3528013198550687,0.5939708072414583
10.0,fixed,3001,4,778240327,edges-corr,sfa,0.8335203997786453,0.9129733839376935
10.0,fixed,3001,4,778240327,edges-corr,pca,0.7063468551151391,0.840444439041118
10.0,fixed,3001,4,778240327,edges-cov,sfa,0.7467593669276058,0.86415239797596
10.0,fixed,3001,4,778240327,edges-cov,pca,0.6310685793644015,0.7943982498497848
10.0,fixed,3001,4,778240327,node-var,sfa,0.7135863449625199,0.8447404009294929
10.0,fixed,3001,4,778240327,node-var,pca,0.6249224452506307,0.7905203635901049
10.0,proportional,1001,4,778240327,edges-corr,sfa,0.7969343149964306,0.8927117759929192
10.0,proportional,1001,4,778240327,edges-corr,pca,0.5351823139748183,0.7315615585682584
10.0,proportional,1001,4,778240327,edges-cov,sfa,0.6848472626267097,0.8275549906965154
10.0,proportional,1001,4,778240327,edges-cov,pca,0.59510455909906,0.7714302036471357
10.0,proportional,1001,4,778240327,node-var,sfa,0.6716563700663474,0.8195464416775579
10.0,proportional,1001,4,778240327,node-var,pca,0.6029356700482771,0.7764893238469388
10.0,fixed,3001,4,778998620,edges-corr,sfa,0.8605822465182835,0.9276757227168804
10.0,fixed,3001,4,778998620,edges-corr,pca,0.7294043263012662,0.8540517117255066
10.0,fixed,3001,4,778998620,edges-cov,sfa,0.7285589617801,0.8535566541127197
10.0,fixed,3001,4,778998620,edges-cov,pca,0.6556546328253781,0.8097250353208658
10.0,fixed,3001,4,778998620,node-var,sfa,0.8276803730255654,0.909769406512203
10.0,fixed,3001,4,778998620,node-var,pca,0.44541853045681745,0.6673968313206298
10.0,proportional,1001,4,778998620,edges-corr,sfa,0.7723166039042743,0.8788154549757716
10.0,proportional,1001,4,778998620,edges-corr,pca,0.580673240001301,0.7620191861110198
10.0,proportional,1001,4,778998620,edges-cov,sfa,0.6453914419482851,0.8033625843591953
10.0,proportional,1001,4,778998620,edges-cov,pca,0.565631458630668,0.752084741655267
10.0,proportional,1001,4,778998620,node-var,sfa,0.7043169018121489,0.8392359035528371
10.0,proportional,1001,4,778998620,node-var,pca,0.360269254713674,0.6002243369888252
10.0,fixed,3001,4,779839471,edges-corr,sfa,0.6135702116900099,0.7833072268848338
10.0,fixed,3001,4,779839471,edges-corr,pca,0.4517192536374971,0.6721006276127838
10.0,fixed,3001,4,779839471,edges-cov,sfa,0.5036235191516003,0.7096643707779059
10.0,fixed,3001,4,779839471,edges-cov,pca,0.4728390401059771,0.6876329254085914
10.0,fixed,3001,4,779839471,node-var,sfa,0.5068148937829302,0.7119093297484805
10.0,fixed,3001,4,779839471,node-var,pca,0.500984175162291,0.7078023560022203
10.0,proportional,1001,4,779839471,edges-corr,sfa,0.41614220811954605,0.6450908526087993
10.0,proportional,1001,4,779839471,edges-corr,pca,0.35078504910475605,0.5922710942674448
10.0,proportional,1001,4,779839471,edges-cov,sfa,0.42822027717868794,0.6543854194423105
10.0,proportional,1001,4,779839471,edges-cov,pca,0.38223197986775825,0.6182491244375187
10.0,proportional,1001,4,779839471,node-var,sfa,0.4121959892865358,0.6420249132911704
10.0,proportional,1001,4,779839471,node-var,pca,0.4199283775539533,0.6480188095680196
10.0,fixed,3001,4,781842082,edges-corr,sfa,0.9272282169593788,0.962926901150538
10.0,fixed,3001,4,781842082,edges-corr,pca,0.8423827906096285,0.9178141372901321
10.0,fixed,3001,4,781842082,edges-cov,sfa,0.508840383255237,0.713330486699704
10.0,fixed,3001,4,781842082,edges-cov,pca,0.5030665853396104,0.709271869835263
10.0,fixed,3001,4,781842082,node-var,sfa,0.5666475147513699,0.7527599316856405
10.0,fixed,3001,4,781842082,node-var,pca,0.5329189537048322,0.7300129818741811
10.0,proportional,1001,4,781842082,edges-corr,sfa,0.8163114941894136,0.9034995817317313
10.0,proportional,1001,4,781842082,edges-corr,pca,0.72440551814569,0.8511201549403522
10.0,proportional,1001,4,781842082,edges-cov,sfa,0.3819549577944442,0.6180250462517218
10.0,proportional,1001,4,781842082,edges-cov,pca,0.3877624072890091,0.6227057148356754
10.0,proportional,1001,4,781842082,node-var,sfa,0.44252268883652845,0.6652237885377575
10.0,proportional,1001,4,781842082,node-var,pca,0.4181285956386408,0.6466286381213269
10.0,fixed,3001,4,786091066,edges-corr,sfa,0.06769005503720404,0.2601731251247981
10.0,fixed,3001,4,786091066,edges-corr,pca,0.0650231767165238,0.2549964249092988
10.0,fixed,3001,4,786091066,edges-cov,sfa,0.3935378055356995,0.6273259165184384
10.0,fixed,3001,4,786091066,edges-cov,pca,0.374199319792755,0.6117183337065786
10.0,fixed,3001,4,786091066,node-var,sfa,0.6320064357594873,0.794988324291297
10.0,fixed,3001,4,786091066,node-var,pca,0.5950683001883104,0.7714067021930187
10.0,proportional,1001,4,786091066,edges-corr,sfa,0.042969059367671036,0.2072897956187694
10.0,proportional,1001,4,786091066,edges-corr,pca,0.03908911710289287,0.19770967882957347
10.0,proportional,1001,4,786091066,edges-cov,sfa,0.5713169717504532,0.7558551261653612
10.0,proportional,1001,4,786091066,edges-cov,pca,2.687828820113758e-05,0.005184427470914541
10.0,proportional,1001,4,786091066,node-var,sfa,0.5729173637418365,0.7569130489969343
10.0,proportional,1001,4,786091066,node-var,pca,0.500790890233937,0.7076658040586219
10.0,fixed,3001,4,787025148,edges-corr,sfa,0.7679728102778208,0.8763405789291162
10.0,fixed,3001,4,787025148,edges-corr,pca,0.851548353128701,0.9227937760565469
10.0,fixed,3001,4,787025148,edges-cov,sfa,0.8444380662806383,0.9189331130613577
10.0,fixed,3001,4,787025148,edges-cov,pca,0.8350557866932629,0.9138138687354577
10.0,fixed,3001,4,787025148,node-var,sfa,0.8423338919105319,0.9177874982317711
10.0,fixed,3001,4,787025148,node-var,pca,0.28617552116348444,0.5349537560981174
10.0,proportional,1001,4,787025148,edges-corr,sfa,0.13718264972548255,0.37038176213939383
10.0,proportional,1001,4,787025148,edges-corr,pca,0.7280189449996809,0.8532402621768848
10.0,proportional,1001,4,787025148,edges-cov,sfa,0.3088881382865769,0.5557770580786654
10.0,proportional,1001,4,787025148,edges-cov,pca,0.707132567577171,0.8409117477935301
10.0,proportional,1001,4,787025148,node-var,sfa,0.7041900939541852,0.8391603505613114
10.0,proportional,1001,4,787025148,node-var,pca,0.05652635201145695,0.2377527118908576
10.0,fixed,3001,4,789848216,edges-corr,sfa,0.9481882623702259,0.9737495891502211
10.0,fixed,3001,4,789848216,edges-corr,pca,0.9123522588260364,0.9551713243319411
10.0,fixed,3001,4,789848216,edges-cov,sfa,0.9356930367852008,0.9673122746999543
10.0,fixed,3001,4,789848216,edges-cov,pca,0.8357530689794401,0.9141953122716403
10.0,fixed,3001,4,789848216,node-var,sfa,0.8761216611785354,0.9360137077941408
10.0,fixed,3001,4,789848216,node-var,pca,0.6480018927250606,0.8049856475273709
10.0,proportional,1001,4,789848216,edges-corr,sfa,0.9156285275442879,0.9568848036959747
10.0,proportional,1001,4,789848216,edges-corr,pca,0.8009988434305121,0.8949853872720561
10.0,proportional,1001,4,789848216,edges-cov,sfa,0.8532238184251588,0.9237011521185621
10.0,proportional,1001,4,789848216,edges-cov,pca,0.6302840003739539,0.7939042765812231
10.0,proportional,1001,4,789848216,node-var,sfa,0.7584431690325905,0.8708864271721037
10.0,proportional,1001,4,789848216,node-var,pca,0.41429629056022943,0.6436585201488653
10.0,fixed,3001,4,793224716,edges-corr,sfa,0.9402232848804418,0.9696511150307826
10.0,fixed,3001,4,793224716,edges-corr,pca,0.9161545193851732,0.9571596101931857
10.0,fixed,3001,4,793224716,edges-cov,sfa,0.7099212161271964,0.8425682263930894
10.0,fixed,3001,4,793224716,edges-cov,pca,0.6555360935486364,0.8096518347713647
10.0,fixed,3001,4,793224716,node-var,sfa,0.7107673818474824,0.8430702116950173
10.0,fixed,3001,4,793224716,node-var,pca,0.7116326124837893,0.8435831983176216
10.0,proportional,1001,4,793224716,edges-corr,sfa,0.8381148565539247,0.9154861312733935
10.0,proportional,1001,4,793224716,edges-corr,pca,0.8034237852203509,0.8963391016910678
10.0,proportional,1001,4,793224716,edges-cov,sfa,0.6017891638969964,0.7757507098913904
10.0,proportional,1001,4,793224716,edges-cov,pca,0.5501916844271374,0.7417490710659073
10.0,proportional,1001,4,793224716,node-var,sfa,0.6114708355481115,0.7819660066448629
10.0,proportional,1001,4,793224716,node-var,pca,0.6148554855252628,0.7841272125907014
10.0,fixed,3001,4,794812542,edges-corr,sfa,0.7151549812832982,0.845668363652855
10.0,fixed,3001,4,794812542,edges-corr,pca,0.6437113246511621,0.8023162248460155
10.0,fixed,3001,4,794812542,edges-cov,sfa,0.7033310408950345,0.8386483416158619
10.0,fixed,3001,4,794812542,edges-cov,pca,0.6754693195310817,0.8218694053991086
10.0,fixed,3001,4,794812542,node-var,sfa,0.6973896177782413,0.835098567702186
10.0,fixed,3001,4,794812542,node-var,pca,0.6970904498401289,0.8349194271545775
10.0,proportional,1001,4,794812542,edges-corr,sfa,0.6987036029933755,0.8358849220995525
10.0,proportional,1001,4,794812542,edges-corr,pca,0.5970790167455953,0.7727088822742968
10.0,proportional,1001,4,794812542,edges-cov,sfa,0.5785519912532366,0.7606260521788856
10.0,proportional,1001,4,794812542,edges-cov,pca,0.5128126241527364,0.7161093660557264
10.0,proportional,1001,4,794812542,node-var,sfa,0.5482739198156287,0.7404552112151179
10.0,proportional,1001,4,794812542,node-var,pca,0.55032332841109,0.7418378046521282
10.0,fixed,3001,4,816200189,edges-corr,sfa,0.6888929680376273,0.8299957638672788
10.0,fixed,3001,4,816200189,edges-corr,pca,0.6146307236080739,0.7839838796863587
10.0,fixed,3001,4,816200189,edges-cov,sfa,0.40483074961896504,0.6362631135143438
10.0,fixed,3001,4,816200189,edges-cov,pca,0.38923259602291604,0.6238850823853025
10.0,fixed,3001,4,816200189,node-var,sfa,0.4100771687779522,0.640372679599898
10.0,fixed,3001,4,816200189,node-var,pca,0.400050530417303,0.6324954785745931
10.0,proportional,1001,4,816200189,edges-corr,sfa,0.5303950326106973,0.7282822479030332
10.0,proportional,1001,4,816200189,edges-corr,pca,0.4490414118369269,0.6701055229118221
10.0,proportional,1001,4,816200189,edges-cov,sfa,0.2562639720244937,0.5062252186769189
10.0,proportional,1001,4,816200189,edges-cov,pca,0.2432716968434362,0.49322580715473063
10.0,proportional,1001,4,816200189,node-var,sfa,0.2629570722401262,0.5127934011277113
10.0,proportional,1001,4,816200189,node-var,pca,0.2543375063188468,0.5043188538205235
10.0,fixed,3001,4,829720705,edges-corr,sfa,0.02371361020847551,0.15399224074113424
10.0,fixed,3001,4,829720705,edges-corr,pca,0.047390714748967167,0.21769408524111775
10.0,fixed,3001,4,829720705,edges-cov,sfa,0.33710238942970083,0.5806051923895436
10.0,fixed,3001,4,829720705,edges-cov,pca,0.28787654443461486,0.536541279338892
10.0,fixed,3001,4,829720705,node-var,sfa,0.32426580146499695,0.5694434137515304
10.0,fixed,3001,4,829720705,node-var,pca,0.32580985853997735,0.5707975635371763
10.0,proportional,1001,4,829720705,edges-corr,sfa,0.06101752385776249,0.24701725417015358
10.0,proportional,1001,4,829720705,edges-corr,pca,0.10486522009837385,0.3238289982357569
10.0,proportional,1001,4,829720705,edges-cov,sfa,0.3433042145139853,0.5859216795050223
10.0,proportional,1001,4,829720705,edges-cov,pca,0.29554847798983475,0.5436437050034109
10.0,proportional,1001,4,829720705,node-var,sfa,0.3377244131071343,0.5811406138854303
10.0,proportional,1001,4,829720705,node-var,pca,0.33245362228076325,0.576587913748427
10.0,fixed,3001,4,831882777,edges-corr,sfa,0.19591720971672222,0.4426253604536482
10.0,fixed,3001,4,831882777,edges-corr,pca,0.007345265793911815,0.08570452609933656
10.0,fixed,3001,4,831882777,edges-cov,sfa,0.4318382983421062,0.6571440468741283
10.0,fixed,3001,4,831882777,edges-cov,pca,0.5192285288271956,0.7205751375305683
10.0,fixed,3001,4,831882777,node-var,sfa,0.41717273465599736,0.6458891039923175
10.0,fixed,3001,4,831882777,node-var,pca,0.41518615245457,0.6443494024631116
10.0,proportional,1001,4,831882777,edges-corr,sfa,0.02517622837930944,0.15867018743075073
10.0,proportional,1001,4,831882777,edges-corr,pca,0.06923762438676695,0.26313043227032384
10.0,proportional,1001,4,831882777,edges-cov,sfa,0.28396675843591834,0.5328853145245398
10.0,proportional,1001,4,831882777,edges-cov,pca,0.33597604976650763,0.5796344104403285
10.0,proportional,1001,4,831882777,node-var,sfa,0.2621270592294035,0.5119834560114244
10.0,proportional,1001,4,831882777,node-var,pca,0.263042828124848,0.5128770107197708
10.0,fixed,3001,4,835479236,edges-corr,sfa,0.008752658004519742,0.09355564122232128
10.0,fixed,3001,4,835479236,edges-corr,pca,0.011365783565447152,0.1066104289713115
10.0,fixed,3001,4,835479236,edges-cov,sfa,0.0009649899712703691,0.031064287715482166
10.0,fixed,3001,4,835479236,edges-cov,pca,0.003797563757621636,0.06162437632643056
10.0,fixed,3001,4,835479236,node-var,sfa,0.0022016597493766943,0.04692184725025928
10.0,fixed,3001,4,835479236,node-var,pca,0.0007987666419450035,0.028262459941502772
10.0,proportional,1001,4,835479236,edges-corr,sfa,0.014458286758625816,0.12024261623328876
10.0,proportional,1001,4,835479236,edges-corr,pca,0.017176862842116836,0.13106053121408048
10.0,proportional,1001,4,835479236,edges-cov,sfa,0.002749353739212923,0.05243428019161623
10.0,proportional,1001,4,835479236,edges-cov,pca,0.004460463857102304,0.06678670419404219
10.0,proportional,1001,4,835479236,node-var,sfa,0.0026283698429544478,0.05126762958197412
10.0,proportional,1001,4,835479236,node-var,pca,0.0009530223894277379,0.03087106071109113
10.0,fixed,3001,4,839068429,edges-corr,sfa,0.15992978182094864,0.39991221764400875
10.0,fixed,3001,4,839068429,edges-corr,pca,0.07902497669318109,0.28111381448299716
10.0,fixed,3001,4,839068429,edges-cov,sfa,0.10342415413124084,0.3215962595106492
10.0,fixed,3001,4,839068429,edges-cov,pca,0.0662511725857804,0.25739303134657765
10.0,fixed,3001,4,839068429,node-var,sfa,0.24683671068674384,0.49682664047607494
10.0,fixed,3001,4,839068429,node-var,pca,0.07785623178731205,0.27902729577464574
10.0,proportional,1001,4,839068429,edges-corr,sfa,0.06899723101272681,0.2626732400011977
10.0,proportional,1001,4,839068429,edges-corr,pca,0.06492208741920924,0.2547981307215757
10.0,proportional,1001,4,839068429,edges-cov,sfa,0.05664309551266311,0.2379980998089334
10.0,proportional,1001,4,839068429,edges-cov,pca,0.06480474641657685,0.2545677638990781
10.0,proportional,1001,4,839068429,node-var,sfa,0.1235526472083377,0.35150056501851884
10.0,proportional,1001,4,839068429,node-var,pca,0.06100864428184949,0.24699927992172294
10.0,fixed,3001,4,847657808,edges-corr,sfa,0.6993168410014383,0.8362516612847115
10.0,fixed,3001,4,847657808,edges-corr,pca,0.6020781249951345,0.7759369336454691
10.0,fixed,3001,4,847657808,edges-cov,sfa,0.46159124752820424,0.6794050688125634
10.0,fixed,3001,4,847657808,edges-cov,pca,0.46010469850962155,0.6783101786864342
10.0,fixed,3001,4,847657808,node-var,sfa,0.5265219807013668,0.7256183436913418
10.0,fixed,3001,4,847657808,node-var,pca,0.3135321797949733,0.5599394429712672
10.0,proportional,1001,4,847657808,edges-corr,sfa,0.5270187295334761,0.7259605564584595
10.0,proportional,1001,4,847657808,edges-corr,pca,0.37255514352082675,0.6103729544473843
10.0,proportional,1001,4,847657808,edges-cov,sfa,0.23195476237954482,0.48161682111357457
10.0,proportional,1001,4,847657808,edges-cov,pca,0.26398861603194623,0.5137982250182902
10.0,proportional,1001,4,847657808,node-var,sfa,0.28410630624690936,0.5330162345059576
10.0,proportional,1001,4,847657808,node-var,pca,0.10732599660995534,0.3276064660685976
5.0,fixed,3001,0,766640955,edges-corr,sfa,0.7245171795709098,0.8511857491587319
5.0,fixed,3001,0,766640955,edges-corr,pca,0.631982355105673,0.7949731788593065
5.0,fixed,3001,0,766640955,edges-cov,sfa,0.5087417272445192,0.7132613316621895
5.0,fixed,3001,0,766640955,edges-cov,pca,0.3756628454542159,0.6129134077944585
5.0,fixed,3001,0,766640955,node-var,sfa,0.5502049395003067,0.7417580060237352
5.0,fixed,3001,0,766640955,node-var,pca,0.32046203038626364,0.5660936586698909
5.0,proportional,501,0,766640955,edges-corr,sfa,0.18799451569475334,0.4335833434240222
5.0,proportional,501,0,766640955,edges-corr,pca,0.15439748996604374,0.39293446014067546
5.0,proportional,501,0,766640955,edges-cov,sfa,0.12801574940560823,0.35779288618642063
5.0,proportional,501,0,766640955,edges-cov,pca,0.14236112053775019,0.377307726581037
5.0,proportional,501,0,766640955,node-var,sfa,0.20288610401072682,0.45042880015683584
5.0,proportional,501,0,766640955,node-var,pca,0.11864431238488071,0.344447836957762
5.0,fixed,3001,0,767871931,edges-corr,sfa,0.7421807566014273,0.8614991332563405
5.0,fixed,3001,0,767871931,edges-corr,pca,0.7768904226337612,0.8814138770372076
5.0,fixed,3001,0,767871931,edges-cov,sfa,0.7221341455472705,0.8497847642475536
5.0,fixed,3001,0,767871931,edges-cov,pca,0.6048779289808863,0.7777389851234713
5.0,fixed,3001,0,767871931,node-var,sfa,0.7232492003431561,0.8504405918952581
5.0,fixed,3001,0,767871931,node-var,pca,0.6034545869443835,0.7768233949517637
5.0,proportional,501,0,767871931,edges-corr,sfa,0.593835244241364,0.7706070621538346
5.0,proportional,501,0,767871931,edges-corr,pca,0.6487457508261831,0.8054475469117685
5.0,proportional,501,0,767871931,edges-cov,sfa,0.3887442652110794,0.6234935967683082
5.0,proportional,501,0,767871931,edges-cov,pca,0.22427332416843304,0.47357504597311023
5.0,proportional,501,0,767871931,node-var,sfa,0.42674871501984635,0.6532600669104498
5.0,proportional,501,0,767871931,node-var,pca,0.27971480218724365,0.5288807069531318
5.0,fixed,3001,0,771160300,edges-corr,sfa,0.8529600608259889,0.9235583689328949
5.0,fixed,3001,0,771160300,edges-corr,pca,0.8348487022395786,0.9137005539232094
5.0,fixed,3001,0,771160300,edges-cov,sfa,0.5456641607100656,0.7386908424436212
5.0,fixed,3001,0,771160300,edges-cov,pca,0.37311132684265647,0.6108283939394572
5.0,fixed,3001,0,771160300,node-var,sfa,0.4612564485373921,0.6791586328225478
5.0,fixed,3001,0,771160300,node-var,pca,0.32544434056447014,0.570477291892036
5.0,proportional,501,0,771160300,edges-corr,sfa,0.7740561252451617,0.879804594921601
5.0,proportional,501,0,771160300,edges-corr,pca,0.730113808060564,0.8544669730659956
5.0,proportional,501,0,771160300,edges-cov,sfa,0.2110880139781126,0.45944315641666916
5.0,proportional,501,0,771160300,edges-cov,pca,0.21065534505596895,0.45897205258704915
5.0,proportional,501,0,771160300,node-var,sfa,0.24244787559901604,0.492389962934883
5.0,proportional,501,0,771160300,node-var,pca,0.19963384127584083,0.4468040300577432
5.0,fixed,3001,0,771990200,edges-corr,sfa,0.9005480028992501,0.9489720769860661
5.0,fixed,3001,0,771990200,edges-corr,pca,0.7499990085884916,0.8660248313925486
5.0,fixed,3001,0,771990200,edges-cov,sfa,0.8368038492712168,0.9147698340409013
5.0,fixed,3001,0,771990200,edges-cov,pca,0.562145774676484,0.749763812594662
5.0,fixed,3001,0,771990200,node-var,sfa,0.727549640621685,0.8529652048130005
5.0,fixed,3001,0,771990200,node-var,pca,0.4750845595616262,0.6892637808282304
5.0,proportional,501,0,771990200,edges-corr,sfa,0.6635117457974162,0.8145623032017965
5.0,proportional,501,0,771990200,edges-corr,pca,0.42281906249326184,0.6502453863683015
5.0,proportional,501,0,771990200,edges-cov,sfa,0.6018056977596448,0.7757613665036712
5.0,proportional,501,0,771990200,edges-cov,pca,0.2870704121505526,0.5357895222478247
5.0,proportional,501,0,771990200,node-var,sfa,0.4863094450820715,0.6973589069353534
5.0,proportional,501,0,771990200,node-var,pca,0.2619683989767638,0.5118284858981215
5.0,fixed,3001,0,774875821,edges-corr,sfa,0.7942823599175333,0.8912252015722689
5.0,fixed,3001,0,774875821,edges-corr,pca,0.08338251625309068,0.2887603093451222
5.0,fixed,3001,0,774875821,edges-cov,sfa,0.3571291953050677,0.5976028742443159
5.0,fixed,3001,0,774875821,edges-cov,pca,0.0802374657254461,0.28326218548448373
5.0,fixed,3001,0,774875821,node-var,sfa,0.35627858320014383,0.5968907632055832
5.0,fixed,3001,0,774875821,node-var,pca,0.09284889766043103,0.304711170882249
5.0,proportional,501,0,774875821,edges-corr,sfa,0.5707527004300663,0.755481767106305
5.0,proportional,501,0,774875821,edges-corr,pca,0.04173999576424925,0.20430368514603256
5.0,proportional,501,0,774875821,edges-cov,sfa,0.2504089353691079,0.5004087682776039
5.0,proportional,501,0,774875821,edges-cov,pca,0.11911096340470151,0.3451245621579286
5.0,proportional,501,0,774875821,node-var,sfa,0.26093219622192276,0.510815227085022
5.0,proportional,501,0,774875821,node-var,pca,0.13915031014381418,0.3730285647826646
5.0,fixed,3001,0,778240327,edges-corr,sfa,0.7535350592872425,0.8680639718864286
5.0,fixed,3001,0,778240327,edges-corr,pca,0.4805985604510552,0.6932521622404473
5.0,fixed,3001,0,778240327,edges-cov,sfa,0.8226276939177959,0.9069882545644096
5.0,fixed,3001,0,778240327,edges-cov,pca,0.7965292487792948,0.8924848731375186
5.0,fixed,3001,0,778240327,node-var,sfa,0.8158233434129627,0.903229396893703
5.0,fixed,3001,0,778240327,node-var,pca,0.8271476517356156,0.9094765811914096
5.0,proportional,501,0,778240327,edges-corr,sfa,0.13564689268172658,0.3683027188084916
5.0,proportional,501,0,778240327,edges-corr,pca,0.22689817178475813,0.47633829552615026
5.0,proportional,501,0,778240327,edges-cov,sfa,0.6878765993711969,0.829383264462937
5.0,proportional,501,0,778240327,edges-cov,pca,0.5738420006332234,0.7575235974101557
5.0,proportional,501,0,778240327,node-var,sfa,0.6122400054439242,0.7824576700652401
5.0,proportional,501,0,778240327,node-var,pca,0.631311701357195,0.7945512578538875
5.0,fixed,3001,0,778998620,edges-corr,sfa,0.40249501218913397,0.6344249460646508
5.0,fixed,3001,0,778998620,edges-corr,pca,0.2826198866721691,0.5316200585683059
5.0,fixed,3001,0,778998620,edges-cov,sfa,0.811908891890553,0.9010598714239556
5.0,fixed,3001,0,778998620,edges-cov,pca,0.6585284497304222,0.8114976584873327
5.0,fixed,3001,0,778998620,node-var,sfa,0.7645935534072721,0.8744104033045774
5.0,fixed,3001,0,778998620,node-var,pca,0.7532145518219552,0.8678793417416704
5.0,proportional,501,0,778998620,edges-corr,sfa,0.4036977859032653,0.6353721633053065
5.0,proportional,501,0,778998620,edges-corr,pca,0.228727988775826,0.47825515028677545
5.0,proportional,501,0,778998620,edges-cov,sfa,0.5742314039043604,0.757780577676916
5.0,proportional,501,0,778998620,edges-cov,pca,0.4102802482836312,0.6405312235040772
5.0,proportional,501,0,778998620,node-var,sfa,0.5190989688644141,0.7204852315380339
5.0,proportional,501,0,778998620,node-var,pca,0.520647300043823,0.7215589373320959
5.0,fixed,3001,0,779839471,edges-corr,sfa,0.7270434876006924,0.8526684511582981
5.0,fixed,3001,0,779839471,edges-corr,pca,0.6277995060118454,0.7923379998534994
5.0,fixed,3001,0,779839471,edges-cov,sfa,0.5889969277460283,0.7674613526074318
5.0,fixed,3001,0,779839471,edges-cov,pca,0.562540336960801,0.7500268908251234
5.0,fixed,3001,0,779839471,node-var,sfa,0.5833830469791998,0.763795160353351
5.0,fixed,3001,0,779839471,node-var,pca,0.5829522217777394,0.7635130789827633
5.0,proportional,501,0,779839471,edges-corr,sfa,0.3455841227717833,0.5878640342560378
5.0,proportional,501,0,779839471,edges-corr,pca,0.34871124027354794,0.5905177730378215
5.0,proportional,501,0,779839471,edges-cov,sfa,0.3103193164455619,0.5570631171111242
5.0,proportional,501,0,779839471,edges-cov,pca,0.28504695466558017,0.5338978878639437
5.0,proportional,501,0,779839471,node-var,sfa,0.29121690517841103,0.5396451659918866
5.0,proportional,501,0,779839471,node-var,pca,0.3094472586519419,0.5562798384374028
5.0,fixed,3001,0,781842082,edges-corr,sfa,0.9007200671434131,0.9490627308789505
5.0,fixed,3001,0,781842082,edges-corr,pca,0.8064121962411441,0.8980045635970582
5.0,fixed,3001,0,781842082,edges-cov,sfa,0.6427450795708146,0.801713838954284
5.0,fixed,3001,0,781842082,edges-cov,pca,0.610842882042747,0.7815643812525929
5.0,fixed,3001,0,781842082,node-var,sfa,0.6781430756007536,0.8234944296112489
5.0,fixed,3001,0,781842082,node-var,pca,0.6474095957781427,0.8046176705604626
5.0,proportional,501,0,781842082,edges-corr,sfa,0.6452583358370787,0.8032797369765284
5.0,proportional,501,0,781842082,edges-corr,pca,0.5913187185574963,0.7689725083236062
5.0,proportional,501,0,781842082,edges-cov,sfa,0.4258567901916568,0.6525770377447069
5.0,proportional,501,0,781842082,edges-cov,pca,0.41249370680154396,0.6422567296662175
5.0,proportional,501,0,781842082,node-var,sfa,0.47451198905201475,0.688848306270703
5.0,proportional,501,0,781842082,node-var,pca,0.45524637018414627,0.6747194751777555
5.0,fixed,3001,0,786091066,edges-corr,sfa,0.2133150399030097,0.4618604117079207
5.0,fixed,3001,0,786091066,edges-corr,pca,0.2188318974930734,0.46779471725648275
5.0,fixed,3001,0,786091066,edges-cov,sfa,0.7047890673157113,0.8395171632049652
5.0,fixed,3001,0,786091066,edges-cov,pca,0.5678180533991515,0.7535370285521144
5.0,fixed,3001,0,786091066,node-var,sfa,0.7642672249300209,0.8742237842394913
5.0,fixed,3001,0,786091066,node-var,pca,0.771141481958901,0.8781466175752766
5.0,proportional,501,0,786091066,edges-corr,sfa,0.05057919987560133,0.224898198915868
5.0,proportional,501,0,786091066,edges-corr,pca,0.08742708153451717,0.29568070876287655
5.0,proportional,501,0,786091066,edges-cov,sfa,0.5289773909545982,0.7273083190467405
5.0,proportional,501,0,786091066,edges-cov,pca,0.0052653017460746465,0.07256239898235717
5.0,proportional,501,0,786091066,node-var,sfa,0.49135647964781626,0.700968244393294
5.0,proportional,501,0,786091066,node-var,pca,0.4136667589094035,0.643169308121433
5.0,fixed,3001,0,787025148,edges-corr,sfa,0.26457648426606195,0.5143699877190167
5.0,fixed,3001,0,787025148,edges-corr,pca,0.6090335134113161,0.7804059926802953
5.0,fixed,3001,0,787025148,edges-cov,sfa,0.38199398646575145,0.618056620760389
5.0,fixed,3001,0,787025148,edges-cov,pca,0.45335005892687574,0.6733127497135903
5.0,fixed,3001,0,787025148,node-var,sfa,0.4264275741457012,0.6530142220087569
5.0,fixed,3001,0,787025148,node-var,pca,0.0188887883734542,0.13743648850816206
5.0,proportional,501,0,787025148,edges-corr,sfa,0.07070833701704637,0.2659103928338386
5.0,proportional,501,0,787025148,edges-corr,pca,0.3476557149967475,0.5896233670715116
5.0,proportional,501,0,787025148,edges-cov,sfa,0.16817606193541568,0.4100927479673536
5.0,proportional,501,0,787025148,edges-cov,pca,0.3951205858844332,0.6285861801570513
5.0,proportional,501,0,787025148,node-var,sfa,0.5581919412519792,0.7471224406025958
5.0,proportional,501,0,787025148,node-var,pca,0.10313770840912984,0.32115060082324254
5.0,fixed,3001,0,789848216,edges-corr,sfa,0.7658419061567989,0.8751239375978689
5.0,fixed,3001,0,789848216,edges-corr,pca,0.48560084853459573,0.6968506644429604
5.0,fixed,3001,0,789848216,edges-cov,sfa,0.6810942540692317,0.8252843474035063
5.0,fixed,3001,0,789848216,edges-cov,pca,0.5204082984027993,0.7213933035472377
5.0,fixed,3001,0,789848216,node-var,sfa,0.5986624178093143,0.773732781914605
5.0,fixed,3001,0,789848216,node-var,pca,0.5480221938325269,0.7402852111399539
5.0,proportional,501,0,789848216,edges-corr,sfa,0.7526285340874039,0.8675416612978336
5.0,proportional,501,0,789848216,edges-corr,pca,0.4039873042130294,0.635599956114717
5.0,proportional,501,0,789848216,edges-cov,sfa,0.7144674432395735,0.8452617601900458
5.0,proportional,501,0,789848216,edges-cov,pca,0.6009109764751925,0.7751844789952872
5.0,proportional,501,0,789848216,node-var,sfa,0.6663003376701242,0.8162722203224392
5.0,proportional,501,0,789848216,node-var,pca,0.6271359027232998,0.7919191263780042
5.0,fixed,3001,0,793224716,edges-corr,sfa,0.9628401836946452,0.9812442018654906
5.0,fixed,3001,0,793224716,edges-corr,pca,0.9674614742958542,0.9835961947343299
5.0,fixed,3001,0,793224716,edges-cov,sfa,0.749683528497926,0.8658426695987703
5.0,fixed,3001,0,793224716,edges-cov,pca,0.7339102671717042,0.8566856291380764
5.0,fixed,3001,0,793224716,node-var,sfa,0.7399812143956732,0.8602216077242398
5.0,fixed,3001,0,793224716,node-var,pca,0.7214682567588835,0.849392875387404
5.0,proportional,501,0,793224716,edges-corr,sfa,0.8363065921034192,0.914498000054358
5.0,proportional,501,0,793224716,edges-corr,pca,0.8261539385513659,0.9089301065270994
5.0,proportional,501,0,793224716,edges-cov,sfa,0.5516999631443442,0.7427650793786308
5.0,proportional,501,0,793224716,edges-cov,pca,0.5123109372763384,0.7157589938494241
5.0,proportional,501,0,793224716,node-var,sfa,0.5560175171627091,0.7456658213722218
5.0,proportional,501,0,793224716,node-var,pca,0.5438041737516324,0.7374307925165798
5.0,fixed,3001,0,794812542,edges-corr,sfa,0.21157264878965554,0.45997026946277225
5.0,fixed,3001,0,794812542,edges-corr,pca,0.24893440845784265,0.4989332705461144
5.0,fixed,3001,0,794812542,edges-cov,sfa,0.5101516141627105,0.7142489861124834
5.0,fixed,3001,0,794812542,edges-cov,pca,0.45672243534811374,0.6758124261569298
5.0,fixed,3001,0,794812542,node-var,sfa,0.5471608077323833,0.7397031889429591
5.0,fixed,3001,0,794812542,node-var,pca,0.5190138144505567,0.7204261339308536
5.0,proportional,501,0,794812542,edges-corr,sfa,7.466788099308452e-05,0.008641057863080465
5.0,proportional,501,0,794812542,edges-corr,pca,0.21550864977162165,0.4642290919057328
5.0,proportional,501,0,794812542,edges-cov,sfa,0.4535701880635088,0.6734761971023983
5.0,proportional,501,0,794812542,edges-cov,pca,0.3244916258985784,0.5696416644686194
5.0,proportional,501,0,794812542,node-var,sfa,0.3968437042442542,0.6299553192443523
5.0,proportional,501,0,794812542,node-var,pca,0.3872921981532127,0.6223280470565445
5.0,fixed,3001,0,816200189,edges-corr,sfa,0.8640098835812766,0.9295213195948108
5.0,fixed,3001,0,816200189,edges-corr,pca,0.8379791643969898,0.9154120189275385
5.0,fixed,3001,0,816200189,edges-cov,sfa,0.7748480266952307,0.8802545238141242
5.0,fixed,3001,0,816200189,edges-cov,pca,0.7632774961395057,0.87365753939373
5.0,fixed,3001,0,816200189,node-var,sfa,0.7767561063397667,0.8813376800862235
5.0,fixed,3001,0,816200189,node-var,pca,0.767706087820859,0.8761883860339962
5.0,proportional,501,0,816200189,edges-corr,sfa,0.493063242966825,0.7021846217105769
5.0,proportional,501,0,816200189,edges-corr,pca,0.4132814900639403,0.6428697302439592
5.0,proportional,501,0,816200189,edges-cov,sfa,0.41774315736282197,0.6463305325936736
5.0,proportional,501,0,816200189,edges-cov,pca,0.3808742284530885,0.6171500858406233
5.0,proportional,501,0,816200189,node-var,sfa,0.4078914928678755,0.6386638340064945
5.0,proportional,501,0,816200189,node-var,pca,0.398693614336297,0.631421898841256
5.0,fixed,3001,0,829720705,edges-corr,sfa,0.4701163414534626,0.6856503055154743
5.0,fixed,3001,0,829720705,edges-corr,pca,0.6497795340249019,0.8060890360406242
5.0,fixed,3001,0,829720705,edges-cov,sfa,0.46253057041259205,0.680096000879723
5.0,fixed,3001,0,829720705,edges-cov,pca,0.5233475510723373,0.7234276405227666
5.0,fixed,3001,0,829720705,node-var,sfa,0.5103295203726808,0.7143735160073345
5.0,fixed,3001,0,829720705,node-var,pca,0.5194328338567862,0.7207168888383199
5.0,proportional,501,0,829720705,edges-corr,sfa,0.3804750112976042,0.6168265650064082
5.0,proportional,501,0,829720705,edges-corr,pca,0.3785366533826683,0.615253324560435
5.0,proportional,501,0,829720705,edges-cov,sfa,0.2955158360870953,0.543613682762948
5.0,proportional,501,0,829720705,edges-cov,pca,0.30229288346820404,0.5498116800034389
5.0,proportional,501,0,829720705,node-var,sfa,0.3253763789682589,0.5704177232241818
5.0,proportional,501,0,829720705,node-var,pca,0.323590695687628,0.5688503280192676
5.0,fixed,3001,0,831882777,edges-corr,sfa,0.039765332620858684,0.1994124685691906
5.0,fixed,3001,0,831882777,edges-corr,pca,0.13371085687249207,0.3656649516599754
5.0,fixed,3001,0,831882777,edges-cov,sfa,0.03898650213349697,0.1974499990719097
5.0,fixed,3001,0,831882777,edges-cov,pca,0.03832310694541907,0.19576288449402066
5.0,fixed,3001,0,831882777,node-var,sfa,0.223881912395398,0.47316161340011337
5.0,fixed,3001,0,831882777,node-var,pca,0.24512509224222068,0.4951010929519551
5.0,proportional,501,0,831882777,edges-corr,sfa,0.0003604605537992356,0.018985798740091486
5.0,proportional,501,0,831882777,edges-corr,pca,6.569973887926572e-06,0.002563196029931496
5.0,proportional,501,0,831882777,edges-cov,sfa,0.11875135635704559,0.3446031868062825
5.0,proportional,501,0,831882777,edges-cov,pca,0.06205328689989198,0.24910497164828332
5.0,proportional,501,0,831882777,node-var,sfa,0.1593594610434642,0.3991985233483013
5.0,proportional,501,0,831882777,node-var,pca,0.13610423947872297,0.3689230807075142
5.0,fixed,3001,0,835479236,edges-corr,sfa,0.29238506011542786,0.5407264189175777
5.0,fixed,3001,0,835479236,edges-corr,pca,0.13709804713601637,0.37026753454227684
5.0,fixed,3001,0,835479236,edges-cov,sfa,0.021220470457044782,0.1456724766626994
5.0,fixed,3001,0,835479236,edges-cov,pca,0.007456001241757049,0.08634813977010161
5.0,fixed,3001,0,835479236,node-var,sfa,0.05992506949717746,0.24479597524709734
5.0,fixed,3001,0,835479236,node-var,pca,0.008420348811773781,0.09176245861883739
5.0,proportional,501,0,835479236,edges-corr,sfa,0.14513177999102,0.38096165160160234
5.0,proportional,501,0,835479236,edges-corr,pca,0.04993045311365907,0.2234512320701307
5.0,proportional,501,0,835479236,edges-cov,sfa,5.5411119738169035e-05,0.007443864570112126
5.0,proportional,501,0,835479236,edges-cov,pca,0.0005939921645770063,0.024371954467728878
5.0,proportional,501,0,835479236,node-var,sfa,0.0018253062596476077,0.04272360307426981
5.0,proportional,501,0,835479236,node-var,pca,0.0006461681688141319,0.025419838095749565
5.0,fixed,3001,0,839068429,edges-corr,sfa,0.4508958204987279,0.6714877664550022
5.0,fixed,3001,0,839068429,edges-corr,pca,0.033528580345956405,0.18310811108729244
5.0,fixed,3001,0,839068429,edges-cov,sfa,0.009416089551343543,0.09703653719781692
5.0,fixed,3001,0,839068429,edges-cov,pca,0.07126597652620303,0.26695688139885615
5.0,fixed,3001,0,839068429,node-var,sfa,0.03113276985353075,0.1764448068193861
5.0,fixed,3001,0,839068429,node-var,pca,0.06637646576430734,0.2576363052139726
5.0,proportional,501,0,839068429,edges-corr,sfa,0.06048167610507793,0.24593022609081217
5.0,proportional,501,0,839068429,edges-corr,pca,0.0033904903644600415,0.05822791739758654
5.0,proportional,501,0,839068429,edges-cov,sfa,0.013154358149197631,0.11469245027113918
5.0,proportional,501,0,839068429,edges-cov,pca,0.005020534768848672,0.0708557320818075
5.0,proportional,501,0,839068429,node-var,sfa,0.0013718768378341295,0.0370388557846251
5.0,proportional,501,0,839068429,node-var,pca,0.004637598573672519,0.06809991610620848
5.0,fixed,3001,0,847657808,edges-corr,sfa,0.8341944387101655,0.9133424542361795
5.0,fixed,3001,0,847657808,edges-corr,pca,0.5679630258125618,0.7536332170310441
5.0,fixed,3001,0,847657808,edges-cov,sfa,0.7176099317399383,0.8471186054738369
5.0,fixed,3001,0,847657808,edges-cov,pca,0.6696417567232247,0.818316416017194
5.0,fixed,3001,0,847657808,node-var,sfa,0.7302147483351862,0.8545260372482442
5.0,fixed,3001,0,847657808,node-var,pca,0.6428722206428232,0.8017931283335018
5.0,proportional,501,0,847657808,edges-corr,sfa,0.5372169990538157,0.7329508844757714
5.0,proportional,501,0,847657808,edges-corr,pca,0.27713983514152096,0.5264407232932506
5.0,proportional,501,0,847657808,edges-cov,sfa,0.33483064082797476,0.5786455226025478
5.0,proportional,501,0,847657808,edges-cov,pca,0.302214468219143,0.5497403643713481
5.0,proportional,501,0,847657808,node-var,sfa,0.48526104082185395,0.696606805035562
5.0,proportional,501,0,847657808,node-var,pca,0.06387853381123909,0.25274203016364155
5.0,fixed,3001,1,766640955,edges-corr,sfa,0.6505650076513856,0.8065761015870637
5.0,fixed,3001,1,766640955,edges-corr,pca,0.2942024474220596,0.5424043209839502
5.0,fixed,3001,1,766640955,edges-cov,sfa,0.5930754166465408,0.7701138984893998
5.0,fixed,3001,1,766640955,edges-cov,pca,0.1792591268455993,0.42339004103261496
5.0,fixed,3001,1,766640955,node-var,sfa,0.4139365364105183,0.6433789990437349
5.0,fixed,3001,1,766640955,node-var,pca,0.1295527308269514,0.3599343423833735
5.0,proportional,501,1,766640955,edges-corr,sfa,0.5087399848590578,0.7132601102396361
5.0,proportional,501,1,766640955,edges-corr,pca,0.16422839687344315,0.40525102945389746
5.0,proportional,501,1,766640955,edges-cov,sfa,0.25165957094028446,0.5016568258683266
5.0,proportional,501,1,766640955,edges-cov,pca,0.13329019950079124,0.36508930345984003
5.0,proportional,501,1,766640955,node-var,sfa,0.28885867908166984,0.5374557461611783
5.0,proportional,501,1,766640955,node-var,pca,0.08824249360784375,0.29705638119361055
5.0,fixed,3001,1,767871931,edges-corr,sfa,0.7499106425125208,0.8659738116782301
5.0,fixed,3001,1,767871931,edges-corr,pca,0.7699765729213184,0.8774830898207194
5.0,fixed,3001,1,767871931,edges-cov,sfa,0.7560164997150243,0.8694920929571609
5.0,fixed,3001,1,767871931,edges-cov,pca,0.6124026858416038,0.7825616179200232
5.0,fixed,3001,1,767871931,node-var,sfa,0.7870938196109433,0.8871830812244691
5.0,fixed,3001,1,767871931,node-var,pca,0.6329476259704281,0.7955800562925321
5.0,proportional,501,1,767871931,edges-corr,sfa,0.5910092667722935,0.7687712707771358
5.0,proportional,501,1,767871931,edges-corr,pca,0.5463007761804262,0.7391216247549692
5.0,proportional,501,1,767871931,edges-cov,sfa,0.5283064855005137,0.7268469477823467
5.0,proportional,501,1,767871931,edges-cov,pca,0.23665128784568257,0.48646817762900235
5.0,proportional,501,1,767871931,node-var,sfa,0.5137493154164816,0.71676308178957
5.0,proportional,501,1,767871931,node-var,pca,0.2681348744451504,0.5178174141965004
5.0,fixed,3001,1,771160300,edges-corr,sfa,0.6680878806413715,0.8173664298473302
5.0,fixed,3001,1,771160300,edges-corr,pca,0.8351543451927727,0.913867794154479
5.0,fixed,3001,1,771160300,edges-cov,sfa,0.3487193217162178,0.5905246156734001
5.0,fixed,3001,1,771160300,edges-cov,pca,0.3706270233957445,0.608791444910114
5.0,fixed,3001,1,771160300,node-var,sfa,0.36211964913840555,0.6017637818433456
5.0,fixed,3001,1,771160300,node-var,pca,0.3441576960696431,0.5866495513248459
5.0,proportional,501,1,771160300,edges-corr,sfa,0.7220845286254012,0.8497555699290249
5.0,proportional,501,1,771160300,edges-corr,pca,0.6640718141799176,0.814906015550209
5.0,proportional,501,1,771160300,edges-cov,sfa,0.22352151618463,0.4727806216255381
5.0,proportional,501,1,771160300,edges-cov,pca,0.20931281014757064,0.45750716950400977
5.0,proportional,501,1,771160300,node-var,sfa,0.24279424403915373,0.4927415590744842
5.0,proportional,501,1,771160300,node-var,pca,0.21483015115832016,0.4634977358718379
5.0,fixed,3001,1,771990200,edges-corr,sfa,0.86660204203573,0.930914626609622
5.0,fixed,3001,1,771990200,edges-corr,pca,0.798042870201487,0.8933324522267665
5.0,fixed,3001,1,771990200,edges-cov,sfa,0.7913758262209211,0.8895930677680228
5.0,fixed,3001,1,771990200,edges-cov,pca,0.5324897392480636,0.7297189453810724
5.0,fixed,3001,1,771990200,node-var,sfa,0.5831997127848341,0.763675135633494
5.0,fixed,3001,1,771990200,node-var,pca,0.4913980409549791,0.7009978894083626
5.0,proportional,501,1,771990200,edges-corr,sfa,0.6390302760405957,0.7993936927700873
5.0,proportional,501,1,771990200,edges-corr,pca,0.557725849746562,0.7468104510158935
5.0,proportional,501,1,771990200,edges-cov,sfa,0.321367202839281,0.5668925849217652
5.0,proportional,501,1,771990200,edges-cov,pca,0.30953093596621784,0.5563550448825086
5.0,proportional,501,1,771990200,node-var,sfa,0.28460111886699857,0.5334801953840446
5.0,proportional,501,1,771990200,node-var,pca,0.3069753054008689,0.5540535221446288
5.0,fixed,3001,1,774875821,edges-corr,sfa,0.8329784511596843,0.9126765315048276
5.0,fixed,3001,1,774875821,edges-corr,pca,0.7668856143787167,0.8757200547998871
5.0,fixed,3001,1,774875821,edges-cov,sfa,0.6907590772234276,0.8311191714931302
5.0,fixed,3001,1,774875821,edges-cov,pca,0.6700801436758415,0.8185842312650796
5.0,fixed,3001,1,774875821,node-var,sfa,0.7151661808327245,0.8456749853417236
5.0,fixed,3001,1,774875821,node-var,pca,0.6715065206552927,0.8194550144182982
5.0,proportional,501,1,774875821,edges-corr,sfa,0.571391295323769,0.7559042897905585
5.0,proportional,501,1,774875821,edges-corr,pca,0.20940909675960617,0.45761238702597
5.0,proportional,501,1,774875821,edges-cov,sfa,0.3289005306150379,0.5734985009701744
5.0,proportional,501,1,774875821,edges-cov,pca,0.22100053707461065,0.4701069421680667
5.0,proportional,501,1,774875821,node-var,sfa,0.3471049809377824,0.5891561600609663
5.0,proportional,501,1,774875821,node-var,pca,0.25487815946954173,0.5048545924021504
5.0,fixed,3001,1,778240327,edges-corr,sfa,0.7204074323640072,0.8487681852920784
5.0,fixed,3001,1,778240327,edges-corr,pca,0.36773720042728,0.6064133907057796
5.0,fixed,3001,1,778240327,edges-cov,sfa,0.768454552388946,0.8766153959342414
5.0,fixed,3001,1,778240327,edges-cov,pca,0.01472316359683501,0.12133904399176336
5.0,fixed,3001,1,778240327,node-var,sfa,0.4559947218557827,0.6752738125055519
5.0,fixed,3001,1,778240327,node-var,pca,0.27244032787787154,0.5219581667891325
5.0,proportional,501,1,778240327,edges-corr,sfa,0.3606263009101097,0.6005216906241698
5.0,proportional,501,1,778240327,edges-corr,pca,2.595477400013646e-05,0.005094582809213273
5.0,proportional,501,1,778240327,edges-cov,sfa,0.4635890269666142,0.6808737232164371
5.0,proportional,501,1,778240327,edges-cov,pca,0.05441015511568681,0.23325984462758884
5.0,proportional,501,1,778240327,node-var,sfa,0.1387331350178782,0.3724689718860866
5.0,proportional,501,1,778240327,node-var,pca,0.14022252201149155,0.3744629781587115
5.0,fixed,3001,1,778998620,edges-corr,sfa,0.8282446978551534,0.9100795008432807
5.0,fixed,3001,1,778998620,edges-corr,pca,0.7082070645566524,0.8415503933554135
5.0,fixed,3001,1,778998620,edges-cov,sfa,0.3893298551808573,0.6239630238891228
5.0,fixed,3001,1,778998620,edges-cov,pca,0.37143364644424637,0.6094535638129013
5.0,fixed,3001,1,778998620,node-var,sfa,0.3880915661431439,0.6229699560517702
5.0,fixed,3001,1,778998620,node-var,pca,0.3413683088486362,0.5842673265283939
5.0,proportional,501,1,778998620,edges-corr,sfa,0.7048005969623804,0.8395240300088983
5.0,proportional,501,1,778998620,edges-corr,pca,0.549251996829544,0.7411153734942633
5.0,proportional,501,1,778998620,edges-cov,sfa,0.31619370203302577,0.562311036734141
5.0,proportional,501,1,778998620,edges-cov,pca,0.2879186414197774,0.5365805078641763
5.0,proportional,501,1,778998620,node-var,sfa,0.31890721930962906,0.5647187081278859
5.0,proportional,501,1,778998620,node-var,pca,0.2793846107134209,0.5285684541413921
5.0,fixed,3001,1,779839471,edges-corr,sfa,0.4565631737349273,0.6756945861370555
5.0,fixed,3001,1,779839471,edges-corr,pca,0.6549047312103482,0.8092618434167946
5.0,fixed,3001,1,779839471,edges-cov,sfa,0.7056314617671873,0.8400187270336221
5.0,fixed,3001,1,779839471,edges-cov,pca,0.4917731221229016,0.7012653721116583
5.0,fixed,3001,1,779839471,node-var,sfa,0.5597605487067312,0.7481714701234814
5.0,fixed,3001,1,779839471,node-var,pca,0.49482556962962765,0.7034383907846002
5.0,proportional,501,1,779839471,edges-corr,sfa,0.2831749697651863,0.532141869960621
5.0,proportional,501,1,779839471,edges-corr,pca,0.3214458865284572,0.5669619797909358
5.0,proportional,501,1,779839471,edges-cov,sfa,0.26158439563804503,0.5114532194033443
5.0,proportional,501,1,779839471,edges-cov,pca,0.25110564483788256,0.5011044250831184
5.0,proportional,501,1,779839471,node-var,sfa,0.27310932696065726,0.5225986289310919
5.0,proportional,501,1,779839471,node-var,pca,0.2674449441468393,0.5171507943983451
5.0,fixed,3001,1,781842082,edges-corr,sfa,0.7289605900784817,0.8537918892086529
5.0,fixed,3001,1,781842082,edges-corr,pca,0.7531837049234674,0.8678615701386184
5.0,fixed,3001,1,781842082,edges-cov,sfa,0.7862300725066826,0.8866961556850704
5.0,fixed,3001,1,781842082,edges-cov,pca,0.7709178255676619,0.87801926264044
5.0,fixed,3001,1,781842082,node-var,sfa,0.7865636141062662,0.8868842168548641
5.0,fixed,3001,1,781842082,node-var,pca,0.7919729791993737,0.8899286371386047
5.0,proportional,501,1,781842082,edges-corr,sfa,0.42183386490505526,0.649487386255542
5.0,proportional,501,1,781842082,edges-corr,pca,0.2788843839492977,0.5280950520022866
5.0,proportional,501,1,781842082,edges-cov,sfa,0.4893137012121179,0.6995096148103447
5.0,proportional,501,1,781842082,edges-cov,pca,0.3953238560201614,0.6287478477260663
5.0,proportional,501,1,781842082,node-var,sfa,0.4454242845376103,0.6674011421458694
5.0,proportional,501,1,781842082,node-var,pca,0.4443756427480078,0.6666150633971665
5.0,fixed,3001,1,786091066,edges-corr,sfa,0.8324628576579056,0.9123940254396165
5.0,fixed,3001,1,786091066,edges-corr,pca,0.37355351207291776,0.6111902421283555
5.0,fixed,3001,1,786091066,edges-cov,sfa,0.8690580559727696,0.9322328335629303
5.0,fixed,3001,1,786091066,edges-cov,pca,0.1599863071283112,0.39998288354417305
5.0,fixed,3001,1,786091066,node-var,sfa,0.8083118246404806,0.8990616356182048
5.0,fixed,3001,1,786091066,node-var,pca,0.5511879986893149,0.7424203652172509
5.0,proportional,501,1,786091066,edges-corr,sfa,0.3671060693160497,0.6058927869813677
5.0,proportional,501,1,786091066,edges-corr,pca,0.06784541242226383,0.26047151940713936
5.0,proportional,501,1,786091066,edges-cov,sfa,0.5460576873123897,0.7389571620279416
5.0,proportional,501,1,786091066,edges-cov,pca,0.0045969142014232744,0.06780054720592815
5.0,proportional,501,1,786091066,node-var,sfa,0.5144813732868421,0.7172735693491311
5.0,proportional,501,1,786091066,node-var,pca,0.3717540134877241,0.609716338544182
5.0,fixed,3001,1,787025148,edges-corr,sfa,0.255527254795633,0.5054970373757227
5.0,fixed,3001,1,787025148,edges-corr,pca,0.4166329683344093,0.6454711212241867
5.0,fixed,3001,1,787025148,edges-cov,sfa,0.31228893874408714,0.5588281835627898
5.0,fixed,3001,1,787025148,edges-cov,pca,0.2519632631348937,0.5019594237932921
5.0,fixed,3001,1,787025148,node-var,sfa,0.25214375229525055,0.5021391762203484
5.0,fixed,3001,1,787025148,node-var,pca,0.04803838961825091,0.2191766174076307
5.0,proportional,501,1,787025148,edges-corr,sfa,0.024465660441914117,0.15641502626638573
5.0,proportional,501,1,787025148,edges-corr,pca,0.5444146128609411,0.7378445722921196
5.0,proportional,501,1,787025148,edges-cov,sfa,0.0067505793205488995,0.08216190918271671
5.0,proportional,501,1,787025148,edges-cov,pca,0.008987455499156582,0.09480219142591917
5.0,proportional,501,1,787025148,node-var,sfa,6.966279630371552e-06,0.002639371067202526
5.0,proportional,501,1,787025148,node-var,pca,0.00015804942217434448,0.012571770844813623
5.0,fixed,3001,1,789848216,edges-corr,sfa,0.8143211761078137,0.9023974601625446
5.0,fixed,3001,1,789848216,edges-corr,pca,0.6526230724745242,0.8078508974275653
5.0,fixed,3001,1,789848216,edges-cov,sfa,0.8753231051862981,0.9355870377395659
5.0,fixed,3001,1,789848216,edges-cov,pca,0.5818815336797942,0.7628115977617238
5.0,fixed,3001,1,789848216,node-var,sfa,0.7617458355678048,0.8727805197000006
5.0,fixed,3001,1,789848216,node-var,pca,0.45558998649191373,0.674974063569789
5.0,proportional,501,1,789848216,edges-corr,sfa,0.7513778843380349,0.8668205606341112
5.0,proportional,501,1,789848216,edges-corr,pca,0.484081562967135,0.69575970202875
5.0,proportional,501,1,789848216,edges-cov,sfa,0.7206112482690444,0.848888242508426
5.0,proportional,501,1,789848216,edges-cov,pca,0.48952712984102187,0.6996621540722513
5.0,proportional,501,1,789848216,node-var,sfa,0.6769321390586521,0.822758858389657
5.0,proportional,501,1,789848216,node-var,pca,0.4744249284129415,0.6887851104756418
5.0,fixed,3001,1,793224716,edges-corr,sfa,0.9426371498855053,0.9708950251626108
5.0,fixed,3001,1,793224716,edges-corr,pca,0.9328416039754109,0.9658372554294072
5.0,fixed,3001,1,793224716,edges-cov,sfa,0.6432742467353639,0.8020437935271141
5.0,fixed,3001,1,793224716,edges-cov,pca,0.5954202937450896,0.7716348189040528
5.0,fixed,3001,1,793224716,node-var,sfa,0.6554379011807898,0.8095911938631691
5.0,fixed,3001,1,793224716,node-var,pca,0.6607014601218667,0.8128354446761453
5.0,proportional,501,1,793224716,edges-corr,sfa,0.7360703291216015,0.8579454115044863
5.0,proportional,501,1,793224716,edges-corr,pca,0.694548372580436,0.8333956878820737
5.0,proportional,501,1,793224716,edges-cov,sfa,0.5015551249940327,0.7082055669041533
5.0,proportional,501,1,793224716,edges-cov,pca,0.4427571977750523,0.6654000283852206
5.0,proportional,501,1,793224716,node-var,sfa,0.5177182282763363,0.7195263916468505
5.0,proportional,501,1,793224716,node-var,pca,0.5211908534342411,0.7219354911861874
5.0,fixed,3001,1,794812542,edges-corr,sfa,0.9243746215518042,0.9614440293390994
5.0,fixed,3001,1,794812542,edges-corr,pca,0.833933479741588,0.9131995837392772
5.0,fixed,3001,1,794812542,edges-cov,sfa,0.743232594960475,0.8621093868880423
5.0,fixed,3001,1,794812542,edges-cov,pca,0.7446128812003006,0.8629095440428852
5.0,fixed,3001,1,794812542,node-var,sfa,0.7727614856999904,0.8790685329938679
5.0,fixed,3001,1,794812542,node-var,pca,0.7578316911261447,0.8705352899946929
5.0,proportional,501,1,794812542,edges-corr,sfa,0.7051890509718804,0.8397553518566456
5.0,proportional,501,1,794812542,edges-corr,pca,0.611014952298756,0.7816744541679451
5.0,proportional,501,1,794812542,edges-cov,sfa,0.5079496233477455,0.7127058462982784
5.0,proportional,501,1,794812542,edges-cov,pca,0.47779106424338813,0.6912243226647824
5.0,proportional,501,1,794812542,node-var,sfa,0.511661428569597,0.71530512969613
5.0,proportional,501,1,794812542,node-var,pca,0.5058858756087558,0.7112565469707507
5.0,fixed,3001,1,816200189,edges-corr,sfa,0.7946276199120735,0.8914188801635708
5.0,fixed,3001,1,816200189,edges-corr,pca,0.6839387274761686,0.8270058811617789
5.0,fixed,3001,1,816200189,edges-cov,sfa,0.46254968901158744,0.6801100565434893
5.0,fixed,3001,1,816200189,edges-cov,pca,0.4514681541139608,0.6719137996156657
5.0,fixed,3001,1,816200189,node-var,sfa,0.46785019542302697,0.6839957568750163
5.0,fixed,3001,1,816200189,node-var,pca,0.4620477991138109,0.679740979428054
5.0,proportional,501,1,816200189,edges-corr,sfa,0.5217490796827442,0.7223220055368268
5.0,proportional,501,1,816200189,edges-corr,pca,0.3934779120368731,0.6272781775551204
5.0,proportional,501,1,816200189,edges-cov,sfa,0.19410174036362926,0.44056979057083423
5.0,proportional,501,1,816200189,edges-cov,pca,0.19283043893913743,0.43912462802618674
5.0,proportional,501,1,816200189,node-var,sfa,0.20255920191401422,0.4500657750973893
5.0,proportional,501,1,816200189,node-var,pca,0.2016803931635579,0.4490884023926216
5.0,fixed,3001,1,829720705,edges-corr,sfa,0.07731966059794904,0.278064130369145
5.0,fixed,3001,1,829720705,edges-corr,pca,0.11286006587055164,0.33594652233733807
5.0,fixed,3001,1,829720705,edges-cov,sfa,0.29467842594589544,0.542842910929023
5.0,fixed,3001,1,829720705,edges-cov,pca,0.2738541493454426,0.5233107579110542
5.0,fixed,3001,1,829720705,node-var,sfa,0.29410431974409146,0.5423138572303788
5.0,fixed,3001,1,829720705,node-var,pca,0.30596081794395724,0.5531372505481414
5.0,proportional,501,1,829720705,edges-corr,sfa,0.07546332875427242,0.27470589501186976
5.0,proportional,501,1,829720705,edges-corr,pca,0.11323643200029065,0.33650621391036895
5.0,proportional,501,1,829720705,edges-cov,sfa,0.22095576856027588,0.47005932451157306
5.0,proportional,501,1,829720705,edges-cov,pca,0.20396898492281956,0.45162925605281556
5.0,proportional,501,1,829720705,node-var,sfa,0.23117641064681094,0.48080808088759414
5.0,proportional,501,1,829720705,node-var,pca,0.2317850809157822,0.48144063072800874
5.0,fixed,3001,1,831882777,edges-corr,sfa,0.07459072269943501,0.273113021841572
5.0,fixed,3001,1,831882777,edges-corr,pca,0.08428143732679505,0.2903126544379269
5.0,fixed,3001,1,831882777,edges-cov,sfa,0.2545472694465175,0.5045267777299021
5.0,fixed,3001,1,831882777,edges-cov,pca,0.5235775117490435,0.7235865613380633
5.0,fixed,3001,1,831882777,node-var,sfa,0.26393488258306197,0.5137459319382123
5.0,fixed,3001,1,831882777,node-var,pca,0.26675709802806424,0.5164853318614812
5.0,proportional,501,1,831882777,edges-corr,sfa,0.010575209839147282,0.1028358392738009
5.0,proportional,501,1,831882777,edges-corr,pca,0.12750571037240632,0.357079417458366
5.0,proportional,501,1,831882777,edges-cov,sfa,0.1357263204535264,0.36841053249537525
5.0,proportional,501,1,831882777,edges-cov,pca,0.21307617284555536,0.4616017470131099
5.0,proportional,501,1,831882777,node-var,sfa,0.09485043124065673,0.3079779720055584
5.0,proportional,501,1,831882777,node-var,pca,0.09847849200002723,0.3138128295656935
5.0,fixed,3001,1,835479236,edges-corr,sfa,0.3457547630745448,0.5880091522030462
5.0,fixed,3001,1,835479236,edges-corr,pca,0.2252246128225337,0.47457835266953974
5.0,fixed,3001,1,835479236,edges-cov,sfa,0.5793033631993197,0.7611198087024927
5.0,fixed,3001,1,835479236,edges-cov,pca,0.1310146375324196,0.3619594418335012
5.0,fixed,3001,1,835479236,node-var,sfa,0.1967153862677008,0.4435260829620967
5.0,fixed,3001,1,835479236,node-var,pca,0.0867732309125393,0.29457296364829477
5.0,proportional,501,1,835479236,edges-corr,sfa,0.2418473303027323,0.49177975792292655
5.0,proportional,501,1,835479236,edges-corr,pca,0.09795978723972776,0.3129852827845544
5.0,proportional,501,1,835479236,edges-cov,sfa,0.005713765958086481,0.07558945665955276
5.0,proportional,501,1,835479236,edges-cov,pca,0.030635361431992525,0.17502960158782416
5.0,proportional,501,1,835479236,node-var,sfa,0.06446023655530175,0.2538902057096763
5.0,proportional,501,1,835479236,node-var,pca,0.02682124037854161,0.16377191571982555
5.0,fixed,3001,1,839068429,edges-corr,sfa,0.49891602973991034,0.7063398825918789
5.0,fixed,3001,1,839068429,edges-corr,pca,0.5316207278832636,0.729123259732717
5.0,fixed,3001,1,839068429,edges-cov,sfa,0.6556378231217932,0.8097146553705145
5.0,fixed,3001,1,839068429,edges-cov,pca,0.585943596203167,0.7654695266326191
5.0,fixed,3001,1,839068429,node-var,sfa,0.6442675158473337,0.8026627659530092
5.0,fixed,3001,1,839068429,node-var,pca,0.6363605708435659,0.797722113798763
5.0,proportional,501,1,839068429,edges-corr,sfa,0.37005465063505594,0.608321173916423
5.0,proportional,501,1,839068429,edges-corr,pca,0.05353548526528373,0.23137736549905585
5.0,proportional,501,1,839068429,edges-cov,sfa,0.47252104156395325,0.6874016595586266
5.0,proportional,501,1,839068429,edges-cov,pca,0.3479369036976143,0.5898617666009682
5.0,proportional,501,1,839068429,node-var,sfa,0.4506330447986657,0.6712920711573057
5.0,proportional,501,1,839068429,node-var,pca,0.4354617901040846,0.6598952872267586
5.0,fixed,3001,1,847657808,edges-corr,sfa,0.5062591029142666,0.7115188703852251
5.0,fixed,3001,1,847657808,edges-corr,pca,0.22703531626040552,0.47648223079187874
5.0,fixed,3001,1,847657808,edges-cov,sfa,0.21882175238320045,0.46778387358180784
5.0,fixed,3001,1,847657808,edges-cov,pca,0.20871368840309523,0.4568519326905547
5.0,fixed,3001,1,847657808,node-var,sfa,0.4293343272072535,0.6552360850924303
5.0,fixed,3001,1,847657808,node-var,pca,0.11349185361398684,0.3368855200420267
5.0,proportional,501,1,847657808,edges-corr,sfa,0.2134231526929372,0.4619774374284283
5.0,proportional,501,1,847657808,edges-corr,pca,0.1428340843063407,0.37793396818272573
5.0,proportional,501,1,847657808,edges-cov,sfa,0.15649808091265982,0.3955983833544573
5.0,proportional,501,1,847657808,edges-cov,pca,0.15859395086183858,0.39823856023976195
5.0,proportional,501,1,847657808,node-var,sfa,0.13529316931938706,0.3678221979698713
5.0,proportional,501,1,847657808,node-var,pca,0.05468691954425231,0.23385234560348597
5.0,fixed,3001,2,766640955,edges-corr,sfa,0.4422289665835002,0.6650029823869213
5.0,fixed,3001,2,766640955,edges-corr,pca,0.39841530156032035,0.6312014746183031
5.0,fixed,3001,2,766640955,edges-cov,sfa,0.35377405604794765,0.5947890853470219
5.0,fixed,3001,2,766640955,edges-cov,pca,0.33953396721197504,0.5826954326335283
5.0,fixed,3001,2,766640955,node-var,sfa,0.36561101086226633,0.6046577634185031
5.0,fixed,3001,2,766640955,node-var,pca,0.34823381432060174,0.5901133910703958
5.0,proportional,501,2,766640955,edges-corr,sfa,0.2527237981867685,0.5027164192532094
5.0,proportional,501,2,766640955,edges-corr,pca,0.16632592039286764,0.4078307496901963
5.0,proportional,501,2,766640955,edges-cov,sfa,0.19124877110146143,0.43731998708206965
5.0,proportional,501,2,766640955,edges-cov,pca,0.18695242396973055,0.4323799532468294
5.0,proportional,501,2,766640955,node-var,sfa,0.22599489170398557,0.4753892002391152
5.0,proportional,501,2,766640955,node-var,pca,0.1851159610090558,0.43025104416962895
5.0,fixed,3001,2,767871931,edges-corr,sfa,0.7714112976241455,0.8783002320528813
5.0,fixed,3001,2,767871931,edges-corr,pca,0.7329708141609746,0.8561371468175972
5.0,fixed,3001,2,767871931,edges-cov,sfa,0.7672317138694247,0.8759176410310644
5.0,fixed,3001,2,767871931,edges-cov,pca,0.6782072930542904,0.8235334195127054
5.0,fixed,3001,2,767871931,node-var,sfa,0.8041359009414023,0.8967362493740297
5.0,fixed,3001,2,767871931,node-var,pca,0.6970113345581257,0.83487204681803
5.0,proportional,501,2,767871931,edges-corr,sfa,0.6286804132976332,0.7928936960889731
5.0,proportional,501,2,767871931,edges-corr,pca,0.5976613607863442,0.7730856102569393
5.0,proportional,501,2,767871931,edges-cov,sfa,0.5754411010981,0.7585783420966481
5.0,proportional,501,2,767871931,edges-cov,pca,0.2356838356421358,0.4854727959856617
5.0,proportional,501,2,767871931,node-var,sfa,0.5559263014008906,0.7456046548948646
5.0,proportional,501,2,767871931,node-var,pca,0.24363912583682312,0.4935981420516318
5.0,fixed,3001,2,771160300,edges-corr,sfa,0.9283871222512795,0.9635284750599115
5.0,fixed,3001,2,771160300,edges-corr,pca,0.9434706180695378,0.9713241570503326
5.0,fixed,3001,2,771160300,edges-cov,sfa,0.8764385011732615,0.9361829421503386
5.0,fixed,3001,2,771160300,edges-cov,pca,0.8595522482185028,0.927120406537631
5.0,fixed,3001,2,771160300,node-var,sfa,0.86635414935087,0.9307814723934242
5.0,fixed,3001,2,771160300,node-var,pca,0.8587174494255787,0.9266700866142057
5.0,proportional,501,2,771160300,edges-corr,sfa,0.8180925332839073,0.9044846783024623
5.0,proportional,501,2,771160300,edges-corr,pca,0.78590157550959,0.8865108998255976
5.0,proportional,501,2,771160300,edges-cov,sfa,0.3806062935617751,0.6169329733137746
5.0,proportional,501,2,771160300,edges-cov,pca,0.37034189365012526,0.6085572229873908
5.0,proportional,501,2,771160300,node-var,sfa,0.45052656206129216,0.671212754692051
5.0,proportional,501,2,771160300,node-var,pca,0.3864007063907069,0.6216113789102533
5.0,fixed,3001,2,771990200,edges-corr,sfa,0.7143496884568983,0.8451921015111884
5.0,fixed,3001,2,771990200,edges-corr,pca,0.8814129461616472,0.9388359527423562
5.0,fixed,3001,2,771990200,edges-cov,sfa,0.6249314404314665,0.7905260529745143
5.0,fixed,3001,2,771990200,edges-cov,pca,0.7018033061401441,0.8377370149039285
5.0,fixed,3001,2,771990200,node-var,sfa,0.5880897360914832,0.7668700907529796
5.0,fixed,3001,2,771990200,node-var,pca,0.6943522777138986,0.8332780314600262
5.0,proportional,501,2,771990200,edges-corr,sfa,0.5270129217350359,0.7259565563689302
5.0,proportional,501,2,771990200,edges-corr,pca,0.5056292364808056,0.7110761115948173
5.0,proportional,501,2,771990200,edges-cov,sfa,0.2726591969195451,0.5221677861756161
5.0,proportional,501,2,771990200,edges-cov,pca,0.26770687177592434,0.5174039734829293
5.0,proportional,501,2,771990200,node-var,sfa,0.30260686061191167,0.5500971374329371
5.0,proportional,501,2,771990200,node-var,pca,0.31921331653524354,0.5649896605560517
5.0,fixed,3001,2,774875821,edges-corr,sfa,0.7947078532811978,0.8914638822079101
5.0,fixed,3001,2,774875821,edges-corr,pca,0.522437223412905,0.7227981899623879
5.0,fixed,3001,2,774875821,edges-cov,sfa,0.5949046422895343,0.7713006173273396
5.0,fixed,3001,2,774875821,edges-cov,pca,0.4480531175402287,0.6693676998035003
5.0,fixed,3001,2,774875821,node-var,sfa,0.5539176772664733,0.7442564593380917
5.0,fixed,3001,2,774875821,node-var,pca,0.4853175359173997,0.6966473540589955
5.0,proportional,501,2,774875821,edges-corr,sfa,0.6719597276868852,0.819731497312922
5.0,proportional,501,2,774875821,edges-corr,pca,0.30747509429310493,0.554504368146099
5.0,proportional,501,2,774875821,edges-cov,sfa,0.41706570678968813,0.6458062455486843
5.0,proportional,501,2,774875821,edges-cov,pca,0.2585063604483975,0.5084352077191319
5.0,proportional,501,2,774875821,node-var,sfa,0.3780119645030183,0.6148267760133895
5.0,proportional,501,2,774875821,node-var,pca,0.2979940309493666,0.5458882953035056
5.0,fixed,3001,2,778240327,edges-corr,sfa,0.7020827382248898,0.8379037762326241
5.0,fixed,3001,2,778240327,edges-corr,pca,0.5690815237425826,0.7543749225302924
5.0,fixed,3001,2,778240327,edges-cov,sfa,0.6586858664643007,0.8115946441816254
5.0,fixed,3001,2,778240327,edges-cov,pca,0.5645149661979407,0.7513421099591991
5.0,fixed,3001,2,778240327,node-var,sfa,0.5815746938306268,0.7626104469718648
5.0,fixed,3001,2,778240327,node-var,pca,0.5826144506514265,0.7632918515557645
5.0,proportional,501,2,778240327,edges-corr,sfa,0.59099309548063,0.7687607530829283
5.0,proportional,501,2,778240327,edges-corr,pca,0.35900266716360707,0.5991683128834568
5.0,proportional,501,2,778240327,edges-cov,sfa,0.5815708452954592,0.7626079237035629
5.0,proportional,501,2,778240327,edges-cov,pca,0.4128119013818533,0.6425043979474789
5.0,proportional,501,2,778240327,node-var,sfa,0.5093207574364148,0.7136671194866793
5.0,proportional,501,2,778240327,node-var,pca,0.44315268055809365,0.6656971387636369
5.0,fixed,3001,2,778998620,edges-corr,sfa,0.682329737033043,0.8260325278298923
5.0,fixed,3001,2,778998620,edges-corr,pca,0.5683664318679401,0.7539008103642939
5.0,fixed,3001,2,778998620,edges-cov,sfa,0.9153439427227522,0.9567360883351007
5.0,fixed,3001,2,778998620,edges-cov,pca,0.836627818977922,0.9146736133604825
5.0,fixed,3001,2,778998620,node-var,sfa,0.8960640406044194,0.9466065923098241
5.0,fixed,3001,2,778998620,node-var,pca,0.8934057945840045,0.9452014571423407
5.0,proportional,501,2,778998620,edges-corr,sfa,0.5670358115830952,0.7530178029655705
5.0,proportional,501,2,778998620,edges-corr,pca,0.3797033618091351,0.6162007479783971
5.0,proportional,501,2,778998620,edges-cov,sfa,0.662862535514865,0.8141637031425956
5.0,proportional,501,2,778998620,edges-cov,pca,0.5402384860964525,0.7350091741580183
5.0,proportional,501,2,778998620,node-var,sfa,0.6229512164886064,0.7892725869359737
5.0,proportional,501,2,778998620,node-var,pca,0.6421984776939107,0.801372870575183
5.0,fixed,3001,2,779839471,edges-corr,sfa,0.5567197157192308,0.7461365261929139
5.0,fixed,3001,2,779839471,edges-corr,pca,0.39040945288958673,0.624827538517299
5.0,fixed,3001,2,779839471,edges-cov,sfa,0.8023529099651527,0.8957415419445242
5.0,fixed,3001,2,779839471,edges-cov,pca,0.7052312269063976,0.8397804635179347
5.0,fixed,3001,2,779839471,node-var,sfa,0.769579999200028,0.8772570884296281
5.0,fixed,3001,2,779839471,node-var,pca,0.7578753825165129,0.8705603841873999
5.0,proportional,501,2,779839471,edges-corr,sfa,0.0029289743249708566,0.05411999930682465
5.0,proportional,501,2,779839471,edges-corr,pca,0.332112460122729,0.5762919920688894
5.0,proportional,501,2,779839471,edges-cov,sfa,0.5476491175076263,0.7400331867609897
5.0,proportional,501,2,779839471,edges-cov,pca,0.4573282191850693,0.6762604669689541
5.0,proportional,501,2,779839471,node-var,sfa,0.5013846654053784,0.7080852105540534
5.0,proportional,501,2,779839471,node-var,pca,0.515513608727555,0.7179927637013859
5.0,fixed,3001,2,781842082,edges-corr,sfa,0.7205231645103602,0.8488363590883466
5.0,fixed,3001,2,781842082,edges-corr,pca,0.4430240617691442,0.6656005271701221
5.0,fixed,3001,2,781842082,edges-cov,sfa,0.3282836605997811,0.5729604354576171
5.0,fixed,3001,2,781842082,edges-cov,pca,0.3040153462059392,0.5513758665429044
5.0,fixed,3001,2,781842082,node-var,sfa,0.3828489071836596,0.6187478542861046
5.0,fixed,3001,2,781842082,node-var,pca,0.3422395641883277,0.5850124478917761
5.0,proportional,501,2,781842082,edges-corr,sfa,0.6718259663402972,0.8196499047400039
5.0,proportional,501,2,781842082,edges-corr,pca,0.5670712336199227,0.7530413226509711
5.0,proportional,501,2,781842082,edges-cov,sfa,0.2858458851777149,0.5346455696793116
5.0,proportional,501,2,781842082,edges-cov,pca,0.2871084038665216,0.535824975030579
5.0,proportional,501,2,781842082,node-var,sfa,0.34041805853185736,0.5834535615898298
5.0,proportional,501,2,781842082,node-var,pca,0.32582681593270935,0.5708124174654138
5.0,fixed,3001,2,786091066,edges-corr,sfa,0.8424702161006277,0.9178617630670909
5.0,fixed,3001,2,786091066,edges-corr,pca,0.10720907613674013,0.32742797091381814
5.0,fixed,3001,2,786091066,edges-cov,sfa,0.8917469605764323,0.9443235465540569
5.0,fixed,3001,2,786091066,edges-cov,pca,0.15143275029820302,0.3891436114061281
5.0,fixed,3001,2,786091066,node-var,sfa,0.7978703860157853,0.8932359072584272
5.0,fixed,3001,2,786091066,node-var,pca,0.43697360622241976,0.6610397917088054
5.0,proportional,501,2,786091066,edges-corr,sfa,0.366884626097711,0.6057100181586159
5.0,proportional,501,2,786091066,edges-corr,pca,0.02873511941541762,0.1695143634486989
5.0,proportional,501,2,786091066,edges-cov,sfa,0.5947633309979836,0.7712090060405055
5.0,proportional,501,2,786091066,edges-cov,pca,0.02870047507018325,0.16941214558048504
5.0,proportional,501,2,786091066,node-var,sfa,0.5164455739570681,0.7186414780382967
5.0,proportional,501,2,786091066,node-var,pca,0.023041146061963724,0.15179310281420474
5.0,fixed,3001,2,787025148,edges-corr,sfa,0.7459155193005784,0.8636640083392264
5.0,fixed,3001,2,787025148,edges-corr,pca,0.7432270101509011,0.8621061478442781
5.0,fixed,3001,2,787025148,edges-cov,sfa,0.6807216637131422,0.8250585819886627
5.0,fixed,3001,2,787025148,edges-cov,pca,0.750187707897021,0.8661337702093249
5.0,fixed,3001,2,787025148,node-var,sfa,0.6279922855963574,0.7924596428818044
5.0,fixed,3001,2,787025148,node-var,pca,0.7377956876023304,0.8589503405915444
5.0,proportional,501,2,787025148,edges-corr,sfa,0.3286836349027862,0.5733093710229975
5.0,proportional,501,2,787025148,edges-corr,pca,0.3596001461325501,0.5996666958674209
5.0,proportional,501,2,787025148,edges-cov,sfa,0.2801702056717722,0.5293110670218147
5.0,proportional,501,2,787025148,edges-cov,pca,0.3562319154272907,0.5968516695354803
5.0,proportional,501,2,787025148,node-var,sfa,0.2769567372353259,0.5262667928297636
5.0,proportional,501,2,787025148,node-var,pca,0.35321083831665534,0.5943154367140864
5.0,fixed,3001,2,789848216,edges-corr,sfa,0.942513271855562,0.970831227276688
5.0,fixed,3001,2,789848216,edges-corr,pca,0.8979123155607563,0.9475823529175479
5.0,fixed,3001,2,789848216,edges-cov,sfa,0.9151032618909427,0.9566102978177388
5.0,fixed,3001,2,789848216,edges-cov,pca,0.8375562786952009,0.9151810087054919
5.0,fixed,3001,2,789848216,node-var,sfa,0.8116432974587467,0.9009124804656365
5.0,fixed,3001,2,789848216,node-var,pca,0.8107411887043655,0.9004116773478471
5.0,proportional,501,2,789848216,edges-corr,sfa,0.8525366520073185,0.9233291135923952
5.0,proportional,501,2,789848216,edges-corr,pca,0.6552156720369329,0.8094539344749234
5.0,proportional,501,2,789848216,edges-cov,sfa,0.6738719813165661,0.8208970589035907
5.0,proportional,501,2,789848216,edges-cov,pca,0.4913438206962357,0.700959214716688
5.0,proportional,501,2,789848216,node-var,sfa,0.5828563861807352,0.7634503167729608
5.0,proportional,501,2,789848216,node-var,pca,0.4343030576408965,0.6590167354786193
5.0,fixed,3001,2,793224716,edges-corr,sfa,0.9737052469151567,0.9867650413929131
5.0,fixed,3001,2,793224716,edges-corr,pca,0.9676666828204288,0.9837005046356495
5.0,fixed,3001,2,793224716,edges-cov,sfa,0.8237741257238271,0.9076200337827652
5.0,fixed,3001,2,793224716,edges-cov,pca,0.8145803046550311,0.9025410265772031
5.0,fixed,3001,2,793224716,node-var,sfa,0.839845254699553,0.9164307146203426
5.0,fixed,3001,2,793224716,node-var,pca,0.8183464639811329,0.9046250405450509
5.0,proportional,501,2,793224716,edges-corr,sfa,0.8672012099676908,0.9312363878026299
5.0,proportional,501,2,793224716,edges-corr,pca,0.8654933514440368,0.9303189514591416
5.0,proportional,501,2,793224716,edges-cov,sfa,0.497357916023523,0.705236071130457
5.0,proportional,501,2,793224716,edges-cov,pca,0.4695682227765483,0.6852504817776848
5.0,proportional,501,2,793224716,node-var,sfa,0.5154708953081584,0.7179630180644118
5.0,proportional,501,2,793224716,node-var,pca,0.4950265595731572,0.7035812387870768
5.0,fixed,3001,2,794812542,edges-corr,sfa,0.7838642904513835,0.8853611073744898
5.0,fixed,3001,2,794812542,edges-corr,pca,0.7833394903601445,0.8850646814556233
5.0,fixed,3001,2,794812542,edges-cov,sfa,0.6677550325977408,0.8171627944282223
5.0,fixed,3001,2,794812542,edges-cov,pca,0.6105970736868331,0.7814071113618247
5.0,fixed,3001,2,794812542,node-var,sfa,0.6238246519161927,0.7898257098348923
5.0,fixed,3001,2,794812542,node-var,pca,0.647648906462834,0.8047663676265526
5.0,proportional,501,2,794812542,edges-corr,sfa,0.6391437841114718,0.799464685968976
5.0,proportional,501,2,794812542,edges-corr,pca,0.5392146759022807,0.7343123830511631
5.0,proportional,501,2,794812542,edges-cov,sfa,0.48083711178069366,0.6934241932473185
5.0,proportional,501,2,794812542,edges-cov,pca,0.3761497625481388,0.6133104944056788
5.0,proportional,501,2,794812542,node-var,sfa,0.4258438894108695,0.6525671531810872
5.0,proportional,501,2,794812542,node-var,pca,0.44226064006640375,0.6650267965025197
5.0,fixed,3001,2,816200189,edges-corr,sfa,0.8378550338755397,0.9153442160605696
5.0,fixed,3001,2,816200189,edges-corr,pca,0.7565801874027722,0.8698161802373943
5.0,fixed,3001,2,816200189,edges-cov,sfa,0.5222013196413116,0.7226349836821567
5.0,fixed,3001,2,816200189,edges-cov,pca,0.5063716335634465,0.7115979437599904
5.0,fixed,3001,2,816200189,node-var,sfa,0.5129052247134623,0.7161740184574295
5.0,fixed,3001,2,816200189,node-var,pca,0.5180552473190099,0.7197605485986361
5.0,proportional,501,2,816200189,edges-corr,sfa,0.5337615378838498,0.7305898561325975
5.0,proportional,501,2,816200189,edges-corr,pca,0.42487893802976673,0.6518273836145326
5.0,proportional,501,2,816200189,edges-cov,sfa,0.20769345682616802,0.4557339759400957
5.0,proportional,501,2,816200189,edges-cov,pca,0.2047762846410558,0.45252213718342627
5.0,proportional,501,2,816200189,node-var,sfa,0.21310785144397204,0.4616360595143887
5.0,proportional,501,2,816200189,node-var,pca,0.21342176916172517,0.4619759400247211
5.0,fixed,3001,2,829720705,edges-corr,sfa,0.5237590240456891,0.7237119758893641
5.0,fixed,3001,2,829720705,edges-corr,pca,0.4723327985760277,0.6872647223421464
5.0,fixed,3001,2,829720705,edges-cov,sfa,0.36794314880701506,0.6065831755060593
5.0,fixed,3001,2,829720705,edges-cov,pca,0.34649301314656944,0.5886365713634931
5.0,fixed,3001,2,829720705,node-var,sfa,0.3715313761400745,0.609533736670969
5.0,fixed,3001,2,829720705,node-var,pca,0.38410497650937814,0.6197620321618439
5.0,proportional,501,2,829720705,edges-corr,sfa,0.3397083653148647,0.5828450611567909
5.0,proportional,501,2,829720705,edges-corr,pca,0.31251899653387716,0.5590339851331743
5.0,proportional,501,2,829720705,edges-cov,sfa,0.2426188298042834,0.492563528698871
5.0,proportional,501,2,829720705,edges-cov,pca,0.22677292355179357,0.47620680754457256
5.0,proportional,501,2,829720705,node-var,sfa,0.24580413236114318,0.4957863777486666
5.0,proportional,501,2,829720705,node-var,pca,0.25602547586331903,0.5059896005485871
5.0,fixed,3001,2,831882777,edges-corr,sfa,0.17450290427825776,0.4177354477157255
5.0,fixed,3001,2,831882777,edges-corr,pca,0.004384854262848403,0.066218232103012
5.0,fixed,3001,2,831882777,edges-cov,sfa,0.3630066700309701,0.6025003485733187
5.0,fixed,3001,2,831882777,edges-cov,pca,0.4823906011228918,0.6945434479734813
5.0,fixed,3001,2,831882777,node-var,sfa,0.36122404536745945,0.6010191722128836
5.0,fixed,3001,2,831882777,node-var,pca,0.37086596438790886,0.6089876553657787
5.0,proportional,501,2,831882777,edges-corr,sfa,0.0001968784368044929,0.014031337669827672
5.0,proportional,501,2,831882777,edges-corr,pca,0.04630021824087005,0.21517485503857126
5.0,proportional,501,2,831882777,edges-cov,sfa,0.16974720145288902,0.4120038852400419
5.0,proportional,501,2,831882777,edges-cov,pca,0.22631761590738875,0.47572851071529126
5.0,proportional,501,2,831882777,node-var,sfa,0.12352427944411115,0.35146021032843977
5.0,proportional,501,2,831882777,node-var,pca,0.13414237154692044,0.36625451744233867
5.0,fixed,3001,2,835479236,edges-corr,sfa,0.7063090363037641,0.8404219394469451
5.0,fixed,3001,2,835479236,edges-corr,pca,0.7024855442391208,0.8381441070836926
5.0,fixed,3001,2,835479236,edges-cov,sfa,0.8162500657068068,0.9034655863433909
5.0,fixed,3001,2,835479236,edges-cov,pca,0.7025212060717527,0.8381653810983561
5.0,fixed,3001,2,835479236,node-var,sfa,0.8038014015517916,0.8965497206244568
5.0,fixed,3001,2,835479236,node-var,pca,0.29368037469982855,0.5419228493981672
5.0,proportional,501,2,835479236,edges-corr,sfa,0.6486620902189081,0.8053956110005247
5.0,proportional,501,2,835479236,edges-corr,pca,0.5874639837404012,0.7664619910604836
5.0,proportional,501,2,835479236,edges-cov,sfa,0.7047923434725689,0.839519114417634
5.0,proportional,501,2,835479236,edges-cov,pca,0.528690281141212,0.7271109139197481
5.0,proportional,501,2,835479236,node-var,sfa,0.040435216537634044,0.20108509775126052
5.0,proportional,501,2,835479236,node-var,pca,0.1297184477510709,0.3601644731939431
5.0,fixed,3001,2,839068429,edges-corr,sfa,0.043248649772549164,0.20796309714117336
5.0,fixed,3001,2,839068429,edges-corr,pca,0.11898726846568897,0.3449453122825249
5.0,fixed,3001,2,839068429,edges-cov,sfa,0.00196300815282624,0.04430584784005466
5.0,fixed,3001,2,839068429,edges-cov,pca,0.02519238720561967,0.15872109880422225
5.0,fixed,3001,2,839068429,node-var,sfa,0.05036238381016711,0.22441564965520328
5.0,fixed,3001,2,839068429,node-var,pca,0.01061708793645122,0.10303925434731709
5.0,proportional,501,2,839068429,edges-corr,sfa,3.354737406757735e-07,0.0005792009500987446
5.0,proportional,501,2,839068429,edges-corr,pca,0.1526495558114085,0.390703923465594
5.0,proportional,501,2,839068429,edges-cov,sfa,0.0008788679209106309,0.02964570661850601
5.0,proportional,501,2,839068429,edges-cov,pca,0.03063674138920247,0.17503354361151052
5.0,proportional,501,2,839068429,node-var,sfa,0.01279996013042517,0.11313690878941811
5.0,proportional,501,2,839068429,node-var,pca,0.006368890051305698,0.07980532595826999
5.0,fixed,3001,2,847657808,edges-corr,sfa,0.7226702493666258,0.8501001407873227
5.0,fixed,3001,2,847657808,edges-corr,pca,0.772102591827849,0.8786936848685383
5.0,fixed,3001,2,847657808,edges-cov,sfa,0.5314948155126811,0.7290369095681517
5.0,fixed,3001,2,847657808,edges-cov,pca,0.5641124759440689,0.7510742146712727
5.0,fixed,3001,2,847657808,node-var,sfa,0.6264208786676428,0.7914675474507107
5.0,fixed,3001,2,847657808,node-var,pca,0.25850833181513566,0.5084371463761627
5.0,proportional,501,2,847657808,edges-corr,sfa,0.5807647518207936,0.7620792293592535
5.0,proportional,501,2,847657808,edges-corr,pca,0.4860465061968209,0.6971703566538243
5.0,proportional,501,2,847657808,edges-cov,sfa,0.14472194571378172,0.3804233769286295
5.0,proportional,501,2,847657808,edges-cov,pca,0.2325184467755519,0.4822016660854177
5.0,proportional,501,2,847657808,node-var,sfa,0.2867018119712764,0.535445433234122
5.0,proportional,501,2,847657808,node-var,pca,0.08339811441113831,0.2887873169153008
5.0,fixed,3001,3,766640955,edges-corr,sfa,0.34783368143965976,0.5897742631207807
5.0,fixed,3001,3,766640955,edges-corr,pca,0.30719635072948503,0.5542529663695855
5.0,fixed,3001,3,766640955,edges-cov,sfa,0.2930752362827631,0.5413642362428126
5.0,fixed,3001,3,766640955,edges-cov,pca,0.2892082172711783,0.5377808264257644
5.0,fixed,3001,3,766640955,node-var,sfa,0.3127798512882638,0.5592672449627852
5.0,fixed,3001,3,766640955,node-var,pca,0.3045562135029225,0.5518661191837407
5.0,proportional,501,3,766640955,edges-corr,sfa,0.22453873354739695,0.4738551820413033
5.0,proportional,501,3,766640955,edges-corr,pca,0.15669398807417323,0.3958459145604172
5.0,proportional,501,3,766640955,edges-cov,sfa,0.1698771095328656,0.4121615090384659
5.0,proportional,501,3,766640955,edges-cov,pca,0.17437860618689305,0.417586645125168
5.0,proportional,501,3,766640955,node-var,sfa,0.21066037695579753,0.4589775342604441
5.0,proportional,501,3,766640955,node-var,pca,0.1718723583930234,0.4145749128842977
5.0,fixed,3001,3,767871931,edges-corr,sfa,0.6798486506839909,0.8245293510142578
5.0,fixed,3001,3,767871931,edges-corr,pca,0.029216708073996123,0.17092895621864626
5.0,fixed,3001,3,767871931,edges-cov,sfa,0.8595211018569233,0.9271036090194684
5.0,fixed,3001,3,767871931,edges-cov,pca,0.37096771646720017,0.6090711916247556
5.0,fixed,3001,3,767871931,node-var,sfa,0.6581295382760165,0.81125183406635
5.0,fixed,3001,3,767871931,node-var,pca,0.5610221247315577,0.7490141018242301
5.0,proportional,501,3,767871931,edges-corr,sfa,0.2957191540061823,0.543800656496646
5.0,proportional,501,3,767871931,edges-corr,pca,0.016630092139882313,0.12895771454194715
5.0,proportional,501,3,767871931,edges-cov,sfa,0.41862626773038647,0.6470133443217294
5.0,proportional,501,3,767871931,edges-cov,pca,0.04456675110883934,0.21110838711154845
5.0,proportional,501,3,767871931,node-var,sfa,0.2536220073542611,0.5036089825988614
5.0,proportional,501,3,767871931,node-var,pca,0.1238298835000855,0.35189470513221077
5.0,fixed,3001,3,771160300,edges-corr,sfa,0.5948612451201896,0.7712724843530906
5.0,fixed,3001,3,771160300,edges-corr,pca,0.40969266432423146,0.6400723899093227
5.0,fixed,3001,3,771160300,edges-cov,sfa,0.49607877121226274,0.704328596048935
5.0,fixed,3001,3,771160300,edges-cov,pca,0.5116123746959189,0.7152708400989934
5.0,fixed,3001,3,771160300,node-var,sfa,0.4908791300111476,0.7006276686023369
5.0,fixed,3001,3,771160300,node-var,pca,0.5340101598396516,0.7307599878480293
5.0,proportional,501,3,771160300,edges-corr,sfa,0.15414779528573808,0.39261660087894606
5.0,proportional,501,3,771160300,edges-corr,pca,0.229742374630861,0.4793144840612072
5.0,proportional,501,3,771160300,edges-cov,sfa,0.316212388441803,0.562327652211595
5.0,proportional,501,3,771160300,edges-cov,pca,0.30942900031857534,0.556263427090596
5.0,proportional,501,3,771160300,node-var,sfa,0.30589692656443734,0.5530794938925475
5.0,proportional,501,3,771160300,node-var,pca,0.31692274309265234,0.5629589177663425
5.0,fixed,3001,3,771990200,edges-corr,sfa,0.08255177405370806,0.28731824525029387
5.0,fixed,3001,3,771990200,edges-corr,pca,0.2165076462281187,0.46530382142006793
5.0,fixed,3001,3,771990200,edges-cov,sfa,0.15625244859774512,0.395287804767293
5.0,fixed,3001,3,771990200,edges-cov,pca,0.5024166813473087,0.7088135730552209
5.0,fixed,3001,3,771990200,node-var,sfa,0.2212331364591653,0.47035426697242233
5.0,fixed,3001,3,771990200,node-var,pca,0.4498689491848694,0.6707227066268665
5.0,proportional,501,3,771990200,edges-corr,sfa,0.052496733870277645,0.22912165735756587
5.0,proportional,501,3,771990200,edges-corr,pca,0.13992890616673026,0.3740707234825124
5.0,proportional,501,3,771990200,edges-cov,sfa,0.14016507372252318,0.37438626273211884
5.0,proportional,501,3,771990200,edges-cov,pca,0.2767847490108536,0.5261033634285698
5.0,proportional,501,3,771990200,node-var,sfa,0.10520407558986322,0.32435177753461303
5.0,proportional,501,3,771990200,node-var,pca,0.2665136846238375,0.5162496340181146
5.0,fixed,3001,3,774875821,edges-corr,sfa,0.6714498006683763,0.8194204053282877
5.0,fixed,3001,3,774875821,edges-corr,pca,0.5965993807014802,0.7723984598000433
5.0,fixed,3001,3,774875821,edges-cov,sfa,0.6762484584921846,0.822343272905048
5.0,fixed,3001,3,774875821,edges-cov,pca,0.6258674087590032,0.7911178222989305
5.0,fixed,3001,3,774875821,node-var,sfa,0.6953038758821427,0.8338488327521622
5.0,fixed,3001,3,774875821,node-var,pca,0.645650499176537,0.8035238012508008
5.0,proportional,501,3,774875821,edges-corr,sfa,0.5583143191972322,0.7472043356386747
5.0,proportional,501,3,774875821,edges-corr,pca,0.31558753393169825,0.5617717810033702
5.0,proportional,501,3,774875821,edges-cov,sfa,0.3934262944025938,0.6272370320720817
5.0,proportional,501,3,774875821,edges-cov,pca,0.27125573154576865,0.5208221688309442
5.0,proportional,501,3,774875821,node-var,sfa,0.3750692289697799,0.612428958304373
5.0,proportional,501,3,774875821,node-var,pca,0.3102501154737658,0.5570010013220497
5.0,fixed,3001,3,778240327,edges-corr,sfa,0.7564846529848663,0.8697612620626798
5.0,fixed,3001,3,778240327,edges-corr,pca,0.6950888064031375,0.8337198608664282
5.0,fixed,3001,3,778240327,edges-cov,sfa,0.6776793804539525,0.8232128403116362
5.0,fixed,3001,3,778240327,edges-cov,pca,0.7064016975477765,0.8404770654501965
5.0,fixed,3001,3,778240327,node-var,sfa,0.6544895551248314,0.809005287451714
5.0,fixed,3001,3,778240327,node-var,pca,0.7035242882686978,0.8387635472936914
5.0,proportional,501,3,778240327,edges-corr,sfa,0.6640309489218372,0.8148809415625303
5.0,proportional,501,3,778240327,edges-corr,pca,0.3861880200915666,0.6214402787811278
5.0,proportional,501,3,778240327,edges-cov,sfa,0.6125726784466361,0.7826702233039389
5.0,proportional,501,3,778240327,edges-cov,pca,0.5717621294405097,0.7561495417181108
5.0,proportional,501,3,778240327,node-var,sfa,0.5956021483818151,0.7717526471492109
5.0,proportional,501,3,778240327,node-var,pca,0.5929780091692425,0.7700506536386041
5.0,fixed,3001,3,778998620,edges-corr,sfa,0.6506050641967782,0.806600932429896
5.0,fixed,3001,3,778998620,edges-corr,pca,0.5697013531020134,0.7547856338736268
5.0,fixed,3001,3,778998620,edges-cov,sfa,0.8717862606226316,0.9336949505179029
5.0,fixed,3001,3,778998620,edges-cov,pca,0.8053767697751724,0.8974278632710101
5.0,fixed,3001,3,778998620,node-var,sfa,0.8514699937614556,0.9227513173989248
5.0,fixed,3001,3,778998620,node-var,pca,0.8489634459490482,0.9213921238805147
5.0,proportional,501,3,778998620,edges-corr,sfa,0.641161841418163,0.8007258216257072
5.0,proportional,501,3,778998620,edges-corr,pca,0.4170719745754168,0.6458110982132592
5.0,proportional,501,3,778998620,edges-cov,sfa,0.6260294950049692,0.7912202569480703
5.0,proportional,501,3,778998620,edges-cov,pca,0.5050446656356121,0.7106649461142804
5.0,proportional,501,3,778998620,node-var,sfa,0.5823343220536337,0.7631083291732796
5.0,proportional,501,3,778998620,node-var,pca,0.5957336289715216,0.7718378255641027
5.0,fixed,3001,3,779839471,edges-corr,sfa,0.7474899140771287,0.8645749904300538
5.0,fixed,3001,3,779839471,edges-corr,pca,0.6910174099568418,0.8312745695357481
5.0,fixed,3001,3,779839471,edges-cov,sfa,0.6177623985193372,0.7859786247216504
5.0,fixed,3001,3,779839471,edges-cov,pca,0.5931660630829705,0.7701727488576642
5.0,fixed,3001,3,779839471,node-var,sfa,0.6088164784943939,0.7802669277205037
5.0,fixed,3001,3,779839471,node-var,pca,0.6133884037327648,0.7831911667867341
5.0,proportional,501,3,779839471,edges-corr,sfa,0.38747589693725715,0.6224756195524912
5.0,proportional,501,3,779839471,edges-corr,pca,0.37826618006212664,0.615033478814062
5.0,proportional,501,3,779839471,edges-cov,sfa,0.31540193242009706,0.5616065637259751
5.0,proportional,501,3,779839471,edges-cov,pca,0.28263440776636495,0.5316337157915826
5.0,proportional,501,3,779839471,node-var,sfa,0.29884661982292426,0.5466686563384854
5.0,proportional,501,3,779839471,node-var,pca,0.3112360395471667,0.5578853283132353
5.0,fixed,3001,3,781842082,edges-corr,sfa,0.8114813045913379,0.9008225710934079
5.0,fixed,3001,3,781842082,edges-corr,pca,0.744740663371237,0.8629835823300677
5.0,fixed,3001,3,781842082,edges-cov,sfa,0.8072130906308363,0.8984503829543593
5.0,fixed,3001,3,781842082,edges-cov,pca,0.7465190736211138,0.8640133526868173
5.0,fixed,3001,3,781842082,node-var,sfa,0.7816635914837301,0.8841174082008162
5.0,fixed,3001,3,781842082,node-var,pca,0.6514016767535814,0.8070945897189383
5.0,proportional,501,3,781842082,edges-corr,sfa,0.7359622237719534,0.8578824067271419
5.0,proportional,501,3,781842082,edges-corr,pca,0.6181266980353699,0.7862103395627464
5.0,proportional,501,3,781842082,edges-cov,sfa,0.5006156782301363,0.7075419975027181
5.0,proportional,501,3,781842082,edges-cov,pca,0.5111182638407401,0.7149253554328168
5.0,proportional,501,3,781842082,node-var,sfa,0.5134329530570261,0.71654235956922
5.0,proportional,501,3,781842082,node-var,pca,0.46038666602379075,0.6785179924097755
5.0,fixed,3001,3,786091066,edges-corr,sfa,0.7134608371201245,0.844666109844669
5.0,fixed,3001,3,786091066,edges-corr,pca,0.292070156629638,0.5404351548795088
5.0,fixed,3001,3,786091066,edges-cov,sfa,0.7637040032181399,0.8739015981322722
5.0,fixed,3001,3,786091066,edges-cov,pca,0.6297459863073271,0.7935653636010876
5.0,fixed,3001,3,786091066,node-var,sfa,0.7843093524784577,0.8856124166239192
5.0,fixed,3001,3,786091066,node-var,pca,0.7986961256433494,0.8936980058405352
5.0,proportional,501,3,786091066,edges-corr,sfa,0.31162430384118645,0.5582331984405682
5.0,proportional,501,3,786091066,edges-corr,pca,0.049503307188537904,0.2224933868422564
5.0,proportional,501,3,786091066,edges-cov,sfa,0.5516065222802196,0.7427021760303517
5.0,proportional,501,3,786091066,edges-cov,pca,0.09924349402883847,0.3150293542335996
5.0,proportional,501,3,786091066,node-var,sfa,0.557390319473442,0.7465857750275194
5.0,proportional,501,3,786091066,node-var,pca,0.48290770655371995,0.6949156111023266
5.0,fixed,3001,3,787025148,edges-corr,sfa,0.6972489968197002,0.835014369229476
5.0,fixed,3001,3,787025148,edges-corr,pca,0.7811168318362135,0.8838081419834353
5.0,fixed,3001,3,787025148,edges-cov,sfa,0.7241786884611332,0.8509868908867715
5.0,fixed,3001,3,787025148,edges-cov,pca,0.6913746953983093,0.8314894439488132
5.0,fixed,3001,3,787025148,node-var,sfa,0.7019265981888297,0.8378105980404092
5.0,fixed,3001,3,787025148,node-var,pca,0.4215521957440611,0.6492705104531236
5.0,proportional,501,3,787025148,edges-corr,sfa,0.0069498071112116255,0.08336550312456391
5.0,proportional,501,3,787025148,edges-corr,pca,0.37914460086986035,0.6157471890880715
5.0,proportional,501,3,787025148,edges-cov,sfa,0.011411965475990882,0.1068268013000061
5.0,proportional,501,3,787025148,edges-cov,pca,0.3388553543387609,0.5821128364318734
5.0,proportional,501,3,787025148,node-var,sfa,0.5219101088572007,0.7224334632734013
5.0,proportional,501,3,787025148,node-var,pca,0.025124498226739456,0.15850709203925065
5.0,fixed,3001,3,789848216,edges-corr,sfa,0.7764428825275718,0.8811599642105685
5.0,fixed,3001,3,789848216,edges-corr,pca,0.7742824174064813,0.8799331891720433
5.0,fixed,3001,3,789848216,edges-cov,sfa,0.492988681837664,0.7021315274488563
5.0,fixed,3001,3,789848216,edges-cov,pca,0.4870432084925408,0.6978848103322944
5.0,fixed,3001,3,789848216,node-var,sfa,0.4538254736719899,0.6736656987497501
5.0,fixed,3001,3,789848216,node-var,pca,0.30493911134652885,0.5522129221111437
5.0,proportional,501,3,789848216,edges-corr,sfa,0.7802978570342639,0.8833446988770933
5.0,proportional,501,3,789848216,edges-corr,pca,0.564167581838771,0.7511108984955351
5.0,proportional,501,3,789848216,edges-cov,sfa,0.5967124583503827,0.7724716553702037
5.0,proportional,501,3,789848216,edges-cov,pca,0.38658097746000675,0.621756365033771
5.0,proportional,501,3,789848216,node-var,sfa,0.5316016140165274,0.7291101521831438
5.0,proportional,501,3,789848216,node-var,pca,0.2954097242191249,0.5435160754008332
5.0,fixed,3001,3,793224716,edges-corr,sfa,0.8427073603131989,0.9179909369450217
5.0,fixed,3001,3,793224716,edges-corr,pca,0.8168311020316616,0.903787088883029
5.0,fixed,3001,3,793224716,edges-cov,sfa,0.6206543918195819,0.7878162170326156
5.0,fixed,3001,3,793224716,edges-cov,pca,0.6032517904474102,0.7766928546390839
5.0,fixed,3001,3,793224716,node-var,sfa,0.6051966075148424,0.7779438331363263
5.0,fixed,3001,3,793224716,node-var,pca,0.6122311994358235,0.7824520428983645
5.0,proportional,501,3,793224716,edges-corr,sfa,0.6932787184639826,0.8326336039723494
5.0,proportional,501,3,793224716,edges-corr,pca,0.6502989789659426,0.8064111723965266
5.0,proportional,501,3,793224716,edges-cov,sfa,0.4837920214964603,0.6955515951361619
5.0,proportional,501,3,793224716,edges-cov,pca,0.43474312009895866,0.6593505290048364
5.0,proportional,501,3,793224716,node-var,sfa,0.4937864979694724,0.7026994364374228
5.0,proportional,501,3,793224716,node-var,pca,0.49850712403800057,0.7060503693349357
5.0,fixed,3001,3,794812542,edges-corr,sfa,0.7436768706595256,0.8623670162172975
5.0,fixed,3001,3,794812542,edges-corr,pca,0.6192929815194792,0.7869517021517132
5.0,fixed,3001,3,794812542,edges-cov,sfa,0.6073862835494905,0.7793499108548692
5.0,fixed,3001,3,794812542,edges-cov,pca,0.5229508574752613,0.7231534121299982
5.0,fixed,3001,3,794812542,node-var,sfa,0.5888021838691353,0.7673344667543178
5.0,fixed,3001,3,794812542,node-var,pca,0.5755161003459166,0.7586277745679469
5.0,proportional,501,3,794812542,edges-corr,sfa,0.8066174481182822,0.8981188385276654
5.0,proportional,501,3,794812542,edges-corr,pca,0.7040626588908724,0.8390844170230266
5.0,proportional,501,3,794812542,edges-cov,sfa,0.4178874537802877,0.6464421503740984
5.0,proportional,501,3,794812542,edges-cov,pca,0.37445026896710965,0.6119234175671902
5.0,proportional,501,3,794812542,node-var,sfa,0.40464784132330056,0.6361193609090204
5.0,proportional,501,3,794812542,node-var,pca,0.41309404540153394,0.6427239262712519
5.0,fixed,3001,3,816200189,edges-corr,sfa,0.721510869414274,0.8494179592016369
5.0,fixed,3001,3,816200189,edges-corr,pca,0.7159641191816588,0.8461466298353124
5.0,fixed,3001,3,816200189,edges-cov,sfa,0.5830390571027593,0.7635699425087125
5.0,fixed,3001,3,816200189,edges-cov,pca,0.6083415703621774,0.7799625442046408
5.0,fixed,3001,3,816200189,node-var,sfa,0.5957638065552386,0.7718573744904164
5.0,fixed,3001,3,816200189,node-var,pca,0.5962205972840007,0.7721532213777277
5.0,proportional,501,3,816200189,edges-corr,sfa,0.3937491532751183,0.6274943452136582
5.0,proportional,501,3,816200189,edges-corr,pca,0.3613528901699803,0.6011263512523636
5.0,proportional,501,3,816200189,edges-cov,sfa,0.2891483911361039,0.5377252003915235
5.0,proportional,501,3,816200189,edges-cov,pca,0.28790884469790967,0.5365713789403133
5.0,proportional,501,3,816200189,node-var,sfa,0.28980421558816305,0.5383346687592794
5.0,proportional,501,3,816200189,node-var,pca,0.28782746790872826,0.5364955432328664
5.0,fixed,3001,3,829720705,edges-corr,sfa,0.5182243562514532,0.7198780148410239
5.0,fixed,3001,3,829720705,edges-corr,pca,0.49213519407307915,0.7015234807710137
5.0,fixed,3001,3,829720705,edges-cov,sfa,0.3703401210051632,0.608555766553209
5.0,fixed,3001,3,829720705,edges-cov,pca,0.35359617732552595,0.5946395356226539
5.0,fixed,3001,3,829720705,node-var,sfa,0.36619014821880613,0.6051364707392924
5.0,fixed,3001,3,829720705,node-var,pca,0.3856501462730838,0.6210073641053574
5.0,proportional,501,3,829720705,edges-corr,sfa,0.3527392581358103,0.5939185618717524
5.0,proportional,501,3,829720705,edges-corr,pca,0.3445805309002995,0.5870098218090561
5.0,proportional,501,3,829720705,edges-cov,sfa,0.2358911888225098,0.48568630701566
5.0,proportional,501,3,829720705,edges-cov,pca,0.22299527311423084,0.47222375322957943
5.0,proportional,501,3,829720705,node-var,sfa,0.23767126189686016,0.48751539657415977
5.0,proportional,501,3,829720705,node-var,pca,0.24996231036511252,0.4999623089444971
5.0,fixed,3001,3,831882777,edges-corr,sfa,0.10375900192185439,0.3221164415577913
5.0,fixed,3001,3,831882777,edges-corr,pca,0.0026931407206538527,0.051895478807443156
5.0,fixed,3001,3,831882777,edges-cov,sfa,0.2685685415324425,0.5182359901940845
5.0,fixed,3001,3,831882777,edges-cov,pca,0.43691716809360737,0.6609971014260254
5.0,fixed,3001,3,831882777,node-var,sfa,0.28808903323065504,0.5367392600049431
5.0,fixed,3001,3,831882777,node-var,pca,0.30339089108166895,0.5508093055510852
5.0,proportional,501,3,831882777,edges-corr,sfa,0.006060412243530711,0.07784864959349394
5.0,proportional,501,3,831882777,edges-corr,pca,0.08206896422680854,0.2864768127210449
5.0,proportional,501,3,831882777,edges-cov,sfa,0.1262595836177841,0.35533024585276196
5.0,proportional,501,3,831882777,edges-cov,pca,0.22460128666487988,0.4739211819120134
5.0,proportional,501,3,831882777,node-var,sfa,0.10438691804159683,0.32308964397144757
5.0,proportional,501,3,831882777,node-var,pca,0.1135606863292088,0.3369876649511206
5.0,fixed,3001,3,835479236,edges-corr,sfa,0.018948381297108408,0.13765311946014275
5.0,fixed,3001,3,835479236,edges-corr,pca,0.013831673301667124,0.11760813450466451
5.0,fixed,3001,3,835479236,edges-cov,sfa,0.03908826461692061,0.19770752291433105
5.0,fixed,3001,3,835479236,edges-cov,pca,0.03815342210131423,0.19532900988156954
5.0,fixed,3001,3,835479236,node-var,sfa,0.04615995559462138,0.21484868069090232
5.0,fixed,3001,3,835479236,node-var,pca,0.04355346768037638,0.2086946757355739
5.0,proportional,501,3,835479236,edges-corr,sfa,0.0004523903431125076,0.021269469742163875
5.0,proportional,501,3,835479236,edges-corr,pca,9.605965081505019e-05,0.009801002541341617
5.0,proportional,501,3,835479236,edges-cov,sfa,0.001424967278088607,0.03774873876156427
5.0,proportional,501,3,835479236,edges-cov,pca,0.0013097476684477138,0.036190436146144755
5.0,proportional,501,3,835479236,node-var,sfa,0.002580392162733647,0.05079756059826086
5.0,proportional,501,3,835479236,node-var,pca,0.002477367377059392,0.04977315920312494
5.0,fixed,3001,3,839068429,edges-corr,sfa,0.60768083756029,0.7795388621231719
5.0,fixed,3001,3,839068429,edges-corr,pca,0.006376435707122763,0.07985258735396626
5.0,fixed,3001,3,839068429,edges-cov,sfa,0.09957120642177397,0.31554905549181145
5.0,fixed,3001,3,839068429,edges-cov,pca,0.0020844955639676144,0.04565627628232244
5.0,fixed,3001,3,839068429,node-var,sfa,0.008538693589108304,0.09240505175101882
5.0,fixed,3001,3,839068429,node-var,pca,0.0013054757836209463,0.03613136841611478
5.0,proportional,501,3,839068429,edges-corr,sfa,0.0008955293464729674,0.029925396346127373
5.0,proportional,501,3,839068429,edges-corr,pca,0.02976213730313748,0.17251706380279413
5.0,proportional,501,3,839068429,edges-cov,sfa,2.831497440936026e-05,0.005321181674149629
5.0,proportional,501,3,839068429,edges-cov,pca,0.01888911750109934,0.13743768588381908
5.0,proportional,501,3,839068429,node-var,sfa,0.0013817180715709476,0.03717146851512374
5.0,proportional,501,3,839068429,node-var,pca,0.007603548875336763,0.08719833069122807
5.0,fixed,3001,3,847657808,edges-corr,sfa,0.5953382342344202,0.7715816445681039
5.0,fixed,3001,3,847657808,edges-corr,pca,0.3688171868945589,0.6073032083684053
5.0,fixed,3001,3,847657808,edges-cov,sfa,0.37167650047739365,0.6096527704172215
5.0,fixed,3001,3,847657808,edges-cov,pca,0.1889168128467481,0.43464561754002345
5.0,fixed,3001,3,847657808,node-var,sfa,0.15118091177644544,0.3888198963227643
5.0,fixed,3001,3,847657808,node-var,pca,0.04726019756437616,0.21739410655391797
5.0,proportional,501,3,847657808,edges-corr,sfa,0.2650774758874356,0.514856752784146
5.0,proportional,501,3,847657808,edges-corr,pca,0.1453421820689802,0.3812376975968928
5.0,proportional,501,3,847657808,edges-cov,sfa,0.0026592796344037106,0.05156820371511422
5.0,proportional,501,3,847657808,edges-cov,pca,0.07965846122152231,0.2822383057303214
5.0,proportional,501,3,847657808,node-var,sfa,0.0795178470909208,0.28198909037571057
5.0,proportional,501,3,847657808,node-var,pca,0.04697074902288545,0.216727361038899
5.0,fixed,3001,4,766640955,edges-corr,sfa,0.6751965246828601,0.8217034286668503
5.0,fixed,3001,4,766640955,edges-corr,pca,0.6488676173247817,0.8055231947776431
5.0,fixed,3001,4,766640955,edges-cov,sfa,0.5645283055658932,0.7513509869334658
5.0,fixed,3001,4,766640955,edges-cov,pca,0.5606290271612295,0.7487516458487614
5.0,fixed,3001,4,766640955,node-var,sfa,0.535771097050767,0.7319638632137292
5.0,fixed,3001,4,766640955,node-var,pca,0.5803022574131398,0.761775726453094
5.0,proportional,501,4,766640955,edges-corr,sfa,0.5533150626302201,0.7438515057659159
5.0,proportional,501,4,766640955,edges-corr,pca,0.3687863209203782,0.6072777955107351
5.0,proportional,501,4,766640955,edges-cov,sfa,0.28483885948568943,0.5337029693431449
5.0,proportional,501,4,766640955,edges-cov,pca,0.2814823102411196,0.5305490648763032
5.0,proportional,501,4,766640955,node-var,sfa,0.35485276240497843,0.5956951925313644
5.0,proportional,501,4,766640955,node-var,pca,0.2586773906472547,0.5086033726267015
5.0,fixed,3001,4,767871931,edges-corr,sfa,0.8967376884966558,0.946962347982567
5.0,fixed,3001,4,767871931,edges-corr,pca,0.8561610486945599,0.925289710682314
5.0,fixed,3001,4,767871931,edges-cov,sfa,0.9164252312955445,0.9573010139426065
5.0,fixed,3001,4,767871931,edges-cov,pca,0.9153316820345042,0.9567296807534007
5.0,fixed,3001,4,767871931,node-var,sfa,0.9336086040367676,0.966234238700309
5.0,fixed,3001,4,767871931,node-var,pca,0.9326032025336899,0.9657138305593891
5.0,proportional,501,4,767871931,edges-corr,sfa,0.8142654160038255,0.902366564098996
5.0,proportional,501,4,767871931,edges-corr,pca,0.7547187682015648,0.8687455140612618
5.0,proportional,501,4,767871931,edges-cov,sfa,0.752659406737153,0.8675594542952972
5.0,proportional,501,4,767871931,edges-cov,pca,0.5115445571535395,0.7152234316306623
5.0,proportional,501,4,767871931,node-var,sfa,0.725105657336641,0.8515313601604139
5.0,proportional,501,4,767871931,node-var,pca,0.565262613419087,0.7518394864724053
5.0,fixed,3001,4,771160300,edges-corr,sfa,0.18015840730538657,0.42445071245715493
5.0,fixed,3001,4,771160300,edges-corr,pca,0.20707567751006783,0.45505568616386677
5.0,fixed,3001,4,771160300,edges-cov,sfa,0.5109792739638401,0.7148281429573411
5.0,fixed,3001,4,771160300,edges-cov,pca,0.459017358929225,0.6775081984221479
5.0,fixed,3001,4,771160300,node-var,sfa,0.5002007959300108,0.7072487510982326
5.0,fixed,3001,4,771160300,node-var,pca,0.4954630427971023,0.7038913572399513
5.0,proportional,501,4,771160300,edges-corr,sfa,0.00029904674874958737,0.017292968187952926
5.0,proportional,501,4,771160300,edges-corr,pca,0.1653240388613899,0.4066005888601113
5.0,proportional,501,4,771160300,edges-cov,sfa,0.2693643682675422,0.5190032449489516
5.0,proportional,501,4,771160300,edges-cov,pca,0.25902583091028497,0.5089458035098481
5.0,proportional,501,4,771160300,node-var,sfa,0.2788432193274549,0.5280560759308186
5.0,proportional,501,4,771160300,node-var,pca,0.2670817821193231,0.5167995570037988
5.0,fixed,3001,4,771990200,edges-corr,sfa,0.7114593850009497,0.8434805184477877
5.0,fixed,3001,4,771990200,edges-corr,pca,0.8086331787759103,0.8992403342688268
5.0,fixed,3001,4,771990200,edges-cov,sfa,0.6003768243976715,0.7748398701652301
5.0,fixed,3001,4,771990200,edges-cov,pca,0.4958105106157582,0.7041381331924556
5.0,fixed,3001,4,771990200,node-var,sfa,0.5098678930196552,0.7140503434770233
5.0,fixed,3001,4,771990200,node-var,pca,0.49735937121467433,0.7052371028346944
5.0,proportional,501,4,771990200,edges-corr,sfa,0.5011438362039699,0.7079151334757362
5.0,proportional,501,4,771990200,edges-corr,pca,0.5553864698201865,0.7452425577086873
5.0,proportional,501,4,771990200,edges-cov,sfa,0.2538023771052993,0.5037880279495526
5.0,proportional,501,4,771990200,edges-cov,pca,0.26236389873648236,0.5122146998441988
5.0,proportional,501,4,771990200,node-var,sfa,0.24203513479248562,0.49197066456495675
5.0,proportional,501,4,771990200,node-var,pca,0.27686064982023517,0.5261754933672169
5.0,fixed,3001,4,774875821,edges-corr,sfa,0.8025878900848392,0.895872697477069
5.0,fixed,3001,4,774875821,edges-corr,pca,0.5547705226549369,0.7448291902543401
5.0,fixed,3001,4,774875821,edges-cov,sfa,0.606212797734824,0.7785966848984296
5.0,fixed,3001,4,774875821,edges-cov,pca,0.4796177110217599,0.6925443747672492
5.0,fixed,3001,4,774875821,node-var,sfa,0.5681722442565158,0.7537720107940565
5.0,fixed,3001,4,774875821,node-var,pca,0.5145395409967978,0.7173141159888038
5.0,proportional,501,4,774875821,edges-corr,sfa,0.6742865146731958,0.8211495081123747
5.0,proportional,501,4,774875821,edges-corr,pca,0.3378212034998179,0.5812238841443262
5.0,proportional,501,4,774875821,edges-cov,sfa,0.44156117917157445,0.6645006991505523
5.0,proportional,501,4,774875821,edges-cov,pca,0.2883170548283682,0.536951631740111
5.0,proportional,501,4,774875821,node-var,sfa,0.40905901053020544,0.639577212328742
5.0,proportional,501,4,774875821,node-var,pca,0.3296670203546197,0.574166369926538
5.0,fixed,3001,4,778240327,edges-corr,sfa,0.5472114430065507,0.7397374149024438
5.0,fixed,3001,4,778240327,edges-corr,pca,0.2825972102365055,0.5315987304692379
5.0,fixed,3001,4,778240327,edges-cov,sfa,0.6385077067834386,0.799066772418575
5.0,fixed,3001,4,778240327,edges-cov,pca,0.30496249380574314,0.5522340933025984
5.0,fixed,3001,4,778240327,node-var,sfa,0.4814625138906853,0.6938749987502689
5.0,fixed,3001,4,778240327,node-var,pca,0.43198027148326545,0.6572520608436809
5.0,proportional,501,4,778240327,edges-corr,sfa,0.33620442785461624,0.5798313788116475
5.0,proportional,501,4,778240327,edges-corr,pca,0.06251296224041791,0.2500259231368176
5.0,proportional,501,4,778240327,edges-cov,sfa,0.6233919178035148,0.7895517195241322
5.0,proportional,501,4,778240327,edges-cov,pca,0.36225505202237507,0.6018762763412219
5.0,proportional,501,4,778240327,node-var,sfa,0.49264973995060146,0.7018901195704361
5.0,proportional,501,4,778240327,node-var,pca,0.46983528662235485,0.6854453199361383
5.0,fixed,3001,4,778998620,edges-corr,sfa,0.2948800075623239,0.5430285513325461
5.0,fixed,3001,4,778998620,edges-corr,pca,0.26386009392857557,0.5136731391931796
5.0,fixed,3001,4,778998620,edges-cov,sfa,0.7820495768372548,0.8843356697754852
5.0,fixed,3001,4,778998620,edges-cov,pca,0.610881884432271,0.7815893323429322
5.0,fixed,3001,4,778998620,node-var,sfa,0.7205215182279803,0.8488353893588441
5.0,fixed,3001,4,778998620,node-var,pca,0.7170340608547827,0.846778637457738
5.0,proportional,501,4,778998620,edges-corr,sfa,0.24282101025588,0.4927687188284993
5.0,proportional,501,4,778998620,edges-corr,pca,0.16328191092113598,0.40408156468853657
5.0,proportional,501,4,778998620,edges-cov,sfa,0.4871544834830738,0.6979645288143758
5.0,proportional,501,4,778998620,edges-cov,pca,0.33770677763605006,0.5811254405341849
5.0,proportional,501,4,778998620,node-var,sfa,0.44627973950797784,0.6680417198858003
5.0,proportional,501,4,778998620,node-var,pca,0.4493631316371973,0.6703455315262404
5.0,fixed,3001,4,779839471,edges-corr,sfa,0.9307675341500811,0.9647629419448494
5.0,fixed,3001,4,779839471,edges-corr,pca,0.6982773068323614,0.8356298862728407
5.0,fixed,3001,4,779839471,edges-cov,sfa,0.5841058692736594,0.7642681919808391
5.0,fixed,3001,4,779839471,edges-cov,pca,0.5577569053698488,0.7468312428988548
5.0,fixed,3001,4,779839471,node-var,sfa,0.5892524582855379,0.7676278123449795
5.0,fixed,3001,4,779839471,node-var,pca,0.5819326504875912,0.7628451025520129
5.0,proportional,501,4,779839471,edges-corr,sfa,0.4408385485961477,0.6639567369913095
5.0,proportional,501,4,779839471,edges-corr,pca,0.3635921284712451,0.6029860101787141
5.0,proportional,501,4,779839471,edges-cov,sfa,0.3851266688549362,0.6205857465773252
5.0,proportional,501,4,779839471,edges-cov,pca,0.3395635993607068,0.5827208588687263
5.0,proportional,501,4,779839471,node-var,sfa,0.36568321898038847,0.6047174703780174
5.0,proportional,501,4,779839471,node-var,pca,0.3780400678865986,0.6148496303053275
5.0,fixed,3001,4,781842082,edges-corr,sfa,0.8948711524730646,0.9459762959361439
5.0,fixed,3001,4,781842082,edges-corr,pca,0.7966475014157196,0.8925511197773015
5.0,fixed,3001,4,781842082,edges-cov,sfa,0.6457215172408957,0.8035679916727001
5.0,fixed,3001,4,781842082,edges-cov,pca,0.6135757471034501,0.7833107602372443
5.0,fixed,3001,4,781842082,node-var,sfa,0.6799391979641722,0.8245842576499817
5.0,fixed,3001,4,781842082,node-var,pca,0.6508018695778461,0.8067229199532182
5.0,proportional,501,4,781842082,edges-corr,sfa,0.6430849640550482,0.8019257846303811
5.0,proportional,501,4,781842082,edges-corr,pca,0.5931347162398742,0.7701523980614972
5.0,proportional,501,4,781842082,edges-cov,sfa,0.41960103510556834,0.647766188609416
5.0,proportional,501,4,781842082,edges-cov,pca,0.4096998135515961,0.6400779745871558
5.0,proportional,501,4,781842082,node-var,sfa,0.46945405054825673,0.6851671697828619
5.0,proportional,501,4,781842082,node-var,pca,0.4515098592880369,0.671944833515399
5.0,fixed,3001,4,786091066,edges-corr,sfa,0.7668352028810289,0.8756912714427555
5.0,fixed,3001,4,786091066,edges-corr,pca,0.00920977003535961,0.0959675467820236
5.0,fixed,3001,4,786091066,edges-cov,sfa,0.8529203769882079,0.9235368844763094
5.0,fixed,3001,4,786091066,edges-cov,pca,0.011216628006503693,0.1059085832522743
5.0,fixed,3001,4,786091066,node-var,sfa,0.7327218378154992,0.855991727655998
5.0,fixed,3001,4,786091066,node-var,pca,0.04412983060952591,0.2100710132539142
5.0,proportional,501,4,786091066,edges-corr,sfa,0.3181856486726319,0.5640794701747543
5.0,proportional,501,4,786091066,edges-corr,pca,2.0918764385702282e-05,0.004573703574326113
5.0,proportional,501,4,786091066,edges-cov,sfa,0.54009685160471,0.7349128190504712
5.0,proportional,501,4,786091066,edges-cov,pca,0.005575548092774163,0.07466959282582321
5.0,proportional,501,4,786091066,node-var,sfa,0.3610085014439469,0.6008398301077812
5.0,proportional,501,4,786091066,node-var,pca,0.013926589472397555,0.11801097183057858
5.0,fixed,3001,4,787025148,edges-corr,sfa,0.2906530926265407,0.5391225209788033
5.0,fixed,3001,4,787025148,edges-corr,pca,0.32354592559537254,0.5688109752768254
5.0,fixed,3001,4,787025148,edges-cov,sfa,0.44153975964533365,0.6644845819470415
5.0,fixed,3001,4,787025148,edges-cov,pca,0.0835785067191237,0.2890994754736229
5.0,fixed,3001,4,787025148,node-var,sfa,0.3444140608049612,0.5868680096963552
5.0,fixed,3001,4,787025148,node-var,pca,0.023833111473086088,0.15437976380693944
5.0,proportional,501,4,787025148,edges-corr,sfa,0.03247401637739511,0.18020548376060885
5.0,proportional,501,4,787025148,edges-corr,pca,0.5715312744916963,0.7559968746573598
5.0,proportional,501,4,787025148,edges-cov,sfa,0.007639476631085218,0.08740409962401707
5.0,proportional,501,4,787025148,edges-cov,pca,0.018541619511222684,0.13616761550097992
5.0,proportional,501,4,787025148,node-var,sfa,0.0012287180751335836,0.035053075116649575
5.0,proportional,501,4,787025148,node-var,pca,0.0002664417488903448,0.016323043493484304
5.0,fixed,3001,4,789848216,edges-corr,sfa,0.8965567184108787,0.9468667902143788
5.0,fixed,3001,4,789848216,edges-corr,pca,0.5993893823049092,0.7742024168813413
5.0,fixed,3001,4,789848216,edges-cov,sfa,0.8747794431712581,0.9352964466794782
5.0,fixed,3001,4,789848216,edges-cov,pca,0.7727133503892128,0.8790411539792736
5.0,fixed,3001,4,789848216,node-var,sfa,0.8158033372198084,0.9032183220129051
5.0,fixed,3001,4,789848216,node-var,pca,0.6778689684529433,0.8233279835235428
5.0,proportional,501,4,789848216,edges-corr,sfa,0.6957651686423463,0.8341253914384488
5.0,proportional,501,4,789848216,edges-corr,pca,0.24722490052656265,0.4972171563075457
5.0,proportional,501,4,789848216,edges-cov,sfa,0.6467357048857663,0.8041987968691372
5.0,proportional,501,4,789848216,edges-cov,pca,0.17767007008393343,0.421509276391319
5.0,proportional,501,4,789848216,node-var,sfa,0.5592276662677411,0.7478152621254409
5.0,proportional,501,4,789848216,node-var,pca,0.00028283909152870823,0.016817820653362327
5.0,fixed,3001,4,793224716,edges-corr,sfa,0.8264590485119516,0.9090979311999068
5.0,fixed,3001,4,793224716,edges-corr,pca,0.8421242901750674,0.9176733025293207
5.0,fixed,3001,4,793224716,edges-cov,sfa,0.7309481566307414,0.8549550611761656
5.0,fixed,3001,4,793224716,edges-cov,pca,0.695412112213886,0.8339137318775162
5.0,fixed,3001,4,793224716,node-var,sfa,0.7814747286466603,0.8840105930624708
5.0,fixed,3001,4,793224716,node-var,pca,0.7724439711524513,0.8788879172866425
5.0,proportional,501,4,793224716,edges-corr,sfa,0.6268577263134227,0.7917434725423534
5.0,proportional,501,4,793224716,edges-corr,pca,0.5543041438084719,0.7445160467098562
5.0,proportional,501,4,793224716,edges-cov,sfa,0.41603094484606595,0.6450046083913408
5.0,proportional,501,4,793224716,edges-cov,pca,0.38054130997283453,0.6168803044131288
5.0,proportional,501,4,793224716,node-var,sfa,0.4633627582225225,0.6807075423575986
5.0,proportional,501,4,793224716,node-var,pca,0.4620914478593391,0.679773085565573
5.0,fixed,3001,4,794812542,edges-corr,sfa,0.7043147496316757,0.8392346213256906
5.0,fixed,3001,4,794812542,edges-corr,pca,0.49146796372558443,0.7010477613726356
5.0,fixed,3001,4,794812542,edges-cov,sfa,0.8404035502542523,0.9167352672687199
5.0,fixed,3001,4,794812542,edges-cov,pca,0.7527439016293197,0.8676081498172554
5.0,fixed,3001,4,794812542,node-var,sfa,0.789713714735436,0.8886583790948211
5.0,fixed,3001,4,794812542,node-var,pca,0.7997894003445599,0.8943094544644834
5.0,proportional,501,4,794812542,edges-corr,sfa,0.5126919882242964,0.7160251310005091
5.0,proportional,501,4,794812542,edges-corr,pca,0.39644055551542856,0.6296352559342812
5.0,proportional,501,4,794812542,edges-cov,sfa,0.5717693241786754,0.7561542991867956
5.0,proportional,501,4,794812542,edges-cov,pca,0.4309761826482267,0.6564877627558842
5.0,proportional,501,4,794812542,node-var,sfa,0.4936914472306332,0.7026318006115523
5.0,proportional,501,4,794812542,node-var,pca,0.4989906512506773,0.7063927032824433
5.0,fixed,3001,4,816200189,edges-corr,sfa,0.8314451194140813,0.9118361253065609
5.0,fixed,3001,4,816200189,edges-corr,pca,0.7316248405587513,0.8553507120232918
5.0,fixed,3001,4,816200189,edges-cov,sfa,0.539994253042888,0.734843012515522
5.0,fixed,3001,4,816200189,edges-cov,pca,0.5176441785673747,0.7194749325496856
5.0,fixed,3001,4,816200189,node-var,sfa,0.5268045834723363,0.7258130499462907
5.0,fixed,3001,4,816200189,node-var,pca,0.5394026547083833,0.7344403683815198
5.0,proportional,501,4,816200189,edges-corr,sfa,0.44688219310375177,0.6684924779709579
5.0,proportional,501,4,816200189,edges-corr,pca,0.3435658535726691,0.5861449083397975
5.0,proportional,501,4,816200189,edges-cov,sfa,0.2278942555915302,0.4773827139638908
5.0,proportional,501,4,816200189,edges-cov,pca,0.21844450282140482,0.4673804690200529
5.0,proportional,501,4,816200189,node-var,sfa,0.2334169224081184,0.4831324067045373
5.0,proportional,501,4,816200189,node-var,pca,0.2380749490580838,0.48792924595486564
5.0,fixed,3001,4,829720705,edges-corr,sfa,0.746554999948541,0.8640341428141269
5.0,fixed,3001,4,829720705,edges-corr,pca,0.7050006500392083,0.8396431682799584
5.0,fixed,3001,4,829720705,edges-cov,sfa,0.851390277774208,0.9227081216583098
5.0,fixed,3001,4,829720705,edges-cov,pca,0.8158250669557119,0.903230350993429
5.0,fixed,3001,4,829720705,node-var,sfa,0.8346130268832006,0.913571577317946
5.0,fixed,3001,4,829720705,node-var,pca,0.8461244913020709,0.9198502548252483
5.0,proportional,501,4,829720705,edges-corr,sfa,0.46115237386617425,0.67908200820385
5.0,proportional,501,4,829720705,edges-corr,pca,0.4421424567035678,0.6649379344747666
5.0,proportional,501,4,829720705,edges-cov,sfa,0.5549925928658875,0.7449782499280688
5.0,proportional,501,4,829720705,edges-cov,pca,0.5128663987782356,0.7161469114492064
5.0,proportional,501,4,829720705,node-var,sfa,0.5550518264017208,0.7450180040789095
5.0,proportional,501,4,829720705,node-var,pca,0.5560848684605202,0.7457109818559204
5.0,fixed,3001,4,831882777,edges-corr,sfa,0.056272323425462845,0.2372178817573893
5.0,fixed,3001,4,831882777,edges-corr,pca,0.12933044951367334,0.3596254294591433
5.0,fixed,3001,4,831882777,edges-cov,sfa,0.36382696697813866,0.6031807083935452
5.0,fixed,3001,4,831882777,edges-cov,pca,0.570531069884352,0.7553350712659598
5.0,fixed,3001,4,831882777,node-var,sfa,0.29080149640941144,0.5392601379755522
5.0,fixed,3001,4,831882777,node-var,pca,0.30215944952565066,0.5496903214771486
5.0,proportional,501,4,831882777,edges-corr,sfa,0.011690153158742334,0.10812101164316906
5.0,proportional,501,4,831882777,edges-corr,pca,0.12007050857502644,0.34651191693075517
5.0,proportional,501,4,831882777,edges-cov,sfa,0.15683700454438487,0.39602652000135646
5.0,proportional,501,4,831882777,edges-cov,pca,0.19690140445882398,0.44373573718917864
5.0,proportional,501,4,831882777,node-var,sfa,0.10523050758395713,0.3243925208508319
5.0,proportional,501,4,831882777,node-var,pca,0.11807654162475001,0.3436226733275178
5.0,fixed,3001,4,835479236,edges-corr,sfa,0.8546881048376647,0.9244934314735099
5.0,fixed,3001,4,835479236,edges-corr,pca,0.8533577752572765,0.923773660188077
5.0,fixed,3001,4,835479236,edges-cov,sfa,0.9125993895811293,0.9553006801950512
5.0,fixed,3001,4,835479236,edges-cov,pca,0.8871467043730372,0.9418846555566333
5.0,fixed,3001,4,835479236,node-var,sfa,0.8801851826599908,0.938181849462028
5.0,fixed,3001,4,835479236,node-var,pca,0.8687400123248508,0.9320622362937202
5.0,proportional,501,4,835479236,edges-corr,sfa,0.7859715016124421,0.8865503378897576
5.0,proportional,501,4,835479236,edges-corr,pca,0.7346199493797306,0.8570997312913652
5.0,proportional,501,4,835479236,edges-cov,sfa,0.7982761605768223,0.8934630157856694
5.0,proportional,501,4,835479236,edges-cov,pca,0.6942868934093772,0.8332387973500613
5.0,proportional,501,4,835479236,node-var,sfa,0.6669754337386364,0.8166856394835386
5.0,proportional,501,4,835479236,node-var,pca,0.5937507290764789,0.7705522234582669
5.0,fixed,3001,4,839068429,edges-corr,sfa,0.006141988459048897,0.07837083934123064
5.0,fixed,3001,4,839068429,edges-corr,pca,0.00528351118708148,0.07268776504392858
5.0,fixed,3001,4,839068429,edges-cov,sfa,0.039288354357344235,0.1982129015915565
5.0,fixed,3001,4,839068429,edges-cov,pca,0.08704348675079343,0.2950313318120517
5.0,fixed,3001,4,839068429,node-var,sfa,0.04958041043638173,0.2226665903012432
5.0,fixed,3001,4,839068429,node-var,pca,0.12407040270177672,0.35223628816715724
5.0,proportional,501,4,839068429,edges-corr,sfa,0.008732493875682867,0.09344781364848948
5.0,proportional,501,4,839068429,edges-corr,pca,0.0019289674220829278,0.043920011635730394
5.0,proportional,501,4,839068429,edges-cov,sfa,0.051781245143514454,0.22755492775045436
5.0,proportional,501,4,839068429,edges-cov,pca,0.051891841613097456,0.22779780862224616
5.0,proportional,501,4,839068429,node-var,sfa,0.052601836979667915,0.22935090359461827
5.0,proportional,501,4,839068429,node-var,pca,0.06649977795186257,0.25787550863132086
5.0,fixed,3001,4,847657808,edges-corr,sfa,0.6271317834614569,0.791916525564063
5.0,fixed,3001,4,847657808,edges-corr,pca,0.3577862998051027,0.5981524051653586
5.0,fixed,3001,4,847657808,edges-cov,sfa,0.3462978676651999,0.5884707874357064
5.0,fixed,3001,4,847657808,edges-cov,pca,0.23806657637557027,0.48792066606731305
5.0,fixed,3001,4,847657808,node-var,sfa,0.08562818519720383,0.29262294031262104
5.0,fixed,3001,4,847657808,node-var,pca,0.020026264046492548,0.1415141831990437
5.0,proportional,501,4,847657808,edges-corr,sfa,0.3051698460967116,0.5524218008883355
5.0,proportional,501,4,847657808,edges-corr,pca,0.1920761011937382,0.4382648756103304
5.0,proportional,501,4,847657808,edges-cov,sfa,0.007863725361705765,0.08867764860271046
5.0,proportional,501,4,847657808,edges-cov,pca,0.14936212639665014,0.38647396600113976
5.0,proportional,501,4,847657808,node-var,sfa,0.026803525201560263,0.16371782188130982
5.0,proportional,501,4,847657808,node-var,pca,0.010216548145538296,0.10107694171045364
3.0,fixed,3001,0,766640955,edges-corr,sfa,0.5286759029731289,0.7271010266621337
3.0,fixed,3001,0,766640955,edges-corr,pca,0.3424652622729901,0.5852053163403338
3.0,fixed,3001,0,766640955,edges-cov,sfa,0.21004214551583633,0.4583035517163668
3.0,fixed,3001,0,766640955,edges-cov,pca,0.011478083784091764,0.10713581933271328
3.0,fixed,3001,0,766640955,node-var,sfa,0.06272385992188145,0.2504473196540174
3.0,fixed,3001,0,766640955,node-var,pca,0.04796802727181715,0.2190160434119316
3.0,proportional,301,0,766640955,edges-corr,sfa,0.16445340994016722,0.40552855625734574
3.0,proportional,301,0,766640955,edges-corr,pca,0.011920964977169213,0.10918317167571756
3.0,proportional,301,0,766640955,edges-cov,sfa,0.12039485227426627,0.3469796136291962
3.0,proportional,301,0,766640955,edges-cov,pca,0.015591366076658009,0.12486539182919337
3.0,proportional,301,0,766640955,node-var,sfa,0.07306372050087373,0.2703030160780189
3.0,proportional,301,0,766640955,node-var,pca,0.054081544301408435,0.23255438998524258
3.0,fixed,3001,0,767871931,edges-corr,sfa,0.9563953975390745,0.9779547011692696
3.0,fixed,3001,0,767871931,edges-corr,pca,0.9293254224959641,0.9640152605098973
3.0,fixed,3001,0,767871931,edges-cov,sfa,0.9354503500999032,0.9671868227493092
3.0,fixed,3001,0,767871931,edges-cov,pca,0.9108251459851118,0.9543715974321068
3.0,fixed,3001,0,767871931,node-var,sfa,0.9342664068098223,0.9665745738481956
3.0,fixed,3001,0,767871931,node-var,pca,0.9373783854428382,0.968183033027763
3.0,proportional,301,0,767871931,edges-corr,sfa,0.7651627512797095,0.8747358179929011
3.0,proportional,301,0,767871931,edges-corr,pca,0.7068398952848222,0.8407377089704151
3.0,proportional,301,0,767871931,edges-cov,sfa,0.6074835122616902,0.7794122864451711
3.0,proportional,301,0,767871931,edges-cov,pca,0.14966171543159734,0.38686136461476384
3.0,proportional,301,0,767871931,node-var,sfa,0.5501370540147901,0.7417122447518248
3.0,proportional,301,0,767871931,node-var,pca,0.11221133890842039,0.3349796096905311
3.0,fixed,3001,0,771160300,edges-corr,sfa,0.27364654050644044,0.5231123593516412
3.0,fixed,3001,0,771160300,edges-corr,pca,0.05657177474719921,0.23784821787686206
3.0,fixed,3001,0,771160300,edges-cov,sfa,0.382801692804568,0.6187096999438165
3.0,fixed,3001,0,771160300,edges-cov,pca,0.3475351841539881,0.5895211481821393
3.0,fixed,3001,0,771160300,node-var,sfa,0.40591286906313895,0.6371129170430768
3.0,fixed,3001,0,771160300,node-var,pca,0.42055777495519653,0.6485042597818429
3.0,proportional,301,0,771160300,edges-corr,sfa,0.004581087240807524,0.06768372951313735
3.0,proportional,301,0,771160300,edges-corr,pca,0.11533902155881892,0.3396159913178692
3.0,proportional,301,0,771160300,edges-cov,sfa,0.2907857829767888,0.53924556834228
3.0,proportional,301,0,771160300,edges-cov,pca,0.24594739484002126,0.49593083675046973
3.0,proportional,301,0,771160300,node-var,sfa,0.2901698402991777,0.5386741503907322
3.0,proportional,301,0,771160300,node-var,pca,0.26938383278485245,0.5190219964364248
3.0,fixed,3001,0,771990200,edges-corr,sfa,0.8219179083251994,0.9065968830330261
3.0,fixed,3001,0,771990200,edges-corr,pca,0.829976234838008,0.9110303149939671
3.0,fixed,3001,0,771990200,edges-cov,sfa,0.8085017836696262,0.8991672723523839
3.0,fixed,3001,0,771990200,edges-cov,pca,0.7346366646227572,0.8571094822849403
3.0,fixed,3001,0,771990200,node-var,sfa,0.8107057423626495,0.9003919937242055
3.0,fixed,3001,0,771990200,node-var,pca,0.5990160174272662,0.7739612505980298
3.0,proportional,301,0,771990200,edges-corr,sfa,0.4034678865313892,0.6351912204457713
3.0,proportional,301,0,771990200,edges-corr,pca,0.25955536304551063,0.5094657623879254
3.0,proportional,301,0,771990200,edges-cov,sfa,0.43739691889920207,0.6613599011878484
3.0,proportional,301,0,771990200,edges-cov,pca,0.16233035147365849,0.40290240936690674
3.0,proportional,301,0,771990200,node-var,sfa,0.45586413068006015,0.6751771106014036
3.0,proportional,301,0,771990200,node-var,pca,0.1385891750777225,0.37227567081092233
3.0,fixed,3001,0,774875821,edges-corr,sfa,0.7789096409555527,0.8825585765010459
3.0,fixed,3001,0,774875821,edges-corr,pca,0.6857241632173908,0.828084635298465
3.0,fixed,3001,0,774875821,edges-cov,sfa,0.6484877463455596,0.8052873687979708
3.0,fixed,3001,0,774875821,edges-cov,pca,0.6539711045864751,0.8086847992799637
3.0,fixed,3001,0,774875821,node-var,sfa,0.7301461031528369,0.8544858706572257
3.0,fixed,3001,0,774875821,node-var,pca,0.6762570668901766,0.8223485069544276
3.0,proportional,301,0,774875821,edges-corr,sfa,0.4308783368534975,0.6564132363484889
3.0,proportional,301,0,774875821,edges-corr,pca,0.08807135537958921,0.2967681845811465
3.0,proportional,301,0,774875821,edges-cov,sfa,0.20771624279373857,0.4557589744522186
3.0,proportional,301,0,774875821,edges-cov,pca,0.10231811445354133,0.31987202824495453
3.0,proportional,301,0,774875821,node-var,sfa,0.21134174738462774,0.4597192049334327
3.0,proportional,301,0,774875821,node-var,pca,0.12162359365677222,0.3487457435679636
3.0,fixed,3001,0,778240327,edges-corr,sfa,0.8010804749203358,0.8950309910390454
3.0,fixed,3001,0,778240327,edges-corr,pca,0.5350537387604928,0.7314736760543693
3.0,fixed,3001,0,778240327,edges-cov,sfa,0.5704731958527478,0.7552967601232958
3.0,fixed,3001,0,778240327,edges-cov,pca,0.6068553281150447,0.7790091964252055
3.0,fixed,3001,0,778240327,node-var,sfa,0.5915108827028512,0.7690974468185748
3.0,fixed,3001,0,778240327,node-var,pca,0.5868100147497253,0.7660352568581449
3.0,proportional,301,0,778240327,edges-corr,sfa,0.5437678862405444,0.7374061880948275
3.0,proportional,301,0,778240327,edges-corr,pca,0.31608353244998966,0.5622130667727222
3.0,proportional,301,0,778240327,edges-cov,sfa,0.47139004837920606,0.6865785085328587
3.0,proportional,301,0,778240327,edges-cov,pca,0.44338333907968663,0.6658703620673371
3.0,proportional,301,0,778240327,node-var,sfa,0.5002449439899568,0.7072799615357105
3.0,proportional,301,0,778240327,node-var,pca,0.4683687821911723,0.6843747381304867
3.0,fixed,3001,0,778998620,edges-corr,sfa,0.9547142361376921,0.9770947938340945
3.0,fixed,3001,0,778998620,edges-corr,pca,0.7724231780096154,0.8788760879723696
3.0,fixed,3001,0,778998620,edges-cov,sfa,0.9533426796306785,0.9763926872066789
3.0,fixed,3001,0,778998620,edges-cov,pca,0.8878207004891696,0.9422423788437723
3.0,fixed,3001,0,778998620,node-var,sfa,0.9108612893648148,0.9543905329396425
3.0,fixed,3001,0,778998620,node-var,pca,0.8645339477028957,0.9298031768621229
3.0,proportional,301,0,778998620,edges-corr,sfa,0.590812587002572,0.7686433418709705
3.0,proportional,301,0,778998620,edges-corr,pca,0.2830648013653245,0.532038345765909
3.0,proportional,301,0,778998620,edges-cov,sfa,0.5647726527880854,0.7515135745867043
3.0,proportional,301,0,778998620,edges-cov,pca,0.23907551799911242,0.4889534926750319
3.0,proportional,301,0,778998620,node-var,sfa,0.5619125374434313,0.7496082559867059
3.0,proportional,301,0,778998620,node-var,pca,0.060248006989030656,0.24545469437154893
3.0,fixed,3001,0,779839471,edges-corr,sfa,0.5332675787652852,0.7302517228773142
3.0,fixed,3001,0,779839471,edges-corr,pca,0.4622105498891631,0.6798606841766657
3.0,fixed,3001,0,779839471,edges-cov,sfa,0.7576046286087913,0.8704048647662709
3.0,fixed,3001,0,779839471,edges-cov,pca,0.7005509617492511,0.8369892243925553
3.0,fixed,3001,0,779839471,node-var,sfa,0.7305291634429003,0.8547099879157258
3.0,fixed,3001,0,779839471,node-var,pca,0.7385000064862328,0.8593602309196262
3.0,proportional,301,0,779839471,edges-corr,sfa,0.07110197429058995,0.2666495345778615
3.0,proportional,301,0,779839471,edges-corr,pca,0.21997478481972765,0.4690146957396196
3.0,proportional,301,0,779839471,edges-cov,sfa,0.4463014196028543,0.6680579462912285
3.0,proportional,301,0,779839471,edges-cov,pca,0.343052263747475,0.5857066362501586
3.0,proportional,301,0,779839471,node-var,sfa,0.3896752489474701,0.624239736757818
3.0,proportional,301,0,779839471,node-var,pca,0.40896884705390635,0.6395067216643675
3.0,fixed,3001,0,781842082,edges-corr,sfa,0.8104185928481685,0.9002325215454989
3.0,fixed,3001,0,781842082,edges-corr,pca,0.8043092448400608,0.8968328968319917
3.0,fixed,3001,0,781842082,edges-cov,sfa,0.827073036646934,0.9094355593701703
3.0,fixed,3001,0,781842082,edges-cov,pca,0.805191277650415,0.897324510782145
3.0,fixed,3001,0,781842082,node-var,sfa,0.8140614855440698,0.9022535594521471
3.0,fixed,3001,0,781842082,node-var,pca,0.8238842234803287,0.9076806836549565
3.0,proportional,301,0,781842082,edges-corr,sfa,0.3235711795845255,0.5688331737728786
3.0,proportional,301,0,781842082,edges-corr,pca,0.23108681246458918,0.4807148972775749
3.0,proportional,301,0,781842082,edges-cov,sfa,0.39750877430786,0.6304829690862866
3.0,proportional,301,0,781842082,edges-cov,pca,0.32278899432478037,0.5681452229182083
3.0,proportional,301,0,781842082,node-var,sfa,0.3724330095724617,0.6102728976224171
3.0,proportional,301,0,781842082,node-var,pca,0.3740992341281131,0.6116365212510722
3.0,fixed,3001,0,786091066,edges-corr,sfa,0.2509605577662375,0.500959636863328
3.0,fixed,3001,0,786091066,edges-corr,pca,0.5775012116613941,0.7599350048927825
3.0,fixed,3001,0,786091066,edges-cov,sfa,0.842174641145015,0.9177007361580428
3.0,fixed,3001,0,786091066,edges-cov,pca,0.6873284875077135,0.8290527652132362
3.0,fixed,3001,0,786091066,node-var,sfa,0.874184593939052,0.9349783922310995
3.0,fixed,3001,0,786091066,node-var,pca,0.7875198642009574,0.8874231596036676
3.0,proportional,301,0,786091066,edges-corr,sfa,0.0662974321512908,0.2574828773943829
3.0,proportional,301,0,786091066,edges-corr,pca,0.13840307251188855,0.3720256342134081
3.0,proportional,301,0,786091066,edges-cov,sfa,0.5122027420461635,0.7156834090896367
3.0,proportional,301,0,786091066,edges-cov,pca,0.24837779146533256,0.49837515133213967
3.0,proportional,301,0,786091066,node-var,sfa,0.5707438461091325,0.7554759070341911
3.0,proportional,301,0,786091066,node-var,pca,0.4010640632129777,0.6332961891666317
3.0,fixed,3001,0,787025148,edges-corr,sfa,0.43067902894808063,0.6562614029089937
3.0,fixed,3001,0,787025148,edges-corr,pca,0.556350805230879,0.7458892714276554
3.0,fixed,3001,0,787025148,edges-cov,sfa,0.5432577254399636,0.737060191191983
3.0,fixed,3001,0,787025148,edges-cov,pca,0.45277908137883394,0.672888609933943
3.0,fixed,3001,0,787025148,node-var,sfa,0.5275795864263072,0.7263467398056572
3.0,fixed,3001,0,787025148,node-var,pca,0.16597066537848182,0.4073949746603191
3.0,proportional,301,0,787025148,edges-corr,sfa,0.043538280395251205,0.20865828618880955
3.0,proportional,301,0,787025148,edges-corr,pca,0.16787776611211225,0.4097288934309031
3.0,proportional,301,0,787025148,edges-cov,sfa,0.033140048975462966,0.18204408525261956
3.0,proportional,301,0,787025148,edges-cov,pca,0.14541670190935618,0.38133541916448815
3.0,proportional,301,0,787025148,node-var,sfa,0.174725528410281,0.41800182823796456
3.0,proportional,301,0,787025148,node-var,pca,0.02360397491754118,0.15363585166731475
3.0,fixed,3001,0,789848216,edges-corr,sfa,0.8585856195950472,0.9265989529429908
3.0,fixed,3001,0,789848216,edges-corr,pca,0.6757596583948248,0.822046019633222
3.0,fixed,3001,0,789848216,edges-cov,sfa,0.8900081802555613,0.9434024487224749
3.0,fixed,3001,0,789848216,edges-cov,pca,0.8531154997105064,0.9236425172708909
3.0,fixed,3001,0,789848216,node-var,sfa,0.7811084738138642,0.8838034135563547
3.0,fixed,3001,0,789848216,node-var,pca,0.7100232721712494,0.8426287866974689
3.0,proportional,301,0,789848216,edges-corr,sfa,0.5940168187389975,0.7707248657847993
3.0,proportional,301,0,789848216,edges-corr,pca,0.1028913662237787,0.32076684090438456
3.0,proportional,301,0,789848216,edges-cov,sfa,0.5830631829687155,0.7635857404173517
3.0,proportional,301,0,789848216,edges-cov,pca,0.2721740881916954,0.5217030651545909
3.0,proportional,301,0,789848216,node-var,sfa,0.5127144229838112,0.7160407970107645
3.0,proportional,301,0,789848216,node-var,pca,0.01356347644108502,0.11646233915341463
3.0,fixed,3001,0,793224716,edges-corr,sfa,0.9487221674528706,0.9740236996361387
3.0,fixed,3001,0,793224716,edges-corr,pca,0.9788623985596017,0.9893747513250999
3.0,fixed,3001,0,793224716,edges-cov,sfa,0.694331055083282,0.8332652969392657
3.0,fixed,3001,0,793224716,edges-cov,pca,0.7358375618820943,0.8578097469031779
3.0,fixed,3001,0,793224716,node-var,sfa,0.7000683042176072,0.836700845115868
3.0,fixed,3001,0,793224716,node-var,pca,0.6565592652490133,0.8102834474731747
3.0,proportional,301,0,793224716,edges-corr,sfa,0.7277954424830915,0.8531092793324253
3.0,proportional,301,0,793224716,edges-corr,pca,0.683528102635607,0.8267575839601395
3.0,proportional,301,0,793224716,edges-cov,sfa,0.42385903262596825,0.6510445703836021
3.0,proportional,301,0,793224716,edges-cov,pca,0.3784351959627371,0.6151708672903303
3.0,proportional,301,0,793224716,node-var,sfa,0.43735243879545005,0.6613262725731148
3.0,proportional,301,0,793224716,node-var,pca,0.4051690894368867,0.636528938412769
3.0,fixed,3001,0,794812542,edges-corr,sfa,0.00016221858168818937,0.012736505866530535
3.0,fixed,3001,0,794812542,edges-corr,pca,0.05532533220400104,0.23521337590366942
3.0,fixed,3001,0,794812542,edges-cov,sfa,0.4989969840686731,0.7063971857734662
3.0,fixed,3001,0,794812542,edges-cov,pca,0.47137419447107864,0.6865669628456339
3.0,fixed,3001,0,794812542,node-var,sfa,0.6516347936779446,0.8072389941510159
3.0,fixed,3001,0,794812542,node-var,pca,0.5816089309403158,0.7626328939537782
3.0,proportional,301,0,794812542,edges-corr,sfa,0.2257804269792223,0.47516357918007834
3.0,proportional,301,0,794812542,edges-corr,pca,0.1936759461229408,0.4400862939503354
3.0,proportional,301,0,794812542,edges-cov,sfa,0.3869988186483083,0.6220922911018176
3.0,proportional,301,0,794812542,edges-cov,pca,0.26894725318830714,0.5186012468055856
3.0,proportional,301,0,794812542,node-var,sfa,0.3332693453387383,0.5772948513010825
3.0,proportional,301,0,794812542,node-var,pca,0.3236142690201038,0.5688710477956355
3.0,fixed,3001,0,816200189,edges-corr,sfa,0.8465531327977952,0.9200832205826796
3.0,fixed,3001,0,816200189,edges-corr,pca,0.7109532771001938,0.8431804534618874
3.0,fixed,3001,0,816200189,edges-cov,sfa,0.6679798707569522,0.8173003552898733
3.0,fixed,3001,0,816200189,edges-cov,pca,0.6169996724139781,0.7854932669437581
3.0,fixed,3001,0,816200189,node-var,sfa,0.6451639891957135,0.8032210089357192
3.0,fixed,3001,0,816200189,node-var,pca,0.651170149318554,0.806951144319502
3.0,proportional,301,0,816200189,edges-corr,sfa,0.4870064745446424,0.6978584917765509
3.0,proportional,301,0,816200189,edges-corr,pca,0.31184343994179664,0.5584294404325367
3.0,proportional,301,0,816200189,edges-cov,sfa,0.1960779558189626,0.4428069057941193
3.0,proportional,301,0,816200189,edges-cov,pca,0.19158728476476772,0.43770684797563725
3.0,proportional,301,0,816200189,node-var,sfa,0.2002097573659356,0.4474480499074003
3.0,proportional,301,0,816200189,node-var,pca,0.19567874122370843,0.44235589882323084
3.0,fixed,3001,0,829720705,edges-corr,sfa,0.7995376867096322,0.8941687126653617
3.0,fixed,3001,0,829720705,edges-corr,pca,0.8299293513853059,0.9110045836247507
3.0,fixed,3001,0,829720705,edges-cov,sfa,0.7547576827119853,0.8687679107287428
3.0,fixed,3001,0,829720705,edges-cov,pca,0.7506279422095896,0.866387870534664
3.0,fixed,3001,0,829720705,node-var,sfa,0.7601638842403438,0.8718737776996979
3.0,fixed,3001,0,829720705,node-var,pca,0.7597587942138229,0.8716414367237386
3.0,proportional,301,0,829720705,edges-corr,sfa,0.5177916950551852,0.719577442013842
3.0,proportional,301,0,829720705,edges-corr,pca,0.541277363341497,0.7357155451269856
3.0,proportional,301,0,829720705,edges-cov,sfa,0.3474821817711057,0.5894761927093461
3.0,proportional,301,0,829720705,edges-cov,pca,0.3438048601065946,0.5863487529675454
3.0,proportional,301,0,829720705,node-var,sfa,0.37302005958375917,0.6107536815965656
3.0,proportional,301,0,829720705,node-var,pca,0.3699762571943116,0.6082567362506663
3.0,fixed,3001,0,831882777,edges-corr,sfa,0.27510910496598917,0.5245084412723874
3.0,fixed,3001,0,831882777,edges-corr,pca,1.6454057515380427e-06,0.0012827337025859936
3.0,fixed,3001,0,831882777,edges-cov,sfa,0.7116413630067322,0.8435883848220835
3.0,fixed,3001,0,831882777,edges-cov,pca,0.4818487487014058,0.6941532602397011
3.0,fixed,3001,0,831882777,node-var,sfa,0.29096355632878956,0.5394103784029273
3.0,fixed,3001,0,831882777,node-var,pca,0.28573474332179183,0.534541619821873
3.0,proportional,301,0,831882777,edges-corr,sfa,0.0009575637808405535,0.03094452747806178
3.0,proportional,301,0,831882777,edges-corr,pca,0.00016322680970837222,0.012776024800711475
3.0,proportional,301,0,831882777,edges-cov,sfa,0.0380701610045191,0.1951157630857103
3.0,proportional,301,0,831882777,edges-cov,pca,0.0009056318636242455,0.030093718009317004
3.0,proportional,301,0,831882777,node-var,sfa,0.11438823016111987,0.33821329092914143
3.0,proportional,301,0,831882777,node-var,pca,0.10882413832216764,0.3298850380392656
3.0,fixed,3001,0,835479236,edges-corr,sfa,0.5863103918514831,0.7657090778170802
3.0,fixed,3001,0,835479236,edges-corr,pca,0.5622102170912708,0.7498067865065443
3.0,fixed,3001,0,835479236,edges-cov,sfa,0.5546909627365887,0.7447757801758779
3.0,fixed,3001,0,835479236,edges-cov,pca,0.5684047848436293,0.7539262462891373
3.0,fixed,3001,0,835479236,node-var,sfa,0.5374665950273825,0.7331211325745439
3.0,fixed,3001,0,835479236,node-var,pca,0.5172442262934477,0.7191969315100335
3.0,proportional,301,0,835479236,edges-corr,sfa,0.32218828432438973,0.567616317880652
3.0,proportional,301,0,835479236,edges-corr,pca,0.3168405774092041,0.5628859364109248
3.0,proportional,301,0,835479236,edges-cov,sfa,0.233114968816574,0.4828198098841578
3.0,proportional,301,0,835479236,edges-cov,pca,0.20779801002241705,0.45584867008955593
3.0,proportional,301,0,835479236,node-var,sfa,0.2070815717287081,0.4550621624884981
3.0,proportional,301,0,835479236,node-var,pca,0.18195470312604034,0.42656148809525685
3.0,fixed,3001,0,839068429,edges-corr,sfa,0.019239275491653607,0.13870571542533383
3.0,fixed,3001,0,839068429,edges-corr,pca,0.08841056159621719,0.2973391356619862
3.0,fixed,3001,0,839068429,edges-cov,sfa,0.03591780332834382,0.18951992857835273
3.0,fixed,3001,0,839068429,edges-cov,pca,0.00012289103834173254,0.011085623047068838
3.0,fixed,3001,0,839068429,node-var,sfa,0.04127152702686676,0.20315394908016682
3.0,fixed,3001,0,839068429,node-var,pca,0.03844608808254879,0.19607674028948127
3.0,proportional,301,0,839068429,edges-corr,sfa,0.006594798487848275,0.08120836464212594
3.0,proportional,301,0,839068429,edges-corr,pca,0.001034670388249781,0.03216629273400766
3.0,proportional,301,0,839068429,edges-cov,sfa,0.006442775087422192,0.08026689907690687
3.0,proportional,301,0,839068429,edges-cov,pca,0.005290840529771135,0.07273816419027464
3.0,proportional,301,0,839068429,node-var,sfa,0.010783823562557138,0.10384519036795717
3.0,proportional,301,0,839068429,node-var,pca,0.011149846578180411,0.10559283393384478
3.0,fixed,3001,0,847657808,edges-corr,sfa,0.8285177175547275,0.910229486203742
3.0,fixed,3001,0,847657808,edges-corr,pca,0.6874071143930659,0.8291001835683469
3.0,fixed,3001,0,847657808,edges-cov,sfa,0.8449835324952043,0.9192298583570959
3.0,fixed,3001,0,847657808,edges-cov,pca,0.6892529494085067,0.8302125928992569
3.0,fixed,3001,0,847657808,node-var,sfa,0.5291269316479952,0.7274111159777487
3.0,fixed,3001,0,847657808,node-var,pca,0.14176179921848686,0.3765126813514874
3.0,proportional,301,0,847657808,edges-corr,sfa,0.5477793092173039,0.7401211449602721
3.0,proportional,301,0,847657808,edges-corr,pca,0.420835762754046,0.6487185543469874
3.0,proportional,301,0,847657808,edges-cov,sfa,0.20251163616447476,0.45001292888590944
3.0,proportional,301,0,847657808,edges-cov,pca,0.22750820243637448,0.4769781991206462
3.0,proportional,301,0,847657808,node-var,sfa,0.2886094646867776,0.5372238497002696
3.0,proportional,301,0,847657808,node-var,pca,0.007001324752809679,0.0836739191911665
3.0,fixed,3001,1,766640955,edges-corr,sfa,0.860137025236209,0.9274357256630825
3.0,fixed,3001,1,766640955,edges-corr,pca,0.6844879590012038,0.827337874753238
3.0,fixed,3001,1,766640955,edges-cov,sfa,0.8065956841372831,0.8981067220198748
3.0,fixed,3001,1,766640955,edges-cov,pca,0.7288855264504809,0.8537479291046516
3.0,fixed,3001,1,766640955,node-var,sfa,0.8291211468815772,0.9105608968551072
3.0,fixed,3001,1,766640955,node-var,pca,0.7166434064182173,0.8465479350977221
3.0,proportional,301,1,766640955,edges-corr,sfa,0.5140694919528455,0.7169863959328977
3.0,proportional,301,1,766640955,edges-corr,pca,0.2625324339583581,0.5123791896226446
3.0,proportional,301,1,766640955,edges-cov,sfa,0.30303424792760003,0.5504854656824277
3.0,proportional,301,1,766640955,edges-cov,pca,0.2429645999180532,0.49291439410718413
3.0,proportional,301,1,766640955,node-var,sfa,0.3698856137331421,0.6081822208295328
3.0,proportional,301,1,766640955,node-var,pca,0.17936138261084478,0.4235107821659854
3.0,fixed,3001,1,767871931,edges-corr,sfa,0.9441905508564802,0.9716946798539549
3.0,fixed,3001,1,767871931,edges-corr,pca,0.938330438864414,0.9686745784134195
3.0,fixed,3001,1,767871931,edges-cov,sfa,0.953179878131022,0.976309314782473
3.0,fixed,3001,1,767871931,edges-cov,pca,0.967736033650061,0.9837357539756605
3.0,fixed,3001,1,767871931,node-var,sfa,0.9601705839564119,0.9798829440072993
3.0,fixed,3001,1,767871931,node-var,pca,0.9722862775145876,0.9860457786099935
3.0,proportional,301,1,767871931,edges-corr,sfa,0.8103694491271982,0.9002052261163553
3.0,proportional,301,1,767871931,edges-corr,pca,0.7776929012678581,0.881868981917303
3.0,proportional,301,1,767871931,edges-cov,sfa,0.6371749836892424,0.798232412076359
3.0,proportional,301,1,767871931,edges-cov,pca,0.3375096305986808,0.5809557905716072
3.0,proportional,301,1,767871931,node-var,sfa,0.5957073498689465,0.7718208016560237
3.0,proportional,301,1,767871931,node-var,pca,0.3906323644127315,0.6250058915024175
3.0,fixed,3001,1,771160300,edges-corr,sfa,0.4373371006420419,0.6613146759614841
3.0,fixed,3001,1,771160300,edges-corr,pca,0.4070027542578222,0.6379676749317497
3.0,fixed,3001,1,771160300,edges-cov,sfa,0.5408106004642108,0.7353982597641979
3.0,fixed,3001,1,771160300,edges-cov,pca,0.3898507479904906,0.6243802911611562
3.0,fixed,3001,1,771160300,node-var,sfa,0.4447167302626567,0.6668708497622741
3.0,fixed,3001,1,771160300,node-var,pca,0.3245153947218179,0.5696625270472137
3.0,proportional,301,1,771160300,edges-corr,sfa,0.008033271373823148,0.08962851875281265
3.0,proportional,301,1,771160300,edges-corr,pca,0.2137463788043178,0.4623271339693553
3.0,proportional,301,1,771160300,edges-cov,sfa,0.2827586017617567,0.5317505070629996
3.0,proportional,301,1,771160300,edges-cov,pca,0.2802345752178591,0.5293718685554225
3.0,proportional,301,1,771160300,node-var,sfa,0.28165970076045843,0.5307162149025215
3.0,proportional,301,1,771160300,node-var,pca,0.27057709033486166,0.5201702512974592
3.0,fixed,3001,1,771990200,edges-corr,sfa,0.9044029456300999,0.9510010229385142
3.0,fixed,3001,1,771990200,edges-corr,pca,0.713214136550093,0.8445200628464025
3.0,fixed,3001,1,771990200,edges-cov,sfa,0.7731958972626792,0.8793155845671558
3.0,fixed,3001,1,771990200,edges-cov,pca,0.43984970185941974,0.6632116569085763
3.0,fixed,3001,1,771990200,node-var,sfa,0.6125764284646995,0.782672618956802
3.0,fixed,3001,1,771990200,node-var,pca,0.36384929421524814,0.6031992160267187
3.0,proportional,301,1,771990200,edges-corr,sfa,0.5661223202157165,0.7524110048475614
3.0,proportional,301,1,771990200,edges-corr,pca,0.32130576272531197,0.5668383920707133
3.0,proportional,301,1,771990200,edges-cov,sfa,0.48563078467584897,0.6968721437077597
3.0,proportional,301,1,771990200,edges-cov,pca,0.2706503159775655,0.5202406327629217
3.0,proportional,301,1,771990200,node-var,sfa,0.4245696974020007,0.6515901299145047
3.0,proportional,301,1,771990200,node-var,pca,0.2721745220318842,0.5217034809466813
3.0,fixed,3001,1,774875821,edges-corr,sfa,0.8230916153400454,0.9072439668248243
3.0,fixed,3001,1,774875821,edges-corr,pca,0.5850334894747706,0.7648748194801351
3.0,fixed,3001,1,774875821,edges-cov,sfa,0.7120644123468258,0.8438390915019439
3.0,fixed,3001,1,774875821,edges-cov,pca,0.6426376918053367,0.801646862281227
3.0,fixed,3001,1,774875821,node-var,sfa,0.6768144323742391,0.8226873235769702
3.0,fixed,3001,1,774875821,node-var,pca,0.6894442583171152,0.8303278017247855
3.0,proportional,301,1,774875821,edges-corr,sfa,0.5763484478201208,0.7591761638909118
3.0,proportional,301,1,774875821,edges-corr,pca,0.22480917052189298,0.4741404544245224
3.0,proportional,301,1,774875821,edges-cov,sfa,0.23473021422212892,0.4844896430493935
3.0,proportional,301,1,774875821,edges-cov,pca,0.185791241449493,0.43103508146030606
3.0,proportional,301,1,774875821,node-var,sfa,0.26574249696915475,0.5155021794029143
3.0,proportional,301,1,774875821,node-var,pca,0.21597141101986383,0.46472724368156354
3.0,fixed,3001,1,778240327,edges-corr,sfa,0.5616969542519765,0.7494644449551799
3.0,fixed,3001,1,778240327,edges-corr,pca,0.6515016435472679,0.8071565173789204
3.0,fixed,3001,1,778240327,edges-cov,sfa,0.8557074579613626,0.9250445707971924
3.0,fixed,3001,1,778240327,edges-cov,pca,0.8375025991167496,0.9151516809342309
3.0,fixed,3001,1,778240327,node-var,sfa,0.8270079655662718,0.9093997831351575
3.0,fixed,3001,1,778240327,node-var,pca,0.8480345899083912,0.9208879355862967
3.0,proportional,301,1,778240327,edges-corr,sfa,0.00773106971922799,0.08792650180251753
3.0,proportional,301,1,778240327,edges-corr,pca,0.10147680850931795,0.31855424735720894
3.0,proportional,301,1,778240327,edges-cov,sfa,0.5780763553147092,0.7603133270663545
3.0,proportional,301,1,778240327,edges-cov,pca,0.48324503940556196,0.6951582837063528
3.0,proportional,301,1,778240327,node-var,sfa,0.5304033452717776,0.7282879549132872
3.0,proportional,301,1,778240327,node-var,pca,0.5410043558691642,0.73552998298449
3.0,fixed,3001,1,778998620,edges-corr,sfa,0.7829793669950642,0.8848612134086703
3.0,fixed,3001,1,778998620,edges-corr,pca,0.6765397958459796,0.8225203923587435
3.0,fixed,3001,1,778998620,edges-cov,sfa,0.6668572110698122,0.8166132567316147
3.0,fixed,3001,1,778998620,edges-cov,pca,0.3711409391423105,0.6092133773500965
3.0,fixed,3001,1,778998620,node-var,sfa,0.5947771081270107,0.7712179381517341
3.0,fixed,3001,1,778998620,node-var,pca,0.2254703861560905,0.47483722069367185
3.0,proportional,301,1,778998620,edges-corr,sfa,0.4018719960390579,0.6339337473577653
3.0,proportional,301,1,778998620,edges-corr,pca,0.1870863569613238,0.43253480433524033
3.0,proportional,301,1,778998620,edges-cov,sfa,0.16945081437976695,0.4116440384358403
3.0,proportional,301,1,778998620,edges-cov,pca,0.08617709179151534,0.29355934969187314
3.0,proportional,301,1,778998620,node-var,sfa,0.2023460390916344,0.4498288997959501
3.0,proportional,301,1,778998620,node-var,pca,0.047254645934242334,0.2173813375941976
3.0,fixed,3001,1,779839471,edges-corr,sfa,0.802117029443786,0.8956098645301895
3.0,fixed,3001,1,779839471,edges-corr,pca,0.5863870123698112,0.7657591085777629
3.0,fixed,3001,1,779839471,edges-cov,sfa,0.5225658267851048,0.7228871466453839
3.0,fixed,3001,1,779839471,edges-cov,pca,0.5141889758980001,0.7170697148102131
3.0,fixed,3001,1,779839471,node-var,sfa,0.5063881617596768,0.7116095571025426
3.0,fixed,3001,1,779839471,node-var,pca,0.5348822397611572,0.7313564382441419
3.0,proportional,301,1,779839471,edges-corr,sfa,0.37867154224822197,0.6153629353870943
3.0,proportional,301,1,779839471,edges-corr,pca,0.24754719058463848,0.4975411446148332
3.0,proportional,301,1,779839471,edges-cov,sfa,0.25311982055571647,0.503110147538008
3.0,proportional,301,1,779839471,edges-cov,pca,0.2213708903001249,0.47050068044597426
3.0,proportional,301,1,779839471,node-var,sfa,0.2563653516658384,0.5063253417179889
3.0,proportional,301,1,779839471,node-var,pca,0.24941509806185858,0.49941475555079357
3.0,fixed,3001,1,781842082,edges-corr,sfa,0.7226718321140491,0.8501010717050348
3.0,fixed,3001,1,781842082,edges-corr,pca,0.454648818311859,0.674276514726606
3.0,fixed,3001,1,781842082,edges-cov,sfa,0.49862733815575633,0.7061354956067261
3.0,fixed,3001,1,781842082,edges-cov,pca,0.41135547199599,0.6413699961769258
3.0,fixed,3001,1,781842082,node-var,sfa,0.5019937332661393,0.7085151609289239
3.0,fixed,3001,1,781842082,node-var,pca,0.44529797162324036,0.6673065050059381
3.0,proportional,301,1,781842082,edges-corr,sfa,0.7318267222180843,0.8554687149265513
3.0,proportional,301,1,781842082,edges-corr,pca,0.597051111301472,0.7726908251697255
3.0,proportional,301,1,781842082,edges-cov,sfa,0.29349788771900065,0.5417544533448717
3.0,proportional,301,1,781842082,edges-cov,pca,0.27539424755207353,0.5247801897481212
3.0,proportional,301,1,781842082,node-var,sfa,0.32651915173705415,0.571418543396217
3.0,proportional,301,1,781842082,node-var,pca,0.3124149952474622,0.5589409586418429
3.0,fixed,3001,1,786091066,edges-corr,sfa,5.5684544084999565e-05,0.007462207721914556
3.0,fixed,3001,1,786091066,edges-corr,pca,0.00045313095287358163,0.021286872782858034
3.0,fixed,3001,1,786091066,edges-cov,sfa,0.003983729088721688,0.06311678927766971
3.0,fixed,3001,1,786091066,edges-cov,pca,0.11195644555448003,0.33459893238694016
3.0,fixed,3001,1,786091066,node-var,sfa,0.13886776161319048,0.37264964995715544
3.0,fixed,3001,1,786091066,node-var,pca,0.09426954581924663,0.3070334604228776
3.0,proportional,301,1,786091066,edges-corr,sfa,0.011355406015083114,0.10656174742881708
3.0,proportional,301,1,786091066,edges-corr,pca,0.005420598409546007,0.07362471330705363
3.0,proportional,301,1,786091066,edges-cov,sfa,0.13841440719898512,0.37204086764626365
3.0,proportional,301,1,786091066,edges-cov,pca,0.03621448952947004,0.19030104973296869
3.0,proportional,301,1,786091066,node-var,sfa,0.18240162607975607,0.4270850337810444
3.0,proportional,301,1,786091066,node-var,pca,0.07217439514876356,0.26865292693131704
3.0,fixed,3001,1,787025148,edges-corr,sfa,0.6778556765826576,0.8233199114455195
3.0,fixed,3001,1,787025148,edges-corr,pca,0.749871785242079,0.8659513757954771
3.0,fixed,3001,1,787025148,edges-cov,sfa,0.6545936686199474,0.8090696315027194
3.0,fixed,3001,1,787025148,edges-cov,pca,0.75420942972325,0.8684523186239121
3.0,fixed,3001,1,787025148,node-var,sfa,0.6117866444595026,0.7821679132126952
3.0,fixed,3001,1,787025148,node-var,pca,0.7543304891980498,0.8685220142276461
3.0,proportional,301,1,787025148,edges-corr,sfa,0.33336692873647766,0.5773793629291557
3.0,proportional,301,1,787025148,edges-corr,pca,0.18333625560848066,0.4281778317574145
3.0,proportional,301,1,787025148,edges-cov,sfa,0.1587735275485671,0.398463960162732
3.0,proportional,301,1,787025148,edges-cov,pca,0.20548593805496973,0.4533055680829098
3.0,proportional,301,1,787025148,node-var,sfa,0.15487558896247178,0.39354235980701147
3.0,proportional,301,1,787025148,node-var,pca,0.22689370754149474,0.4763336095023057
3.0,fixed,3001,1,789848216,edges-corr,sfa,0.8503025948440875,0.9221185362219368
3.0,fixed,3001,1,789848216,edges-corr,pca,0.447014178649757,0.6685911894796078
3.0,fixed,3001,1,789848216,edges-cov,sfa,0.809643878310569,0.8998021328662037
3.0,fixed,3001,1,789848216,edges-cov,pca,0.4698940790036119,0.6854882048610407
3.0,fixed,3001,1,789848216,node-var,sfa,0.8367477496729882,0.9147391702955487
3.0,fixed,3001,1,789848216,node-var,pca,0.5301589020983626,0.7281201151584556
3.0,proportional,301,1,789848216,edges-corr,sfa,0.6918098309690721,0.8317510631006566
3.0,proportional,301,1,789848216,edges-corr,pca,0.29145791356904094,0.5398684224596222
3.0,proportional,301,1,789848216,edges-cov,sfa,0.7003909844140805,0.8368936517945883
3.0,proportional,301,1,789848216,edges-cov,pca,0.40620588337597263,0.6373428303322887
3.0,proportional,301,1,789848216,node-var,sfa,0.7236984161963371,0.8507046586191569
3.0,proportional,301,1,789848216,node-var,pca,0.5200065507675699,0.721114797218563
3.0,fixed,3001,1,793224716,edges-corr,sfa,0.9692493962267751,0.9845046451016755
3.0,fixed,3001,1,793224716,edges-corr,pca,0.9216735481794764,0.9600383055792496
3.0,fixed,3001,1,793224716,edges-cov,sfa,0.6385527633215837,0.7990949651459356
3.0,fixed,3001,1,793224716,edges-cov,pca,0.5877805643264635,0.7666684839788731
3.0,fixed,3001,1,793224716,node-var,sfa,0.6500025062847165,0.8062273291601547
3.0,fixed,3001,1,793224716,node-var,pca,0.6575637530936205,0.810903047900068
3.0,proportional,301,1,793224716,edges-corr,sfa,0.6626672274246099,0.8140437503135869
3.0,proportional,301,1,793224716,edges-corr,pca,0.6736751763773553,0.8207771782751728
3.0,proportional,301,1,793224716,edges-cov,sfa,0.451539212528992,0.6719666751625348
3.0,proportional,301,1,793224716,edges-cov,pca,0.39746303362038626,0.6304466937183398
3.0,proportional,301,1,793224716,node-var,sfa,0.4718155024558077,0.686888275089776
3.0,proportional,301,1,793224716,node-var,pca,0.47624901257521446,0.6901079716792252
3.0,fixed,3001,1,794812542,edges-corr,sfa,0.47688086440232547,0.6905656119459801
3.0,fixed,3001,1,794812542,edges-corr,pca,0.6998850223663396,0.8365913114336883
3.0,fixed,3001,1,794812542,edges-cov,sfa,0.665886022826421,0.816018396132357
3.0,fixed,3001,1,794812542,edges-cov,pca,0.740687256327801,0.8606318936268871
3.0,fixed,3001,1,794812542,node-var,sfa,0.7172031208015552,0.8468784569237531
3.0,fixed,3001,1,794812542,node-var,pca,0.7293334138364072,0.8540101953937128
3.0,proportional,301,1,794812542,edges-corr,sfa,0.004075059541758352,0.06383619303935972
3.0,proportional,301,1,794812542,edges-corr,pca,0.3339533775835334,0.5778869937829836
3.0,proportional,301,1,794812542,edges-cov,sfa,0.4045932683048862,0.6360764641966306
3.0,proportional,301,1,794812542,edges-cov,pca,0.32411629144625254,0.5693121212887114
3.0,proportional,301,1,794812542,node-var,sfa,0.3712379546392285,0.6092929957247408
3.0,proportional,301,1,794812542,node-var,pca,0.36861381348478317,0.6071357455172481
3.0,fixed,3001,1,816200189,edges-corr,sfa,0.8962119229300551,0.9466847009063023
3.0,fixed,3001,1,816200189,edges-corr,pca,0.852592230675682,0.9233592099912589
3.0,fixed,3001,1,816200189,edges-cov,sfa,0.6522523244787983,0.8076213992204508
3.0,fixed,3001,1,816200189,edges-cov,pca,0.6645892851526465,0.8152234571898954
3.0,fixed,3001,1,816200189,node-var,sfa,0.6844799972790158,0.8273330630882685
3.0,fixed,3001,1,816200189,node-var,pca,0.6910803978156912,0.8313124549865059
3.0,proportional,301,1,816200189,edges-corr,sfa,0.12710447710175965,0.35651714839788523
3.0,proportional,301,1,816200189,edges-corr,pca,0.3580321445106558,0.5983578732753967
3.0,proportional,301,1,816200189,edges-cov,sfa,0.2221016267374627,0.47127659260508864
3.0,proportional,301,1,816200189,edges-cov,pca,0.2117478080632591,0.4601606328916663
3.0,proportional,301,1,816200189,node-var,sfa,0.2146278693236211,0.4632794721586758
3.0,proportional,301,1,816200189,node-var,pca,0.2134086478513273,0.46196173851448663
3.0,fixed,3001,1,829720705,edges-corr,sfa,0.023394045819519316,0.15295112232186972
3.0,fixed,3001,1,829720705,edges-corr,pca,0.040222760576992256,0.20055612824591648
3.0,fixed,3001,1,829720705,edges-cov,sfa,0.0851503106110778,0.29180526145201313
3.0,fixed,3001,1,829720705,edges-cov,pca,0.0894718485155871,0.2991184523154452
3.0,fixed,3001,1,829720705,node-var,sfa,0.09212873199757765,0.30352715199398217
3.0,fixed,3001,1,829720705,node-var,pca,0.11109226870909905,0.3333050685319672
3.0,proportional,301,1,829720705,edges-corr,sfa,0.139776866412346,0.37386744497528324
3.0,proportional,301,1,829720705,edges-corr,pca,0.1462096231429858,0.38237366952104057
3.0,proportional,301,1,829720705,edges-cov,sfa,0.1683164082999602,0.41026382767672875
3.0,proportional,301,1,829720705,edges-cov,pca,0.1545108704945326,0.393078707760332
3.0,proportional,301,1,829720705,node-var,sfa,0.18533206357459864,0.4305021063532655
3.0,proportional,301,1,829720705,node-var,pca,0.18314996733430888,0.42796024036621555
3.0,fixed,3001,1,831882777,edges-corr,sfa,0.05513111429746531,0.2348001582143101
3.0,fixed,3001,1,831882777,edges-corr,pca,0.08206434000061358,0.2864687417513707
3.0,fixed,3001,1,831882777,edges-cov,sfa,0.2319401607218865,0.48160166187616693
3.0,fixed,3001,1,831882777,edges-cov,pca,0.4987880780991667,0.7062493030787125
3.0,fixed,3001,1,831882777,node-var,sfa,0.2661026250992794,0.5158513595012422
3.0,fixed,3001,1,831882777,node-var,pca,0.27901988962631097,0.5282233330953027
3.0,proportional,301,1,831882777,edges-corr,sfa,0.04607259637243721,0.21464528034046595
3.0,proportional,301,1,831882777,edges-corr,pca,0.10918955063036107,0.3304384218434066
3.0,proportional,301,1,831882777,edges-cov,sfa,0.0907003441829829,0.30116497834738826
3.0,proportional,301,1,831882777,edges-cov,pca,0.18637144134487238,0.4317075877777371
3.0,proportional,301,1,831882777,node-var,sfa,0.04830814640948622,0.21979114270026115
3.0,proportional,301,1,831882777,node-var,pca,0.05469544602811971,0.23387057537903258
3.0,fixed,3001,1,835479236,edges-corr,sfa,0.6554429823119462,0.8095943319415877
3.0,fixed,3001,1,835479236,edges-corr,pca,0.5057299098650109,0.7111468975289217
3.0,fixed,3001,1,835479236,edges-cov,sfa,0.7248109540200769,0.8513582994368919
3.0,fixed,3001,1,835479236,edges-cov,pca,0.6590404120991088,0.8118130401139839
3.0,fixed,3001,1,835479236,node-var,sfa,0.7264695528615432,0.8523318325989842
3.0,fixed,3001,1,835479236,node-var,pca,0.7399907331476594,0.8602271404388838
3.0,proportional,301,1,835479236,edges-corr,sfa,0.5520547116870869,0.7430038436556614
3.0,proportional,301,1,835479236,edges-corr,pca,0.45100294828516985,0.6715675306960345
3.0,proportional,301,1,835479236,edges-cov,sfa,0.5780977631660255,0.7603274052446255
3.0,proportional,301,1,835479236,edges-cov,pca,0.5139233088171563,0.716884445930553
3.0,proportional,301,1,835479236,node-var,sfa,0.4782715338278446,0.6915717850142847
3.0,proportional,301,1,835479236,node-var,pca,0.4253153551179941,0.6521620620045249
3.0,fixed,3001,1,839068429,edges-corr,sfa,0.5041046369103104,0.7100032654222872
3.0,fixed,3001,1,839068429,edges-corr,pca,0.5009427826053858,0.7077731152038663
3.0,fixed,3001,1,839068429,edges-cov,sfa,0.6889849219647173,0.8300511562335894
3.0,fixed,3001,1,839068429,edges-cov,pca,0.55859205943196,0.7473901654637695
3.0,fixed,3001,1,839068429,node-var,sfa,0.6289491760579592,0.7930631601946716
3.0,fixed,3001,1,839068429,node-var,pca,0.6167579647151784,0.7853393946028548
3.0,proportional,301,1,839068429,edges-corr,sfa,0.4967421596564263,0.704799375465406
3.0,proportional,301,1,839068429,edges-corr,pca,0.008747489086875393,0.09352801231115503
3.0,proportional,301,1,839068429,edges-cov,sfa,0.44729138119590506,0.6687984608205261
3.0,proportional,301,1,839068429,edges-cov,pca,0.29899212440576683,0.546801723118871
3.0,proportional,301,1,839068429,node-var,sfa,0.4365513289112214,0.6607203106543805
3.0,proportional,301,1,839068429,node-var,pca,0.42419087037554315,0.6512993707777882
3.0,fixed,3001,1,847657808,edges-corr,sfa,0.8362531418372996,0.9144687757585281
3.0,fixed,3001,1,847657808,edges-corr,pca,0.7002493069521027,0.8368090026715189
3.0,fixed,3001,1,847657808,edges-cov,sfa,0.6720203652005119,0.8197684826830756
3.0,fixed,3001,1,847657808,edges-cov,pca,0.5805499392298276,0.7619382778347782
3.0,fixed,3001,1,847657808,node-var,sfa,0.5729365318416557,0.756925710913334
3.0,fixed,3001,1,847657808,node-var,pca,0.1944702285990878,0.44098778735820754
3.0,proportional,301,1,847657808,edges-corr,sfa,0.5357301444205278,0.7319358881900299
3.0,proportional,301,1,847657808,edges-corr,pca,0.41452121968622235,0.6438332235029671
3.0,proportional,301,1,847657808,edges-cov,sfa,0.1983193141749039,0.4453305673035523
3.0,proportional,301,1,847657808,edges-cov,pca,0.22084315949422073,0.46993952748648493
3.0,proportional,301,1,847657808,node-var,sfa,0.2758642110392274,0.5252277706283504
3.0,proportional,301,1,847657808,node-var,pca,0.001108970091621364,0.03330120255518429
3.0,fixed,3001,2,766640955,edges-corr,sfa,0.9069576272690129,0.9523432297596347
3.0,fixed,3001,2,766640955,edges-corr,pca,0.7446306304177719,0.8629198284995955
3.0,fixed,3001,2,766640955,edges-cov,sfa,0.8212197663976037,0.906211766861148
3.0,fixed,3001,2,766640955,edges-cov,pca,0.3225602019545767,0.5679438369720876
3.0,fixed,3001,2,766640955,node-var,sfa,0.44810693436592075,0.66940789834444
3.0,fixed,3001,2,766640955,node-var,pca,0.35820443701870097,0.5985018270805034
3.0,proportional,301,2,766640955,edges-corr,sfa,0.4488262682504319,0.6699449740466996
3.0,proportional,301,2,766640955,edges-corr,pca,0.07654841838034332,0.2766738483853209
3.0,proportional,301,2,766640955,edges-cov,sfa,0.3084841816706384,0.5554135231254628
3.0,proportional,301,2,766640955,edges-cov,pca,2.0889339887086855e-05,0.00457048573864803
3.0,proportional,301,2,766640955,node-var,sfa,0.04133835844047673,0.20331836719902335
3.0,proportional,301,2,766640955,node-var,pca,0.0330076640487732,0.1816801146212028
3.0,fixed,3001,2,767871931,edges-corr,sfa,0.7783650095220589,0.882249969975663
3.0,fixed,3001,2,767871931,edges-corr,pca,0.21016712014844285,0.45843987626344446
3.0,fixed,3001,2,767871931,edges-cov,sfa,0.9342073815711617,0.9665440401612118
3.0,fixed,3001,2,767871931,edges-cov,pca,0.5686982814551467,0.754120866609024
3.0,fixed,3001,2,767871931,node-var,sfa,0.72195429852587,0.8496789384972825
3.0,fixed,3001,2,767871931,node-var,pca,0.7102585004347277,0.8427683551455443
3.0,proportional,301,2,767871931,edges-corr,sfa,0.1453704007011034,0.3812747050370684
3.0,proportional,301,2,767871931,edges-corr,pca,0.04048125415823778,0.20119953816606415
3.0,proportional,301,2,767871931,edges-cov,sfa,0.23492884506156475,0.48469458947007454
3.0,proportional,301,2,767871931,edges-cov,pca,0.18264997429642837,0.4273756828557614
3.0,proportional,301,2,767871931,node-var,sfa,0.22936392465122457,0.47891953880712
3.0,proportional,301,2,767871931,node-var,pca,0.2371756033340029,0.48700677955651034
3.0,fixed,3001,2,771160300,edges-corr,sfa,0.8955955358453971,0.9463590945541748
3.0,fixed,3001,2,771160300,edges-corr,pca,0.9746333686045088,0.9872352144268907
3.0,fixed,3001,2,771160300,edges-cov,sfa,0.890649633029808,0.9437423552166178
3.0,fixed,3001,2,771160300,edges-cov,pca,0.8822053910612079,0.9392578937976551
3.0,fixed,3001,2,771160300,node-var,sfa,0.898227136534762,0.9477484563610552
3.0,fixed,3001,2,771160300,node-var,pca,0.8369885327507348,0.9148707737985377
3.0,proportional,301,2,771160300,edges-corr,sfa,0.5905901013671413,0.7684986020593277
3.0,proportional,301,2,771160300,edges-corr,pca,0.576735847705393,0.7594312659519578
3.0,proportional,301,2,771160300,edges-cov,sfa,0.40461267737594364,0.6360917208830373
3.0,proportional,301,2,771160300,edges-cov,pca,0.35324188779082655,0.5943415581892508
3.0,proportional,301,2,771160300,node-var,sfa,0.46358889116690005,0.6808736234918346
3.0,proportional,301,2,771160300,node-var,pca,0.29816583571674327,0.5460456351961284
3.0,fixed,3001,2,771990200,edges-corr,sfa,0.7094597970677441,0.8422943648557463
3.0,fixed,3001,2,771990200,edges-corr,pca,0.428786066472698,0.6548175825928148
3.0,fixed,3001,2,771990200,edges-cov,sfa,0.723694123308638,0.8507021354790626
3.0,fixed,3001,2,771990200,edges-cov,pca,0.750945846970329,0.8665713167249021
3.0,fixed,3001,2,771990200,node-var,sfa,0.7291467028104271,0.8539008741126974
3.0,fixed,3001,2,771990200,node-var,pca,0.7091427316025432,0.8421061284675116
3.0,proportional,301,2,771990200,edges-corr,sfa,0.19009474022261585,0.4359985552987714
3.0,proportional,301,2,771990200,edges-corr,pca,0.13009896302964719,0.36069233846818455
3.0,proportional,301,2,771990200,edges-cov,sfa,0.08391237477587521,0.28967632760699513
3.0,proportional,301,2,771990200,edges-cov,pca,0.2783647991378363,0.5276028801455089
3.0,proportional,301,2,771990200,node-var,sfa,0.28969313272688124,0.5382314861905438
3.0,proportional,301,2,771990200,node-var,pca,0.2846881906298978,0.5335617964490131
3.0,fixed,3001,2,774875821,edges-corr,sfa,0.6282219188313883,0.7926045160301501
3.0,fixed,3001,2,774875821,edges-corr,pca,0.5509876992411609,0.7422854567086444
3.0,fixed,3001,2,774875821,edges-cov,sfa,0.6593125151391546,0.8119806125389661
3.0,fixed,3001,2,774875821,edges-cov,pca,0.6118667139697564,0.7822190958866679
3.0,fixed,3001,2,774875821,node-var,sfa,0.6795961631612596,0.8243762267079635
3.0,fixed,3001,2,774875821,node-var,pca,0.6403205449027232,0.8002003154852687
3.0,proportional,301,2,774875821,edges-corr,sfa,0.5355699479497305,0.7318264466044735
3.0,proportional,301,2,774875821,edges-corr,pca,0.2974692213242831,0.5454073902362188
3.0,proportional,301,2,774875821,edges-cov,sfa,0.3754617770800738,0.612749359102132
3.0,proportional,301,2,774875821,edges-cov,pca,0.2317214829036256,0.4813745765031899
3.0,proportional,301,2,774875821,node-var,sfa,0.3361010603242278,0.5797422361051743
3.0,proportional,301,2,774875821,node-var,pca,0.27278093695809724,0.5222843449291744
3.0,fixed,3001,2,778240327,edges-corr,sfa,0.6898159481238545,0.8305515926923832
3.0,fixed,3001,2,778240327,edges-corr,pca,0.740804356380025,0.8606999223771457
3.0,fixed,3001,2,778240327,edges-cov,sfa,0.908274496711927,0.953034362818008
3.0,fixed,3001,2,778240327,edges-cov,pca,0.8281004884838663,0.9100002683976894
3.0,fixed,3001,2,778240327,node-var,sfa,0.8775596789736112,0.9367815534977252
3.0,fixed,3001,2,778240327,node-var,pca,0.8685721624649745,0.9319721897486939
3.0,proportional,301,2,778240327,edges-corr,sfa,0.0378025512801301,0.19442878202604175
3.0,proportional,301,2,778240327,edges-corr,pca,0.05326697338780262,0.23079638946006603
3.0,proportional,301,2,778240327,edges-cov,sfa,0.5642239767589303,0.751148438565195
3.0,proportional,301,2,778240327,edges-cov,pca,0.42334933602808855,0.6506530073918728
3.0,proportional,301,2,778240327,node-var,sfa,0.4764914647965798,0.6902836118557212
3.0,proportional,301,2,778240327,node-var,pca,0.5141555029203513,0.7170463743164395
3.0,fixed,3001,2,778998620,edges-corr,sfa,0.5813713357269263,0.762477105050983
3.0,fixed,3001,2,778998620,edges-corr,pca,0.495487773672024,0.7039089242736054
3.0,fixed,3001,2,778998620,edges-cov,sfa,0.8383412363099614,0.915609762021988
3.0,fixed,3001,2,778998620,edges-cov,pca,0.7414170741621481,0.8610557903888391
3.0,fixed,3001,2,778998620,node-var,sfa,0.8047068865850079,0.8970545616544225
3.0,fixed,3001,2,778998620,node-var,pca,0.8260190762489598,0.9088559161104466
3.0,proportional,301,2,778998620,edges-corr,sfa,0.5078861264419403,0.712661298543664
3.0,proportional,301,2,778998620,edges-corr,pca,0.36565269877754225,0.6046922347587587
3.0,proportional,301,2,778998620,edges-cov,sfa,0.5853304036275985,0.765068888158183
3.0,proportional,301,2,778998620,edges-cov,pca,0.4872405273045308,0.6980261652005114
3.0,proportional,301,2,778998620,node-var,sfa,0.5576224163546748,0.7467411977081984
3.0,proportional,301,2,778998620,node-var,pca,0.5881734155016298,0.7669246478642022
3.0,fixed,3001,2,779839471,edges-corr,sfa,0.9630621606672687,0.981357305300811
3.0,fixed,3001,2,779839471,edges-corr,pca,0.8143779926628002,0.9024289405060107
3.0,fixed,3001,2,779839471,edges-cov,sfa,0.6570858256928183,0.8106083059609113
3.0,fixed,3001,2,779839471,edges-cov,pca,0.6378875576259164,0.7986786322582554
3.0,fixed,3001,2,779839471,node-var,sfa,0.6597239792488669,0.8122339436694743
3.0,fixed,3001,2,779839471,node-var,pca,0.6581730232927041,0.81127863480601
3.0,proportional,301,2,779839471,edges-corr,sfa,0.49444793033837664,0.7031699156949026
3.0,proportional,301,2,779839471,edges-corr,pca,0.33110208231602567,0.5754147046400754
3.0,proportional,301,2,779839471,edges-cov,sfa,0.3575396833556611,0.5979462211233225
3.0,proportional,301,2,779839471,edges-cov,pca,0.3222218521004042,0.5676458861829308
3.0,proportional,301,2,779839471,node-var,sfa,0.34792487179587905,0.5898515675963566
3.0,proportional,301,2,779839471,node-var,pca,0.35800257751505526,0.5983331659828457
3.0,fixed,3001,2,781842082,edges-corr,sfa,0.8332101293551487,0.9128034450828654
3.0,fixed,3001,2,781842082,edges-corr,pca,0.4088427119247563,0.6394080949790643
3.0,fixed,3001,2,781842082,edges-cov,sfa,0.2189001739068207,0.46786768846204785
3.0,fixed,3001,2,781842082,edges-cov,pca,0.24738956812553614,0.4973827179602598
3.0,fixed,3001,2,781842082,node-var,sfa,0.4025499532392397,0.6344682444687364
3.0,fixed,3001,2,781842082,node-var,pca,0.33218568025022366,0.5763555155025607
3.0,proportional,301,2,781842082,edges-corr,sfa,0.6366602884411152,0.7979099500827866
3.0,proportional,301,2,781842082,edges-corr,pca,0.5805980153610543,0.761969825754967
3.0,proportional,301,2,781842082,edges-cov,sfa,0.23747536785343748,0.4873144445360073
3.0,proportional,301,2,781842082,edges-cov,pca,0.2579582859768573,0.5078959401066888
3.0,proportional,301,2,781842082,node-var,sfa,0.3198200201914443,0.565526321395781
3.0,proportional,301,2,781842082,node-var,pca,0.29783031013707717,0.545738316537401
3.0,fixed,3001,2,786091066,edges-corr,sfa,0.8909083542754781,0.9438794172326668
3.0,fixed,3001,2,786091066,edges-corr,pca,0.438403309615919,0.6621203135502786
3.0,fixed,3001,2,786091066,edges-cov,sfa,0.9041146610287056,0.9508494418301491
3.0,fixed,3001,2,786091066,edges-cov,pca,0.34724259017140147,0.5892729335133265
3.0,fixed,3001,2,786091066,node-var,sfa,0.8996475995720425,0.9484975485324382
3.0,fixed,3001,2,786091066,node-var,pca,0.6452016803204427,0.803244471079909
3.0,proportional,301,2,786091066,edges-corr,sfa,0.23201900657120877,0.4816835128704414
3.0,proportional,301,2,786091066,edges-corr,pca,0.04871555020828,0.22071599445504603
3.0,proportional,301,2,786091066,edges-cov,sfa,0.44781419551056356,0.6691892075568489
3.0,proportional,301,2,786091066,edges-cov,pca,0.032055448695942124,0.17904035493693082
3.0,proportional,301,2,786091066,node-var,sfa,0.37641923504517927,0.6135301419206555
3.0,proportional,301,2,786091066,node-var,pca,0.022571255077874608,0.15023732917579058
3.0,fixed,3001,2,787025148,edges-corr,sfa,0.8373795767861943,0.9150844642906971
3.0,fixed,3001,2,787025148,edges-corr,pca,0.7683266986874346,0.8765424682737476
3.0,fixed,3001,2,787025148,edges-cov,sfa,0.9245500165230294,0.9615352393558079
3.0,fixed,3001,2,787025148,edges-cov,pca,0.7983551124371404,0.8935071977534036
3.0,fixed,3001,2,787025148,node-var,sfa,0.8674290157854544,0.931358693407354
3.0,fixed,3001,2,787025148,node-var,pca,0.7713549714342999,0.8782681660144012
3.0,proportional,301,2,787025148,edges-corr,sfa,0.6538290421592539,0.8085969590341363
3.0,proportional,301,2,787025148,edges-corr,pca,0.4614543769239339,0.6793043330672439
3.0,proportional,301,2,787025148,edges-cov,sfa,0.5945574713021363,0.7710755289218671
3.0,proportional,301,2,787025148,edges-cov,pca,0.44774100872696687,0.6691345221455595
3.0,proportional,301,2,787025148,node-var,sfa,0.5317015716782754,0.7291786966706284
3.0,proportional,301,2,787025148,node-var,pca,0.4062906324089054,0.6374093130861089
3.0,fixed,3001,2,789848216,edges-corr,sfa,0.821492876427906,0.9063624420881009
3.0,fixed,3001,2,789848216,edges-corr,pca,0.6230095779415519,0.7893095577411635
3.0,fixed,3001,2,789848216,edges-cov,sfa,0.8278375304852852,0.9098557745518164
3.0,fixed,3001,2,789848216,edges-cov,pca,0.7541942497436112,0.8684435789063167
3.0,fixed,3001,2,789848216,node-var,sfa,0.7093298096362055,0.8422171986110264
3.0,fixed,3001,2,789848216,node-var,pca,0.7591528730859377,0.8712937926359503
3.0,proportional,301,2,789848216,edges-corr,sfa,0.5734518445042123,0.7572660328472494
3.0,proportional,301,2,789848216,edges-corr,pca,0.15784410529926363,0.3972959920503403
3.0,proportional,301,2,789848216,edges-cov,sfa,0.5478890092393995,0.7401952507544207
3.0,proportional,301,2,789848216,edges-cov,pca,0.3428561053996977,0.585539157870503
3.0,proportional,301,2,789848216,node-var,sfa,0.5168883332467307,0.7189494650159569
3.0,proportional,301,2,789848216,node-var,pca,0.407227930399663,0.6381441298011473
3.0,fixed,3001,2,793224716,edges-corr,sfa,0.9708603788713249,0.9853224745591288
3.0,fixed,3001,2,793224716,edges-corr,pca,0.9241992991093814,0.9613528483909441
3.0,fixed,3001,2,793224716,edges-cov,sfa,0.6580267639203357,0.8111884885279963
3.0,fixed,3001,2,793224716,edges-cov,pca,0.6078716600985675,0.7796612470160147
3.0,fixed,3001,2,793224716,node-var,sfa,0.6684757798419365,0.8176036814018984
3.0,fixed,3001,2,793224716,node-var,pca,0.6758172019287589,0.8220810190782648
3.0,proportional,301,2,793224716,edges-corr,sfa,0.6659629411290313,0.8160655250217533
3.0,proportional,301,2,793224716,edges-corr,pca,0.6727339719393435,0.8202036161462245
3.0,proportional,301,2,793224716,edges-cov,sfa,0.4582787384032434,0.6769628781574681
3.0,proportional,301,2,793224716,edges-cov,pca,0.4012646967189515,0.633454573524378
3.0,proportional,301,2,793224716,node-var,sfa,0.4716476249046099,0.6867660627204941
3.0,proportional,301,2,793224716,node-var,pca,0.4777178036539469,0.6911713272799639
3.0,fixed,3001,2,794812542,edges-corr,sfa,0.8899785470584598,0.943386743100866
3.0,fixed,3001,2,794812542,edges-corr,pca,0.8188397875058797,0.9048976668695075
3.0,fixed,3001,2,794812542,edges-cov,sfa,0.5751217900048307,0.7583678461042705
3.0,fixed,3001,2,794812542,edges-cov,pca,0.5204220212072572,0.7214028148040851
3.0,fixed,3001,2,794812542,node-var,sfa,0.5545158096183813,0.744658183073537
3.0,fixed,3001,2,794812542,node-var,pca,0.568000271223636,0.7536579271948484
3.0,proportional,301,2,794812542,edges-corr,sfa,0.7217579418726099,0.8495633830813387
3.0,proportional,301,2,794812542,edges-corr,pca,0.56057694200536,0.7487168637110826
3.0,proportional,301,2,794812542,edges-cov,sfa,0.3224278877371639,0.5678273397232325
3.0,proportional,301,2,794812542,edges-cov,pca,0.2659982433260677,0.5157501753039618
3.0,proportional,301,2,794812542,node-var,sfa,0.295138163425956,0.543266199414206
3.0,proportional,301,2,794812542,node-var,pca,0.3128120022228785,0.5592959880268037
3.0,fixed,3001,2,816200189,edges-corr,sfa,0.6258814549438381,0.7911266996782738
3.0,fixed,3001,2,816200189,edges-corr,pca,0.5768546293165018,0.7595094662454857
3.0,fixed,3001,2,816200189,edges-cov,sfa,0.45705403023675395,0.6760577122086202
3.0,fixed,3001,2,816200189,edges-cov,pca,0.46814460748576736,0.6842109378589087
3.0,fixed,3001,2,816200189,node-var,sfa,0.49492785580625487,0.7035110914593
3.0,fixed,3001,2,816200189,node-var,pca,0.4777505395608914,0.6911950083448896
3.0,proportional,301,2,816200189,edges-corr,sfa,0.2304506870222337,0.4800527960779246
3.0,proportional,301,2,816200189,edges-corr,pca,0.21250899796602385,0.46098698242577735
3.0,proportional,301,2,816200189,edges-cov,sfa,0.0965468703358432,0.3107199226567925
3.0,proportional,301,2,816200189,edges-cov,pca,0.12333988883125868,0.35119779160931325
3.0,proportional,301,2,816200189,node-var,sfa,0.11527383138636993,0.3395200014525952
3.0,proportional,301,2,816200189,node-var,pca,0.11094050072560113,0.33307731944039815
3.0,fixed,3001,2,829720705,edges-corr,sfa,0.29540496953917716,0.543511701382019
3.0,fixed,3001,2,829720705,edges-corr,pca,0.57662687136418,0.759359513909044
3.0,fixed,3001,2,829720705,edges-cov,sfa,0.4453330661389798,0.6673328001372177
3.0,fixed,3001,2,829720705,edges-cov,pca,0.5066345162973926,0.7117826327590422
3.0,fixed,3001,2,829720705,node-var,sfa,0.4966653056442384,0.7047448514492587
3.0,fixed,3001,2,829720705,node-var,pca,0.502957672291827,0.7091950876111779
3.0,proportional,301,2,829720705,edges-corr,sfa,0.3124088957350728,0.5589355023033277
3.0,proportional,301,2,829720705,edges-corr,pca,0.2873866554437561,0.5360845599751558
3.0,proportional,301,2,829720705,edges-cov,sfa,0.2343891765324725,0.4841375595143101
3.0,proportional,301,2,829720705,edges-cov,pca,0.23934402144482492,0.48922798514069576
3.0,proportional,301,2,829720705,node-var,sfa,0.266722701736425,0.5164520323674066
3.0,proportional,301,2,829720705,node-var,pca,0.26121045554668987,0.5110875223938555
3.0,fixed,3001,2,831882777,edges-corr,sfa,0.017644130897092825,0.1328312120591121
3.0,fixed,3001,2,831882777,edges-corr,pca,0.0077208784680190545,0.08786852945178387
3.0,fixed,3001,2,831882777,edges-cov,sfa,0.17906315521352256,0.4231585461898687
3.0,fixed,3001,2,831882777,edges-cov,pca,0.017742413905047494,0.13320065279512486
3.0,fixed,3001,2,831882777,node-var,sfa,0.25527214638343554,0.5052446401333075
3.0,fixed,3001,2,831882777,node-var,pca,0.25356142165467577,0.503548827478206
3.0,proportional,301,2,831882777,edges-corr,sfa,0.003058348453732207,0.055302336783649174
3.0,proportional,301,2,831882777,edges-corr,pca,0.002665657640721575,0.05163000717336202
3.0,proportional,301,2,831882777,edges-cov,sfa,0.07455628495153699,0.2730499678658411
3.0,proportional,301,2,831882777,edges-cov,pca,0.0015588456116337746,0.03948221892996702
3.0,proportional,301,2,831882777,node-var,sfa,0.06649719765689255,0.2578705055970778
3.0,proportional,301,2,831882777,node-var,pca,0.06511127869568945,0.2551691178330351
3.0,fixed,3001,2,835479236,edges-corr,sfa,0.015444492822902611,0.12427587385692494
3.0,fixed,3001,2,835479236,edges-corr,pca,0.005668120364681117,0.07528692027623925
3.0,fixed,3001,2,835479236,edges-cov,sfa,0.022209135796010693,0.14902729882813576
3.0,fixed,3001,2,835479236,edges-cov,pca,0.020107817784682736,0.14180203730794072
3.0,fixed,3001,2,835479236,node-var,sfa,0.027933664586818008,0.16713367280957414
3.0,fixed,3001,2,835479236,node-var,pca,0.026510959146873736,0.16282186323363854
3.0,proportional,301,2,835479236,edges-corr,sfa,0.0019774464098513134,0.044468487829604116
3.0,proportional,301,2,835479236,edges-corr,pca,1.0800845420710914e-05,0.003286463969251557
3.0,proportional,301,2,835479236,edges-cov,sfa,0.0010241943052401448,0.032003035875370726
3.0,proportional,301,2,835479236,edges-cov,pca,0.0005395275857297266,0.02322773311647108
3.0,proportional,301,2,835479236,node-var,sfa,0.0007538990618731756,0.02745722239909205
3.0,proportional,301,2,835479236,node-var,pca,0.0009245037302492154,0.030405652932461676
3.0,fixed,3001,2,839068429,edges-corr,sfa,0.1288937033718881,0.3590176922825497
3.0,fixed,3001,2,839068429,edges-corr,pca,0.07574926877028176,0.27522585047608
3.0,fixed,3001,2,839068429,edges-cov,sfa,0.0002167395345610279,0.014722076435106177
3.0,fixed,3001,2,839068429,edges-cov,pca,0.15516013320301114,0.39390371057278833
3.0,fixed,3001,2,839068429,node-var,sfa,0.09048949874209367,0.30081472494227013
3.0,fixed,3001,2,839068429,node-var,pca,0.15462862748478845,0.3932284672868797
3.0,proportional,301,2,839068429,edges-corr,sfa,0.0027467148413303777,0.05240911028943776
3.0,proportional,301,2,839068429,edges-corr,pca,0.03429966392072348,0.185201684443537
3.0,proportional,301,2,839068429,edges-cov,sfa,0.03643533182408265,0.19088041236355974
3.0,proportional,301,2,839068429,edges-cov,pca,0.07780667288481047,0.27893847508870195
3.0,proportional,301,2,839068429,node-var,sfa,0.08535883024043,0.2921623354240413
3.0,proportional,301,2,839068429,node-var,pca,0.07405900844698166,0.2721378482441973
3.0,fixed,3001,2,847657808,edges-corr,sfa,0.5616296292753937,0.7494195282186034
3.0,fixed,3001,2,847657808,edges-corr,pca,0.313760844405355,0.5601435926665193
3.0,fixed,3001,2,847657808,edges-cov,sfa,0.5138980468079435,0.716866826410557
3.0,fixed,3001,2,847657808,edges-cov,pca,0.35799468126607137,0.5983265674078591
3.0,fixed,3001,2,847657808,node-var,sfa,0.6011785060100705,0.7753570184180137
3.0,fixed,3001,2,847657808,node-var,pca,0.647066577685949,0.8044044863661254
3.0,proportional,301,2,847657808,edges-corr,sfa,0.2413810232438266,0.49130542765557417
3.0,proportional,301,2,847657808,edges-corr,pca,0.14137768085581248,0.3760022351739584
3.0,proportional,301,2,847657808,edges-cov,sfa,0.21512725967696922,0.463818132113191
3.0,proportional,301,2,847657808,edges-cov,pca,0.17671523240114584,0.4203751091598384
3.0,proportional,301,2,847657808,node-var,sfa,0.33230633308784463,0.5764601747630489
3.0,proportional,301,2,847657808,node-var,pca,0.02300861033359347,0.15168589365393725
3.0,fixed,3001,3,766640955,edges-corr,sfa,0.8513643792984682,0.9226940876035074
3.0,fixed,3001,3,766640955,edges-corr,pca,0.8786797268171772,0.9373791798504918
3.0,fixed,3001,3,766640955,edges-cov,sfa,0.8680314133130176,0.9316820344479212
3.0,fixed,3001,3,766640955,edges-cov,pca,0.5220625199575969,0.7225389400977625
3.0,fixed,3001,3,766640955,node-var,sfa,0.8890304333787997,0.9428841038954886
3.0,fixed,3001,3,766640955,node-var,pca,0.3770005484750857,0.6140037039587678
3.0,proportional,301,3,766640955,edges-corr,sfa,0.16578466066509434,0.40716662518567726
3.0,proportional,301,3,766640955,edges-corr,pca,0.09922011804275754,0.3149922507662014
3.0,proportional,301,3,766640955,edges-cov,sfa,0.1628108962658027,0.4034983225068009
3.0,proportional,301,3,766640955,edges-cov,pca,0.1251829734490535,0.3538120595020096
3.0,proportional,301,3,766640955,node-var,sfa,0.2989200805040907,0.5467358416128302
3.0,proportional,301,3,766640955,node-var,pca,0.11262762155317296,0.3356003896797098
3.0,fixed,3001,3,767871931,edges-corr,sfa,0.2683939452604287,0.5180675103308725
3.0,fixed,3001,3,767871931,edges-corr,pca,0.10039205974725696,0.31684706049963096
3.0,fixed,3001,3,767871931,edges-cov,sfa,0.24190910807206767,0.49184256431511425
3.0,fixed,3001,3,767871931,edges-cov,pca,0.14595213193598322,0.38203682013123175
3.0,fixed,3001,3,767871931,node-var,sfa,0.7184388052455453,0.8476076953671111
3.0,fixed,3001,3,767871931,node-var,pca,0.29558789260155005,0.5436799542024247
3.0,proportional,301,3,767871931,edges-corr,sfa,0.054496376205531605,0.23344458915453917
3.0,proportional,301,3,767871931,edges-corr,pca,0.009856570908425288,0.09928026444578644
3.0,proportional,301,3,767871931,edges-cov,sfa,0.08023152326702043,0.2832516959649499
3.0,proportional,301,3,767871931,edges-cov,pca,0.03562171171037709,0.1887371497887398
3.0,proportional,301,3,767871931,node-var,sfa,0.09067016954706064,0.30111487765811357
3.0,proportional,301,3,767871931,node-var,pca,0.056488764779112355,0.23767365184031755
3.0,fixed,3001,3,771160300,edges-corr,sfa,0.944229212133589,0.9717145733874677
3.0,fixed,3001,3,771160300,edges-corr,pca,0.8911814793039415,0.9440240883070417
3.0,fixed,3001,3,771160300,edges-cov,sfa,0.9242706926523302,0.9613899794840435
3.0,fixed,3001,3,771160300,edges-cov,pca,0.8680061271131836,0.9316684641615731
3.0,fixed,3001,3,771160300,node-var,sfa,0.8713383490690028,0.9334550600157475
3.0,fixed,3001,3,771160300,node-var,pca,0.8332406245833812,0.9128201490892833
3.0,proportional,301,3,771160300,edges-corr,sfa,0.7337868921018493,0.856613618909861
3.0,proportional,301,3,771160300,edges-corr,pca,0.6443849787545892,0.802735933389424
3.0,proportional,301,3,771160300,edges-cov,sfa,0.5002300961772821,0.7072694650395153
3.0,proportional,301,3,771160300,edges-cov,pca,0.42191553658257175,0.6495502571645805
3.0,proportional,301,3,771160300,node-var,sfa,0.46116655137458906,0.6790924468543212
3.0,proportional,301,3,771160300,node-var,pca,0.3537836464670008,0.594797147325877
3.0,fixed,3001,3,771990200,edges-corr,sfa,0.8306694367604762,0.9114106850155297
3.0,fixed,3001,3,771990200,edges-corr,pca,0.9125865099742451,0.9552939390440234
3.0,fixed,3001,3,771990200,edges-cov,sfa,0.9350364225134088,0.9669728137405986
3.0,fixed,3001,3,771990200,edges-cov,pca,0.7565588436943032,0.8698039110594432
3.0,fixed,3001,3,771990200,node-var,sfa,0.8660790400214083,0.9306336765996646
3.0,fixed,3001,3,771990200,node-var,pca,0.7155660626345135,0.8459113798942025
3.0,proportional,301,3,771990200,edges-corr,sfa,0.5016672226019138,0.7082847044811248
3.0,proportional,301,3,771990200,edges-corr,pca,0.42436253637369736,0.6514311447679619
3.0,proportional,301,3,771990200,edges-cov,sfa,0.21631894780297944,0.4651010081723962
3.0,proportional,301,3,771990200,edges-cov,pca,0.22425308931186838,0.47355368155243827
3.0,proportional,301,3,771990200,node-var,sfa,0.25796781321483686,0.5079053191440676
3.0,proportional,301,3,771990200,node-var,pca,0.21884772678366882,0.4678116360071311
3.0,fixed,3001,3,774875821,edges-corr,sfa,0.7758637920729047,0.8808313073868946
3.0,fixed,3001,3,774875821,edges-corr,pca,0.6333657144719258,0.7958427699438665
3.0,fixed,3001,3,774875821,edges-cov,sfa,0.5920815444881484,0.7694683518431077
3.0,fixed,3001,3,774875821,edges-cov,pca,0.4913367315244672,0.7009541579336463
3.0,fixed,3001,3,774875821,node-var,sfa,0.5914525418118595,0.769059517730494
3.0,fixed,3001,3,774875821,node-var,pca,0.4980830664047178,0.7057500027663604
3.0,proportional,301,3,774875821,edges-corr,sfa,0.5750301431397976,0.7583074199424654
3.0,proportional,301,3,774875821,edges-corr,pca,0.21030316884733358,0.4585882345278098
3.0,proportional,301,3,774875821,edges-cov,sfa,0.33269838914400784,0.5768001292857062
3.0,proportional,301,3,774875821,edges-cov,pca,0.227277983033634,0.476736806879471
3.0,proportional,301,3,774875821,node-var,sfa,0.32237230861807775,0.5677783974563293
3.0,proportional,301,3,774875821,node-var,pca,0.26381164808132174,0.5136259807304554
3.0,fixed,3001,3,778240327,edges-corr,sfa,0.03784471809030965,0.19453718947879697
3.0,fixed,3001,3,778240327,edges-corr,pca,0.032207429258571896,0.17946428407505438
3.0,fixed,3001,3,778240327,edges-cov,sfa,0.10696563148424876,0.3270560066475596
3.0,fixed,3001,3,778240327,edges-cov,pca,0.04056763836478017,0.20141409673799007
3.0,fixed,3001,3,778240327,node-var,sfa,0.03863483633424303,0.19655746318632392
3.0,fixed,3001,3,778240327,node-var,pca,0.12438341417603294,0.3526803285923856
3.0,proportional,301,3,778240327,edges-corr,sfa,0.002333818287329925,0.04830960864393247
3.0,proportional,301,3,778240327,edges-corr,pca,0.010009435390292087,0.10004716582838331
3.0,proportional,301,3,778240327,edges-cov,sfa,0.01543934277652148,0.12425515191138632
3.0,proportional,301,3,778240327,edges-cov,pca,0.006332723459760881,0.07957841076423253
3.0,proportional,301,3,778240327,node-var,sfa,0.025482724725530925,0.15963309407992773
3.0,proportional,301,3,778240327,node-var,pca,7.801347476699139e-05,0.00883252369184463
3.0,fixed,3001,3,778998620,edges-corr,sfa,0.8273480233378115,0.9095867321689617
3.0,fixed,3001,3,778998620,edges-corr,pca,0.6068875046800268,0.7790298483883822
3.0,fixed,3001,3,778998620,edges-cov,sfa,0.7653244945120913,0.874828265725389
3.0,fixed,3001,3,778998620,edges-cov,pca,0.3492701009334197,0.5909907790595552
3.0,fixed,3001,3,778998620,node-var,sfa,0.7426752371555195,0.8617860738927727
3.0,fixed,3001,3,778998620,node-var,pca,0.037102727655228485,0.19262068335261512
3.0,proportional,301,3,778998620,edges-corr,sfa,0.4385767523469909,0.6622512758364394
3.0,proportional,301,3,778998620,edges-corr,pca,0.14531497475482413,0.3812020130519047
3.0,proportional,301,3,778998620,edges-cov,sfa,0.1695397817483455,0.4117520877279742
3.0,proportional,301,3,778998620,edges-cov,pca,0.05490206253892482,0.23431189158667273
3.0,proportional,301,3,778998620,node-var,sfa,0.2603362262357518,0.5102315417883843
3.0,proportional,301,3,778998620,node-var,pca,0.009944095777328243,0.09972008713056901
3.0,fixed,3001,3,779839471,edges-corr,sfa,0.8536400610593752,0.9239264370388892
3.0,fixed,3001,3,779839471,edges-corr,pca,0.8496153021105903,0.921745790394831
3.0,fixed,3001,3,779839471,edges-cov,sfa,0.8271951253274139,0.909502680220027
3.0,fixed,3001,3,779839471,edges-cov,pca,0.8129686512313691,0.901647742320342
3.0,fixed,3001,3,779839471,node-var,sfa,0.8032110850920697,0.8962204444733843
3.0,fixed,3001,3,779839471,node-var,pca,0.8066402966560815,0.8981315586572391
3.0,proportional,301,3,779839471,edges-corr,sfa,0.43475082510321195,0.659356371853046
3.0,proportional,301,3,779839471,edges-corr,pca,0.5387347977401649,0.7339855569016089
3.0,proportional,301,3,779839471,edges-cov,sfa,0.4310907347451808,0.6565750031376315
3.0,proportional,301,3,779839471,edges-cov,pca,0.416952502621425,0.6457185939876795
3.0,proportional,301,3,779839471,node-var,sfa,0.4339323109926403,0.6587353876881374
3.0,proportional,301,3,779839471,node-var,pca,0.44855171975891694,0.6697400389396748
3.0,fixed,3001,3,781842082,edges-corr,sfa,0.17361060894067903,0.41666606406171314
3.0,fixed,3001,3,781842082,edges-corr,pca,0.06841455469930036,0.26156176077420146
3.0,fixed,3001,3,781842082,edges-cov,sfa,0.06424793237196258,0.25347175852935355
3.0,fixed,3001,3,781842082,edges-cov,pca,0.10127696294267008,0.31824041689054894
3.0,fixed,3001,3,781842082,node-var,sfa,0.17889613542648486,0.4229611512024301
3.0,fixed,3001,3,781842082,node-var,pca,0.17403355048537061,0.4171732859200972
3.0,proportional,301,3,781842082,edges-corr,sfa,0.20716334668094372,0.45515200392939437
3.0,proportional,301,3,781842082,edges-corr,pca,0.36649289298923515,0.6053865649229716
3.0,proportional,301,3,781842082,edges-cov,sfa,0.2942310823010099,0.5424307165906163
3.0,proportional,301,3,781842082,edges-cov,pca,0.282279788785057,0.5313000929654135
3.0,proportional,301,3,781842082,node-var,sfa,0.3494109270470612,0.5911099111392574
3.0,proportional,301,3,781842082,node-var,pca,0.33951987116826143,0.5826833369577868
3.0,fixed,3001,3,786091066,edges-corr,sfa,0.10425973409665479,0.32289275943671286
3.0,fixed,3001,3,786091066,edges-corr,pca,0.0016118885941148742,0.04014833239519477
3.0,fixed,3001,3,786091066,edges-cov,sfa,0.029076556719879743,0.170518493776716
3.0,fixed,3001,3,786091066,edges-cov,pca,0.062487915908826186,0.2499758306493379
3.0,fixed,3001,3,786091066,node-var,sfa,0.20886617538563879,0.45701879106404236
3.0,fixed,3001,3,786091066,node-var,pca,0.16470874170155925,0.40584324769738306
3.0,proportional,301,3,786091066,edges-corr,sfa,0.0015225688157509687,0.03902010783879346
3.0,proportional,301,3,786091066,edges-corr,pca,0.008772398273929727,0.09366108196006316
3.0,proportional,301,3,786091066,edges-cov,sfa,0.12884417825286443,0.3589487125661054
3.0,proportional,301,3,786091066,edges-cov,pca,0.04707722718120122,0.2169728719937157
3.0,proportional,301,3,786091066,node-var,sfa,0.17734197672656882,0.4211199077775461
3.0,proportional,301,3,786091066,node-var,pca,0.0917762288929096,0.30294591743892135
3.0,fixed,3001,3,787025148,edges-corr,sfa,0.533307941124953,0.7302793582766482
3.0,fixed,3001,3,787025148,edges-corr,pca,0.698981417343012,0.8360510853668045
3.0,fixed,3001,3,787025148,edges-cov,sfa,0.5219610516351623,0.7224687201776718
3.0,fixed,3001,3,787025148,edges-cov,pca,0.4658784539495381,0.6825528946166286
3.0,fixed,3001,3,787025148,node-var,sfa,0.4103310860193893,0.6405709063166928
3.0,fixed,3001,3,787025148,node-var,pca,0.4588416046291681,0.6773784796029231
3.0,proportional,301,3,787025148,edges-corr,sfa,0.5132120325570624,0.7163881856626773
3.0,proportional,301,3,787025148,edges-corr,pca,0.44315240918738263,0.6656969349391534
3.0,proportional,301,3,787025148,edges-cov,sfa,0.506235469174624,0.7115022622413955
3.0,proportional,301,3,787025148,edges-cov,pca,0.5209067159494962,0.7217386756641885
3.0,proportional,301,3,787025148,node-var,sfa,0.40089654728226454,0.6331639181778003
3.0,proportional,301,3,787025148,node-var,pca,0.4043787129724242,0.6359077865323115
3.0,fixed,3001,3,789848216,edges-corr,sfa,0.9404236348681211,0.9697544198755281
3.0,fixed,3001,3,789848216,edges-corr,pca,0.8033019020035592,0.8962711096557551
3.0,fixed,3001,3,789848216,edges-cov,sfa,0.9258695092771051,0.962221133252178
3.0,fixed,3001,3,789848216,edges-cov,pca,0.7960371796847193,0.8922091569159765
3.0,fixed,3001,3,789848216,node-var,sfa,0.7782278908046463,0.8821722568776726
3.0,fixed,3001,3,789848216,node-var,pca,0.7128763606363253,0.844320058174817
3.0,proportional,301,3,789848216,edges-corr,sfa,0.6329498770596801,0.795581471038435
3.0,proportional,301,3,789848216,edges-corr,pca,0.06093212005735371,0.2468443235266991
3.0,proportional,301,3,789848216,edges-cov,sfa,0.65003242601164,0.8062458843377991
3.0,proportional,301,3,789848216,edges-cov,pca,0.13867257520453402,0.37238766790071576
3.0,proportional,301,3,789848216,node-var,sfa,0.5267784451126176,0.7257950434610431
3.0,proportional,301,3,789848216,node-var,pca,0.16771122873877187,0.40952561426456807
3.0,fixed,3001,3,793224716,edges-corr,sfa,0.9767831415247062,0.9883233992599315
3.0,fixed,3001,3,793224716,edges-corr,pca,0.9691834101263934,0.9844711321955528
3.0,fixed,3001,3,793224716,edges-cov,sfa,0.9697118925468179,0.9847395049183396
3.0,fixed,3001,3,793224716,edges-cov,pca,0.9564959287703244,0.9780060985343214
3.0,fixed,3001,3,793224716,node-var,sfa,0.9657997468089281,0.9827511113241892
3.0,fixed,3001,3,793224716,node-var,pca,0.9602638669754009,0.9799305419137635
3.0,proportional,301,3,793224716,edges-corr,sfa,0.7829138764776276,0.8848242065391452
3.0,proportional,301,3,793224716,edges-corr,pca,0.7953530679309901,0.891825693692994
3.0,proportional,301,3,793224716,edges-cov,sfa,0.4823345172548168,0.6945030721708991
3.0,proportional,301,3,793224716,edges-cov,pca,0.49728625794477077,0.705185264979899
3.0,proportional,301,3,793224716,node-var,sfa,0.5171976983173079,0.7191645836088622
3.0,proportional,301,3,793224716,node-var,pca,0.5044080400960611,0.7102168965154668
3.0,fixed,3001,3,794812542,edges-corr,sfa,0.5369538325046574,0.7327713371200179
3.0,fixed,3001,3,794812542,edges-corr,pca,0.49953668926012607,0.7067790950927499
3.0,fixed,3001,3,794812542,edges-cov,sfa,0.6375465116583392,0.7984650973325886
3.0,fixed,3001,3,794812542,edges-cov,pca,0.6198091075993275,0.7872795612737119
3.0,fixed,3001,3,794812542,node-var,sfa,0.6308886322487788,0.7942849817595561
3.0,fixed,3001,3,794812542,node-var,pca,0.6333279863662215,0.7958190663500231
3.0,proportional,301,3,794812542,edges-corr,sfa,0.5905430359872168,0.7684679798060653
3.0,proportional,301,3,794812542,edges-corr,pca,0.4676243272260908,0.6838306275870443
3.0,proportional,301,3,794812542,edges-cov,sfa,0.5021724698903688,0.7086412843536344
3.0,proportional,301,3,794812542,edges-cov,pca,0.4405546825482355,0.6637429340853541
3.0,proportional,301,3,794812542,node-var,sfa,0.47915404749587664,0.6922095401653157
3.0,proportional,301,3,794812542,node-var,pca,0.4793343577098663,0.6923397704233569
3.0,fixed,3001,3,816200189,edges-corr,sfa,0.9067158366768655,0.9522162762087532
3.0,fixed,3001,3,816200189,edges-corr,pca,0.9213677776311249,0.9598790432294719
3.0,fixed,3001,3,816200189,edges-cov,sfa,0.827264720574961,0.909540939471645
3.0,fixed,3001,3,816200189,edges-cov,pca,0.8115631408625834,0.9008679930281593
3.0,fixed,3001,3,816200189,node-var,sfa,0.8109232437785432,0.9005127671380028
3.0,fixed,3001,3,816200189,node-var,pca,0.8262514112346822,0.9089837244058233
3.0,proportional,301,3,816200189,edges-corr,sfa,0.31067374977651174,0.5573811530510442
3.0,proportional,301,3,816200189,edges-corr,pca,0.2768333274851963,0.5261495295875457
3.0,proportional,301,3,816200189,edges-cov,sfa,0.274443184011377,0.5238732518571425
3.0,proportional,301,3,816200189,edges-cov,pca,0.24940397166794048,0.4994036159940578
3.0,proportional,301,3,816200189,node-var,sfa,0.2787987895860343,0.5280140051040633
3.0,proportional,301,3,816200189,node-var,pca,0.2733040531931007,0.5227849014586211
3.0,fixed,3001,3,829720705,edges-corr,sfa,0.9013034684441904,0.949370037679824
3.0,fixed,3001,3,829720705,edges-corr,pca,0.8730078065084255,0.9343488676658331
3.0,fixed,3001,3,829720705,edges-cov,sfa,0.8651019893453162,0.9301085900825329
3.0,fixed,3001,3,829720705,edges-cov,pca,0.8656671327357162,0.9304123455413281
3.0,fixed,3001,3,829720705,node-var,sfa,0.8754098473233283,0.9356333936555109
3.0,fixed,3001,3,829720705,node-var,pca,0.8809227201265875,0.938574834590502
3.0,proportional,301,3,829720705,edges-corr,sfa,0.48872750379915,0.6990904832703336
3.0,proportional,301,3,829720705,edges-corr,pca,0.3794056046402453,0.6159590933172793
3.0,proportional,301,3,829720705,edges-cov,sfa,0.3765795570203164,0.6136607833488437
3.0,proportional,301,3,829720705,edges-cov,pca,0.37046513753024235,0.6086584736370984
3.0,proportional,301,3,829720705,node-var,sfa,0.40559550691313506,0.6368638056234114
3.0,proportional,301,3,829720705,node-var,pca,0.4023749380466036,0.6343303067382196
3.0,fixed,3001,3,831882777,edges-corr,sfa,0.28738415181076493,0.536082224859923
3.0,fixed,3001,3,831882777,edges-corr,pca,0.29366023339056135,0.5419042658907213
3.0,fixed,3001,3,831882777,edges-cov,sfa,0.0017577037037558307,0.041924977087123796
3.0,fixed,3001,3,831882777,edges-cov,pca,0.005885911454023951,0.07671969404281996
3.0,fixed,3001,3,831882777,node-var,sfa,0.04406365610978613,0.2099134490922056
3.0,fixed,3001,3,831882777,node-var,pca,0.03934318081271382,0.1983511553097533
3.0,proportional,301,3,831882777,edges-corr,sfa,0.10555515049564301,0.3248925214523149
3.0,proportional,301,3,831882777,edges-corr,pca,0.10782208231764134,0.3283627297938074
3.0,proportional,301,3,831882777,edges-cov,sfa,0.008498223379445613,0.09218580899165306
3.0,proportional,301,3,831882777,edges-cov,pca,0.07674850989090265,0.2770352141712355
3.0,proportional,301,3,831882777,node-var,sfa,0.009154506679305618,0.09567918623872942
3.0,proportional,301,3,831882777,node-var,pca,0.003064000188445437,0.05535341171459463
3.0,fixed,3001,3,835479236,edges-corr,sfa,0.575895532121058,0.7588778110612134
3.0,fixed,3001,3,835479236,edges-corr,pca,0.5180731139671899,0.7197729600139131
3.0,fixed,3001,3,835479236,edges-cov,sfa,0.39641996063261653,0.6296189011081358
3.0,fixed,3001,3,835479236,edges-cov,pca,0.338659297327519,0.5819444108568442
3.0,fixed,3001,3,835479236,node-var,sfa,0.3424499204235468,0.5851922081022157
3.0,fixed,3001,3,835479236,node-var,pca,0.25731534413646207,0.5072625987952019
3.0,proportional,301,3,835479236,edges-corr,sfa,0.2500025965373255,0.5000025965305838
3.0,proportional,301,3,835479236,edges-corr,pca,0.23692090650441566,0.4867452172383572
3.0,proportional,301,3,835479236,edges-cov,sfa,0.11993367499987628,0.3463144163904766
3.0,proportional,301,3,835479236,edges-cov,pca,0.09741861303967925,0.3121195492750805
3.0,proportional,301,3,835479236,node-var,sfa,0.08646797797036909,0.2940543792742577
3.0,proportional,301,3,835479236,node-var,pca,0.06077563191905744,0.24652714235770765
3.0,fixed,3001,3,839068429,edges-corr,sfa,0.031149157922398252,0.17649124035599684
3.0,fixed,3001,3,839068429,edges-corr,pca,0.11197376719553753,0.33462481557042
3.0,fixed,3001,3,839068429,edges-cov,sfa,0.00011231493395225112,0.010597874029839844
3.0,fixed,3001,3,839068429,edges-cov,pca,0.010359418754440797,0.1017812298729039
3.0,fixed,3001,3,839068429,node-var,sfa,0.02119727837128882,0.14559285137426511
3.0,fixed,3001,3,839068429,node-var,pca,0.0004642096477479596,0.021545525005160316
3.0,proportional,301,3,839068429,edges-corr,sfa,0.0015967451892271445,0.03995929415326495
3.0,proportional,301,3,839068429,edges-corr,pca,0.001458495914694935,0.038190259421675046
3.0,proportional,301,3,839068429,edges-cov,sfa,0.04005084439375328,0.20012707061702958
3.0,proportional,301,3,839068429,edges-cov,pca,0.04260536899425038,0.2064106804267898
3.0,proportional,301,3,839068429,node-var,sfa,0.02828413916112682,0.16817889035526085
3.0,proportional,301,3,839068429,node-var,pca,0.03784213170581141,0.19453054183292526
3.0,fixed,3001,3,847657808,edges-corr,sfa,0.8703086832484175,0.9329033622237713
3.0,fixed,3001,3,847657808,edges-corr,pca,0.7491719193198572,0.8655471791415283
3.0,fixed,3001,3,847657808,edges-cov,sfa,0.43370234394143825,0.6585608126372522
3.0,fixed,3001,3,847657808,edges-cov,pca,0.5593473968358811,0.7478953114145594
3.0,fixed,3001,3,847657808,node-var,sfa,0.863655814623514,0.9293308423933403
3.0,fixed,3001,3,847657808,node-var,pca,0.6876654270946015,0.8292559478801477
3.0,proportional,301,3,847657808,edges-corr,sfa,0.3538509921915819,0.5948537569786231
3.0,proportional,301,3,847657808,edges-corr,pca,0.28460086980593535,0.5334799619535248
3.0,proportional,301,3,847657808,edges-cov,sfa,0.021402842661316313,0.146297104076999
3.0,proportional,301,3,847657808,edges-cov,pca,0.14125710819027937,0.37584186593603314
3.0,proportional,301,3,847657808,node-var,sfa,0.4161304922948432,0.6450817717893151
3.0,proportional,301,3,847657808,node-var,pca,0.20587438887004428,0.4537338304226875
3.0,fixed,3001,4,766640955,edges-corr,sfa,0.8945142788431316,0.9457876499738886
3.0,fixed,3001,4,766640955,edges-corr,pca,0.38640713895353584,0.6216165529919034
3.0,fixed,3001,4,766640955,edges-cov,sfa,0.8787009552826526,0.9373905030896422
3.0,fixed,3001,4,766640955,edges-cov,pca,0.11569856871150175,0.34014492310117156
3.0,fixed,3001,4,766640955,node-var,sfa,0.7527950651704486,0.8676376347130454
3.0,fixed,3001,4,766640955,node-var,pca,4.760683045768044e-05,0.006899770319197658
3.0,proportional,301,4,766640955,edges-corr,sfa,0.4310838038599959,0.6565697250559114
3.0,proportional,301,4,766640955,edges-corr,pca,0.12993242618832257,0.3604614073494175
3.0,proportional,301,4,766640955,edges-cov,sfa,0.17906624968745632,0.42316220257420983
3.0,proportional,301,4,766640955,edges-cov,pca,0.06642039759384122,0.25772155050333134
3.0,proportional,301,4,766640955,node-var,sfa,0.10979526523361915,0.33135368601181886
3.0,proportional,301,4,766640955,node-var,pca,0.015502425207713944,0.12450873546749147
3.0,fixed,3001,4,767871931,edges-corr,sfa,0.9324518375345641,0.9656354578900704
3.0,fixed,3001,4,767871931,edges-corr,pca,0.9243547054866925,0.96143367191226
3.0,fixed,3001,4,767871931,edges-cov,sfa,0.9504837929290664,0.9749275834281566
3.0,fixed,3001,4,767871931,edges-cov,pca,0.9650454340504087,0.9823672602700119
3.0,fixed,3001,4,767871931,node-var,sfa,0.9586127403645157,0.9790877082082672
3.0,fixed,3001,4,767871931,node-var,pca,0.9721822531686694,0.9859930289655551
3.0,proportional,301,4,767871931,edges-corr,sfa,0.8030535370406902,0.8961325443485965
3.0,proportional,301,4,767871931,edges-corr,pca,0.7491393169097851,0.8655283455264681
3.0,proportional,301,4,767871931,edges-cov,sfa,0.6242746814089262,0.7901105501187325
3.0,proportional,301,4,767871931,edges-cov,pca,0.33952628894919634,0.582688844023288
3.0,proportional,301,4,767871931,node-var,sfa,0.5842571135633623,0.764367132707419
3.0,proportional,301,4,767871931,node-var,pca,0.3806552901323943,0.616972681836396
3.0,fixed,3001,4,771160300,edges-corr,sfa,0.7361671224504414,0.858001819607885
3.0,fixed,3001,4,771160300,edges-corr,pca,0.8685074531282544,0.9319374727567588
3.0,fixed,3001,4,771160300,edges-cov,sfa,0.866366696148733,0.9307882122957584
3.0,fixed,3001,4,771160300,edges-cov,pca,0.8755901616955704,0.9357297482155686
3.0,fixed,3001,4,771160300,node-var,sfa,0.8706713946467288,0.9330977412076029
3.0,fixed,3001,4,771160300,node-var,pca,0.8452210852549722,0.9193590622031049
3.0,proportional,301,4,771160300,edges-corr,sfa,0.510864560491176,0.714747899955765
3.0,proportional,301,4,771160300,edges-corr,pca,0.4928110458044216,0.7020050183612803
3.0,proportional,301,4,771160300,edges-cov,sfa,0.36159832153653804,0.601330459511688
3.0,proportional,301,4,771160300,edges-cov,pca,0.32275615159730175,0.5681163187211763
3.0,proportional,301,4,771160300,node-var,sfa,0.4078738945657997,0.6386500564204163
3.0,proportional,301,4,771160300,node-var,pca,0.27922858397655326,0.5284208398393779
3.0,fixed,3001,4,771990200,edges-corr,sfa,0.7790048071816028,0.8826124898173604
3.0,fixed,3001,4,771990200,edges-corr,pca,0.9358441971462714,0.9673904057547145
3.0,fixed,3001,4,771990200,edges-cov,sfa,0.6836801713552958,0.8268495457792154
3.0,fixed,3001,4,771990200,edges-cov,pca,0.7564458987826248,0.8697389831338055
3.0,fixed,3001,4,771990200,node-var,sfa,0.7166999377201729,0.8465813237487417
3.0,fixed,3001,4,771990200,node-var,pca,0.7740025427407758,0.8797741430280703
3.0,proportional,301,4,771990200,edges-corr,sfa,0.5255211983815475,0.7249284091422726
3.0,proportional,301,4,771990200,edges-corr,pca,0.46663435876729886,0.6831064036936696
3.0,proportional,301,4,771990200,edges-cov,sfa,0.25543250747944746,0.5054033117020982
3.0,proportional,301,4,771990200,edges-cov,pca,0.2528457848948439,0.5028377321709699
3.0,proportional,301,4,771990200,node-var,sfa,0.2909879900825968,0.5394330265033801
3.0,proportional,301,4,771990200,node-var,pca,0.29111714806851574,0.5395527296460618
3.0,fixed,3001,4,774875821,edges-corr,sfa,0.8299081469069971,0.9109929455857472
3.0,fixed,3001,4,774875821,edges-corr,pca,0.6553340645806545,0.8095270622904795
3.0,fixed,3001,4,774875821,edges-cov,sfa,0.7215499777218559,0.8494409795399881
3.0,fixed,3001,4,774875821,edges-cov,pca,0.6323272305334655,0.7951900593779232
3.0,fixed,3001,4,774875821,node-var,sfa,0.6822807112600415,0.8260028518474017
3.0,fixed,3001,4,774875821,node-var,pca,0.6486478847494492,0.8053867920132834
3.0,proportional,301,4,774875821,edges-corr,sfa,0.6072679403391825,0.779273982845047
3.0,proportional,301,4,774875821,edges-corr,pca,0.21658864957110346,0.46539085677643427
3.0,proportional,301,4,774875821,edges-cov,sfa,0.2575594568713092,0.5075031594692881
3.0,proportional,301,4,774875821,edges-cov,pca,0.19149069013712183,0.4375964923729641
3.0,proportional,301,4,774875821,node-var,sfa,0.2514967305089014,0.501494496987655
3.0,proportional,301,4,774875821,node-var,pca,0.2105739433418672,0.4588833657280106
3.0,fixed,3001,4,778240327,edges-corr,sfa,0.7241858960473214,0.8509911257159625
3.0,fixed,3001,4,778240327,edges-corr,pca,0.5357425860090949,0.7319443872379207
3.0,fixed,3001,4,778240327,edges-cov,sfa,0.8352478262135159,0.9139189385353138
3.0,fixed,3001,4,778240327,edges-cov,pca,0.7791569341722335,0.8826986655548045
3.0,fixed,3001,4,778240327,node-var,sfa,0.7970703258577478,0.8927879512279203
3.0,fixed,3001,4,778240327,node-var,pca,0.806649995523191,0.8981369581100596
3.0,proportional,301,4,778240327,edges-corr,sfa,0.14327206814129512,0.37851296958135444
3.0,proportional,301,4,778240327,edges-corr,pca,0.07948298269790988,0.2819272649069431
3.0,proportional,301,4,778240327,edges-cov,sfa,0.48763643703462056,0.6983096999430982
3.0,proportional,301,4,778240327,edges-cov,pca,0.29215821708045187,0.5405166205404341
3.0,proportional,301,4,778240327,node-var,sfa,0.4929239639022288,0.7020854391754809
3.0,proportional,301,4,778240327,node-var,pca,0.4014706049926836,0.633617080729902
3.0,fixed,3001,4,778998620,edges-corr,sfa,0.9256223437029102,0.962092689766901
3.0,fixed,3001,4,778998620,edges-corr,pca,0.8609870593764896,0.9278938836830916
3.0,fixed,3001,4,778998620,edges-cov,sfa,0.9082013851507319,0.9529960047926388
3.0,fixed,3001,4,778998620,edges-cov,pca,0.8876029421531604,0.9421268185086122
3.0,fixed,3001,4,778998620,node-var,sfa,0.8906898393245853,0.9437636564969984
3.0,fixed,3001,4,778998620,node-var,pca,0.8495627282201944,0.9217172713040552
3.0,proportional,301,4,778998620,edges-corr,sfa,0.590416584784428,0.7683857005335455
3.0,proportional,301,4,778998620,edges-corr,pca,0.4127622305901797,0.6424657427366683
3.0,proportional,301,4,778998620,edges-cov,sfa,0.510402556786722,0.7144246333846013
3.0,proportional,301,4,778998620,edges-cov,pca,0.3658766653318386,0.6048773969424207
3.0,proportional,301,4,778998620,node-var,sfa,0.51245975008706,0.7158629408532473
3.0,proportional,301,4,778998620,node-var,pca,0.1097249854618132,0.331247619556448
3.0,fixed,3001,4,779839471,edges-corr,sfa,0.12752995634442754,0.35711336623602813
3.0,fixed,3001,4,779839471,edges-corr,pca,0.138378991533736,0.37199326812959405
3.0,fixed,3001,4,779839471,edges-cov,sfa,0.21628284645177032,0.46506219632622275
3.0,fixed,3001,4,779839471,edges-cov,pca,0.20876882717229028,0.45691227513855465
3.0,fixed,3001,4,779839471,node-var,sfa,0.24012910089714667,0.49002969389328516
3.0,fixed,3001,4,779839471,node-var,pca,0.23651607955424758,0.48632918846625645
3.0,proportional,301,4,779839471,edges-corr,sfa,0.15640769891176742,0.39548413231350665
3.0,proportional,301,4,779839471,edges-corr,pca,0.23031041976884026,0.4799066781873743
3.0,proportional,301,4,779839471,edges-cov,sfa,0.28079298096134886,0.5298990290247267
3.0,proportional,301,4,779839471,edges-cov,pca,0.2677001905166426,0.5173975169216044
3.0,proportional,301,4,779839471,node-var,sfa,0.2913351996474842,0.5397547588002206
3.0,proportional,301,4,779839471,node-var,pca,0.2900324600998013,0.5385466183161879
3.0,fixed,3001,4,781842082,edges-corr,sfa,0.8924994008171467,0.9447218642633108
3.0,fixed,3001,4,781842082,edges-corr,pca,0.8198858178740462,0.9054754650867394
3.0,fixed,3001,4,781842082,edges-cov,sfa,0.6031661453632946,0.776637718220854
3.0,fixed,3001,4,781842082,edges-cov,pca,0.5008674930187738,0.7077199255487823
3.0,fixed,3001,4,781842082,node-var,sfa,0.6428885645179774,0.8018033203460662
3.0,fixed,3001,4,781842082,node-var,pca,0.506091560635241,0.7114011249887378
3.0,proportional,301,4,781842082,edges-corr,sfa,0.7331499166134768,0.856241739588464
3.0,proportional,301,4,781842082,edges-corr,pca,0.5482195283356229,0.7404184818976525
3.0,proportional,301,4,781842082,edges-cov,sfa,0.20603191909240726,0.4539073904359872
3.0,proportional,301,4,781842082,edges-cov,pca,0.21796102838912235,0.46686296532186267
3.0,proportional,301,4,781842082,node-var,sfa,0.27651325457197684,0.5258452762666762
3.0,proportional,301,4,781842082,node-var,pca,0.2187951395135186,0.46775542702732875
3.0,fixed,3001,4,786091066,edges-corr,sfa,0.7146689928186716,0.84538097495666
3.0,fixed,3001,4,786091066,edges-corr,pca,0.5148394968088796,0.7175231681338796
3.0,fixed,3001,4,786091066,edges-cov,sfa,0.7159359796204572,0.846130001607588
3.0,fixed,3001,4,786091066,edges-cov,pca,0.2687028092860676,0.5183655170688612
3.0,fixed,3001,4,786091066,node-var,sfa,0.7552764580849896,0.8690664290403749
3.0,fixed,3001,4,786091066,node-var,pca,0.08240270228220226,0.28705870877261763
3.0,proportional,301,4,786091066,edges-corr,sfa,0.2026225970645632,0.4501361983495252
3.0,proportional,301,4,786091066,edges-corr,pca,0.06601735994954427,0.25693843610784356
3.0,proportional,301,4,786091066,edges-cov,sfa,0.300319500975199,0.5480141430430413
3.0,proportional,301,4,786091066,edges-cov,pca,0.017197334237348594,0.13113860696739343
3.0,proportional,301,4,786091066,node-var,sfa,0.302272075798402,0.5497927571352704
3.0,proportional,301,4,786091066,node-var,pca,0.0018625227555737478,0.043156954892271206
3.0,fixed,3001,4,787025148,edges-corr,sfa,0.010669488931750348,0.10329321822728854
3.0,fixed,3001,4,787025148,edges-corr,pca,0.02970998424550153,0.17236584419629547
3.0,fixed,3001,4,787025148,edges-cov,sfa,0.004805503376277609,0.06932173812216165
3.0,fixed,3001,4,787025148,edges-cov,pca,3.7020325631687e-06,0.0019240666732312725
3.0,fixed,3001,4,787025148,node-var,sfa,0.0004202341676001753,0.020499613840272032
3.0,fixed,3001,4,787025148,node-var,pca,0.07482521369679895,0.2735419779426899
3.0,proportional,301,4,787025148,edges-corr,sfa,0.04488492599805616,0.21186062871155678
3.0,proportional,301,4,787025148,edges-corr,pca,0.07301442844147488,0.27021182143176975
3.0,proportional,301,4,787025148,edges-cov,sfa,0.13829431523640112,0.371879436425841
3.0,proportional,301,4,787025148,edges-cov,pca,0.11149361989917927,0.333906603557311
3.0,proportional,301,4,787025148,node-var,sfa,0.1456804677108503,0.3816811073538357
3.0,proportional,301,4,787025148,node-var,pca,0.10569116147631274,0.3251017709522861
3.0,fixed,3001,4,789848216,edges-corr,sfa,0.8542134286841654,0.9242366735226238
3.0,fixed,3001,4,789848216,edges-corr,pca,0.6720855453749541,0.81980823695237
3.0,fixed,3001,4,789848216,edges-cov,sfa,0.8860373506064365,0.9412955702681471
3.0,fixed,3001,4,789848216,edges-cov,pca,0.8540286371325033,0.9241366982933333
3.0,fixed,3001,4,789848216,node-var,sfa,0.7766366337055564,0.881269898331695
3.0,fixed,3001,4,789848216,node-var,pca,0.7058282467505561,0.8401358501757656
3.0,proportional,301,4,789848216,edges-corr,sfa,0.5924647314317231,0.7697173061791723
3.0,proportional,301,4,789848216,edges-corr,pca,0.10811501400755896,0.32880847617961273
3.0,proportional,301,4,789848216,edges-cov,sfa,0.5826837784190275,0.7633372638742506
3.0,proportional,301,4,789848216,edges-cov,pca,0.2844153800780115,0.5333060847937243
3.0,proportional,301,4,789848216,node-var,sfa,0.5179303490437854,0.7196737796000243
3.0,proportional,301,4,789848216,node-var,pca,0.011739338165975832,0.10834822640899947
3.0,fixed,3001,4,793224716,edges-corr,sfa,0.49030672962331534,0.7002190583119795
3.0,fixed,3001,4,793224716,edges-corr,pca,0.12799189564957725,0.3577595500466439
3.0,fixed,3001,4,793224716,edges-cov,sfa,0.41533465565572636,0.6444646271563134
3.0,fixed,3001,4,793224716,edges-cov,pca,0.3289667348412063,0.5735562176815846
3.0,fixed,3001,4,793224716,node-var,sfa,0.37979250484751714,0.6162730765233191
3.0,fixed,3001,4,793224716,node-var,pca,0.3639573014762909,0.603288738065191
3.0,proportional,301,4,793224716,edges-corr,sfa,0.32010127347873263,0.5657749318224811
3.0,proportional,301,4,793224716,edges-corr,pca,0.18299934921045058,0.42778423207319194
3.0,proportional,301,4,793224716,edges-cov,sfa,0.40088269138735866,0.633152976291953
3.0,proportional,301,4,793224716,edges-cov,pca,0.32054498321835456,0.5661669216921409
3.0,proportional,301,4,793224716,node-var,sfa,0.3984152592583702,0.6312014411092313
3.0,proportional,301,4,793224716,node-var,pca,0.3803758742220611,0.6167461991954725
3.0,fixed,3001,4,794812542,edges-corr,sfa,0.8008661477289671,0.8949112513143223
3.0,fixed,3001,4,794812542,edges-corr,pca,0.8465774300336031,0.9200964243130182
3.0,fixed,3001,4,794812542,edges-cov,sfa,0.6691258692477553,0.8180011425711788
3.0,fixed,3001,4,794812542,edges-cov,pca,0.615710529586833,0.784672243415576
3.0,fixed,3001,4,794812542,node-var,sfa,0.640727738473605,0.800454707321785
3.0,fixed,3001,4,794812542,node-var,pca,0.667355419523628,0.8169182453119943
3.0,proportional,301,4,794812542,edges-corr,sfa,0.4304690635089392,0.6561014125186282
3.0,proportional,301,4,794812542,edges-corr,pca,0.4754069565470743,0.6894976117051276
3.0,proportional,301,4,794812542,edges-cov,sfa,0.370042713665124,0.608311362433026
3.0,proportional,301,4,794812542,edges-cov,pca,0.30358922719727643,0.5509893167723642
3.0,proportional,301,4,794812542,node-var,sfa,0.34808040227058834,0.5899833915209717
3.0,proportional,301,4,794812542,node-var,pca,0.35942359611251884,0.5995194710036693
3.0,fixed,3001,4,816200189,edges-corr,sfa,0.7886560109554908,0.8880630669921413
3.0,fixed,3001,4,816200189,edges-corr,pca,0.7038623595839195,0.838965052659478
3.0,fixed,3001,4,816200189,edges-cov,sfa,0.42054610680679405,0.6484952635191673
3.0,fixed,3001,4,816200189,edges-cov,pca,0.40435308890150456,0.635887638582088
3.0,fixed,3001,4,816200189,node-var,sfa,0.42198737919559337,0.6496055566230894
3.0,fixed,3001,4,816200189,node-var,pca,0.408793650074772,0.6393697287757473
3.0,proportional,301,4,816200189,edges-corr,sfa,0.39155378629577997,0.6257425878872076
3.0,proportional,301,4,816200189,edges-corr,pca,0.2943474374195919,0.5425379594273487
3.0,proportional,301,4,816200189,edges-cov,sfa,0.11741124300570172,0.3426532401797799
3.0,proportional,301,4,816200189,edges-cov,pca,0.12452442519676743,0.35288018532749527
3.0,proportional,301,4,816200189,node-var,sfa,0.1350109708678433,0.3674383905743159
3.0,proportional,301,4,816200189,node-var,pca,0.12241554651999531,0.34987933137011
3.0,fixed,3001,4,829720705,edges-corr,sfa,0.6071371121491611,0.7791900359662984
3.0,fixed,3001,4,829720705,edges-corr,pca,0.5205914101919425,0.7215202077502357
3.0,fixed,3001,4,829720705,edges-cov,sfa,0.42987260102512204,0.6556467044263417
3.0,fixed,3001,4,829720705,edges-cov,pca,0.41204216177601904,0.6419051034039372
3.0,fixed,3001,4,829720705,node-var,sfa,0.4291264113664801,0.65507740868273
3.0,fixed,3001,4,829720705,node-var,pca,0.4291464693047351,0.655092718097778
3.0,proportional,301,4,829720705,edges-corr,sfa,0.27897974371215273,0.528185330837721
3.0,proportional,301,4,829720705,edges-corr,pca,0.28087624482483076,0.5299775889835634
3.0,proportional,301,4,829720705,edges-cov,sfa,0.15427304753252402,0.39277607810624615
3.0,proportional,301,4,829720705,edges-cov,pca,0.16061090319053017,0.4007629014648569
3.0,proportional,301,4,829720705,node-var,sfa,0.17344050727432603,0.41646189174320164
3.0,proportional,301,4,829720705,node-var,pca,0.18864442272610216,0.4343321571402494
3.0,fixed,3001,4,831882777,edges-corr,sfa,0.7109223925183623,0.8431621389260557
3.0,fixed,3001,4,831882777,edges-corr,pca,0.03290608770891734,0.18140035200880272
3.0,fixed,3001,4,831882777,edges-cov,sfa,0.8898130503380013,0.9432990248791742
3.0,fixed,3001,4,831882777,edges-cov,pca,0.7259861918354686,0.8520482332799414
3.0,fixed,3001,4,831882777,node-var,sfa,0.8186656724449591,0.9048014547097942
3.0,fixed,3001,4,831882777,node-var,pca,0.8096310471401932,0.8997950028424214
3.0,proportional,301,4,831882777,edges-corr,sfa,0.26114039251561005,0.5110189747119085
3.0,proportional,301,4,831882777,edges-corr,pca,0.0013860065633982677,0.03722910908681643
3.0,proportional,301,4,831882777,edges-cov,sfa,0.47580960188186117,0.6897895344827019
3.0,proportional,301,4,831882777,edges-cov,pca,0.1587307031138796,0.3984102196403598
3.0,proportional,301,4,831882777,node-var,sfa,0.46363739492463474,0.6809092413270905
3.0,proportional,301,4,831882777,node-var,pca,0.4571944358140261,0.676161545648691
3.0,fixed,3001,4,835479236,edges-corr,sfa,0.7967991174082554,0.892636049803197
3.0,fixed,3001,4,835479236,edges-corr,pca,0.8118575580900883,0.9010313857408572
3.0,fixed,3001,4,835479236,edges-cov,sfa,0.5850216895205913,0.7648671057906667
3.0,fixed,3001,4,835479236,edges-cov,pca,0.6203434273198778,0.787618833776769
3.0,fixed,3001,4,835479236,node-var,sfa,0.5555935609490824,0.7453814868569538
3.0,fixed,3001,4,835479236,node-var,pca,0.5730764279433899,0.7570181159941883
3.0,proportional,301,4,835479236,edges-corr,sfa,0.3902494520751104,0.6246994894147987
3.0,proportional,301,4,835479236,edges-corr,pca,0.2302372271393669,0.47983041497946605
3.0,proportional,301,4,835479236,edges-cov,sfa,0.19111873557139736,0.43717128859452503
3.0,proportional,301,4,835479236,edges-cov,pca,0.17923207461642054,0.42335809265493013
3.0,proportional,301,4,835479236,node-var,sfa,0.21734345836814828,0.4662010921996523
3.0,proportional,301,4,835479236,node-var,pca,0.2229784426168544,0.47220593242446074
3.0,fixed,3001,4,839068429,edges-corr,sfa,0.24812632827270498,0.4981228044094202
3.0,fixed,3001,4,839068429,edges-corr,pca,0.42056369776798297,0.6485088262837928
3.0,fixed,3001,4,839068429,edges-cov,sfa,0.2569684136822613,0.5069205200840281
3.0,fixed,3001,4,839068429,edges-cov,pca,0.33932943417212535,0.5825199002370002
3.0,fixed,3001,4,839068429,node-var,sfa,0.3012370313148054,0.5488506457268727
3.0,fixed,3001,4,839068429,node-var,pca,0.1876055961881239,0.4331346167049269
3.0,proportional,301,4,839068429,edges-corr,sfa,0.027754505217245762,0.16659683435541586
3.0,proportional,301,4,839068429,edges-corr,pca,0.0016040238921644079,0.040050267067329955
3.0,proportional,301,4,839068429,edges-cov,sfa,0.006029341493806295,0.07764883446521553
3.0,proportional,301,4,839068429,edges-cov,pca,3.4559338759065916e-05,0.005878719142721447
3.0,proportional,301,4,839068429,node-var,sfa,4.871346047474745e-05,0.00697950288164458
3.0,proportional,301,4,839068429,node-var,pca,0.0003482716672690289,0.01866203813277136
3.0,fixed,3001,4,847657808,edges-corr,sfa,0.06363860506201557,0.25226693216118434
3.0,fixed,3001,4,847657808,edges-corr,pca,0.16918888798327736,0.4113257686837494
3.0,fixed,3001,4,847657808,edges-cov,sfa,0.21055824034356507,0.4588662553986346
3.0,fixed,3001,4,847657808,edges-cov,pca,0.19483822033651754,0.4414048259098636
3.0,fixed,3001,4,847657808,node-var,sfa,0.30381945425391976,0.5511981987034424
3.0,fixed,3001,4,847657808,node-var,pca,0.25097577844664154,0.5009748281567066
3.0,proportional,301,4,847657808,edges-corr,sfa,0.16016967275651584,0.40021203474722755
3.0,proportional,301,4,847657808,edges-corr,pca,0.14778648354115664,0.3844300762702582
3.0,proportional,301,4,847657808,edges-cov,sfa,0.000419083998008829,0.020471541173270137
3.0,proportional,301,4,847657808,edges-cov,pca,0.15582368164783988,0.3947450843871775
3.0,proportional,301,4,847657808,node-var,sfa,0.05010312365810621,0.22383727048484608
3.0,proportional,301,4,847657808,node-var,pca,0.10851886475101646,0.32942201619050426
1.0,fixed,3001,0,766640955,edges-corr,sfa,0.5686810641865052,0.7541094510656297
1.0,fixed,3001,0,766640955,edges-corr,pca,0.5849412257261771,0.764814504129058
1.0,fixed,3001,0,766640955,edges-cov,sfa,0.6818797867694473,0.8257601266526783
1.0,fixed,3001,0,766640955,edges-cov,pca,0.6365753054500058,0.7978566948080376
1.0,fixed,3001,0,766640955,node-var,sfa,0.726627582637914,0.8524245319310764
1.0,fixed,3001,0,766640955,node-var,pca,0.6743615477877719,0.8211951946935464
1.0,proportional,101,0,766640955,edges-corr,sfa,0.0030917251846701577,0.055603283937822746
1.0,proportional,101,0,766640955,edges-corr,pca,0.013703974818470854,0.11706397745878519
1.0,proportional,101,0,766640955,edges-cov,sfa,0.03570295472580298,0.1889522551487622
1.0,proportional,101,0,766640955,edges-cov,pca,0.05831474113040569,0.24148445318571896
1.0,proportional,101,0,766640955,node-var,sfa,0.038135288390823585,0.19528258598969742
1.0,proportional,101,0,766640955,node-var,pca,0.08161633314616745,0.28568572443537943
1.0,fixed,3001,0,767871931,edges-corr,sfa,0.2620856592109221,0.5119430234029196
1.0,fixed,3001,0,767871931,edges-corr,pca,0.41438720301216825,0.6437291379238387
1.0,fixed,3001,0,767871931,edges-cov,sfa,0.1879023844803397,0.43347708645364397
1.0,fixed,3001,0,767871931,edges-cov,pca,0.16140535986050142,0.4017528591814891
1.0,fixed,3001,0,767871931,node-var,sfa,0.04812366723229933,0.21937107200426276
1.0,fixed,3001,0,767871931,node-var,pca,0.019207881314488584,0.138592500931647
1.0,proportional,101,0,767871931,edges-corr,sfa,0.0011288479625747305,0.03359833273504425
1.0,proportional,101,0,767871931,edges-corr,pca,0.10203115585901079,0.3194231611186182
1.0,proportional,101,0,767871931,edges-cov,sfa,0.14283542892737977,0.37793574708854927
1.0,proportional,101,0,767871931,edges-cov,pca,0.12298028283198947,0.3506854471345934
1.0,proportional,101,0,767871931,node-var,sfa,0.12091802764778226,0.3477326956841739
1.0,proportional,101,0,767871931,node-var,pca,0.13676253638646219,0.3698141917050536
1.0,fixed,3001,0,771160300,edges-corr,sfa,0.9797509678151248,0.9898237054218925
1.0,fixed,3001,0,771160300,edges-corr,pca,0.9610589757951357,0.9803361544873959
1.0,fixed,3001,0,771160300,edges-cov,sfa,0.9706118423660172,0.9851963471136186
1.0,fixed,3001,0,771160300,edges-cov,pca,0.9636365244899584,0.9816498991442714
1.0,fixed,3001,0,771160300,node-var,sfa,0.9655961990141695,0.9826475456714727
1.0,fixed,3001,0,771160300,node-var,pca,0.954970572028075,0.9772259575083309
1.0,proportional,101,0,771160300,edges-corr,sfa,0.6070408151915085,0.7791282405300868
1.0,proportional,101,0,771160300,edges-corr,pca,0.6321226175841094,0.7950613923365347
1.0,proportional,101,0,771160300,edges-cov,sfa,0.2862087896745208,0.534984849948595
1.0,proportional,101,0,771160300,edges-cov,pca,0.2929029705386784,0.5412051094905502
1.0,proportional,101,0,771160300,node-var,sfa,0.33314298159434763,0.5771853962067544
1.0,proportional,101,0,771160300,node-var,pca,0.28911304204232646,0.5376923302803626
1.0,fixed,3001,0,771990200,edges-corr,sfa,0.11663184928926162,0.34151405430708365
1.0,fixed,3001,0,771990200,edges-corr,pca,0.16958326626940234,0.41180488859337533
1.0,fixed,3001,0,771990200,edges-cov,sfa,0.15658795444976514,0.3957119589420632
1.0,fixed,3001,0,771990200,edges-cov,pca,0.6431810247793568,0.8019856761684442
1.0,fixed,3001,0,771990200,node-var,sfa,0.6871498803726463,0.8289450406225052
1.0,fixed,3001,0,771990200,node-var,pca,0.7013482283104964,0.8374653594689733
1.0,proportional,101,0,771990200,edges-corr,sfa,3.6928692627058446e-05,0.006076898273522875
1.0,proportional,101,0,771990200,edges-corr,pca,0.005388344875953965,0.073405346371732
1.0,proportional,101,0,771990200,edges-cov,sfa,3.7620152248951655e-07,0.0006133526899736333
1.0,proportional,101,0,771990200,edges-cov,pca,0.004412894654274968,0.06642962181342744
1.0,proportional,101,0,771990200,node-var,sfa,0.004959414329701373,0.0704231093441721
1.0,proportional,101,0,771990200,node-var,pca,0.006105354137084795,0.07813676559139479
1.0,fixed,3001,0,774875821,edges-corr,sfa,0.9891658237302052,0.9945681594190537
1.0,fixed,3001,0,774875821,edges-corr,pca,0.9692637742531194,0.9845119472373708
1.0,fixed,3001,0,774875821,edges-cov,sfa,0.9642594015485565,0.9819671081805934
1.0,fixed,3001,0,774875821,edges-cov,pca,0.924454274588828,0.9614854520942198
1.0,fixed,3001,0,774875821,node-var,sfa,0.953121257681934,0.976279292867535
1.0,fixed,3001,0,774875821,node-var,pca,0.8836578367672973,0.940030763734516
1.0,proportional,101,0,774875821,edges-corr,sfa,0.6986101136442088,0.8358289978483692
1.0,proportional,101,0,774875821,edges-corr,pca,0.14737997044916895,0.38390099042483483
1.0,proportional,101,0,774875821,edges-cov,sfa,0.21604936160923982,0.4648111031475473
1.0,proportional,101,0,774875821,edges-cov,pca,0.14695955213800382,0.38335303851411373
1.0,proportional,101,0,774875821,node-var,sfa,0.20861431116213436,0.4567431566669987
1.0,proportional,101,0,774875821,node-var,pca,0.15319695268928057,0.391403823038663
1.0,fixed,3001,0,778240327,edges-corr,sfa,0.010323429044776677,0.10160427670514924
1.0,fixed,3001,0,778240327,edges-corr,pca,0.17995930005190874,0.42421610065143533
1.0,fixed,3001,0,778240327,edges-cov,sfa,0.005278283215893076,0.07265179430607972
1.0,fixed,3001,0,778240327,edges-cov,pca,0.2881713820661943,0.5368159666647349
1.0,fixed,3001,0,778240327,node-var,sfa,0.00037032692032279435,0.019243880074521415
1.0,fixed,3001,0,778240327,node-var,pca,0.13792814426499178,0.3713867852589689
1.0,proportional,101,0,778240327,edges-corr,sfa,0.16575426319497688,0.4071292954271124
1.0,proportional,101,0,778240327,edges-corr,pca,0.0004956318170507013,0.022262789965562964
1.0,proportional,101,0,778240327,edges-cov,sfa,0.13068690681826456,0.36150644090840817
1.0,proportional,101,0,778240327,edges-cov,pca,0.011666676886938898,0.10801239228412167
1.0,proportional,101,0,778240327,node-var,sfa,0.09101837975843041,0.3016925251948259
1.0,proportional,101,0,778240327,node-var,pca,0.030837204095948034,0.17560525076417274
1.0,fixed,3001,0,778998620,edges-corr,sfa,0.7476939096522215,0.8646929568651651
1.0,fixed,3001,0,778998620,edges-corr,pca,0.7105644574220439,0.8429498546307743
1.0,fixed,3001,0,778998620,edges-cov,sfa,0.9355144693248246,0.9672199694613546
1.0,fixed,3001,0,778998620,edges-cov,pca,0.9157551848257961,0.9569509835021832
1.0,fixed,3001,0,778998620,node-var,sfa,0.9445796929860523,0.9718948981171024
1.0,fixed,3001,0,778998620,node-var,pca,0.9363086969406971,0.9676304547401853
1.0,proportional,101,0,778998620,edges-corr,sfa,0.1457079273846832,0.38171707766968377
1.0,proportional,101,0,778998620,edges-corr,pca,0.0972239395304918,0.31180753603864664
1.0,proportional,101,0,778998620,edges-cov,sfa,0.2949302457320231,0.5430748067550388
1.0,proportional,101,0,778998620,edges-cov,pca,0.28094679667985456,0.5300441459726298
1.0,proportional,101,0,778998620,node-var,sfa,0.3407747759975902,0.5837591763712072
1.0,proportional,101,0,778998620,node-var,pca,0.34184224302130795,0.5846727657598805
1.0,fixed,3001,0,779839471,edges-corr,sfa,0.9411143671357953,0.9701104922305471
1.0,fixed,3001,0,779839471,edges-corr,pca,0.9770084304405635,0.9884373679907912
1.0,fixed,3001,0,779839471,edges-cov,sfa,0.8573701309770622,0.9259428335362083
1.0,fixed,3001,0,779839471,edges-cov,pca,0.8661807996587138,0.9306883472240927
1.0,fixed,3001,0,779839471,node-var,sfa,0.8626185947758775,0.9287726281366593
1.0,fixed,3001,0,779839471,node-var,pca,0.8598309647658362,0.9272707073804476
1.0,proportional,101,0,779839471,edges-corr,sfa,0.06104449784597321,0.247071847538268
1.0,proportional,101,0,779839471,edges-corr,pca,0.3088570909154218,0.5557491258791343
1.0,proportional,101,0,779839471,edges-cov,sfa,0.20887576060515411,0.45702927762360496
1.0,proportional,101,0,779839471,edges-cov,pca,0.3394479728107811,0.5826216377811428
1.0,proportional,101,0,779839471,node-var,sfa,0.3106462617501641,0.5573564943105666
1.0,proportional,101,0,779839471,node-var,pca,0.3464761327846094,0.5886222326625196
1.0,fixed,3001,0,781842082,edges-corr,sfa,0.9242739393067516,0.9613916680036034
1.0,fixed,3001,0,781842082,edges-corr,pca,0.7558068671966968,0.869371535764023
1.0,fixed,3001,0,781842082,edges-cov,sfa,0.935868281873294,0.9674028539720636
1.0,fixed,3001,0,781842082,edges-cov,pca,0.8638105746898546,0.9294141029109978
1.0,fixed,3001,0,781842082,node-var,sfa,0.8608488151673481,0.9278193871478155
1.0,fixed,3001,0,781842082,node-var,pca,0.9289072359236095,0.9637983377883619
1.0,proportional,101,0,781842082,edges-corr,sfa,0.017383109719036116,0.13184502159367342
1.0,proportional,101,0,781842082,edges-corr,pca,0.04299578213631983,0.20735424311144385
1.0,proportional,101,0,781842082,edges-cov,sfa,0.09497069513545531,0.3081731577140609
1.0,proportional,101,0,781842082,edges-cov,pca,0.01675180693553202,0.12942877166817315
1.0,proportional,101,0,781842082,node-var,sfa,0.09554591832784454,0.30910502798861844
1.0,proportional,101,0,781842082,node-var,pca,0.001078774632226609,0.03284470478215002
1.0,fixed,3001,0,786091066,edges-corr,sfa,0.012092858357138914,0.10996753319566098
1.0,fixed,3001,0,786091066,edges-corr,pca,0.12035981266428208,0.34692911763684814
1.0,fixed,3001,0,786091066,edges-cov,sfa,0.0032304713129819307,0.05683723526863348
1.0,fixed,3001,0,786091066,edges-cov,pca,0.026794020439156352,0.16368879142799087
1.0,fixed,3001,0,786091066,node-var,sfa,0.3402127552093931,0.5832775970405459
1.0,fixed,3001,0,786091066,node-var,pca,0.37214172221230035,0.6100341975760868
1.0,proportional,101,0,786091066,edges-corr,sfa,0.04805066185687723,0.21920461185129586
1.0,proportional,101,0,786091066,edges-corr,pca,0.03192304908951382,0.17867022440662536
1.0,proportional,101,0,786091066,edges-cov,sfa,0.0631805764389084,0.2513574674421039
1.0,proportional,101,0,786091066,edges-cov,pca,0.0211486337539869,0.1454256983960775
1.0,proportional,101,0,786091066,node-var,sfa,0.015980883725481454,0.1264155201131625
1.0,proportional,101,0,786091066,node-var,pca,0.006842930346368625,0.08272200642131862
1.0,fixed,3001,0,787025148,edges-corr,sfa,0.6746058861822457,0.821343951205733
1.0,fixed,3001,0,787025148,edges-corr,pca,0.897243589964444,0.9472294283669843
1.0,fixed,3001,0,787025148,edges-cov,sfa,0.5698362952672571,0.7548750196338838
1.0,fixed,3001,0,787025148,edges-cov,pca,0.6059628712387322,0.7784361703047543
1.0,fixed,3001,0,787025148,node-var,sfa,0.608779445102331,0.7802431961269065
1.0,fixed,3001,0,787025148,node-var,pca,0.5022774659852818,0.708715363164424
1.0,proportional,101,0,787025148,edges-corr,sfa,0.06376114187264725,0.25250968669072366
1.0,proportional,101,0,787025148,edges-corr,pca,0.20374777303678793,0.45138428532325736
1.0,proportional,101,0,787025148,edges-cov,sfa,0.22384471841998888,0.4731223080980107
1.0,proportional,101,0,787025148,edges-cov,pca,0.22350471882434586,0.47276285685779695
1.0,proportional,101,0,787025148,node-var,sfa,0.21556063041190443,0.4642850745090827
1.0,proportional,101,0,787025148,node-var,pca,0.1409145389052885,0.37538585336329405
1.0,fixed,3001,0,789848216,edges-corr,sfa,0.9156410940986276,0.9568913700617367
1.0,fixed,3001,0,789848216,edges-corr,pca,0.8770086497509161,0.9364873996754662
1.0,fixed,3001,0,789848216,edges-cov,sfa,0.9161940552065507,0.9571802626499099
1.0,fixed,3001,0,789848216,edges-cov,pca,0.8998620095962582,0.9486105679341018
1.0,fixed,3001,0,789848216,node-var,sfa,0.9274472739442546,0.963040639819657
1.0,fixed,3001,0,789848216,node-var,pca,0.9222828227388604,0.9603555709938177
1.0,proportional,101,0,789848216,edges-corr,sfa,0.4151022320212905,0.644284278887271
1.0,proportional,101,0,789848216,edges-corr,pca,0.24165809593466048,0.49158732279693723
1.0,proportional,101,0,789848216,edges-cov,sfa,0.14444470207709936,0.3800588139710738
1.0,proportional,101,0,789848216,edges-cov,pca,0.21012120327969552,0.4583897940396312
1.0,proportional,101,0,789848216,node-var,sfa,0.32082920512777535,0.566417871476329
1.0,proportional,101,0,789848216,node-var,pca,0.18052673686172793,0.42488438058103284
1.0,fixed,3001,0,793224716,edges-corr,sfa,0.49177104492040247,0.7012638910712586
1.0,fixed,3001,0,793224716,edges-corr,pca,0.15913251784492077,0.3989141735322532
1.0,fixed,3001,0,793224716,edges-cov,sfa,0.31427800356853,0.5606050334848321
1.0,fixed,3001,0,793224716,edges-cov,pca,0.4081071164380655,0.638832620048527
1.0,fixed,3001,0,793224716,node-var,sfa,0.3311523111774811,0.5754583487772864
1.0,fixed,3001,0,793224716,node-var,pca,0.38450322577736373,0.6200832410066924
1.0,proportional,101,0,793224716,edges-corr,sfa,0.07298533818269703,0.2701579874493756
1.0,proportional,101,0,793224716,edges-corr,pca,0.09982275107154648,0.31594738655596855
1.0,proportional,101,0,793224716,edges-cov,sfa,0.11995029668685164,0.3463384135305403
1.0,proportional,101,0,793224716,edges-cov,pca,0.12451850997072567,0.3528718038760333
1.0,proportional,101,0,793224716,node-var,sfa,0.11654988289365309,0.3413940287902721
1.0,proportional,101,0,793224716,node-var,pca,0.1168869694225032,0.3418873636484731
1.0,fixed,3001,0,794812542,edges-corr,sfa,0.00010483834549190885,0.010239059795307101
1.0,fixed,3001,0,794812542,edges-corr,pca,0.3076480854223269,0.5546603333773987
1.0,fixed,3001,0,794812542,edges-cov,sfa,0.017071596812919032,0.1306583208713445
1.0,fixed,3001,0,794812542,edges-cov,pca,0.44755064279588774,0.6689922591449678
1.0,fixed,3001,0,794812542,node-var,sfa,0.04561975157600329,0.21358780764829105
1.0,fixed,3001,0,794812542,node-var,pca,0.38632711378220663,0.6215521810614187
1.0,proportional,101,0,794812542,edges-corr,sfa,0.2732063782405614,0.5226914751940781
1.0,proportional,101,0,794812542,edges-corr,pca,0.11543876500978745,0.33976280698420697
1.0,proportional,101,0,794812542,edges-cov,sfa,0.1732280095696057,0.41620669092363943
1.0,proportional,101,0,794812542,edges-cov,pca,0.16172309748483282,0.4021481039179879
1.0,proportional,101,0,794812542,node-var,sfa,0.15425294361544095,0.39275048518804023
1.0,proportional,101,0,794812542,node-var,pca,0.1665887089868584,0.408152801027824
1.0,fixed,3001,0,816200189,edges-corr,sfa,0.8337384008619556,0.9130927668435204
1.0,fixed,3001,0,816200189,edges-corr,pca,0.4057228878269573,0.6369638041733273
1.0,fixed,3001,0,816200189,edges-cov,sfa,0.741741893233995,0.8612443864745913
1.0,fixed,3001,0,816200189,edges-cov,pca,0.5950938053318187,0.7714232335960713
1.0,fixed,3001,0,816200189,node-var,sfa,0.633429465271668,0.7958828213196135
1.0,fixed,3001,0,816200189,node-var,pca,0.5823878163719162,0.7631433786464482
1.0,proportional,101,0,816200189,edges-corr,sfa,0.02451935973340702,0.15658658861284064
1.0,proportional,101,0,816200189,edges-corr,pca,0.014055896997689832,0.11855756828515843
1.0,proportional,101,0,816200189,edges-cov,sfa,0.005006827638519784,0.07075894034339396
1.0,proportional,101,0,816200189,edges-cov,pca,0.003050793304718691,0.055233986862427864
1.0,proportional,101,0,816200189,node-var,sfa,0.0038898937521304466,0.06236901275577935
1.0,proportional,101,0,816200189,node-var,pca,0.00013473039381284302,0.011607342237262301
1.0,fixed,3001,0,829720705,edges-corr,sfa,0.9474959318093884,0.9733940270051942
1.0,fixed,3001,0,829720705,edges-corr,pca,0.9127012781799725,0.9553540067325683
1.0,fixed,3001,0,829720705,edges-cov,sfa,0.9378509925542025,0.9684270713658326
1.0,fixed,3001,0,829720705,edges-cov,pca,0.9276341889920453,0.9631376791466759
1.0,fixed,3001,0,829720705,node-var,sfa,0.9341805244403183,0.966530146679512
1.0,fixed,3001,0,829720705,node-var,pca,0.9310282618876234,0.96489805776964
1.0,proportional,101,0,829720705,edges-corr,sfa,0.10741060474542452,0.32773557137641424
1.0,proportional,101,0,829720705,edges-corr,pca,0.278678751241212,0.5279003232062012
1.0,proportional,101,0,829720705,edges-cov,sfa,0.3333154231910268,0.5773347583430488
1.0,proportional,101,0,829720705,edges-cov,pca,0.32066263347662083,0.566270812841895
1.0,proportional,101,0,829720705,node-var,sfa,0.338492455227848,0.5818010443681308
1.0,proportional,101,0,829720705,node-var,pca,0.3265371207999046,0.5714342663858232
1.0,fixed,3001,0,831882777,edges-corr,sfa,0.02105168378173905,0.14509198386450928
1.0,fixed,3001,0,831882777,edges-corr,pca,0.06336904208475025,0.2517320839399506
1.0,fixed,3001,0,831882777,edges-cov,sfa,0.22518354537960794,0.4745350834022789
1.0,fixed,3001,0,831882777,edges-cov,pca,0.05963283455509527,0.24419835084433997
1.0,fixed,3001,0,831882777,node-var,sfa,0.9213910512270977,0.9598911663449654
1.0,fixed,3001,0,831882777,node-var,pca,0.7106371624461518,0.8429929788830701
1.0,proportional,101,0,831882777,edges-corr,sfa,0.019301371460322403,0.138929375800522
1.0,proportional,101,0,831882777,edges-corr,pca,7.365791876434713e-08,0.0002713999243127935
1.0,proportional,101,0,831882777,edges-cov,sfa,0.004326497597061718,0.06577611722397383
1.0,proportional,101,0,831882777,edges-cov,pca,6.061682171853988e-05,0.00778568055591093
1.0,proportional,101,0,831882777,node-var,sfa,0.0025839447390487713,0.05083251655238912
1.0,proportional,101,0,831882777,node-var,pca,0.0036345926236611703,0.06028758266559864
1.0,fixed,3001,0,835479236,edges-corr,sfa,0.8630796711978517,0.9290208131133831
1.0,fixed,3001,0,835479236,edges-corr,pca,0.8809511417059265,0.9385899752852286
1.0,fixed,3001,0,835479236,edges-cov,sfa,0.8441759230949039,0.9187904674597488
1.0,fixed,3001,0,835479236,edges-cov,pca,0.8319188692199719,0.9120958662443177
1.0,fixed,3001,0,835479236,node-var,sfa,0.8056947720879977,0.8976050200884562
1.0,fixed,3001,0,835479236,node-var,pca,0.8274447047868249,0.909639876427383
1.0,proportional,101,0,835479236,edges-corr,sfa,0.02917030900133144,0.1707931760970894
1.0,proportional,101,0,835479236,edges-corr,pca,0.009904395176427605,0.09952082785240254
1.0,proportional,101,0,835479236,edges-cov,sfa,0.0017016953239713528,0.041251609956114994
1.0,proportional,101,0,835479236,edges-cov,pca,0.022270618910268825,0.1492334376413975
1.0,proportional,101,0,835479236,node-var,sfa,0.01288777500967564,0.11352433664054433
1.0,proportional,101,0,835479236,node-var,pca,0.0758271829055589,0.27536735991318734
1.0,fixed,3001,0,839068429,edges-corr,sfa,0.38507586119526915,0.6205448099817363
1.0,fixed,3001,0,839068429,edges-corr,pca,0.6322514058171393,0.7951423808458082
1.0,fixed,3001,0,839068429,edges-cov,sfa,0.6145245515227573,0.7839161635804927
1.0,fixed,3001,0,839068429,edges-cov,pca,0.6370103625585728,0.7981292893752072
1.0,fixed,3001,0,839068429,node-var,sfa,0.6910759599402663,0.831309785784016
1.0,fixed,3001,0,839068429,node-var,pca,0.64240277924226,0.8015003301572997
1.0,proportional,101,0,839068429,edges-corr,sfa,0.00034458579552432145,0.018563022262664722
1.0,proportional,101,0,839068429,edges-corr,pca,0.003959467467496425,0.0629242994994486
1.0,proportional,101,0,839068429,edges-cov,sfa,3.780815535281423e-05,0.006148833657915066
1.0,proportional,101,0,839068429,edges-cov,pca,0.007388282737652019,0.08595512048535522
1.0,proportional,101,0,839068429,node-var,sfa,0.008333090199444282,0.09128576120865817
1.0,proportional,101,0,839068429,node-var,pca,0.00027332863413243036,0.016532653572014753
1.0,fixed,3001,0,847657808,edges-corr,sfa,0.8216009877747368,0.9064220803658397
1.0,fixed,3001,0,847657808,edges-corr,pca,0.15618438170440507,0.3952016974968669
1.0,fixed,3001,0,847657808,edges-cov,sfa,0.8066181305849769,0.8981192184698956
1.0,fixed,3001,0,847657808,edges-cov,pca,0.3671679894380169,0.6059438830766566
1.0,fixed,3001,0,847657808,node-var,sfa,0.37462631466050245,0.6120672468450686
1.0,fixed,3001,0,847657808,node-var,pca,0.11967739595028737,0.3459442093030139
1.0,proportional,101,0,847657808,edges-corr,sfa,0.26607767600705545,0.5158271764913666
1.0,proportional,101,0,847657808,edges-corr,pca,0.04066041728679026,0.20164428404194887
1.0,proportional,101,0,847657808,edges-cov,sfa,0.011005312684636448,0.10490620898991874
1.0,proportional,101,0,847657808,edges-cov,pca,0.06511225232898477,0.2551710256455161
1.0,proportional,101,0,847657808,node-var,sfa,0.00025079907549285796,0.015836637127018285
1.0,proportional,101,0,847657808,node-var,pca,0.04665737036712814,0.2160031721228375
1.0,fixed,3001,1,766640955,edges-corr,sfa,0.7782227248785165,0.8821693289150994
1.0,fixed,3001,1,766640955,edges-corr,pca,0.600024798511773,0.7746126764466051
1.0,fixed,3001,1,766640955,edges-cov,sfa,0.6786843584216173,0.8238230140155209
1.0,fixed,3001,1,766640955,edges-cov,pca,0.503871547758701,0.709839099908353
1.0,fixed,3001,1,766640955,node-var,sfa,0.4300637817819426,0.6557924837796959
1.0,fixed,3001,1,766640955,node-var,pca,0.8330011956364364,0.9126889917361973
1.0,proportional,101,1,766640955,edges-corr,sfa,0.00781695205180788,0.08841352866958607
1.0,proportional,101,1,766640955,edges-corr,pca,0.00046200679368924025,0.02149434329513397
1.0,proportional,101,1,766640955,edges-cov,sfa,0.06187038163215086,0.2487375758347559
1.0,proportional,101,1,766640955,edges-cov,pca,0.0032111790510008786,0.05666726613311205
1.0,proportional,101,1,766640955,node-var,sfa,0.015968397297662307,0.12636612401139094
1.0,proportional,101,1,766640955,node-var,pca,0.017112329374107893,0.1308141023518026
1.0,fixed,3001,1,767871931,edges-corr,sfa,0.8597464126563337,0.9272251143364989
1.0,fixed,3001,1,767871931,edges-corr,pca,0.7729369859781491,0.8791683490538942
1.0,fixed,3001,1,767871931,edges-cov,sfa,0.8769834631238864,0.9364739521865446
1.0,fixed,3001,1,767871931,edges-cov,pca,0.8307404340021685,0.9114496332777626
1.0,fixed,3001,1,767871931,node-var,sfa,0.8859371410383441,0.9412423391658195
1.0,fixed,3001,1,767871931,node-var,pca,0.7786374796560956,0.8824043742276527
1.0,proportional,101,1,767871931,edges-corr,sfa,0.20131997883743147,0.4486869497070664
1.0,proportional,101,1,767871931,edges-corr,pca,0.026562454788137457,0.16297992142634407
1.0,proportional,101,1,767871931,edges-cov,sfa,0.06888779683000257,0.2624648487512235
1.0,proportional,101,1,767871931,edges-cov,pca,0.00015001952539950292,0.012248245809066843
1.0,proportional,101,1,767871931,node-var,sfa,0.02504809676495212,0.15826590525110598
1.0,proportional,101,1,767871931,node-var,pca,0.003970104126816976,0.06300876230189678
1.0,fixed,3001,1,771160300,edges-corr,sfa,0.9522816305385633,0.9758491843202839
1.0,fixed,3001,1,771160300,edges-corr,pca,0.8173406040189978,0.904068915525248
1.0,fixed,3001,1,771160300,edges-cov,sfa,0.9284891742325789,0.9635814310335051
1.0,fixed,3001,1,771160300,edges-cov,pca,0.6199835257941759,0.7873903262005294
1.0,fixed,3001,1,771160300,node-var,sfa,0.6732650143744991,0.8205272782634949
1.0,fixed,3001,1,771160300,node-var,pca,0.5146149019573315,0.7173666440233555
1.0,proportional,101,1,771160300,edges-corr,sfa,0.04775352267684452,0.2185257940766825
1.0,proportional,101,1,771160300,edges-corr,pca,0.05105537742693855,0.22595437023199774
1.0,proportional,101,1,771160300,edges-cov,sfa,0.19194054177512088,0.4381101936443857
1.0,proportional,101,1,771160300,edges-cov,pca,0.13498361519784163,0.3674011638493294
1.0,proportional,101,1,771160300,node-var,sfa,0.16914574784818426,0.4112733249898227
1.0,proportional,101,1,771160300,node-var,pca,0.12860350394801212,0.3586133069868048
1.0,fixed,3001,1,771990200,edges-corr,sfa,0.8436303442039179,0.9184935188687607
1.0,fixed,3001,1,771990200,edges-corr,pca,0.29194224512664047,0.5403168007073632
1.0,fixed,3001,1,771990200,edges-cov,sfa,0.9275751282779403,0.9631070180815531
1.0,fixed,3001,1,771990200,edges-cov,pca,0.851797515737383,0.922928770673763
1.0,fixed,3001,1,771990200,node-var,sfa,0.8930968597040702,0.9450380202426096
1.0,fixed,3001,1,771990200,node-var,pca,0.893497298038769,0.9452498601104207
1.0,proportional,101,1,771990200,edges-corr,sfa,0.0011852941814017859,0.034428101623557354
1.0,proportional,101,1,771990200,edges-corr,pca,0.009408151167624057,0.09699562447669484
1.0,proportional,101,1,771990200,edges-cov,sfa,0.007940100325686372,0.0891072405906857
1.0,proportional,101,1,771990200,edges-cov,pca,0.02580279850196665,0.16063249516199019
1.0,proportional,101,1,771990200,node-var,sfa,0.004826015347475843,0.069469528193848
1.0,proportional,101,1,771990200,node-var,pca,0.0368173739541513,0.19187853958729048
1.0,fixed,3001,1,774875821,edges-corr,sfa,0.514139966331284,0.7170355404938338
1.0,fixed,3001,1,774875821,edges-corr,pca,0.5024080761519598,0.7088075028891554
1.0,fixed,3001,1,774875821,edges-cov,sfa,0.5958708394566925,0.7719267060133966
1.0,fixed,3001,1,774875821,edges-cov,pca,0.0030065629916052883,0.054832134662124464
1.0,fixed,3001,1,774875821,node-var,sfa,0.07408379380688579,0.2721833826795563
1.0,fixed,3001,1,774875821,node-var,pca,0.008247287384468338,0.09081457693822324
1.0,proportional,101,1,774875821,edges-corr,sfa,0.24943783173837308,0.499437515349391
1.0,proportional,101,1,774875821,edges-corr,pca,0.005861828093985388,0.07656257632803017
1.0,proportional,101,1,774875821,edges-cov,sfa,0.2277556250338224,0.4772374933236308
1.0,proportional,101,1,774875821,edges-cov,pca,0.06286751079862951,0.2507339442489378
1.0,proportional,101,1,774875821,node-var,sfa,0.20569383865107016,0.45353482628246994
1.0,proportional,101,1,774875821,node-var,pca,0.08395739520536294,0.28975402534798866
1.0,fixed,3001,1,778240327,edges-corr,sfa,0.9270697451177311,0.9628446110965839
1.0,fixed,3001,1,778240327,edges-corr,pca,0.5806760215663866,0.7620210112368209
1.0,fixed,3001,1,778240327,edges-cov,sfa,0.9413073109346936,0.9702099313729448
1.0,fixed,3001,1,778240327,edges-cov,pca,0.11602265138175949,0.3406209790687583
1.0,fixed,3001,1,778240327,node-var,sfa,0.5029393064435718,0.7091821391177109
1.0,fixed,3001,1,778240327,node-var,pca,0.5753429008618327,0.7585136128388419
1.0,proportional,101,1,778240327,edges-corr,sfa,0.008152971961120858,0.0902938090963094
1.0,proportional,101,1,778240327,edges-corr,pca,0.0016176243249963473,0.040219700707444524
1.0,proportional,101,1,778240327,edges-cov,sfa,0.09544766285893302,0.3089460516966237
1.0,proportional,101,1,778240327,edges-cov,pca,0.04644148609829091,0.2155028679583891
1.0,proportional,101,1,778240327,node-var,sfa,0.05159544054804266,0.22714629767628358
1.0,proportional,101,1,778240327,node-var,pca,0.05533837228204774,0.23524109394841655
1.0,fixed,3001,1,778998620,edges-corr,sfa,0.8468929007601267,0.9202678418591657
1.0,fixed,3001,1,778998620,edges-corr,pca,0.5018573952691301,0.7084189405070488
1.0,fixed,3001,1,778998620,edges-cov,sfa,0.8248807734312504,0.908229471791821
1.0,fixed,3001,1,778998620,edges-cov,pca,0.36531900110215565,0.6044162482115751
1.0,fixed,3001,1,778998620,node-var,sfa,0.8210549381901806,0.9061208187599392
1.0,fixed,3001,1,778998620,node-var,pca,0.3478034630337099,0.589748643943935
1.0,proportional,101,1,778998620,edges-corr,sfa,1.8857649803916132e-06,0.001373231582983288
1.0,proportional,101,1,778998620,edges-corr,pca,0.0988088029401114,0.31433867553979306
1.0,proportional,101,1,778998620,edges-cov,sfa,0.062299947300796576,0.24959957391950127
1.0,proportional,101,1,778998620,edges-cov,pca,0.08561696994202239,0.2926037763632286
1.0,proportional,101,1,778998620,node-var,sfa,0.1042843893613894,0.32293093590021593
1.0,proportional,101,1,778998620,node-var,pca,0.07395730774941134,0.27195092893647455
1.0,fixed,3001,1,779839471,edges-corr,sfa,0.488728698130555,0.6990913374735492
1.0,fixed,3001,1,779839471,edges-corr,pca,0.5131118983283235,0.7163182940064587
1.0,fixed,3001,1,779839471,edges-cov,sfa,0.7790386676538787,0.8826316715674092
1.0,fixed,3001,1,779839471,edges-cov,pca,0.9272922840710147,0.9629601674373737
1.0,fixed,3001,1,779839471,node-var,sfa,0.8207285059032212,0.9059406746047021
1.0,fixed,3001,1,779839471,node-var,pca,0.9330090117820354,0.965923916145592
1.0,proportional,101,1,779839471,edges-corr,sfa,0.00834206532750148,0.09133490749708784
1.0,proportional,101,1,779839471,edges-corr,pca,0.03700679448232436,0.19237150122178812
1.0,proportional,101,1,779839471,edges-cov,sfa,0.30450516561407615,0.5518198669983496
1.0,proportional,101,1,779839471,edges-cov,pca,0.25252129518715793,0.5025149701124912
1.0,proportional,101,1,779839471,node-var,sfa,0.3198816899347965,0.5655808429701242
1.0,proportional,101,1,779839471,node-var,pca,0.3344640304626557,0.5783286526384939
1.0,fixed,3001,1,781842082,edges-corr,sfa,0.4911949068725936,0.7008529852063079
1.0,fixed,3001,1,781842082,edges-corr,pca,0.6026778817326015,0.7763233100536154
1.0,fixed,3001,1,781842082,edges-cov,sfa,0.56448885888352,0.7513247359720829
1.0,fixed,3001,1,781842082,edges-cov,pca,0.8276031002521556,0.9097269371916801
1.0,fixed,3001,1,781842082,node-var,sfa,0.5664221381030068,0.752610216581603
1.0,fixed,3001,1,781842082,node-var,pca,0.8008806784432783,0.8949193698000276
1.0,proportional,101,1,781842082,edges-corr,sfa,0.001106814332808681,0.03326881922775154
1.0,proportional,101,1,781842082,edges-corr,pca,0.10123807746910274,0.31817931653252224
1.0,proportional,101,1,781842082,edges-cov,sfa,0.23689964510766204,0.4867233763727218
1.0,proportional,101,1,781842082,edges-cov,pca,0.15331404037007734,0.3915533684826088
1.0,proportional,101,1,781842082,node-var,sfa,0.168257882234505,0.41019249412258296
1.0,proportional,101,1,781842082,node-var,pca,0.15886349618820073,0.39857683849943026
1.0,fixed,3001,1,786091066,edges-corr,sfa,0.8289563263214839,0.9104703873940572
1.0,fixed,3001,1,786091066,edges-corr,pca,0.34392325528095735,0.5864497039652741
1.0,fixed,3001,1,786091066,edges-cov,sfa,0.5903914507666886,0.7683693452804371
1.0,fixed,3001,1,786091066,edges-cov,pca,0.09574619451522937,0.30942881978773285
1.0,fixed,3001,1,786091066,node-var,sfa,0.023266008523653015,0.15253199180385996
1.0,fixed,3001,1,786091066,node-var,pca,0.07466089821702071,0.27324146503966146
1.0,proportional,101,1,786091066,edges-corr,sfa,0.003252284787428117,0.057028806645660346
1.0,proportional,101,1,786091066,edges-corr,pca,0.0035722157071804705,0.05976801575408311
1.0,proportional,101,1,786091066,edges-cov,sfa,0.001007278141255119,0.03173764549009638
1.0,proportional,101,1,786091066,edges-cov,pca,0.0003312261686859719,0.018199620014877693
1.0,proportional,101,1,786091066,node-var,sfa,0.094180939083361,0.30688913158233694
1.0,proportional,101,1,786091066,node-var,pca,0.0005579544902092337,0.023621060310861326
1.0,fixed,3001,1,787025148,edges-corr,sfa,0.9916524266085329,0.9958174665110736
1.0,fixed,3001,1,787025148,edges-corr,pca,0.9623952667473843,0.981017465057266
1.0,fixed,3001,1,787025148,edges-cov,sfa,0.9565629926250164,0.9780403839438416
1.0,fixed,3001,1,787025148,edges-cov,pca,0.9222879724003669,0.9603582521123916
1.0,fixed,3001,1,787025148,node-var,sfa,0.946332720882197,0.972796340907077
1.0,fixed,3001,1,787025148,node-var,pca,0.9178375972252514,0.9580384111429208
1.0,proportional,101,1,787025148,edges-corr,sfa,0.49557247638066826,0.7039690876598692
1.0,proportional,101,1,787025148,edges-corr,pca,0.3773457363647058,0.6142847355784661
1.0,proportional,101,1,787025148,edges-cov,sfa,0.3260013862679122,0.5709653109146935
1.0,proportional,101,1,787025148,edges-cov,pca,0.2964253359494199,0.5444495715393852
1.0,proportional,101,1,787025148,node-var,sfa,0.297395595933989,0.5453398902831051
1.0,proportional,101,1,787025148,node-var,pca,0.22857137839434893,0.47809139125730904
1.0,fixed,3001,1,789848216,edges-corr,sfa,0.869983371976811,0.9327289917102457
1.0,fixed,3001,1,789848216,edges-corr,pca,0.7592846065987979,0.8713693858512577
1.0,fixed,3001,1,789848216,edges-cov,sfa,0.8894594425548459,0.9431115748175538
1.0,fixed,3001,1,789848216,edges-cov,pca,0.7131078522832739,0.8444571346630177
1.0,fixed,3001,1,789848216,node-var,sfa,0.9410880525704963,0.9700969294717392
1.0,fixed,3001,1,789848216,node-var,pca,0.6926391416833184,0.8322494467906353
1.0,proportional,101,1,789848216,edges-corr,sfa,0.4757933940477549,0.689777785991804
1.0,proportional,101,1,789848216,edges-corr,pca,0.1620894851316279,0.4026033844016066
1.0,proportional,101,1,789848216,edges-cov,sfa,0.13614668147756315,0.368980597697986
1.0,proportional,101,1,789848216,edges-cov,pca,0.15721252742370473,0.396500349840583
1.0,proportional,101,1,789848216,node-var,sfa,0.29278603865071196,0.5410970695270046
1.0,proportional,101,1,789848216,node-var,pca,0.13094961462363996,0.36186960997525053
1.0,fixed,3001,1,793224716,edges-corr,sfa,0.7701296996709524,0.8775703388737297
1.0,fixed,3001,1,793224716,edges-corr,pca,0.7190544327264541,0.8479707735095912
1.0,fixed,3001,1,793224716,edges-cov,sfa,0.8730880449788582,0.9343918048542903
1.0,fixed,3001,1,793224716,edges-cov,pca,0.8481242012317494,0.9209365891481067
1.0,fixed,3001,1,793224716,node-var,sfa,0.8830206686217563,0.9396917944846364
1.0,fixed,3001,1,793224716,node-var,pca,0.8828024766268829,0.9395756896742717
1.0,proportional,101,1,793224716,edges-corr,sfa,0.23361875755701622,0.48334124338506046
1.0,proportional,101,1,793224716,edges-corr,pca,0.18792177619378392,0.4334994535103638
1.0,proportional,101,1,793224716,edges-cov,sfa,0.2878071596572327,0.5364766161327376
1.0,proportional,101,1,793224716,edges-cov,pca,0.30623817695204714,0.5533879082091033
1.0,proportional,101,1,793224716,node-var,sfa,0.34074320239537637,0.5837321323992505
1.0,proportional,101,1,793224716,node-var,pca,0.3466461137012714,0.5887666037584599
1.0,fixed,3001,1,794812542,edges-corr,sfa,0.7908397467063464,0.8892917106924731
1.0,fixed,3001,1,794812542,edges-corr,pca,0.20852428838188286,0.4566445974517632
1.0,fixed,3001,1,794812542,edges-cov,sfa,0.8554654586485742,0.9249137574112379
1.0,fixed,3001,1,794812542,edges-cov,pca,0.050299886344510325,0.22427636153752398
1.0,fixed,3001,1,794812542,node-var,sfa,0.29740020751629037,0.5453441184392573
1.0,fixed,3001,1,794812542,node-var,pca,0.15021656649424642,0.38757781992039547
1.0,proportional,101,1,794812542,edges-corr,sfa,0.00023488555034467673,0.015325976325990061
1.0,proportional,101,1,794812542,edges-corr,pca,0.01704780044247467,0.13056722575927926
1.0,proportional,101,1,794812542,edges-cov,sfa,0.06016400226866403,0.2452835140580469
1.0,proportional,101,1,794812542,edges-cov,pca,0.021871907277150493,0.1478915388964172
1.0,proportional,101,1,794812542,node-var,sfa,0.04776869595725253,0.21856050868638738
1.0,proportional,101,1,794812542,node-var,pca,0.041214907712625926,0.2030145504948498
1.0,fixed,3001,1,816200189,edges-corr,sfa,0.9521992780527049,0.975806988114302
1.0,fixed,3001,1,816200189,edges-corr,pca,0.8386695717112087,0.9157890432360548
1.0,fixed,3001,1,816200189,edges-cov,sfa,0.6699803659985206,0.8185232837241225
1.0,fixed,3001,1,816200189,edges-cov,pca,0.6039452308634496,0.7771391322430303
1.0,fixed,3001,1,816200189,node-var,sfa,0.6457517986925558,0.8035868333245363
1.0,fixed,3001,1,816200189,node-var,pca,0.6323575190363596,0.795209103969742
1.0,proportional,101,1,816200189,edges-corr,sfa,0.5066645195135394,0.7118037085556237
1.0,proportional,101,1,816200189,edges-corr,pca,0.2590135099004578,0.5089336989239933
1.0,proportional,101,1,816200189,edges-cov,sfa,0.14728939289350174,0.3837830023509402
1.0,proportional,101,1,816200189,edges-cov,pca,0.15148473726790201,0.3892104023120423
1.0,proportional,101,1,816200189,node-var,sfa,0.1527718798509936,0.3908604352591772
1.0,proportional,101,1,816200189,node-var,pca,0.16338067742475748,0.404203757311529
1.0,fixed,3001,1,829720705,edges-corr,sfa,0.8828455032347854,0.9395985862243438
1.0,fixed,3001,1,829720705,edges-corr,pca,0.557525726774895,0.7466764538773772
1.0,fixed,3001,1,829720705,edges-cov,sfa,0.9332067159709794,0.9660262501459159
1.0,fixed,3001,1,829720705,edges-cov,pca,0.9060406367154553,0.9518616688970384
1.0,fixed,3001,1,829720705,node-var,sfa,0.9292279000766599,0.9639646778158731
1.0,fixed,3001,1,829720705,node-var,pca,0.9251163324961854,0.961829679567118
1.0,proportional,101,1,829720705,edges-corr,sfa,0.20266385129276543,0.45018202017935544
1.0,proportional,101,1,829720705,edges-corr,pca,0.14305985039020075,0.3782325348118546
1.0,proportional,101,1,829720705,edges-cov,sfa,0.29994733561912834,0.5476744796127795
1.0,proportional,101,1,829720705,edges-cov,pca,0.2937445478751519,0.5419820549383086
1.0,proportional,101,1,829720705,node-var,sfa,0.30316871001628953,0.5506075825997038
1.0,proportional,101,1,829720705,node-var,pca,0.31417574404943993,0.5605138214615584
1.0,fixed,3001,1,831882777,edges-corr,sfa,0.9382423039442169,0.9686290848122502
1.0,fixed,3001,1,831882777,edges-corr,pca,0.8840247012097462,0.9402258777600976
1.0,fixed,3001,1,831882777,edges-cov,sfa,0.7713532309622163,0.8782671751592536
1.0,fixed,3001,1,831882777,edges-cov,pca,0.8048963421299687,0.8971601541140629
1.0,fixed,3001,1,831882777,node-var,sfa,0.9725817276853813,0.9861955828766323
1.0,fixed,3001,1,831882777,node-var,pca,0.9103441560211907,0.9541195711341376
1.0,proportional,101,1,831882777,edges-corr,sfa,0.21515532788870972,0.4638483889038633
1.0,proportional,101,1,831882777,edges-corr,pca,0.14760620068068042,0.3841955240247866
1.0,proportional,101,1,831882777,edges-cov,sfa,6.730691124090527e-05,0.008204078939217211
1.0,proportional,101,1,831882777,edges-cov,pca,0.06782300395313334,0.26042850065446604
1.0,proportional,101,1,831882777,node-var,sfa,0.0510972259092729,0.22604695509843353
1.0,proportional,101,1,831882777,node-var,pca,0.02578451110646829,0.16057556198397177
1.0,fixed,3001,1,835479236,edges-corr,sfa,0.5953337132337184,0.771578714865644
1.0,fixed,3001,1,835479236,edges-corr,pca,0.5644551052946807,0.7513022729199487
1.0,fixed,3001,1,835479236,edges-cov,sfa,0.5547290575888577,0.7448013544488608
1.0,fixed,3001,1,835479236,edges-cov,pca,0.5837613424362982,0.7640427621778106
1.0,fixed,3001,1,835479236,node-var,sfa,0.5838622495473672,0.7641087943135892
1.0,fixed,3001,1,835479236,node-var,pca,0.581519461893373,0.7625742336935944
1.0,proportional,101,1,835479236,edges-corr,sfa,0.052150886443632305,0.228365685784078
1.0,proportional,101,1,835479236,edges-corr,pca,0.00046822198418539074,0.021638437655834755
1.0,proportional,101,1,835479236,edges-cov,sfa,0.08243626430514783,0.28711716128637793
1.0,proportional,101,1,835479236,edges-cov,pca,0.007101164951349048,0.08426841016269986
1.0,proportional,101,1,835479236,node-var,sfa,0.020865643559397906,0.14444944984110542
1.0,proportional,101,1,835479236,node-var,pca,0.020293440832496734,0.14245504846265272
1.0,fixed,3001,1,839068429,edges-corr,sfa,0.9859244941958418,0.9929373062766064
1.0,fixed,3001,1,839068429,edges-corr,pca,0.9608788897591936,0.9802443010592783
1.0,fixed,3001,1,839068429,edges-cov,sfa,0.9785350746334285,0.9892093179066952
1.0,fixed,3001,1,839068429,edges-cov,pca,0.9830020455181069,0.9914645962000393
1.0,fixed,3001,1,839068429,node-var,sfa,0.9906063075563891,0.9952920714827331
1.0,fixed,3001,1,839068429,node-var,pca,0.9902630642223559,0.995119623071697
1.0,proportional,101,1,839068429,edges-corr,sfa,0.5615996324342658,0.7493995145676747
1.0,proportional,101,1,839068429,edges-corr,pca,0.1419373362282016,0.37674571826127223
1.0,proportional,101,1,839068429,edges-cov,sfa,0.4181957116097027,0.6466805328828936
1.0,proportional,101,1,839068429,edges-cov,pca,0.3741245441030251,0.6116572112736225
1.0,proportional,101,1,839068429,node-var,sfa,0.5578327786818584,0.7468820379965354
1.0,proportional,101,1,839068429,node-var,pca,0.45364161678797765,0.673529224895236
1.0,fixed,3001,1,847657808,edges-corr,sfa,0.0981740058751398,0.31332731428195015
1.0,fixed,3001,1,847657808,edges-corr,pca,0.0017982918766082934,0.04240627166597527
1.0,fixed,3001,1,847657808,edges-cov,sfa,0.5297391331955996,0.72783180281958
1.0,fixed,3001,1,847657808,edges-cov,pca,0.7932946572413355,0.8906709028823918
1.0,fixed,3001,1,847657808,node-var,sfa,0.8196552171182199,0.9053481192989907
1.0,fixed,3001,1,847657808,node-var,pca,0.6604030102590912,0.8126518382795251
1.0,proportional,101,1,847657808,edges-corr,sfa,0.36657876955348123,0.6054574878168416
1.0,proportional,101,1,847657808,edges-corr,pca,0.2930942142957066,0.5413817639112961
1.0,proportional,101,1,847657808,edges-cov,sfa,0.13123553731303694,0.36226445770049936
1.0,proportional,101,1,847657808,edges-cov,pca,0.3754225862160836,0.6127173787449506
1.0,proportional,101,1,847657808,node-var,sfa,0.39119597716908594,0.6254566149375076
1.0,proportional,101,1,847657808,node-var,pca,0.1825046393471178,0.4272056171764573
1.0,fixed,3001,2,766640955,edges-corr,sfa,0.9546357894450809,0.9770546501834381
1.0,fixed,3001,2,766640955,edges-corr,pca,0.816590515892748,0.9036539801786679
1.0,fixed,3001,2,766640955,edges-cov,sfa,0.9487620215139138,0.9740441578870608
1.0,fixed,3001,2,766640955,edges-cov,pca,0.7656454477630348,0.8750116843580061
1.0,fixed,3001,2,766640955,node-var,sfa,0.8237268834568365,0.907594008054723
1.0,fixed,3001,2,766640955,node-var,pca,0.7660124929896279,0.8752213965561103
1.0,proportional,101,2,766640955,edges-corr,sfa,0.17974508706852643,0.4239635445041553
1.0,proportional,101,2,766640955,edges-corr,pca,0.1335366737327527,0.365426700902866
1.0,proportional,101,2,766640955,edges-cov,sfa,0.10270213790612115,0.32047174275764373
1.0,proportional,101,2,766640955,edges-cov,pca,0.16142966429850647,0.4017831060391994
1.0,proportional,101,2,766640955,node-var,sfa,0.1474043984231902,0.3839328045676619
1.0,proportional,101,2,766640955,node-var,pca,0.13750050833306093,0.3708106097903094
1.0,fixed,3001,2,767871931,edges-corr,sfa,0.44965002956313926,0.6705594899508461
1.0,fixed,3001,2,767871931,edges-corr,pca,0.2957378203118246,0.5438178190458867
1.0,fixed,3001,2,767871931,edges-cov,sfa,0.3815260347042737,0.6176779376861972
1.0,fixed,3001,2,767871931,edges-cov,pca,0.22456435138075714,0.4738822125599959
1.0,fixed,3001,2,767871931,node-var,sfa,0.5218583735820563,0.7223976561299572
1.0,fixed,3001,2,767871931,node-var,pca,0.28501598883797985,0.5338688873103391
1.0,proportional,101,2,767871931,edges-corr,sfa,0.227388894505971,0.47685311628002486
1.0,proportional,101,2,767871931,edges-corr,pca,0.06795295034096738,0.2606778669948166
1.0,proportional,101,2,767871931,edges-cov,sfa,0.010981212253939221,0.10479127947467355
1.0,proportional,101,2,767871931,edges-cov,pca,0.09404725527202262,0.30667124950347524
1.0,proportional,101,2,767871931,node-var,sfa,0.13227990944044488,0.3637030511838537
1.0,proportional,101,2,767871931,node-var,pca,0.09310661926248587,0.3051337727333471
1.0,fixed,3001,2,771160300,edges-corr,sfa,0.8948698438966964,0.945975604282001
1.0,fixed,3001,2,771160300,edges-corr,pca,0.7915196150734475,0.8896738813033953
1.0,fixed,3001,2,771160300,edges-cov,sfa,0.7886870016775009,0.8880805153123792
1.0,fixed,3001,2,771160300,edges-cov,pca,0.7688379501732773,0.8768340493920599
1.0,fixed,3001,2,771160300,node-var,sfa,0.7913708754072052,0.8895902851353567
1.0,fixed,3001,2,771160300,node-var,pca,0.7599388939970216,0.8717447413073518
1.0,proportional,101,2,771160300,edges-corr,sfa,0.5165547965735735,0.7187174664453156
1.0,proportional,101,2,771160300,edges-corr,pca,0.3586211865141684,0.5988498864608459
1.0,proportional,101,2,771160300,edges-cov,sfa,0.09675102308949723,0.3110482648874561
1.0,proportional,101,2,771160300,edges-cov,pca,0.11507878383339398,0.33923263969346146
1.0,proportional,101,2,771160300,node-var,sfa,0.10624713317871426,0.3259557227273577
1.0,proportional,101,2,771160300,node-var,pca,0.1050361975899633,0.32409288420137056
1.0,fixed,3001,2,771990200,edges-corr,sfa,0.5870611450626699,0.7661991549608171
1.0,fixed,3001,2,771990200,edges-corr,pca,0.04555113373627029,0.21342711574743842
1.0,fixed,3001,2,771990200,edges-cov,sfa,0.683610001974184,0.8268071129194426
1.0,fixed,3001,2,771990200,edges-cov,pca,0.7600914771730463,0.8718322528864406
1.0,fixed,3001,2,771990200,node-var,sfa,0.7187828654016851,0.8478106306255455
1.0,fixed,3001,2,771990200,node-var,pca,0.760662497936932,0.8721596745647737
1.0,proportional,101,2,771990200,edges-corr,sfa,0.0011517473219181396,0.03393740299313055
1.0,proportional,101,2,771990200,edges-corr,pca,0.22728876549980226,0.4767481153605145
1.0,proportional,101,2,771990200,edges-cov,sfa,0.07240632403172731,0.26908423222427447
1.0,proportional,101,2,771990200,edges-cov,pca,0.1254388912894282,0.3541735327342067
1.0,proportional,101,2,771990200,node-var,sfa,0.09349054697061232,0.3057622392817861
1.0,proportional,101,2,771990200,node-var,pca,0.13663376067977184,0.36964004204059364
1.0,fixed,3001,2,774875821,edges-corr,sfa,0.5636330896794397,0.7507550130897829
1.0,fixed,3001,2,774875821,edges-corr,pca,0.31193750503644446,0.5585136569829289
1.0,fixed,3001,2,774875821,edges-cov,sfa,0.16236540542350741,0.40294590880601766
1.0,fixed,3001,2,774875821,edges-cov,pca,0.21438239047764973,0.46301446033320565
1.0,fixed,3001,2,774875821,node-var,sfa,0.6595310990198373,0.8121152005841521
1.0,fixed,3001,2,774875821,node-var,pca,0.13186340873804303,0.36313001630000646
1.0,proportional,101,2,774875821,edges-corr,sfa,0.07031456377428824,0.2651689344065179
1.0,proportional,101,2,774875821,edges-corr,pca,0.008553308641785273,0.09248409939976286
1.0,proportional,101,2,774875821,edges-cov,sfa,0.10587886175053296,0.32539032215253877
1.0,proportional,101,2,774875821,edges-cov,pca,0.0030266989538071387,0.05501544286659071
1.0,proportional,101,2,774875821,node-var,sfa,0.08377357293562437,0.2894366475338332
1.0,proportional,101,2,774875821,node-var,pca,0.0006822125163322701,0.02611919823295167
1.0,fixed,3001,2,778240327,edges-corr,sfa,0.3369623465187135,0.580484579053323
1.0,fixed,3001,2,778240327,edges-corr,pca,0.015707522700069254,0.12532965610768002
1.0,fixed,3001,2,778240327,edges-cov,sfa,0.13092688639789563,0.36183820472401146
1.0,fixed,3001,2,778240327,edges-cov,pca,0.029293302404143517,0.17115286268170743
1.0,fixed,3001,2,778240327,node-var,sfa,0.021206346012217492,0.1456239884504524
1.0,fixed,3001,2,778240327,node-var,pca,0.025595315304737354,0.15998535965749308
1.0,proportional,101,2,778240327,edges-corr,sfa,0.30311400078074824,0.5505578995716512
1.0,proportional,101,2,778240327,edges-corr,pca,0.1666711278190749,0.4082537542008338
1.0,proportional,101,2,778240327,edges-cov,sfa,0.3676911718341097,0.6063754380201337
1.0,proportional,101,2,778240327,edges-cov,pca,0.33076782356807966,0.57512418099753
1.0,proportional,101,2,778240327,node-var,sfa,0.3562307425369615,0.5968506869703356
1.0,proportional,101,2,778240327,node-var,pca,0.36311256752486487,0.6025882238517982
1.0,fixed,3001,2,778998620,edges-corr,sfa,0.9317243618695039,0.9652587020428796
1.0,fixed,3001,2,778998620,edges-corr,pca,0.6150934370798438,0.7842789281115771
1.0,fixed,3001,2,778998620,edges-cov,sfa,0.9333202841202234,0.9660850294462819
1.0,fixed,3001,2,778998620,edges-cov,pca,0.9139932165039916,0.9560299244814423
1.0,fixed,3001,2,778998620,node-var,sfa,0.9137272468984639,0.9558908132723443
1.0,fixed,3001,2,778998620,node-var,pca,0.9263015032295546,0.9624455845550726
1.0,proportional,101,2,778998620,edges-corr,sfa,0.14891528715082192,0.3858954355143656
1.0,proportional,101,2,778998620,edges-corr,pca,0.0732879466110008,0.2707174663943961
1.0,proportional,101,2,778998620,edges-cov,sfa,0.4616652181797891,0.67945950444437
1.0,proportional,101,2,778998620,edges-cov,pca,0.26632186874648867,0.5160638223577474
1.0,proportional,101,2,778998620,node-var,sfa,0.37369746578393226,0.6113079958449196
1.0,proportional,101,2,778998620,node-var,pca,0.36013486260880967,0.600112374983894
1.0,fixed,3001,2,779839471,edges-corr,sfa,0.8535550478879688,0.9238804294322773
1.0,fixed,3001,2,779839471,edges-corr,pca,0.7157263761082437,0.8460061324294543
1.0,fixed,3001,2,779839471,edges-cov,sfa,0.7256081877897463,0.8518263835957105
1.0,fixed,3001,2,779839471,edges-cov,pca,0.698151169974585,0.8355544087458247
1.0,fixed,3001,2,779839471,node-var,sfa,0.7070672685797084,0.8408729205889012
1.0,fixed,3001,2,779839471,node-var,pca,0.7056151719058696,0.8400090308478053
1.0,proportional,101,2,779839471,edges-corr,sfa,0.18564196973588865,0.4308618917192473
1.0,proportional,101,2,779839471,edges-corr,pca,0.14469275265321102,0.3803850058206959
1.0,proportional,101,2,779839471,edges-cov,sfa,0.24386373207708723,0.4938256089725269
1.0,proportional,101,2,779839471,edges-cov,pca,0.19408736166813845,0.4405534719737645
1.0,proportional,101,2,779839471,node-var,sfa,0.23955331215568332,0.4894418373572935
1.0,proportional,101,2,779839471,node-var,pca,0.23417041941499883,0.48391158222861186
1.0,fixed,3001,2,781842082,edges-corr,sfa,0.9413013516598123,0.9702068602415734
1.0,fixed,3001,2,781842082,edges-corr,pca,0.4215570907595201,0.6492742800693097
1.0,fixed,3001,2,781842082,edges-cov,sfa,0.9915732442932695,0.9957777082729203
1.0,fixed,3001,2,781842082,edges-cov,pca,0.8489420919408609,0.921380535902979
1.0,fixed,3001,2,781842082,node-var,sfa,0.9443379801355762,0.9717705388287792
1.0,fixed,3001,2,781842082,node-var,pca,0.8926982761621347,0.9448271144300073
1.0,proportional,101,2,781842082,edges-corr,sfa,0.7669818588202496,0.8757750046788554
1.0,proportional,101,2,781842082,edges-corr,pca,0.6200634111394637,0.7874410524854946
1.0,proportional,101,2,781842082,edges-cov,sfa,0.33794388542856413,0.5813294121481934
1.0,proportional,101,2,781842082,edges-cov,pca,0.3236817026743878,0.5689303144273362
1.0,proportional,101,2,781842082,node-var,sfa,0.38593152793030816,0.6212338753885754
1.0,proportional,101,2,781842082,node-var,pca,0.37326350024363597,0.6109529443775814
1.0,fixed,3001,2,786091066,edges-corr,sfa,0.8796319859613289,0.9378869793111154
1.0,fixed,3001,2,786091066,edges-corr,pca,0.7798426670365448,0.8830870098900474
1.0,fixed,3001,2,786091066,edges-cov,sfa,0.8731680978097727,0.9344346407372602
1.0,fixed,3001,2,786091066,edges-cov,pca,0.6964849418846187,0.8345567337722577
1.0,fixed,3001,2,786091066,node-var,sfa,0.8951827341272581,0.9461409694793149
1.0,fixed,3001,2,786091066,node-var,pca,0.8118783694103208,0.9010429342768972
1.0,proportional,101,2,786091066,edges-corr,sfa,0.0006446516307273553,0.025389990758710127
1.0,proportional,101,2,786091066,edges-corr,pca,0.052603055122792064,0.22935355921108402
1.0,proportional,101,2,786091066,edges-cov,sfa,0.024443010794897413,0.15634260710023223
1.0,proportional,101,2,786091066,edges-cov,pca,0.0037669670242965747,0.06137562239437299
1.0,proportional,101,2,786091066,node-var,sfa,0.0522383342466628,0.22855706999929604
1.0,proportional,101,2,786091066,node-var,pca,0.0029334503163511716,0.0541613359911984
1.0,fixed,3001,2,787025148,edges-corr,sfa,0.9839855677024574,0.991960466804225
1.0,fixed,3001,2,787025148,edges-corr,pca,0.8924371537660489,0.9446889190448085
1.0,fixed,3001,2,787025148,edges-cov,sfa,0.9707313516908749,0.9852569977883308
1.0,fixed,3001,2,787025148,edges-cov,pca,0.950377129949509,0.9748728788665266
1.0,fixed,3001,2,787025148,node-var,sfa,0.972460079710024,0.986133905567608
1.0,fixed,3001,2,787025148,node-var,pca,0.9451285529301561,0.9721772230052278
1.0,proportional,101,2,787025148,edges-corr,sfa,0.2922535435710045,0.5406047942545501
1.0,proportional,101,2,787025148,edges-corr,pca,0.16810951471424873,0.410011603145873
1.0,proportional,101,2,787025148,edges-cov,sfa,0.35143135713608886,0.5928164615933744
1.0,proportional,101,2,787025148,edges-cov,pca,0.1880246188220065,0.4336180563837333
1.0,proportional,101,2,787025148,node-var,sfa,0.2721234060101887,0.5216544891115088
1.0,proportional,101,2,787025148,node-var,pca,0.13951402998455686,0.37351576939207926
1.0,fixed,3001,2,789848216,edges-corr,sfa,0.7234083078700184,0.850534130925984
1.0,fixed,3001,2,789848216,edges-corr,pca,0.5492706307770199,0.7411279449440696
1.0,fixed,3001,2,789848216,edges-cov,sfa,0.6116171709499296,0.7820595699497129
1.0,fixed,3001,2,789848216,edges-cov,pca,0.5575963300506135,0.7467237307402341
1.0,fixed,3001,2,789848216,node-var,sfa,0.5527246370775096,0.7434545292602027
1.0,fixed,3001,2,789848216,node-var,pca,0.4949155448648048,0.7035023417621329
1.0,proportional,101,2,789848216,edges-corr,sfa,0.4625407719224528,0.6801035008897198
1.0,proportional,101,2,789848216,edges-corr,pca,0.10687785143095507,0.3269217818239633
1.0,proportional,101,2,789848216,edges-cov,sfa,0.50614716038178,0.7114402015501936
1.0,proportional,101,2,789848216,edges-cov,pca,0.06918379304836153,0.263028122162558
1.0,proportional,101,2,789848216,node-var,sfa,0.42453332418786616,0.6515622182016589
1.0,proportional,101,2,789848216,node-var,pca,0.14222732935502802,0.37713038773748797
1.0,fixed,3001,2,793224716,edges-corr,sfa,0.02335589004770755,0.15282633950895932
1.0,fixed,3001,2,793224716,edges-corr,pca,0.17390214574952723,0.41701576199171086
1.0,fixed,3001,2,793224716,edges-cov,sfa,0.2298397408086299,0.47941604145942984
1.0,fixed,3001,2,793224716,edges-cov,pca,0.19631393502805772,0.4430732840378188
1.0,fixed,3001,2,793224716,node-var,sfa,0.2907622368636791,0.5392237354416801
1.0,fixed,3001,2,793224716,node-var,pca,0.2087902761413124,0.45693574618463856
1.0,proportional,101,2,793224716,edges-corr,sfa,0.019355695301977338,0.13912474726653518
1.0,proportional,101,2,793224716,edges-corr,pca,0.045504582545055516,0.21331803145785785
1.0,proportional,101,2,793224716,edges-cov,sfa,0.07700666709138415,0.27750075151498993
1.0,proportional,101,2,793224716,edges-cov,pca,0.045192064025066814,0.21258425159231967
1.0,proportional,101,2,793224716,node-var,sfa,0.06691181651718237,0.258673184766381
1.0,proportional,101,2,793224716,node-var,pca,0.07275892783647242,0.26973862874359017
1.0,fixed,3001,2,794812542,edges-corr,sfa,0.44730043260417385,0.6688052277039812
1.0,fixed,3001,2,794812542,edges-corr,pca,0.7719441866506528,0.8786035434999413
1.0,fixed,3001,2,794812542,edges-cov,sfa,0.6151036481588793,0.7842854379362655
1.0,fixed,3001,2,794812542,edges-cov,pca,0.8608339693181984,0.9278113867151011
1.0,fixed,3001,2,794812542,node-var,sfa,0.790983467527621,0.8893725133641257
1.0,fixed,3001,2,794812542,node-var,pca,0.8673082361400613,0.9312938505864086
1.0,proportional,101,2,794812542,edges-corr,sfa,0.11571462293084389,0.34016852136969383
1.0,proportional,101,2,794812542,edges-corr,pca,0.12653809505480518,0.3557219350206072
1.0,proportional,101,2,794812542,edges-cov,sfa,0.2820011657275474,0.5310378194889205
1.0,proportional,101,2,794812542,edges-cov,pca,0.19870204682145653,0.4457600776443047
1.0,proportional,101,2,794812542,node-var,sfa,0.21945286486798044,0.4684579648890396
1.0,proportional,101,2,794812542,node-var,pca,0.21446859177877842,0.46310753802845667
1.0,fixed,3001,2,816200189,edges-corr,sfa,0.8424524959570259,0.9178521100684065
1.0,fixed,3001,2,816200189,edges-corr,pca,0.8931307225746141,0.9450559362146851
1.0,fixed,3001,2,816200189,edges-cov,sfa,0.9388157780459063,0.96892506317357
1.0,fixed,3001,2,816200189,edges-cov,pca,0.9033168819785145,0.9504298406397572
1.0,fixed,3001,2,816200189,node-var,sfa,0.9515161124879428,0.9754568737201778
1.0,fixed,3001,2,816200189,node-var,pca,0.9087055643984627,0.953260491365536
1.0,proportional,101,2,816200189,edges-corr,sfa,0.12670385237229864,0.35595484597389393
1.0,proportional,101,2,816200189,edges-corr,pca,0.11365737714663615,0.3371310978634812
1.0,proportional,101,2,816200189,edges-cov,sfa,0.16576919658222755,0.40714763487244704
1.0,proportional,101,2,816200189,edges-cov,pca,0.15331943463513786,0.39156025671043
1.0,proportional,101,2,816200189,node-var,sfa,0.18792093980616698,0.4334984888164745
1.0,proportional,101,2,816200189,node-var,pca,0.16613450446701328,0.40759600644144356
1.0,fixed,3001,2,829720705,edges-corr,sfa,0.07258787937525057,0.26942137883852235
1.0,fixed,3001,2,829720705,edges-corr,pca,0.3004514384475798,0.5481345076234301
1.0,fixed,3001,2,829720705,edges-cov,sfa,0.3508586562589915,0.5923332307569715
1.0,fixed,3001,2,829720705,edges-cov,pca,0.37884937559924237,0.6155074131147751
1.0,fixed,3001,2,829720705,node-var,sfa,0.37417346929945305,0.6116972039330022
1.0,fixed,3001,2,829720705,node-var,pca,0.3797830437675619,0.6162654004303357
1.0,proportional,101,2,829720705,edges-corr,sfa,0.02657431041772662,0.16301628881104735
1.0,proportional,101,2,829720705,edges-corr,pca,0.09289056278434138,0.304779531439271
1.0,proportional,101,2,829720705,edges-cov,sfa,0.054597481577602025,0.23366103992236706
1.0,proportional,101,2,829720705,edges-cov,pca,0.0879322803670941,0.2965337760982619
1.0,proportional,101,2,829720705,node-var,sfa,0.07158531401906132,0.2675543197540665
1.0,proportional,101,2,829720705,node-var,pca,0.07333489161717566,0.27080415731147045
1.0,fixed,3001,2,831882777,edges-corr,sfa,0.8948548959145062,0.9459677034204215
1.0,fixed,3001,2,831882777,edges-corr,pca,0.40783717609738523,0.6386213088344186
1.0,fixed,3001,2,831882777,edges-cov,sfa,0.9431211804387136,0.9711442634535374
1.0,fixed,3001,2,831882777,edges-cov,pca,0.9180597010745088,0.9581543200729771
1.0,fixed,3001,2,831882777,node-var,sfa,0.9393291657043045,0.9691899533653372
1.0,fixed,3001,2,831882777,node-var,pca,0.9378917672622351,0.9684481231652193
1.0,proportional,101,2,831882777,edges-corr,sfa,0.0031890150123716765,0.05647136453435213
1.0,proportional,101,2,831882777,edges-corr,pca,0.0039040755737306254,0.06248260216836915
1.0,proportional,101,2,831882777,edges-cov,sfa,0.04890337973683112,0.22114108559205173
1.0,proportional,101,2,831882777,edges-cov,pca,0.0008149444288201302,0.028547231543883136
1.0,proportional,101,2,831882777,node-var,sfa,0.04316173420411262,0.20775402331630693
1.0,proportional,101,2,831882777,node-var,pca,0.04298557509216816,0.20732962907449604
1.0,fixed,3001,2,835479236,edges-corr,sfa,0.8313738184825298,0.9117970270200103
1.0,fixed,3001,2,835479236,edges-corr,pca,0.7652789632496846,0.8748022423666303
1.0,fixed,3001,2,835479236,edges-cov,sfa,0.6994228867133079,0.8363150642630487
1.0,fixed,3001,2,835479236,edges-cov,pca,0.6419870191276218,0.8012409245212215
1.0,fixed,3001,2,835479236,node-var,sfa,0.6322879440769444,0.7951653564365994
1.0,fixed,3001,2,835479236,node-var,pca,0.5575261355191891,0.7466767275864364
1.0,proportional,101,2,835479236,edges-corr,sfa,0.003234692297721664,0.05687435536093471
1.0,proportional,101,2,835479236,edges-corr,pca,0.008096485339321835,0.08998047198877095
1.0,proportional,101,2,835479236,edges-cov,sfa,0.01422912125238518,0.11928588035633297
1.0,proportional,101,2,835479236,edges-cov,pca,0.00042378548547983286,0.020586050749956546
1.0,proportional,101,2,835479236,node-var,sfa,0.02341337247841535,0.15301428847795706
1.0,proportional,101,2,835479236,node-var,pca,0.007331733510616889,0.08562554239604546
1.0,fixed,3001,2,839068429,edges-corr,sfa,0.025369884726497816,0.15927926646772889
1.0,fixed,3001,2,839068429,edges-corr,pca,0.05899406401436913,0.24288693668941747
1.0,fixed,3001,2,839068429,edges-cov,sfa,0.03741679950125221,0.19343422525823112
1.0,fixed,3001,2,839068429,edges-cov,pca,0.1423736149640994,0.3773242835600428
1.0,fixed,3001,2,839068429,node-var,sfa,0.12421461890841545,0.3524409438592732
1.0,fixed,3001,2,839068429,node-var,pca,0.1808367949634403,0.42524909754570916
1.0,proportional,101,2,839068429,edges-corr,sfa,0.0345217891257501,0.185800401306752
1.0,proportional,101,2,839068429,edges-corr,pca,0.00033223528853154605,0.018227322582636905
1.0,proportional,101,2,839068429,edges-cov,sfa,0.009662639112936966,0.0982987238622
1.0,proportional,101,2,839068429,edges-cov,pca,0.008684447500299286,0.09319038308913337
1.0,proportional,101,2,839068429,node-var,sfa,0.0016694429961078283,0.04085881785010335
1.0,proportional,101,2,839068429,node-var,pca,0.016869827909531065,0.12988390165656102
1.0,fixed,3001,2,847657808,edges-corr,sfa,0.06234108516819015,0.24968196804773474
1.0,fixed,3001,2,847657808,edges-corr,pca,0.046112384500418546,0.21473794378362326
1.0,fixed,3001,2,847657808,edges-cov,sfa,2.4599686631487927e-05,0.004959807116346911
1.0,fixed,3001,2,847657808,edges-cov,pca,0.08078717900173005,0.28423085511909163
1.0,fixed,3001,2,847657808,node-var,sfa,0.014224478673257601,0.11926641888334547
1.0,fixed,3001,2,847657808,node-var,pca,0.07270060560494385,0.26963049828412183
1.0,proportional,101,2,847657808,edges-corr,sfa,0.1760709818684979,0.4196081289351979
1.0,proportional,101,2,847657808,edges-corr,pca,0.11134196674863128,0.33367943710787945
1.0,proportional,101,2,847657808,edges-cov,sfa,0.04823545400995788,0.21962571345349782
1.0,proportional,101,2,847657808,edges-cov,pca,0.05802492866119957,0.24088364133165935
1.0,proportional,101,2,847657808,node-var,sfa,0.004104763602098105,0.0640684290590777
1.0,proportional,101,2,847657808,node-var,pca,0.01213841607990529,0.11017448016625858
1.0,fixed,3001,3,766640955,edges-corr,sfa,0.6756011454168136,0.8219496002899527
1.0,fixed,3001,3,766640955,edges-corr,pca,0.7167794126987241,0.846628261221372
1.0,fixed,3001,3,766640955,edges-cov,sfa,0.7874056967825922,0.8873588320305328
1.0,fixed,3001,3,766640955,edges-cov,pca,0.706481000592243,0.8405242415256341
1.0,fixed,3001,3,766640955,node-var,sfa,0.6592852905373541,0.8119638480482697
1.0,fixed,3001,3,766640955,node-var,pca,0.26046311807488076,0.5103558739496205
1.0,proportional,101,3,766640955,edges-corr,sfa,0.023052082741935043,0.15182912349722347
1.0,proportional,101,3,766640955,edges-corr,pca,0.008795283017948297,0.09378317022764997
1.0,proportional,101,3,766640955,edges-cov,sfa,0.0720022395131048,0.26833233035380766
1.0,proportional,101,3,766640955,edges-cov,pca,0.09820067371977137,0.31336986728109556
1.0,proportional,101,3,766640955,node-var,sfa,0.12243964872917401,0.34991377327732354
1.0,proportional,101,3,766640955,node-var,pca,0.1193795699385225,0.345513487346764
1.0,fixed,3001,3,767871931,edges-corr,sfa,0.9201395259747233,0.9592390348472707
1.0,fixed,3001,3,767871931,edges-corr,pca,0.9257129618276104,0.9621397828941542
1.0,fixed,3001,3,767871931,edges-cov,sfa,0.9542115495134292,0.9768375246239408
1.0,fixed,3001,3,767871931,edges-cov,pca,0.9509706734573102,0.9751772523276523
1.0,fixed,3001,3,767871931,node-var,sfa,0.9494959211114373,0.9744208131559162
1.0,fixed,3001,3,767871931,node-var,pca,0.9449641205749936,0.972092650201097
1.0,proportional,101,3,767871931,edges-corr,sfa,0.35239209707711383,0.593626226742985
1.0,proportional,101,3,767871931,edges-corr,pca,0.16306629068882006,0.4038146736918062
1.0,proportional,101,3,767871931,edges-cov,sfa,0.32258558577317664,0.5679661836528447
1.0,proportional,101,3,767871931,edges-cov,pca,0.24360245269899006,0.49356099187333474
1.0,proportional,101,3,767871931,node-var,sfa,0.3611736500090821,0.6009772458330533
1.0,proportional,101,3,767871931,node-var,pca,0.16364160372646952,0.4045263943508132
1.0,fixed,3001,3,771160300,edges-corr,sfa,0.951101836348527,0.9752445008040429
1.0,fixed,3001,3,771160300,edges-corr,pca,0.9269002591243404,0.9627565939137163
1.0,fixed,3001,3,771160300,edges-cov,sfa,0.8948641560395496,0.9459725979327042
1.0,fixed,3001,3,771160300,edges-cov,pca,0.9113887132109503,0.954666807431237
1.0,fixed,3001,3,771160300,node-var,sfa,0.9074941240540673,0.9526248600861034
1.0,fixed,3001,3,771160300,node-var,pca,0.9053403571237231,0.9514937504386056
1.0,proportional,101,3,771160300,edges-corr,sfa,0.5794608696385524,0.7612232718713695
1.0,proportional,101,3,771160300,edges-corr,pca,0.5986224006036731,0.7737069216464807
1.0,proportional,101,3,771160300,edges-cov,sfa,0.22184144343154888,0.47100047073389345
1.0,proportional,101,3,771160300,edges-cov,pca,0.24656253252297056,0.49655063439992764
1.0,proportional,101,3,771160300,node-var,sfa,0.2839865091329187,0.5329038460481577
1.0,proportional,101,3,771160300,node-var,pca,0.2571722280477996,0.5071215121130239
1.0,fixed,3001,3,771990200,edges-corr,sfa,0.9879790573998797,0.9939713564282822
1.0,fixed,3001,3,771990200,edges-corr,pca,0.9867833135550047,0.9933696761805267
1.0,fixed,3001,3,771990200,edges-cov,sfa,0.9872594891543531,0.9936093242086412
1.0,fixed,3001,3,771990200,edges-cov,pca,0.9196099230281116,0.9589629414258466
1.0,fixed,3001,3,771990200,node-var,sfa,0.9700252926910775,0.984898620514354
1.0,fixed,3001,3,771990200,node-var,pca,0.8680215516699005,0.9316767420462417
1.0,proportional,101,3,771990200,edges-corr,sfa,0.5595811679359243,0.7480515810663886
1.0,proportional,101,3,771990200,edges-corr,pca,0.5243647667792403,0.7241303520632457
1.0,proportional,101,3,771990200,edges-cov,sfa,0.15832478076693635,0.397900465904397
1.0,proportional,101,3,771990200,edges-cov,pca,0.2652895597166136,0.5150626755227107
1.0,proportional,101,3,771990200,node-var,sfa,0.20422509615804196,0.45191270856000665
1.0,proportional,101,3,771990200,node-var,pca,0.2256998733827923,0.47507880754964477
1.0,fixed,3001,3,774875821,edges-corr,sfa,0.900128510639354,0.9487510266868512
1.0,fixed,3001,3,774875821,edges-corr,pca,0.3427895113232873,0.5854822895043778
1.0,fixed,3001,3,774875821,edges-cov,sfa,0.9392292521279157,0.9691384071059801
1.0,fixed,3001,3,774875821,edges-cov,pca,0.6535993902404353,0.8084549401422667
1.0,fixed,3001,3,774875821,node-var,sfa,0.8944010036973741,0.9457277640512488
1.0,fixed,3001,3,774875821,node-var,pca,0.7109674528488334,0.8431888595379048
1.0,proportional,101,3,774875821,edges-corr,sfa,0.026462857227084524,0.1626740828376925
1.0,proportional,101,3,774875821,edges-corr,pca,0.0368075917263152,0.19185304721665233
1.0,proportional,101,3,774875821,edges-cov,sfa,0.12486962717773176,0.35336896747978835
1.0,proportional,101,3,774875821,edges-cov,pca,0.10366756716593561,0.3219744821658007
1.0,proportional,101,3,774875821,node-var,sfa,0.11215537714538626,0.3348960691698038
1.0,proportional,101,3,774875821,node-var,pca,0.12077098308752954,0.3475211980405357
1.0,fixed,3001,3,778240327,edges-corr,sfa,0.5363253735119095,0.7323423881709357
1.0,fixed,3001,3,778240327,edges-corr,pca,0.1905615314994612,0.4365335399479188
1.0,fixed,3001,3,778240327,edges-cov,sfa,0.879149152048539,0.9376295388097254
1.0,fixed,3001,3,778240327,edges-cov,pca,0.7346051779094085,0.8570911141234684
1.0,fixed,3001,3,778240327,node-var,sfa,0.8836213972386091,0.9400113814409957
1.0,fixed,3001,3,778240327,node-var,pca,0.7738025965837232,0.8796605007522634
1.0,proportional,101,3,778240327,edges-corr,sfa,0.23961152679958908,0.48950130418578963
1.0,proportional,101,3,778240327,edges-corr,pca,0.06765926121144261,0.26011393890263246
1.0,proportional,101,3,778240327,edges-cov,sfa,0.25007225906895847,0.5000722538483398
1.0,proportional,101,3,778240327,edges-cov,pca,0.10146896782101889,0.3185419404427285
1.0,proportional,101,3,778240327,node-var,sfa,0.1483120242908893,0.3851130019758993
1.0,proportional,101,3,778240327,node-var,pca,0.07120579141312844,0.26684413318101696
1.0,fixed,3001,3,778998620,edges-corr,sfa,0.5695891472375274,0.7547113005895217
1.0,fixed,3001,3,778998620,edges-corr,pca,0.4385002801225334,0.6621935367568408
1.0,fixed,3001,3,778998620,edges-cov,sfa,0.9706661042130683,0.9852238853240759
1.0,fixed,3001,3,778998620,edges-cov,pca,0.7730514696298454,0.8792334557043681
1.0,fixed,3001,3,778998620,node-var,sfa,0.8532205751792027,0.9236993965458689
1.0,fixed,3001,3,778998620,node-var,pca,0.8135556251318548,0.9019731842642854
1.0,proportional,101,3,778998620,edges-corr,sfa,0.3455772094233448,0.5878581541693069
1.0,proportional,101,3,778998620,edges-corr,pca,0.2699392256650466,0.5195567588483921
1.0,proportional,101,3,778998620,edges-cov,sfa,0.3695529963719225,0.6079087072677297
1.0,proportional,101,3,778998620,edges-cov,pca,0.3105713972355626,0.5572893299136118
1.0,proportional,101,3,778998620,node-var,sfa,0.3179108450409103,0.563835831639769
1.0,proportional,101,3,778998620,node-var,pca,0.35306031312618646,0.594188785762729
1.0,fixed,3001,3,779839471,edges-corr,sfa,0.08180988871732564,0.28602427994372337
1.0,fixed,3001,3,779839471,edges-corr,pca,0.05537464217748267,0.23531817222110696
1.0,fixed,3001,3,779839471,edges-cov,sfa,0.003019814007147792,0.05495283438683971
1.0,fixed,3001,3,779839471,edges-cov,pca,0.00015243299192468918,0.012346375659460744
1.0,fixed,3001,3,779839471,node-var,sfa,0.0009299053974247684,0.030494350254181412
1.0,fixed,3001,3,779839471,node-var,pca,0.0019313134373852847,0.043946711337538795
1.0,proportional,101,3,779839471,edges-corr,sfa,0.18716333639556493,0.43262378158807363
1.0,proportional,101,3,779839471,edges-corr,pca,0.1808978622094557,0.42532089321999655
1.0,proportional,101,3,779839471,edges-cov,sfa,0.24437272296400292,0.49434069523356355
1.0,proportional,101,3,779839471,edges-cov,pca,0.19386205501973564,0.4402976890919776
1.0,proportional,101,3,779839471,node-var,sfa,0.24005205870872193,0.48995107787280356
1.0,proportional,101,3,779839471,node-var,pca,0.22529809133095002,0.4746557608740782
1.0,fixed,3001,3,781842082,edges-corr,sfa,0.3563471445620269,0.5969481925276491
1.0,fixed,3001,3,781842082,edges-corr,pca,0.28424954835929606,0.5331505869445294
1.0,fixed,3001,3,781842082,edges-cov,sfa,0.2303733137991404,0.4799722010691247
1.0,fixed,3001,3,781842082,edges-cov,pca,0.16809664997622809,0.409995914584802
1.0,fixed,3001,3,781842082,node-var,sfa,0.15405646538577933,0.39250027437669316
1.0,fixed,3001,3,781842082,node-var,pca,0.1400764489437497,0.37426788393308585
1.0,proportional,101,3,781842082,edges-corr,sfa,0.38225622854361707,0.6182687348909186
1.0,proportional,101,3,781842082,edges-corr,pca,0.3691390614117378,0.6075681537175379
1.0,proportional,101,3,781842082,edges-cov,sfa,0.22710372175873894,0.4765540071793949
1.0,proportional,101,3,781842082,edges-cov,pca,0.19996114509782903,0.44717015228862156
1.0,proportional,101,3,781842082,node-var,sfa,0.23218716353579194,0.4818580325529416
1.0,proportional,101,3,781842082,node-var,pca,0.22999181082919473,0.4795746144545128
1.0,fixed,3001,3,786091066,edges-corr,sfa,0.639806951409662,0.7998793355310927
1.0,fixed,3001,3,786091066,edges-corr,pca,0.5316070927539716,0.7291139093131962
1.0,fixed,3001,3,786091066,edges-cov,sfa,0.6009887467945196,0.7752346398313995
1.0,fixed,3001,3,786091066,edges-cov,pca,0.4892998553006145,0.6994997178702893
1.0,fixed,3001,3,786091066,node-var,sfa,0.6072787915297453,0.7792809451858459
1.0,fixed,3001,3,786091066,node-var,pca,0.4570719310563298,0.6760709511998946
1.0,proportional,101,3,786091066,edges-corr,sfa,0.008586031619282175,0.09266084188740217
1.0,proportional,101,3,786091066,edges-corr,pca,0.0034984063911419616,0.05914732784447514
1.0,proportional,101,3,786091066,edges-cov,sfa,0.03756071572233932,0.19380587122772935
1.0,proportional,101,3,786091066,edges-cov,pca,0.02331239807150165,0.15268398105728526
1.0,proportional,101,3,786091066,node-var,sfa,0.06260247947354824,0.2502048749995653
1.0,proportional,101,3,786091066,node-var,pca,0.035417469884676867,0.18819529719064984
1.0,fixed,3001,3,787025148,edges-corr,sfa,0.20598672616499492,0.4538576056044398
1.0,fixed,3001,3,787025148,edges-corr,pca,0.009709102523178581,0.09853477824189086
1.0,fixed,3001,3,787025148,edges-cov,sfa,0.17075964492990736,0.4132307405432313
1.0,fixed,3001,3,787025148,edges-cov,pca,0.00016270234475690426,0.012755482929189287
1.0,fixed,3001,3,787025148,node-var,sfa,0.03471759430890897,0.1863265797166606
1.0,fixed,3001,3,787025148,node-var,pca,0.0029084338859263204,0.05392989788536885
1.0,proportional,101,3,787025148,edges-corr,sfa,0.002120282305343224,0.046046523270960316
1.0,proportional,101,3,787025148,edges-corr,pca,0.23230200714742522,0.4819771852976294
1.0,proportional,101,3,787025148,edges-cov,sfa,9.248600349165415e-05,0.009616964359483815
1.0,proportional,101,3,787025148,edges-cov,pca,0.005605249611426499,0.07486821496086735
1.0,proportional,101,3,787025148,node-var,sfa,0.0038132539521069653,0.06175155020003119
1.0,proportional,101,3,787025148,node-var,pca,0.0023728661359911918,0.048712073821499106
1.0,fixed,3001,3,789848216,edges-corr,sfa,0.4702076988880607,0.6857169232912811
1.0,fixed,3001,3,789848216,edges-corr,pca,0.6263451035171375,0.7914196759729553
1.0,fixed,3001,3,789848216,edges-cov,sfa,0.7368079816580213,0.858375198650346
1.0,fixed,3001,3,789848216,edges-cov,pca,0.7418199796423139,0.8612897187603679
1.0,fixed,3001,3,789848216,node-var,sfa,0.7533192348897553,0.8679396493361475
1.0,fixed,3001,3,789848216,node-var,pca,0.659605554982401,0.8121610400544966
1.0,proportional,101,3,789848216,edges-corr,sfa,0.5397391079746687,0.7346693868500771
1.0,proportional,101,3,789848216,edges-corr,pca,0.1569507799130352,0.39617014010780166
1.0,proportional,101,3,789848216,edges-cov,sfa,0.5233184820713631,0.7234075490837535
1.0,proportional,101,3,789848216,edges-cov,pca,0.37958203213066055,0.616102290314409
1.0,proportional,101,3,789848216,node-var,sfa,0.4630188831524932,0.6804549089781726
1.0,proportional,101,3,789848216,node-var,pca,0.45616632418107017,0.675400861845075
1.0,fixed,3001,3,793224716,edges-corr,sfa,0.9285961693987356,0.9636369489588575
1.0,fixed,3001,3,793224716,edges-corr,pca,0.9448126943785283,0.97201476037071
1.0,fixed,3001,3,793224716,edges-cov,sfa,0.9678943361543881,0.9838162105568233
1.0,fixed,3001,3,793224716,edges-cov,pca,0.9726881131096938,0.9862495186866722
1.0,fixed,3001,3,793224716,node-var,sfa,0.9682963931795155,0.9840205247755329
1.0,fixed,3001,3,793224716,node-var,pca,0.9695728925975499,0.9846689253741833
1.0,proportional,101,3,793224716,edges-corr,sfa,0.003675812900850728,0.06062848258739922
1.0,proportional,101,3,793224716,edges-corr,pca,0.20244782463432387,0.449942023636739
1.0,proportional,101,3,793224716,edges-cov,sfa,0.2464325948262691,0.49641977682830984
1.0,proportional,101,3,793224716,edges-cov,pca,0.23647639658347286,0.48628838828772525
1.0,proportional,101,3,793224716,node-var,sfa,0.26286221315222225,0.512700900284193
1.0,proportional,101,3,793224716,node-var,pca,0.271536532441663,0.5210916737404879
1.0,fixed,3001,3,794812542,edges-corr,sfa,0.9167675252365234,0.9574797779778553
1.0,fixed,3001,3,794812542,edges-corr,pca,0.9198301424395522,0.9590777562010039
1.0,fixed,3001,3,794812542,edges-cov,sfa,0.770276487972758,0.8776539682430416
1.0,fixed,3001,3,794812542,edges-cov,pca,0.8037463770129117,0.896519033268626
1.0,fixed,3001,3,794812542,node-var,sfa,0.7811124014721431,0.8838056355738765
1.0,fixed,3001,3,794812542,node-var,pca,0.8017273890057446,0.8953923101109058
1.0,proportional,101,3,794812542,edges-corr,sfa,0.24941639709692498,0.4994160561064544
1.0,proportional,101,3,794812542,edges-corr,pca,0.10337442489878357,0.3215189339662344
1.0,proportional,101,3,794812542,edges-cov,sfa,0.3418444486110027,0.584674651931314
1.0,proportional,101,3,794812542,edges-cov,pca,0.21746946402995893,0.4663362135090511
1.0,proportional,101,3,794812542,node-var,sfa,0.18325387088931655,0.4280816170887468
1.0,proportional,101,3,794812542,node-var,pca,0.17999155036007597,0.42425411059891455
1.0,fixed,3001,3,816200189,edges-corr,sfa,0.8679251128913555,0.9316249851154464
1.0,fixed,3001,3,816200189,edges-corr,pca,0.6117566475248525,0.7821487374693207
1.0,fixed,3001,3,816200189,edges-cov,sfa,0.8182922912042397,0.9045950979329038
1.0,fixed,3001,3,816200189,edges-cov,pca,0.5116281163104662,0.7152818439681426
1.0,fixed,3001,3,816200189,node-var,sfa,0.5188666822530136,0.7203240119925294
1.0,fixed,3001,3,816200189,node-var,pca,0.5343247567984828,0.7309752094281191
1.0,proportional,101,3,816200189,edges-corr,sfa,0.000490890428874402,0.022156047230371196
1.0,proportional,101,3,816200189,edges-corr,pca,0.0400753898954741,0.20018838601545824
1.0,proportional,101,3,816200189,edges-cov,sfa,0.12415921153286613,0.35236232990043925
1.0,proportional,101,3,816200189,edges-cov,pca,0.1299115037509344,0.3604323844369904
1.0,proportional,101,3,816200189,node-var,sfa,0.1380769818155544,0.3715871120148738
1.0,proportional,101,3,816200189,node-var,pca,0.15428301175010117,0.3927887622502727
1.0,fixed,3001,3,829720705,edges-corr,sfa,0.9283270028114914,0.9634972770130131
1.0,fixed,3001,3,829720705,edges-corr,pca,0.9376638876483805,0.9683304640712183
1.0,fixed,3001,3,829720705,edges-cov,sfa,0.8174565701501316,0.9041330489204188
1.0,fixed,3001,3,829720705,edges-cov,pca,0.8306400267619568,0.9113945505443605
1.0,fixed,3001,3,829720705,node-var,sfa,0.8129771963435197,0.9016524809168556
1.0,fixed,3001,3,829720705,node-var,pca,0.8134546876557761,0.901917228827444
1.0,proportional,101,3,829720705,edges-corr,sfa,0.13270259761173575,0.3642836773885646
1.0,proportional,101,3,829720705,edges-corr,pca,0.13100666080887446,0.3619484228572828
1.0,proportional,101,3,829720705,edges-cov,sfa,0.1077519963147563,0.3282559920469942
1.0,proportional,101,3,829720705,edges-cov,pca,0.1315129502141258,0.3626471428456673
1.0,proportional,101,3,829720705,node-var,sfa,0.17592797260307602,0.41943768619793304
1.0,proportional,101,3,829720705,node-var,pca,0.14138895515344752,0.37601722720302
1.0,fixed,3001,3,831882777,edges-corr,sfa,0.5391230069705174,0.7342499621862556
1.0,fixed,3001,3,831882777,edges-corr,pca,0.27753406250481816,0.5268150173493712
1.0,fixed,3001,3,831882777,edges-cov,sfa,0.2832061209366963,0.532171138767123
1.0,fixed,3001,3,831882777,edges-cov,pca,0.36353099180910375,0.6029353131216516
1.0,fixed,3001,3,831882777,node-var,sfa,0.3369772357664006,0.5804974037550906
1.0,fixed,3001,3,831882777,node-var,pca,0.3385883549753054,0.581883454804573
1.0,proportional,101,3,831882777,edges-corr,sfa,0.020714050861278976,0.14392376753434027
1.0,proportional,101,3,831882777,edges-corr,pca,0.0005516596866477208,0.02348743678325867
1.0,proportional,101,3,831882777,edges-cov,sfa,0.031881368247003605,0.17855354448176963
1.0,proportional,101,3,831882777,edges-cov,pca,0.020383372335566974,0.14277034823648405
1.0,proportional,101,3,831882777,node-var,sfa,0.018655030369734704,0.13658341908787702
1.0,proportional,101,3,831882777,node-var,pca,0.017131456876769202,0.13088719141600186
1.0,fixed,3001,3,835479236,edges-corr,sfa,0.8447011092957456,0.919076226052957
1.0,fixed,3001,3,835479236,edges-corr,pca,0.8526726089526274,0.9234027338884303
1.0,fixed,3001,3,835479236,edges-cov,sfa,0.8056299905525475,0.8975689335937083
1.0,fixed,3001,3,835479236,edges-cov,pca,0.8555843238358383,0.9249780126229153
1.0,fixed,3001,3,835479236,node-var,sfa,0.7720146508958965,0.878643642722063
1.0,fixed,3001,3,835479236,node-var,pca,0.6918250956362095,0.8317602392734395
1.0,proportional,101,3,835479236,edges-corr,sfa,0.003289792538479941,0.05735671310735969
1.0,proportional,101,3,835479236,edges-corr,pca,0.008537471042393108,0.09239843636335711
1.0,proportional,101,3,835479236,edges-cov,sfa,0.00012307072768302785,0.011093724698366768
1.0,proportional,101,3,835479236,edges-cov,pca,0.004200919700286465,0.06481450223743453
1.0,proportional,101,3,835479236,node-var,sfa,1.174448356289215e-05,0.003427022550699506
1.0,proportional,101,3,835479236,node-var,pca,0.0027416230491079663,0.05236051039770425
1.0,fixed,3001,3,839068429,edges-corr,sfa,0.4303949574840771,0.6560449355677376
1.0,fixed,3001,3,839068429,edges-corr,pca,0.35439297360471267,0.5953091412070812
1.0,fixed,3001,3,839068429,edges-cov,sfa,0.02241884158989571,0.14972922757396354
1.0,fixed,3001,3,839068429,edges-cov,pca,0.16229993554837352,0.402864661578021
1.0,fixed,3001,3,839068429,node-var,sfa,0.31727855116197445,0.5632748451351033
1.0,fixed,3001,3,839068429,node-var,pca,0.008251642269072601,0.09083855056677471
1.0,proportional,101,3,839068429,edges-corr,sfa,0.002308402389974984,0.04804583634379778
1.0,proportional,101,3,839068429,edges-corr,pca,0.02220082097778653,0.1489993992531058
1.0,proportional,101,3,839068429,edges-cov,sfa,0.06975617464062978,0.2641139425335771
1.0,proportional,101,3,839068429,edges-cov,pca,0.08138534430302213,0.2852811671018998
1.0,proportional,101,3,839068429,node-var,sfa,0.004109994636245395,0.06410923986638334
1.0,proportional,101,3,839068429,node-var,pca,0.07458949931056758,0.2731107821206764
1.0,fixed,3001,3,847657808,edges-corr,sfa,0.57853847249777,0.7606171655292625
1.0,fixed,3001,3,847657808,edges-corr,pca,0.699286153724267,0.8362333129720839
1.0,fixed,3001,3,847657808,edges-cov,sfa,0.3644880233235598,0.6037284350795147
1.0,fixed,3001,3,847657808,edges-cov,pca,0.34518844772621815,0.5875274016811621
1.0,fixed,3001,3,847657808,node-var,sfa,0.5968739460608419,0.7725761749244158
1.0,fixed,3001,3,847657808,node-var,pca,0.41154154531745457,0.6415150390423083
1.0,proportional,101,3,847657808,edges-corr,sfa,0.2949389004547287,0.5430827749567543
1.0,proportional,101,3,847657808,edges-corr,pca,0.13432927489602253,0.3665095836346201
1.0,proportional,101,3,847657808,edges-cov,sfa,0.1884531431841796,0.4341119016845532
1.0,proportional,101,3,847657808,edges-cov,pca,0.14669428545316188,0.3830069000072475
1.0,proportional,101,3,847657808,node-var,sfa,0.10230625853064501,0.31985349541726915
1.0,proportional,101,3,847657808,node-var,pca,0.12281930633041616,0.35045585503800053
1.0,fixed,3001,4,766640955,edges-corr,sfa,0.5036178635594672,0.7096603860717232
1.0,fixed,3001,4,766640955,edges-corr,pca,0.9461643685392971,0.9727098069513327
1.0,fixed,3001,4,766640955,edges-cov,sfa,0.541899616315939,0.7361383133052781
1.0,fixed,3001,4,766640955,edges-cov,pca,0.9482515754777474,0.9737820985609396
1.0,fixed,3001,4,766640955,node-var,sfa,0.5927885524603801,0.769927628066677
1.0,fixed,3001,4,766640955,node-var,pca,0.9363264293361196,0.9676396174899623
1.0,proportional,101,4,766640955,edges-corr,sfa,0.36533317981265023,0.6044279773576426
1.0,proportional,101,4,766640955,edges-corr,pca,0.2642275524742691,0.5140306921520046
1.0,proportional,101,4,766640955,edges-cov,sfa,0.1650318932162671,0.40624117617034733
1.0,proportional,101,4,766640955,edges-cov,pca,0.2318720341532029,0.48153092751473714
1.0,proportional,101,4,766640955,node-var,sfa,0.24616737065889083,0.49615256792532125
1.0,proportional,101,4,766640955,node-var,pca,0.21278987065816035,0.46129152458955935
1.0,fixed,3001,4,767871931,edges-corr,sfa,0.005337019525547881,0.0730549076075518
1.0,fixed,3001,4,767871931,edges-corr,pca,0.028755324086762846,0.16957394872669193
1.0,fixed,3001,4,767871931,edges-cov,sfa,0.025831895629643165,0.16072304013315253
1.0,fixed,3001,4,767871931,edges-cov,pca,0.5973363947692949,0.7728754070154479
1.0,fixed,3001,4,767871931,node-var,sfa,0.40601328858376873,0.6371917204293919
1.0,fixed,3001,4,767871931,node-var,pca,0.5929961971384031,0.7700624631407522
1.0,proportional,101,4,767871931,edges-corr,sfa,0.029102974332936515,0.17059593879379573
1.0,proportional,101,4,767871931,edges-corr,pca,0.07502755796779292,0.2739115878669481
1.0,proportional,101,4,767871931,edges-cov,sfa,0.23592198568458722,0.485718010459348
1.0,proportional,101,4,767871931,edges-cov,pca,0.20301137357411325,0.4505678345977592
1.0,proportional,101,4,767871931,node-var,sfa,0.1785886600020128,0.4225975153760521
1.0,proportional,101,4,767871931,node-var,pca,0.2171301079439888,0.465972217995868
1.0,fixed,3001,4,771160300,edges-corr,sfa,0.23503362465286326,0.48480266568250563
1.0,fixed,3001,4,771160300,edges-corr,pca,0.2316258910037351,0.48127527570376494
1.0,fixed,3001,4,771160300,edges-cov,sfa,0.40232667095084906,0.6342922598856532
1.0,fixed,3001,4,771160300,edges-cov,pca,0.5139544491989478,0.7169061648493115
1.0,fixed,3001,4,771160300,node-var,sfa,0.5458325014177576,0.7388047789624521
1.0,fixed,3001,4,771160300,node-var,pca,0.612225035669997,0.782448104138541
1.0,proportional,101,4,771160300,edges-corr,sfa,0.006064135417199412,0.07787255882016009
1.0,proportional,101,4,771160300,edges-corr,pca,0.11496093391289319,0.339058894460672
1.0,proportional,101,4,771160300,edges-cov,sfa,0.24388315864429033,0.493845278041909
1.0,proportional,101,4,771160300,edges-cov,pca,0.21704079233040008,0.4658763702211134
1.0,proportional,101,4,771160300,node-var,sfa,0.2085054486707466,0.4566239685679527
1.0,proportional,101,4,771160300,node-var,pca,0.21459715414863478,0.463246321246737
1.0,fixed,3001,4,771990200,edges-corr,sfa,0.9298085772166554,0.9642658229018881
1.0,fixed,3001,4,771990200,edges-corr,pca,0.09127194373105596,0.30211246867856356
1.0,fixed,3001,4,771990200,edges-cov,sfa,0.9274894039586902,0.9630625130066534
1.0,fixed,3001,4,771990200,edges-cov,pca,0.6857624203096293,0.8281077347239482
1.0,fixed,3001,4,771990200,node-var,sfa,0.18204672572200287,0.4266693400304303
1.0,fixed,3001,4,771990200,node-var,pca,0.9289712262574205,0.9638315341684044
1.0,proportional,101,4,771990200,edges-corr,sfa,0.1376902915082895,0.37106642465775513
1.0,proportional,101,4,771990200,edges-corr,pca,0.005087850849842757,0.07132917250215777
1.0,proportional,101,4,771990200,edges-cov,sfa,0.203875809813568,0.4515260898481594
1.0,proportional,101,4,771990200,edges-cov,pca,0.13215636197379688,0.36353316488842774
1.0,proportional,101,4,771990200,node-var,sfa,0.008339876884874808,0.09132292639241649
1.0,proportional,101,4,771990200,node-var,pca,0.007256012342885754,0.08518223020610426
1.0,fixed,3001,4,774875821,edges-corr,sfa,0.9274250902707823,0.9630291222339971
1.0,fixed,3001,4,774875821,edges-corr,pca,0.9520511855775837,0.9757311031106795
1.0,fixed,3001,4,774875821,edges-cov,sfa,0.9441376424894465,0.9716674546826428
1.0,fixed,3001,4,774875821,edges-cov,pca,0.9112352187870064,0.9545864124253008
1.0,fixed,3001,4,774875821,node-var,sfa,0.9318816630608301,0.9653401799680926
1.0,fixed,3001,4,774875821,node-var,pca,0.9113581652798735,0.9546508080339499
1.0,proportional,101,4,774875821,edges-corr,sfa,0.2588696576805052,0.508792352222894
1.0,proportional,101,4,774875821,edges-corr,pca,0.06720369663530634,0.25923675787840433
1.0,proportional,101,4,774875821,edges-cov,sfa,0.1629314478111441,0.4036476778220634
1.0,proportional,101,4,774875821,edges-cov,pca,0.10039180586544816,0.31684665986159316
1.0,proportional,101,4,774875821,node-var,sfa,0.14249286925809568,0.37748227674699597
1.0,proportional,101,4,774875821,node-var,pca,0.11615240190241749,0.3408113875773776
1.0,fixed,3001,4,778240327,edges-corr,sfa,0.9236198915894162,0.9610514510625415
1.0,fixed,3001,4,778240327,edges-corr,pca,0.9463741874788353,0.9728176537660256
1.0,fixed,3001,4,778240327,edges-cov,sfa,0.9087010934422113,0.9532581462763444
1.0,fixed,3001,4,778240327,edges-cov,pca,0.8817667465529663,0.9390243588709329
1.0,fixed,3001,4,778240327,node-var,sfa,0.7496572740910894,0.865827508278115
1.0,fixed,3001,4,778240327,node-var,pca,0.6738175601419958,0.820863910853678
1.0,proportional,101,4,778240327,edges-corr,sfa,0.06400764269754122,0.2529973175698531
1.0,proportional,101,4,778240327,edges-corr,pca,0.01444239788894941,0.12017652802835194
1.0,proportional,101,4,778240327,edges-cov,sfa,0.10168765410850111,0.31888501706493083
1.0,proportional,101,4,778240327,edges-cov,pca,0.04916716594233528,0.2217367040936957
1.0,proportional,101,4,778240327,node-var,sfa,0.05611264617331191,0.23688108023502386
1.0,proportional,101,4,778240327,node-var,pca,0.07122018069032265,0.2668710937706118
1.0,fixed,3001,4,778998620,edges-corr,sfa,0.9650296803816526,0.9823592420197679
1.0,fixed,3001,4,778998620,edges-corr,pca,0.914386776278429,0.9562357325881674
1.0,fixed,3001,4,778998620,edges-cov,sfa,0.9603488759733211,0.979973915965788
1.0,fixed,3001,4,778998620,edges-cov,pca,0.9719264539664426,0.9858633038948363
1.0,fixed,3001,4,778998620,node-var,sfa,0.9694336507861492,0.9845982179478843
1.0,fixed,3001,4,778998620,node-var,pca,0.9707788884575288,0.9852811215371623
1.0,proportional,101,4,778998620,edges-corr,sfa,0.39146537904679435,0.6256719420325594
1.0,proportional,101,4,778998620,edges-corr,pca,0.3280840309341264,0.5727862000206769
1.0,proportional,101,4,778998620,edges-cov,sfa,0.5874102264342306,0.7664269217833037
1.0,proportional,101,4,778998620,edges-cov,pca,0.5198903071067472,0.721034192744524
1.0,proportional,101,4,778998620,node-var,sfa,0.5889241074221948,0.7674139088016291
1.0,proportional,101,4,778998620,node-var,pca,0.5757085752938289,0.7587546212668683
1.0,fixed,3001,4,779839471,edges-corr,sfa,0.4032280091919518,0.6350023694380611
1.0,fixed,3001,4,779839471,edges-corr,pca,0.5963708326295829,0.7722504986269565
1.0,fixed,3001,4,779839471,edges-cov,sfa,0.9808985000239838,0.990403200733915
1.0,fixed,3001,4,779839471,edges-cov,pca,0.9716613846870101,0.9857288596196269
1.0,fixed,3001,4,779839471,node-var,sfa,0.975976701794299,0.9879153312882133
1.0,fixed,3001,4,779839471,node-var,pca,0.9778837508502162,0.9888800487674005
1.0,proportional,101,4,779839471,edges-corr,sfa,0.0700016383024914,0.2645782271890325
1.0,proportional,101,4,779839471,edges-corr,pca,0.13815590509944964,0.3716932943966701
1.0,proportional,101,4,779839471,edges-cov,sfa,0.3697477351870777,0.6080688572744682
1.0,proportional,101,4,779839471,edges-cov,pca,0.38926622588177795,0.6239120337690067
1.0,proportional,101,4,779839471,node-var,sfa,0.4234272208050759,0.6507128558781334
1.0,proportional,101,4,779839471,node-var,pca,0.4661091197069589,0.6827218465136148
1.0,fixed,3001,4,781842082,edges-corr,sfa,0.4683107675408217,0.6843323516689983
1.0,fixed,3001,4,781842082,edges-corr,pca,0.13667436186795645,0.36969495786114853
1.0,fixed,3001,4,781842082,edges-cov,sfa,0.4920167070592232,0.7014390259026244
1.0,fixed,3001,4,781842082,edges-cov,pca,0.002117963518629584,0.04602133764494176
1.0,fixed,3001,4,781842082,node-var,sfa,0.3927837770132425,0.6267246420983
1.0,fixed,3001,4,781842082,node-var,pca,0.02800099921320831,0.16733499100071242
1.0,proportional,101,4,781842082,edges-corr,sfa,0.030000100502020177,0.17320537088098686
1.0,proportional,101,4,781842082,edges-corr,pca,0.04299938779722867,0.20736293737606235
1.0,proportional,101,4,781842082,edges-cov,sfa,0.12310498992252439,0.3508632068520786
1.0,proportional,101,4,781842082,edges-cov,pca,0.08951215966456016,0.29918582798080584
1.0,proportional,101,4,781842082,node-var,sfa,0.10983046257658613,0.3314067931961959
1.0,proportional,101,4,781842082,node-var,pca,0.11073056988001995,0.33276203190872006
1.0,fixed,3001,4,786091066,edges-corr,sfa,0.32149788355517506,0.5670078337687887
1.0,fixed,3001,4,786091066,edges-corr,pca,0.197190642914845,0.44406153055049163
1.0,fixed,3001,4,786091066,edges-cov,sfa,0.5175599265531168,0.7194163791248553
1.0,fixed,3001,4,786091066,edges-cov,pca,0.4933633882337357,0.7023983116677714
1.0,fixed,3001,4,786091066,node-var,sfa,0.7448043375234588,0.8630204734092108
1.0,fixed,3001,4,786091066,node-var,pca,0.7182663655927259,0.8475059678803003
1.0,proportional,101,4,786091066,edges-corr,sfa,3.2691878537605135e-08,0.00018080895492612398
1.0,proportional,101,4,786091066,edges-corr,pca,0.003512966347124391,0.05927028215829628
1.0,proportional,101,4,786091066,edges-cov,sfa,0.0055935065170488185,0.07478974874305068
1.0,proportional,101,4,786091066,edges-cov,pca,0.00530034957603065,0.07280349975125225
1.0,proportional,101,4,786091066,node-var,sfa,0.0595131249650217,0.2439531204248502
1.0,proportional,101,4,786091066,node-var,pca,0.01249323427862159,0.11177313755380318
1.0,fixed,3001,4,787025148,edges-corr,sfa,0.630700615273904,0.7941666168216239
1.0,fixed,3001,4,787025148,edges-corr,pca,0.6526529019704412,0.8078693594699836
1.0,fixed,3001,4,787025148,edges-cov,sfa,0.6002164993934525,0.7747364063947507
1.0,fixed,3001,4,787025148,edges-cov,pca,0.6574860848729247,0.8108551565310077
1.0,fixed,3001,4,787025148,node-var,sfa,0.626277383535699,0.7913768909537979
1.0,fixed,3001,4,787025148,node-var,pca,0.7079031663602533,0.8413698154558749
1.0,proportional,101,4,787025148,edges-corr,sfa,0.23741475817621338,0.4872522531258458
1.0,proportional,101,4,787025148,edges-corr,pca,0.07387979269480693,0.2718083749533975
1.0,proportional,101,4,787025148,edges-cov,sfa,0.07118785519111126,0.26681052301420055
1.0,proportional,101,4,787025148,edges-cov,pca,0.08488310182731129,0.29134704705438713
1.0,proportional,101,4,787025148,node-var,sfa,0.08929971424480831,0.2988305778276521
1.0,proportional,101,4,787025148,node-var,pca,0.1277634250153311,0.35744009989833414
1.0,fixed,3001,4,789848216,edges-corr,sfa,0.92663384277343,0.9626182227515905
1.0,fixed,3001,4,789848216,edges-corr,pca,0.958919181057081,0.9792441886766965
1.0,fixed,3001,4,789848216,edges-cov,sfa,0.9380996891205354,0.9685554651750902
1.0,fixed,3001,4,789848216,edges-cov,pca,0.9711135634327568,0.9854509442041026
1.0,fixed,3001,4,789848216,node-var,sfa,0.8712117488243025,0.9333872448369445
1.0,fixed,3001,4,789848216,node-var,pca,0.928453525292823,0.9635629327100658
1.0,proportional,101,4,789848216,edges-corr,sfa,0.17167455094459483,0.41433627761106656
1.0,proportional,101,4,789848216,edges-corr,pca,0.030853368475476928,0.175651269495774
1.0,proportional,101,4,789848216,edges-cov,sfa,0.15632993600924272,0.3953858065348869
1.0,proportional,101,4,789848216,edges-cov,pca,0.058714580636169966,0.24231091728638707
1.0,proportional,101,4,789848216,node-var,sfa,0.153679933490817,0.3920203228033175
1.0,proportional,101,4,789848216,node-var,pca,8.065166753223885e-05,0.008980627346261757
1.0,fixed,3001,4,793224716,edges-corr,sfa,0.8428707147245424,0.918079906502992
1.0,fixed,3001,4,793224716,edges-corr,pca,0.9562087955826323,0.9778592923230996
1.0,fixed,3001,4,793224716,edges-cov,sfa,0.9052190675948562,0.9514300119267085
1.0,fixed,3001,4,793224716,edges-cov,pca,0.9121503509031011,0.955065626490191
1.0,fixed,3001,4,793224716,node-var,sfa,0.9010089661121771,0.9492149209279094
1.0,fixed,3001,4,793224716,node-var,pca,0.8536525544080621,0.9239331980224882
1.0,proportional,101,4,793224716,edges-corr,sfa,0.412666727570142,0.6423914130576016
1.0,proportional,101,4,793224716,edges-corr,pca,0.29769765394096537,0.5456167647176591
1.0,proportional,101,4,793224716,edges-cov,sfa,0.23080411174129611,0.4804207653102604
1.0,proportional,101,4,793224716,edges-cov,pca,0.19279108494737263,0.43907981614664615
1.0,proportional,101,4,793224716,node-var,sfa,0.20769018599742384,0.4557303873974432
1.0,proportional,101,4,793224716,node-var,pca,0.18196469715634012,0.4265732025764626
1.0,fixed,3001,4,794812542,edges-corr,sfa,0.5699496263818558,0.7549500820463929
1.0,fixed,3001,4,794812542,edges-corr,pca,0.6050532139339149,0.7778516657653403
1.0,fixed,3001,4,794812542,edges-cov,sfa,0.9797438305081589,0.9898201000728155
1.0,fixed,3001,4,794812542,edges-cov,pca,0.9640207852804427,0.9818456015486561
1.0,fixed,3001,4,794812542,node-var,sfa,0.9675980243025083,0.9836656059365437
1.0,fixed,3001,4,794812542,node-var,pca,0.9661452491492817,0.9829268788415959
1.0,proportional,101,4,794812542,edges-corr,sfa,0.22012545328996946,0.46917529057908536
1.0,proportional,101,4,794812542,edges-corr,pca,0.30098844761746124,0.5486241405711755
1.0,proportional,101,4,794812542,edges-cov,sfa,0.5464309493732901,0.7392096788958393
1.0,proportional,101,4,794812542,edges-cov,pca,0.40133733938354055,0.6335119094251819
1.0,proportional,101,4,794812542,node-var,sfa,0.4581192125547129,0.6768450432371597
1.0,proportional,101,4,794812542,node-var,pca,0.45950598920717856,0.6778687108925876
1.0,fixed,3001,4,816200189,edges-corr,sfa,0.039478723442125996,0.19869253494312794
1.0,fixed,3001,4,816200189,edges-corr,pca,0.027919727443815212,0.16709197300832643
1.0,fixed,3001,4,816200189,edges-cov,sfa,0.17645365047937944,0.4200638647627043
1.0,fixed,3001,4,816200189,edges-cov,pca,0.30062886377363585,0.5482963284334812
1.0,fixed,3001,4,816200189,node-var,sfa,0.2786602721816088,0.5278828205024376
1.0,fixed,3001,4,816200189,node-var,pca,0.34670060330251407,0.5888128763049548
1.0,proportional,101,4,816200189,edges-corr,sfa,0.032371737746085816,0.17992147661156446
1.0,proportional,101,4,816200189,edges-corr,pca,0.0983562819713526,0.3136180510929699
1.0,proportional,101,4,816200189,edges-cov,sfa,0.21549768729698038,0.46421728457370054
1.0,proportional,101,4,816200189,edges-cov,pca,0.23210642589045705,0.4817742478489868
1.0,proportional,101,4,816200189,node-var,sfa,0.24083940791371516,0.4907539178791289
1.0,proportional,101,4,816200189,node-var,pca,0.24755075296427942,0.4975447245869253
1.0,fixed,3001,4,829720705,edges-corr,sfa,0.9218197194666983,0.9601144304022817
1.0,fixed,3001,4,829720705,edges-corr,pca,0.9143092419631614,0.9561951903053908
1.0,fixed,3001,4,829720705,edges-cov,sfa,0.8303629866233674,0.9112425509288776
1.0,fixed,3001,4,829720705,edges-cov,pca,0.8065629628349069,0.8980885050121213
1.0,fixed,3001,4,829720705,node-var,sfa,0.7896728611390956,0.8886353926887539
1.0,fixed,3001,4,829720705,node-var,pca,0.7635685454563578,0.8738240929708665
1.0,proportional,101,4,829720705,edges-corr,sfa,0.19295247190921394,0.43926355631808794
1.0,proportional,101,4,829720705,edges-corr,pca,0.23106351689235805,0.4806906665334348
1.0,proportional,101,4,829720705,edges-cov,sfa,0.0872716466620379,0.29541774940249943
1.0,proportional,101,4,829720705,edges-cov,pca,0.09496746772451437,0.3081679213099807
1.0,proportional,101,4,829720705,node-var,sfa,0.08744712720891801,0.2957146043213252
1.0,proportional,101,4,829720705,node-var,pca,0.0758429073598409,0.27539591020899473
1.0,fixed,3001,4,831882777,edges-corr,sfa,0.889944759622915,0.943368835410051
1.0,fixed,3001,4,831882777,edges-corr,pca,0.5920032930520704,0.7694175024341926
1.0,fixed,3001,4,831882777,edges-cov,sfa,0.8876615842938489,0.9421579402063379
1.0,fixed,3001,4,831882777,edges-cov,pca,0.7642715580573517,0.8742262625072255
1.0,fixed,3001,4,831882777,node-var,sfa,0.8204623257626888,0.9057937545394579
1.0,fixed,3001,4,831882777,node-var,pca,0.8296457569734665,0.9108489210475391
1.0,proportional,101,4,831882777,edges-corr,sfa,0.016348221734597712,0.12786016476838238
1.0,proportional,101,4,831882777,edges-corr,pca,0.0006199404913943551,0.0248986042057458
1.0,proportional,101,4,831882777,edges-cov,sfa,0.03557978317741595,0.18862604056019452
1.0,proportional,101,4,831882777,edges-cov,pca,0.0008621967785850115,0.029363187473179578
1.0,proportional,101,4,831882777,node-var,sfa,0.03499950640652605,0.18708155014999805
1.0,proportional,101,4,831882777,node-var,pca,0.03462880989471229,0.18608817774031844
1.0,fixed,3001,4,835479236,edges-corr,sfa,0.28097494476934093,0.5300706978973095
1.0,fixed,3001,4,835479236,edges-corr,pca,0.2732376616632137,0.5227213996606738
1.0,fixed,3001,4,835479236,edges-cov,sfa,0.27233235679906787,0.5218547276772223
1.0,fixed,3001,4,835479236,edges-cov,pca,0.2665102361185826,0.5162462940482796
1.0,fixed,3001,4,835479236,node-var,sfa,0.26973967945936184,0.5193646883061668
1.0,fixed,3001,4,835479236,node-var,pca,0.27467649014478823,0.5240958787710395
1.0,proportional,101,4,835479236,edges-corr,sfa,0.0013214391459425157,0.036351604447977796
1.0,proportional,101,4,835479236,edges-corr,pca,0.0021984933584391353,0.046888093994518584
1.0,proportional,101,4,835479236,edges-cov,sfa,0.00012412061285216325,0.011140943086289403
1.0,proportional,101,4,835479236,edges-cov,pca,0.00010539779228146973,0.010266342692573954
1.0,proportional,101,4,835479236,node-var,sfa,6.406601995723182e-05,0.008004125183748215
1.0,proportional,101,4,835479236,node-var,pca,0.00013459004294236188,0.01160129488213897
1.0,fixed,3001,4,839068429,edges-corr,sfa,0.8869796871333571,0.9417959901875553
1.0,fixed,3001,4,839068429,edges-corr,pca,0.8353610333737136,0.9139808714484752
1.0,fixed,3001,4,839068429,edges-cov,sfa,0.8872585848588005,0.9419440455031296
1.0,fixed,3001,4,839068429,edges-cov,pca,0.08057698568723459,0.2838608562081684
1.0,fixed,3001,4,839068429,node-var,sfa,0.5193938198826047,0.7206898222415831
1.0,fixed,3001,4,839068429,node-var,pca,0.338200995300463,0.5815505096726021
1.0,proportional,101,4,839068429,edges-corr,sfa,0.04633776412376889,0.21526208241064845
1.0,proportional,101,4,839068429,edges-corr,pca,0.03460506248766193,0.18602435993079475
1.0,proportional,101,4,839068429,edges-cov,sfa,0.06911198436358656,0.26289158290745374
1.0,proportional,101,4,839068429,edges-cov,pca,0.08920544544377162,0.2986728066693912
1.0,proportional,101,4,839068429,node-var,sfa,0.008011381886521396,0.0895063231650229
1.0,proportional,101,4,839068429,node-var,pca,0.020011563943897248,0.14146223504489613
1.0,fixed,3001,4,847657808,edges-corr,sfa,0.44692284892854606,0.6685228858674518
1.0,fixed,3001,4,847657808,edges-corr,pca,0.250552139281483,0.5005518347598806
1.0,fixed,3001,4,847657808,edges-cov,sfa,0.4530249643784059,0.6730712921960091
1.0,fixed,3001,4,847657808,edges-cov,pca,0.05404021560627703,0.23246551487538303
1.0,fixed,3001,4,847657808,node-var,sfa,0.48172030595212023,0.6940607365008629
1.0,fixed,3001,4,847657808,node-var,pca,0.44658844520440777,0.6682727326506803
1.0,proportional,101,4,847657808,edges-corr,sfa,0.13847313718532117,0.3721197887580304
1.0,proportional,101,4,847657808,edges-corr,pca,0.12065441614466621,0.3473534455632563
1.0,proportional,101,4,847657808,edges-cov,sfa,0.1408248218538598,0.37526633455968267
1.0,proportional,101,4,847657808,edges-cov,pca,0.1388695546590627,0.372652055755852
1.0,proportional,101,4,847657808,node-var,sfa,0.09366047649775455,0.3060399916640871
1.0,proportional,101,4,847657808,node-var,pca,0.11930544922257347,0.345406209009875
0.5,fixed,3001,0,766640955,edges-corr,sfa,0.7792091887389937,0.8827282643820767
0.5,fixed,3001,0,766640955,edges-corr,pca,0.10189054785473528,0.3192029884802702
0.5,fixed,3001,0,766640955,edges-cov,sfa,0.6957618532304006,0.8341234040778382
0.5,fixed,3001,0,766640955,edges-cov,pca,0.07912043121794343,0.28128354238729214
0.5,fixed,3001,0,766640955,node-var,sfa,0.24974149843113613,0.4997414315735051
0.5,fixed,3001,0,766640955,node-var,pca,0.07843400631807529,0.2800607189844289
0.5,proportional,51,0,766640955,edges-corr,sfa,0.0036473301513706424,0.06039313000143739
0.5,proportional,51,0,766640955,edges-corr,pca,0.0025136825989485745,0.05013663928653913
0.5,proportional,51,0,766640955,edges-cov,sfa,0.06841306013508464,0.2615589037579958
0.5,proportional,51,0,766640955,edges-cov,pca,0.051293336575691906,0.22648032271191207
0.5,proportional,51,0,766640955,node-var,sfa,0.09870034661386018,0.31416611308965203
0.5,proportional,51,0,766640955,node-var,pca,0.0935621887114193,0.3058793695420126
0.5,fixed,3001,0,767871931,edges-corr,sfa,0.2781852682302268,0.5274327144103091
0.5,fixed,3001,0,767871931,edges-corr,pca,0.1402438705762844,0.37449148264851667
0.5,fixed,3001,0,767871931,edges-cov,sfa,0.362794458008288,0.6023242133670936
0.5,fixed,3001,0,767871931,edges-cov,pca,0.36488914911144577,0.6040605508650981
0.5,fixed,3001,0,767871931,node-var,sfa,0.5585231227287197,0.7473440457571865
0.5,fixed,3001,0,767871931,node-var,pca,0.4898817373118629,0.6999155215537537
0.5,proportional,51,0,767871931,edges-corr,sfa,0.012655477553445427,0.112496566851818
0.5,proportional,51,0,767871931,edges-corr,pca,0.0016161646639493155,0.040201550516731674
0.5,proportional,51,0,767871931,edges-cov,sfa,0.0634990923139378,0.2519902623395158
0.5,proportional,51,0,767871931,edges-cov,pca,7.721783225167478e-06,0.0027788096777861975
0.5,proportional,51,0,767871931,node-var,sfa,0.011192480555608397,0.10579452044226419
0.5,proportional,51,0,767871931,node-var,pca,0.0010038830376541963,0.03168411333230493
0.5,fixed,3001,0,771160300,edges-corr,sfa,0.8406352268146999,0.9168616181380373
0.5,fixed,3001,0,771160300,edges-corr,pca,0.6146498284728947,0.7839960640672213
0.5,fixed,3001,0,771160300,edges-cov,sfa,0.9032759668304239,0.9504083158466281
0.5,fixed,3001,0,771160300,edges-cov,pca,0.8107122304003146,0.9003955966131303
0.5,fixed,3001,0,771160300,node-var,sfa,0.902249919206697,0.9498683694105708
0.5,fixed,3001,0,771160300,node-var,pca,0.8272010520026618,0.909505938409784
0.5,proportional,51,0,771160300,edges-corr,sfa,0.08534782716269695,0.2921435043992882
0.5,proportional,51,0,771160300,edges-corr,pca,0.07583047502099427,0.27537333752742693
0.5,proportional,51,0,771160300,edges-cov,sfa,0.21916318882762842,0.4681486823944165
0.5,proportional,51,0,771160300,edges-cov,pca,0.19658085768095823,0.44337439899137
0.5,proportional,51,0,771160300,node-var,sfa,0.2364027879725643,0.48621269828395497
0.5,proportional,51,0,771160300,node-var,pca,0.21077154408264076,0.4590986213033543
0.5,fixed,3001,0,771990200,edges-corr,sfa,0.9069495216840938,0.952338974149485
0.5,fixed,3001,0,771990200,edges-corr,pca,0.822500337092679,0.9069180432060434
0.5,fixed,3001,0,771990200,edges-cov,sfa,0.9180748911836746,0.9581622467952254
0.5,fixed,3001,0,771990200,edges-cov,pca,0.8530468637454921,0.9236053614750688
0.5,fixed,3001,0,771990200,node-var,sfa,0.9111305034302045,0.954531562301742
0.5,fixed,3001,0,771990200,node-var,pca,0.848216873732922,0.9209869020420007
0.5,proportional,51,0,771990200,edges-corr,sfa,0.00016649507827770638,0.012903297186282265
0.5,proportional,51,0,771990200,edges-corr,pca,0.004760547618122057,0.06899672179257478
0.5,proportional,51,0,771990200,edges-cov,sfa,0.03552595901654654,0.1884833123025656
0.5,proportional,51,0,771990200,edges-cov,pca,0.04256471766445957,0.20631218496361137
0.5,proportional,51,0,771990200,node-var,sfa,0.050416680660626434,0.22453659091699602
0.5,proportional,51,0,771990200,node-var,pca,0.046999528911529476,0.21679374739952556
0.5,fixed,3001,0,774875821,edges-corr,sfa,0.872106796044711,0.9338665836428192
0.5,fixed,3001,0,774875821,edges-corr,pca,0.5165439923745914,0.7187099501012848
0.5,fixed,3001,0,774875821,edges-cov,sfa,0.7949972824051755,0.8916262010535443
0.5,fixed,3001,0,774875821,edges-cov,pca,0.41581971558842246,0.6448408451613641
0.5,fixed,3001,0,774875821,node-var,sfa,0.7268363916523439,0.8525470026059226
0.5,fixed,3001,0,774875821,node-var,pca,0.47301395658045664,0.6877601010384772
0.5,proportional,51,0,774875821,edges-corr,sfa,0.004345675861549658,0.06592174043173964
0.5,proportional,51,0,774875821,edges-corr,pca,0.0018898412814840615,0.04347230476388727
0.5,proportional,51,0,774875821,edges-cov,sfa,0.003987193253853105,0.06314422581561349
0.5,proportional,51,0,774875821,edges-cov,pca,0.001346931471702062,0.03670056500521546
0.5,proportional,51,0,774875821,node-var,sfa,0.004036754557826927,0.06353545905891457
0.5,proportional,51,0,774875821,node-var,pca,0.009019588136623624,0.09497151223721713
0.5,fixed,3001,0,778240327,edges-corr,sfa,0.9791120461677482,0.9895009076134028
0.5,fixed,3001,0,778240327,edges-corr,pca,0.5793888253424171,0.7611759490041821
0.5,fixed,3001,0,778240327,edges-cov,sfa,0.9699555992555235,0.9848632388588393
0.5,fixed,3001,0,778240327,edges-cov,pca,0.36258110045585157,0.6021470754357704
0.5,fixed,3001,0,778240327,node-var,sfa,0.9644429050672074,0.9820605404287495
0.5,fixed,3001,0,778240327,node-var,pca,0.8216519208386314,0.9064501755963374
0.5,proportional,51,0,778240327,edges-corr,sfa,0.018660120847589057,0.1366020528674037
0.5,proportional,51,0,778240327,edges-corr,pca,0.01431988534757922,0.11966572336128295
0.5,proportional,51,0,778240327,edges-cov,sfa,0.024455134280642277,0.15638137446845185
0.5,proportional,51,0,778240327,edges-cov,pca,0.0009943553104756475,0.03153339991937998
0.5,proportional,51,0,778240327,node-var,sfa,0.002774049612901952,0.05266924731664399
0.5,proportional,51,0,778240327,node-var,pca,0.0005006076267500825,0.02237426259679007
0.5,fixed,3001,0,778998620,edges-corr,sfa,0.4887219479090429,0.6990865096030985
0.5,fixed,3001,0,778998620,edges-corr,pca,0.5351524608603373,0.7315411545910028
0.5,fixed,3001,0,778998620,edges-cov,sfa,0.6134028086271484,0.7832003630152047
0.5,fixed,3001,0,778998620,edges-cov,pca,0.682717547180475,0.8262672371457525
0.5,fixed,3001,0,778998620,node-var,sfa,0.6688905785199848,0.8178573093883704
0.5,fixed,3001,0,778998620,node-var,pca,0.716853585635898,0.8466720649908666
0.5,proportional,51,0,778998620,edges-corr,sfa,0.07960629666334496,0.2821458783383959
0.5,proportional,51,0,778998620,edges-corr,pca,0.12991836052158345,0.3604418961796524
0.5,proportional,51,0,778998620,edges-cov,sfa,0.05199483318250886,0.22802375574160874
0.5,proportional,51,0,778998620,edges-cov,pca,0.07609349523779885,0.2758504943584457
0.5,proportional,51,0,778998620,node-var,sfa,0.08369072607013717,0.2892934946903182
0.5,proportional,51,0,778998620,node-var,pca,0.10300500145366598,0.32094392259967464
0.5,fixed,3001,0,779839471,edges-corr,sfa,0.8673415424182485,0.931311732138197
0.5,fixed,3001,0,779839471,edges-corr,pca,0.9230946657049851,0.9607781563425477
0.5,fixed,3001,0,779839471,edges-cov,sfa,0.8854376627788906,0.9409769725019259
0.5,fixed,3001,0,779839471,edges-cov,pca,0.6888364883654307,0.8299617390973096
0.5,fixed,3001,0,779839471,node-var,sfa,0.9245231977927822,0.9615212934682112
0.5,fixed,3001,0,779839471,node-var,pca,0.8090104817642373,0.8994500996521356
0.5,proportional,51,0,779839471,edges-corr,sfa,0.013163760005266423,0.1147334301991639
0.5,proportional,51,0,779839471,edges-corr,pca,0.009179945887013652,0.09581203414505796
0.5,proportional,51,0,779839471,edges-cov,sfa,0.11002643668606649,0.3317023314450269
0.5,proportional,51,0,779839471,edges-cov,pca,0.09546085364005918,0.30896739899228726
0.5,proportional,51,0,779839471,node-var,sfa,0.11755786391246847,0.3428671228223384
0.5,proportional,51,0,779839471,node-var,pca,0.10318047663689744,0.32121717985951087
0.5,fixed,3001,0,781842082,edges-corr,sfa,0.9177135915352387,0.9579736904191255
0.5,fixed,3001,0,781842082,edges-corr,pca,0.8249594982370597,0.9082728104688916
0.5,fixed,3001,0,781842082,edges-cov,sfa,0.9045158734896341,0.9510603942387852
0.5,fixed,3001,0,781842082,edges-cov,pca,0.603847638432554,0.7770763401574864
0.5,fixed,3001,0,781842082,node-var,sfa,0.9016886642212375,0.949572885154814
0.5,fixed,3001,0,781842082,node-var,pca,0.7072220061485779,0.8409649256351763
0.5,proportional,51,0,781842082,edges-corr,sfa,0.043050259826136195,0.20748556534404075
0.5,proportional,51,0,781842082,edges-corr,pca,0.022904225932053435,0.15134142173262893
0.5,proportional,51,0,781842082,edges-cov,sfa,0.08003976936013335,0.28291300670017544
0.5,proportional,51,0,781842082,edges-cov,pca,0.05537642706512069,0.23532196468906302
0.5,proportional,51,0,781842082,node-var,sfa,0.0599837378684287,0.24491577709169457
0.5,proportional,51,0,781842082,node-var,pca,0.057627785617787475,0.24005787972442735
0.5,fixed,3001,0,786091066,edges-corr,sfa,0.9645538436547483,0.9821170213649436
0.5,fixed,3001,0,786091066,edges-corr,pca,0.9029260361070914,0.950224203073723
0.5,fixed,3001,0,786091066,edges-cov,sfa,0.9649311816858567,0.9823091069952763
0.5,fixed,3001,0,786091066,edges-cov,pca,0.8430663276139584,0.9181864340176012
0.5,fixed,3001,0,786091066,node-var,sfa,0.6372636801645303,0.7982879681947675
0.5,fixed,3001,0,786091066,node-var,pca,0.4456811719665793,0.6675935679487777
0.5,proportional,51,0,786091066,edges-corr,sfa,0.0005042400918668921,0.022455290954845664
0.5,proportional,51,0,786091066,edges-corr,pca,0.0006679720962042834,0.025845156145868364
0.5,proportional,51,0,786091066,edges-cov,sfa,9.644146703602363e-05,0.009820461650856677
0.5,proportional,51,0,786091066,edges-cov,pca,0.010434148741728877,0.10214768103940916
0.5,proportional,51,0,786091066,node-var,sfa,0.04998268235834602,0.2235680709724579
0.5,proportional,51,0,786091066,node-var,pca,0.04102022559759033,0.20253450470867992
0.5,fixed,3001,0,787025148,edges-corr,sfa,0.4818632978721398,0.6941637399577566
0.5,fixed,3001,0,787025148,edges-corr,pca,0.6390481325921336,0.7994048615014379
0.5,fixed,3001,0,787025148,edges-cov,sfa,0.43119949609267527,0.6566578226844443
0.5,fixed,3001,0,787025148,edges-cov,pca,0.4836914195911495,0.6954792733009011
0.5,fixed,3001,0,787025148,node-var,sfa,0.2519554985271293,0.5019516894354767
0.5,fixed,3001,0,787025148,node-var,pca,0.2985642264402889,0.5464103096028559
0.5,proportional,51,0,787025148,edges-corr,sfa,0.06980514196325915,0.26420662740222667
0.5,proportional,51,0,787025148,edges-corr,pca,0.00012261867335783272,0.011073331628632926
0.5,proportional,51,0,787025148,edges-cov,sfa,0.08880173398941338,0.29799619794455984
0.5,proportional,51,0,787025148,edges-cov,pca,0.06138862681070956,0.24776728357616024
0.5,proportional,51,0,787025148,node-var,sfa,0.044749004151046434,0.2115396042140723
0.5,proportional,51,0,787025148,node-var,pca,0.0809035850831562,0.2844355552373087
0.5,fixed,3001,0,789848216,edges-corr,sfa,0.7618533714875355,0.8728421228879456
0.5,fixed,3001,0,789848216,edges-corr,pca,0.5927853621693506,0.7699255562516097
0.5,fixed,3001,0,789848216,edges-cov,sfa,0.802523425451567,0.8958367180751005
0.5,fixed,3001,0,789848216,edges-cov,pca,0.8195389117338667,0.9052838846096107
0.5,fixed,3001,0,789848216,node-var,sfa,0.8755609940272342,0.9357141625663438
0.5,fixed,3001,0,789848216,node-var,pca,0.7610432793311434,0.8723779452342567
0.5,proportional,51,0,789848216,edges-corr,sfa,0.048340026913894385,0.21986365528184615
0.5,proportional,51,0,789848216,edges-corr,pca,0.013553362665666424,0.11641891025802688
0.5,proportional,51,0,789848216,edges-cov,sfa,0.04446955669808195,0.21087806120619082
0.5,proportional,51,0,789848216,edges-cov,pca,0.054144023746867886,0.23268868418311134
0.5,proportional,51,0,789848216,node-var,sfa,0.04932928622273791,0.22210197257732306
0.5,proportional,51,0,789848216,node-var,pca,0.06163732670365285,0.24826865831927514
0.5,fixed,3001,0,793224716,edges-corr,sfa,0.9800025854323039,0.9899507995008153
0.5,fixed,3001,0,793224716,edges-corr,pca,0.925123222431236,0.9618332612419037
0.5,fixed,3001,0,793224716,edges-cov,sfa,0.990132513803845,0.9950540255703931
0.5,fixed,3001,0,793224716,edges-cov,pca,0.9800598454759462,0.9899797197296246
0.5,fixed,3001,0,793224716,node-var,sfa,0.987076224110507,0.9935170980463833
0.5,fixed,3001,0,793224716,node-var,pca,0.9898109097046948,0.9948924111202653
0.5,proportional,51,0,793224716,edges-corr,sfa,0.09903982901754704,0.3147059405501385
0.5,proportional,51,0,793224716,edges-corr,pca,0.1632125035116302,0.40399567263973285
0.5,proportional,51,0,793224716,edges-cov,sfa,0.5739725088415651,0.7576097338614162
0.5,proportional,51,0,793224716,edges-cov,pca,0.34520632679536833,0.5875426170035398
0.5,proportional,51,0,793224716,node-var,sfa,0.5765055346896668,0.7592796156157936
0.5,proportional,51,0,793224716,node-var,pca,0.5607327206034841,0.7488208868637977
0.5,fixed,3001,0,794812542,edges-corr,sfa,0.6926777146504862,0.8322726203897893
0.5,fixed,3001,0,794812542,edges-corr,pca,0.6675755968721965,0.8170529951430301
0.5,fixed,3001,0,794812542,edges-cov,sfa,0.5759089459864384,0.7588866489710032
0.5,fixed,3001,0,794812542,edges-cov,pca,0.403065896527935,0.6348747093151018
0.5,fixed,3001,0,794812542,node-var,sfa,0.49058206524131664,0.7004156374905665
0.5,fixed,3001,0,794812542,node-var,pca,0.384276599038898,0.6199004751078177
0.5,proportional,51,0,794812542,edges-corr,sfa,0.04492952037409337,0.21196584718792158
0.5,proportional,51,0,794812542,edges-corr,pca,0.023576228436584468,0.15354552561564397
0.5,proportional,51,0,794812542,edges-cov,sfa,0.00028021760529661766,0.016739701469758617
0.5,proportional,51,0,794812542,edges-cov,pca,0.0001944630388516222,0.013945000496642768
0.5,proportional,51,0,794812542,node-var,sfa,0.00336926966185791,0.05804541034274548
0.5,proportional,51,0,794812542,node-var,pca,0.003686227132244646,0.060714307475623
0.5,fixed,3001,0,816200189,edges-corr,sfa,0.9619409662612344,0.9807858921605848
0.5,fixed,3001,0,816200189,edges-corr,pca,0.7138017580481588,0.8448678938438593
0.5,fixed,3001,0,816200189,edges-cov,sfa,0.9378851446521657,0.9684447039723878
0.5,fixed,3001,0,816200189,edges-cov,pca,0.9145442568372013,0.956318073047457
0.5,fixed,3001,0,816200189,node-var,sfa,0.9349458564539761,0.9669259829242235
0.5,fixed,3001,0,816200189,node-var,pca,0.8800644135845758,0.9381174838923831
0.5,proportional,51,0,816200189,edges-corr,sfa,0.15405203100152698,0.3924946254428547
0.5,proportional,51,0,816200189,edges-corr,pca,0.14877343520025266,0.3857115958851285
0.5,proportional,51,0,816200189,edges-cov,sfa,0.215102427182302,0.4637913616943525
0.5,proportional,51,0,816200189,edges-cov,pca,0.19392304057228316,0.4403669385549772
0.5,proportional,51,0,816200189,node-var,sfa,0.14484936958045447,0.38059081646888765
0.5,proportional,51,0,816200189,node-var,pca,0.1395320423502392,0.3735398805351835
0.5,fixed,3001,0,829720705,edges-corr,sfa,0.8951372711182296,0.9461169436799178
0.5,fixed,3001,0,829720705,edges-corr,pca,0.8305123756365871,0.9113245171927433
0.5,fixed,3001,0,829720705,edges-cov,sfa,0.9285724729280219,0.9636246535493066
0.5,fixed,3001,0,829720705,edges-cov,pca,0.8342179311911899,0.9133553148644779
0.5,fixed,3001,0,829720705,node-var,sfa,0.9244848823923486,0.9615013688978024
0.5,fixed,3001,0,829720705,node-var,pca,0.8552168001902696,0.9247793251312818
0.5,proportional,51,0,829720705,edges-corr,sfa,0.01058031372186552,0.1028606519611143
0.5,proportional,51,0,829720705,edges-corr,pca,0.026023794449700155,0.16131892154890007
0.5,proportional,51,0,829720705,edges-cov,sfa,0.0006839973121296472,0.026153342274546364
0.5,proportional,51,0,829720705,edges-cov,pca,0.03773596620890107,0.1942574740103994
0.5,proportional,51,0,829720705,node-var,sfa,0.017250092081446233,0.13133960591324356
0.5,proportional,51,0,829720705,node-var,pca,0.030175570243886396,0.17371116902457995
0.5,fixed,3001,0,831882777,edges-corr,sfa,0.22902562820651196,0.47856622133881427
0.5,fixed,3001,0,831882777,edges-corr,pca,0.358240225735176,0.5985317249195526
0.5,fixed,3001,0,831882777,edges-cov,sfa,0.27979926109476694,0.5289605477677574
0.5,fixed,3001,0,831882777,edges-cov,pca,0.11171587681467376,0.33423925085883194
0.5,fixed,3001,0,831882777,node-var,sfa,0.6417730111653086,0.8011073655667559
0.5,fixed,3001,0,831882777,node-var,pca,0.6287447003494262,0.7929342345676755
0.5,proportional,51,0,831882777,edges-corr,sfa,0.021893152395862536,0.1479633481503539
0.5,proportional,51,0,831882777,edges-corr,pca,0.023150330546030884,0.1521523267848082
0.5,proportional,51,0,831882777,edges-cov,sfa,0.08052004502731669,0.28376054170253645
0.5,proportional,51,0,831882777,edges-cov,pca,0.045080444566950595,0.21232155935502833
0.5,proportional,51,0,831882777,node-var,sfa,0.09978700841181687,0.31589081723250045
0.5,proportional,51,0,831882777,node-var,pca,0.10512881969912757,0.3242357471025174
0.5,fixed,3001,0,835479236,edges-corr,sfa,0.9278405469794269,0.9632448011691664
0.5,fixed,3001,0,835479236,edges-corr,pca,0.940171956454671,0.9696246471984254
0.5,fixed,3001,0,835479236,edges-cov,sfa,0.90672295954593,0.9522200163543771
0.5,fixed,3001,0,835479236,edges-cov,pca,0.9125281012436925,0.9552633674771018
0.5,fixed,3001,0,835479236,node-var,sfa,0.6896835281260195,0.8304718707614481
0.5,fixed,3001,0,835479236,node-var,pca,0.7273446414331616,0.8528450277941247
0.5,proportional,51,0,835479236,edges-corr,sfa,0.03936843174312821,0.19841479718793187
0.5,proportional,51,0,835479236,edges-corr,pca,0.03608719220961765,0.18996629229844336
0.5,proportional,51,0,835479236,edges-cov,sfa,0.005005111759096348,0.07074681448020413
0.5,proportional,51,0,835479236,edges-cov,pca,0.001836386337190965,0.0428530785030781
0.5,proportional,51,0,835479236,node-var,sfa,0.01373388005721976,0.11719163817107293
0.5,proportional,51,0,835479236,node-var,pca,1.0848171130173334e-05,0.003293656194900092
0.5,fixed,3001,0,839068429,edges-corr,sfa,0.9641584164144391,0.9819156870192263
0.5,fixed,3001,0,839068429,edges-corr,pca,0.9668995077340675,0.9833104838930923
0.5,fixed,3001,0,839068429,edges-cov,sfa,0.9616335806662101,0.9806291759203427
0.5,fixed,3001,0,839068429,edges-cov,pca,0.8636001934429948,0.9293009165189685
0.5,fixed,3001,0,839068429,node-var,sfa,0.9150529818404545,0.956584017136213
0.5,fixed,3001,0,839068429,node-var,pca,0.9029603028395861,0.9502422337696773
0.5,proportional,51,0,839068429,edges-corr,sfa,0.206450256962871,0.4543679752831082
0.5,proportional,51,0,839068429,edges-corr,pca,0.07835532619011276,0.27992021397196903
0.5,proportional,51,0,839068429,edges-cov,sfa,0.17591644856553068,0.41942394848831727
0.5,proportional,51,0,839068429,edges-cov,pca,0.2261347202181323,0.47553624490477325
0.5,proportional,51,0,839068429,node-var,sfa,0.143953276733519,0.37941175091649326
0.5,proportional,51,0,839068429,node-var,pca,0.14086751440967116,0.3753232132571486
0.5,fixed,3001,0,847657808,edges-corr,sfa,0.9407579633061041,0.9699267824460276
0.5,fixed,3001,0,847657808,edges-corr,pca,0.8071722823331962,0.8984276722882013
0.5,fixed,3001,0,847657808,edges-cov,sfa,0.9310193775511805,0.9648934539891851
0.5,fixed,3001,0,847657808,edges-cov,pca,0.8336795898253955,0.9130605619702321
0.5,fixed,3001,0,847657808,node-var,sfa,0.9507932875856487,0.9750862975068662
0.5,fixed,3001,0,847657808,node-var,pca,0.9495325970797566,0.9744396323424845
0.5,proportional,51,0,847657808,edges-corr,sfa,0.053040488244992745,0.230305206725755
0.5,proportional,51,0,847657808,edges-corr,pca,0.06096842166319061,0.24691784395460487
0.5,proportional,51,0,847657808,edges-cov,sfa,0.08558935795975242,0.2925565893288891
0.5,proportional,51,0,847657808,edges-cov,pca,0.08116511268666637,0.2848949151646383
0.5,proportional,51,0,847657808,node-var,sfa,0.1792369290549508,0.42336382586960664
0.5,proportional,51,0,847657808,node-var,pca,0.18585960834096116,0.43111437964995
0.5,fixed,3001,1,766640955,edges-corr,sfa,0.9469647589040139,0.9731211429745086
0.5,fixed,3001,1,766640955,edges-corr,pca,0.8577825548200744,0.9261655115691116
0.5,fixed,3001,1,766640955,edges-cov,sfa,0.9346784550248355,0.966787699045057
0.5,fixed,3001,1,766640955,edges-cov,pca,0.8459649844224165,0.9197635481048465
0.5,fixed,3001,1,766640955,node-var,sfa,0.8614869846649766,0.9281632316920212
0.5,fixed,3001,1,766640955,node-var,pca,0.7416980063537708,0.8612189073364396
0.5,proportional,51,1,766640955,edges-corr,sfa,0.002711139553480346,0.052068604297412314
0.5,proportional,51,1,766640955,edges-corr,pca,0.05180109275256939,0.22759853416173295
0.5,proportional,51,1,766640955,edges-cov,sfa,0.046751301068694406,0.2162204917871905
0.5,proportional,51,1,766640955,edges-cov,pca,0.05207402796427374,0.22819734434097558
0.5,proportional,51,1,766640955,node-var,sfa,0.0438733062083313,0.20945955745282044
0.5,proportional,51,1,766640955,node-var,pca,0.06613092638100437,0.25715934045063304
0.5,fixed,3001,1,767871931,edges-corr,sfa,0.032363820156053436,0.17989947236179632
0.5,fixed,3001,1,767871931,edges-corr,pca,0.04438549203295461,0.21067864636206993
0.5,fixed,3001,1,767871931,edges-cov,sfa,0.008793964450391156,0.09377614009112584
0.5,fixed,3001,1,767871931,edges-cov,pca,0.13400629044798318,0.36606869635081113
0.5,fixed,3001,1,767871931,node-var,sfa,0.017926868592968437,0.13389125659641768
0.5,fixed,3001,1,767871931,node-var,pca,0.17876550318759954,0.42280669718867814
0.5,proportional,51,1,767871931,edges-corr,sfa,0.004290025801858444,0.06549828854144578
0.5,proportional,51,1,767871931,edges-corr,pca,0.08316326968113885,0.28838042527387137
0.5,proportional,51,1,767871931,edges-cov,sfa,0.07491304079269034,0.2737024676408496
0.5,proportional,51,1,767871931,edges-cov,pca,0.09202359063665078,0.303353903282372
0.5,proportional,51,1,767871931,node-var,sfa,0.06037407355726676,0.245711362287679
0.5,proportional,51,1,767871931,node-var,pca,0.07310730498327345,0.2703836255827513
0.5,fixed,3001,1,771160300,edges-corr,sfa,0.8835943868610852,0.9399970142830696
0.5,fixed,3001,1,771160300,edges-corr,pca,0.712703322794195,0.8442175802446873
0.5,fixed,3001,1,771160300,edges-cov,sfa,0.8808349362625543,0.9385280689795878
0.5,fixed,3001,1,771160300,edges-cov,pca,0.6655380557863371,0.815805157979733
0.5,fixed,3001,1,771160300,node-var,sfa,0.5820784014585076,0.7629406277414436
0.5,fixed,3001,1,771160300,node-var,pca,0.49124384151598366,0.700887895113037
0.5,proportional,51,1,771160300,edges-corr,sfa,0.00047719319856553977,0.021844752197393135
0.5,proportional,51,1,771160300,edges-corr,pca,0.03235341544154113,0.17987055190203008
0.5,proportional,51,1,771160300,edges-cov,sfa,0.014242519196448256,0.11934202611171063
0.5,proportional,51,1,771160300,edges-cov,pca,0.034075117701822255,0.18459446823191075
0.5,proportional,51,1,771160300,node-var,sfa,0.0033260344882189985,0.05767178242623552
0.5,proportional,51,1,771160300,node-var,pca,0.007338664832949315,0.08566600745306768
0.5,fixed,3001,1,771990200,edges-corr,sfa,0.4342939836980524,0.6590098509871097
0.5,fixed,3001,1,771990200,edges-corr,pca,0.1366709144121271,0.36969029526365277
0.5,fixed,3001,1,771990200,edges-cov,sfa,0.29505117381186696,0.5431861318294742
0.5,fixed,3001,1,771990200,edges-cov,pca,0.1333067024811001,0.3651119040528534
0.5,fixed,3001,1,771990200,node-var,sfa,0.21584930698445293,0.4645958533870624
0.5,fixed,3001,1,771990200,node-var,pca,0.2067740134457552,0.45472410695470616
0.5,proportional,51,1,771990200,edges-corr,sfa,0.344537286588955,0.5869729862514584
0.5,proportional,51,1,771990200,edges-corr,pca,0.18760543350268866,0.43313442890480175
0.5,proportional,51,1,771990200,edges-cov,sfa,0.16402897258114424,0.40500490439147074
0.5,proportional,51,1,771990200,edges-cov,pca,0.14412533713422204,0.3796384294749704
0.5,proportional,51,1,771990200,node-var,sfa,0.15961087044183275,0.39951329194637913
0.5,proportional,51,1,771990200,node-var,pca,0.13322669307690926,0.365002319276069
0.5,fixed,3001,1,774875821,edges-corr,sfa,0.9594121506407215,0.979495865555706
0.5,fixed,3001,1,774875821,edges-corr,pca,0.8968674703284667,0.947030870842375
0.5,fixed,3001,1,774875821,edges-cov,sfa,0.9500366216245449,0.9746982207968501
0.5,fixed,3001,1,774875821,edges-cov,pca,0.8910050738942019,0.9439306509983674
0.5,fixed,3001,1,774875821,node-var,sfa,0.828778162979627,0.9103725407653873
0.5,fixed,3001,1,774875821,node-var,pca,0.7520341132741407,0.8671990044240948
0.5,proportional,51,1,774875821,edges-corr,sfa,0.0010126075312806293,0.0318214947995942
0.5,proportional,51,1,774875821,edges-corr,pca,0.013492206306810473,0.11615595682878495
0.5,proportional,51,1,774875821,edges-cov,sfa,0.026831068782660394,0.16380191934974514
0.5,proportional,51,1,774875821,edges-cov,pca,0.062156333499630234,0.24931171953927464
0.5,proportional,51,1,774875821,node-var,sfa,0.07298505643079145,0.27015746599120916
0.5,proportional,51,1,774875821,node-var,pca,0.07855202376722126,0.2802713395394208
0.5,fixed,3001,1,778240327,edges-corr,sfa,0.5822625659896679,0.7630613120776522
0.5,fixed,3001,1,778240327,edges-corr,pca,0.668642275445463,0.8177054943226586
0.5,fixed,3001,1,778240327,edges-cov,sfa,0.7481268000017849,0.8649432351326792
0.5,fixed,3001,1,778240327,edges-cov,pca,0.7698867741165021,0.8774319199325392
0.5,fixed,3001,1,778240327,node-var,sfa,0.8732413311041447,0.9344738257993879
0.5,fixed,3001,1,778240327,node-var,pca,0.7820923069555361,0.8843598288906703
0.5,proportional,51,1,778240327,edges-corr,sfa,0.08451720908217497,0.2907184360892425
0.5,proportional,51,1,778240327,edges-corr,pca,0.0022935374962260724,0.0478908915789428
0.5,proportional,51,1,778240327,edges-cov,sfa,0.05542416592507193,0.23542337591044749
0.5,proportional,51,1,778240327,edges-cov,pca,2.6615210855229776e-06,0.001631416895060874
0.5,proportional,51,1,778240327,node-var,sfa,0.028929625881920384,0.1700871126273837
0.5,proportional,51,1,778240327,node-var,pca,0.0002099415937072413,0.01448936139749867
0.5,fixed,3001,1,778998620,edges-corr,sfa,0.8157563388793063,0.903192304484104
0.5,fixed,3001,1,778998620,edges-corr,pca,0.24186629866193687,0.4917990429656579
0.5,fixed,3001,1,778998620,edges-cov,sfa,0.8428011197574592,0.9180420032642619
0.5,fixed,3001,1,778998620,edges-cov,pca,0.570230111856631,0.7551358234494183
0.5,fixed,3001,1,778998620,node-var,sfa,0.8571501887921961,0.9258240593072723
0.5,fixed,3001,1,778998620,node-var,pca,0.6221248415023624,0.7887489090340236
0.5,proportional,51,1,778998620,edges-corr,sfa,0.028903255636846925,0.17000957513283446
0.5,proportional,51,1,778998620,edges-corr,pca,1.32544573694382e-05,0.003640667159943412
0.5,proportional,51,1,778998620,edges-cov,sfa,0.17562588811873026,0.41907742496909844
0.5,proportional,51,1,778998620,edges-cov,pca,0.03863190748585299,0.19655001268342107
0.5,proportional,51,1,778998620,node-var,sfa,0.10355594688161163,0.32180109832256887
0.5,proportional,51,1,778998620,node-var,pca,0.08937782754723833,0.2989612475677044
0.5,fixed,3001,1,779839471,edges-corr,sfa,0.8379144325183109,0.9153766615543086
0.5,fixed,3001,1,779839471,edges-corr,pca,0.5795260147933265,0.7612660604501729
0.5,fixed,3001,1,779839471,edges-cov,sfa,0.9674877348851696,0.9836095439172851
0.5,fixed,3001,1,779839471,edges-cov,pca,0.93958536820995,0.9693221178792684
0.5,fixed,3001,1,779839471,node-var,sfa,0.9613737365285375,0.9804966784892942
0.5,fixed,3001,1,779839471,node-var,pca,0.9615218164562461,0.9805721882942868
0.5,proportional,51,1,779839471,edges-corr,sfa,0.0837061463762443,0.2893201451268891
0.5,proportional,51,1,779839471,edges-corr,pca,0.06247159062762464,0.24994317479704156
0.5,proportional,51,1,779839471,edges-cov,sfa,0.27289464858088874,0.522393193467228
0.5,proportional,51,1,779839471,edges-cov,pca,0.1930364922306721,0.4393591836193618
0.5,proportional,51,1,779839471,node-var,sfa,0.19314046630192616,0.43947749237239253
0.5,proportional,51,1,779839471,node-var,pca,0.22464510424734263,0.47396740842313484
0.5,fixed,3001,1,781842082,edges-corr,sfa,0.7412190678122406,0.8609408038955061
0.5,fixed,3001,1,781842082,edges-corr,pca,0.5346994570912512,0.7312314661523062
0.5,fixed,3001,1,781842082,edges-cov,sfa,0.6137247717763148,0.7834058793347893
0.5,fixed,3001,1,781842082,edges-cov,pca,0.5845372979598706,0.7645503894184283
0.5,fixed,3001,1,781842082,node-var,sfa,0.43976406361408393,0.6631470904815039
0.5,fixed,3001,1,781842082,node-var,pca,0.5215672362129362,0.7221961203253148
0.5,proportional,51,1,781842082,edges-corr,sfa,0.13318207251410952,0.3649411904870556
0.5,proportional,51,1,781842082,edges-corr,pca,0.003796492751245051,0.0616156859188059
0.5,proportional,51,1,781842082,edges-cov,sfa,0.06307396665290732,0.25114530983657135
0.5,proportional,51,1,781842082,edges-cov,pca,0.054269227997290725,0.23295756694576517
0.5,proportional,51,1,781842082,node-var,sfa,0.08316322754394223,0.28838035221551106
0.5,proportional,51,1,781842082,node-var,pca,0.09924583108817364,0.31503306348409466
0.5,fixed,3001,1,786091066,edges-corr,sfa,0.7687446821485484,0.8767808632426625
0.5,fixed,3001,1,786091066,edges-corr,pca,0.4639427776619921,0.6811334506996353
0.5,fixed,3001,1,786091066,edges-cov,sfa,0.8265907432287949,0.909170359849459
0.5,fixed,3001,1,786091066,edges-cov,pca,0.5167789638522673,0.718873399043439
0.5,fixed,3001,1,786091066,node-var,sfa,0.7522521327036462,0.8673246985435422
0.5,fixed,3001,1,786091066,node-var,pca,0.5980767219598964,0.7733542021350219
0.5,proportional,51,1,786091066,edges-corr,sfa,0.028250337089153366,0.16807836591647757
0.5,proportional,51,1,786091066,edges-corr,pca,0.002173075662701751,0.046616259638689796
0.5,proportional,51,1,786091066,edges-cov,sfa,0.03904382409084661,0.19759510138373057
0.5,proportional,51,1,786091066,edges-cov,pca,3.580139760483991e-05,0.00598342691145922
0.5,proportional,51,1,786091066,node-var,sfa,9.207284035195329e-07,0.0009595459361543881
0.5,proportional,51,1,786091066,node-var,pca,0.0013454161725318103,0.03667991511075034
0.5,fixed,3001,1,787025148,edges-corr,sfa,0.9794648737547129,0.9896791771855727
0.5,fixed,3001,1,787025148,edges-corr,pca,0.9389192564842768,0.9689784602788012
0.5,fixed,3001,1,787025148,edges-cov,sfa,0.9619735644725924,0.9808025104334676
0.5,fixed,3001,1,787025148,edges-cov,pca,0.9154971667751727,0.9568161614308007
0.5,fixed,3001,1,787025148,node-var,sfa,0.9036084517578008,0.9505832166400798
0.5,fixed,3001,1,787025148,node-var,pca,0.9061413115958392,0.9519145505747034
0.5,proportional,51,1,787025148,edges-corr,sfa,0.07215114349361962,0.26860964892129185
0.5,proportional,51,1,787025148,edges-corr,pca,0.0069597602706552575,0.08342517767829649
0.5,proportional,51,1,787025148,edges-cov,sfa,0.30200028565286907,0.5495455264606098
0.5,proportional,51,1,787025148,edges-cov,pca,0.04431222415824454,0.2105046891597537
0.5,proportional,51,1,787025148,node-var,sfa,0.16039287466984853,0.4004907922410306
0.5,proportional,51,1,787025148,node-var,pca,0.12151169843037035,0.348585281431059
0.5,fixed,3001,1,789848216,edges-corr,sfa,0.9099139072950106,0.9538940755110131
0.5,fixed,3001,1,789848216,edges-corr,pca,0.9144178683616151,0.9562519899909308
0.5,fixed,3001,1,789848216,edges-cov,sfa,0.8973304318489272,0.9472752672000504
0.5,fixed,3001,1,789848216,edges-cov,pca,0.9432190820117036,0.9711946674131317
0.5,fixed,3001,1,789848216,node-var,sfa,0.9602212636469372,0.9799088037398874
0.5,fixed,3001,1,789848216,node-var,pca,0.880382245413615,0.938286867335153
0.5,proportional,51,1,789848216,edges-corr,sfa,0.18907602565783754,0.43482873140793893
0.5,proportional,51,1,789848216,edges-corr,pca,0.013604323840403998,0.11663757473646265
0.5,proportional,51,1,789848216,edges-cov,sfa,0.08017958500909561,0.2831599989565893
0.5,proportional,51,1,789848216,edges-cov,pca,0.07115347980677944,0.2667460961415919
0.5,proportional,51,1,789848216,node-var,sfa,0.1115594516355638,0.33400516707913924
0.5,proportional,51,1,789848216,node-var,pca,0.059198274079645175,0.24330695444159645
0.5,fixed,3001,1,793224716,edges-corr,sfa,0.31775578707050767,0.5636983121054274
0.5,fixed,3001,1,793224716,edges-corr,pca,0.5371288999740707,0.7328907831144221
0.5,fixed,3001,1,793224716,edges-cov,sfa,0.2064867697789875,0.4544081532928163
0.5,fixed,3001,1,793224716,edges-cov,pca,0.026840170478122594,0.16382969962165836
0.5,fixed,3001,1,793224716,node-var,sfa,0.0454590230933446,0.21321121709081034
0.5,fixed,3001,1,793224716,node-var,pca,0.01992690145518139,0.14116267727406326
0.5,proportional,51,1,793224716,edges-corr,sfa,0.10657802087093571,0.3264628935590318
0.5,proportional,51,1,793224716,edges-corr,pca,0.13474867372970922,0.367081290356386
0.5,proportional,51,1,793224716,edges-cov,sfa,0.13538421393844824,0.36794593888022226
0.5,proportional,51,1,793224716,edges-cov,pca,0.1197664245646709,0.3460728601966222
0.5,proportional,51,1,793224716,node-var,sfa,0.1318251083051759,0.36307727594160427
0.5,proportional,51,1,793224716,node-var,pca,0.13912239755074685,0.372991149426829
0.5,fixed,3001,1,794812542,edges-corr,sfa,0.9650322177042696,0.982360533462267
0.5,fixed,3001,1,794812542,edges-corr,pca,0.9256664680665841,0.9621156209451047
0.5,fixed,3001,1,794812542,edges-cov,sfa,0.9949974309784269,0.997495579428013
0.5,fixed,3001,1,794812542,edges-cov,pca,0.9729391568399597,0.9863767823909682
0.5,fixed,3001,1,794812542,node-var,sfa,0.9883590437591566,0.994162483580605
0.5,fixed,3001,1,794812542,node-var,pca,0.9833206370663093,0.9916252503170285
0.5,proportional,51,1,794812542,edges-corr,sfa,0.06412560871007611,0.2532303471349278
0.5,proportional,51,1,794812542,edges-corr,pca,0.2006628177013111,0.4479540352550819
0.5,proportional,51,1,794812542,edges-cov,sfa,0.38400160314135046,0.6196786289209514
0.5,proportional,51,1,794812542,edges-cov,pca,0.3969378769015507,0.6300300603158159
0.5,proportional,51,1,794812542,node-var,sfa,0.4439582329573727,0.6663019082648439
0.5,proportional,51,1,794812542,node-var,pca,0.43249569980235747,0.6576440525104424
0.5,fixed,3001,1,816200189,edges-corr,sfa,0.9038743470120274,0.9507230653623733
0.5,fixed,3001,1,816200189,edges-corr,pca,0.8116529517323441,0.9009178385026819
0.5,fixed,3001,1,816200189,edges-cov,sfa,0.9003824569533458,0.9488848491536505
0.5,fixed,3001,1,816200189,edges-cov,pca,0.8882611553782421,0.9424760768201188
0.5,fixed,3001,1,816200189,node-var,sfa,0.9065852283836467,0.952147692526557
0.5,fixed,3001,1,816200189,node-var,pca,0.9152314550924647,0.9566772993504473
0.5,proportional,51,1,816200189,edges-corr,sfa,0.06647144192193333,0.2578205614801376
0.5,proportional,51,1,816200189,edges-corr,pca,0.22200368432468154,0.47117266933119284
0.5,proportional,51,1,816200189,edges-cov,sfa,0.09001846938569835,0.3000307807304081
0.5,proportional,51,1,816200189,edges-cov,pca,0.11228616660526292,0.33509128100453894
0.5,proportional,51,1,816200189,node-var,sfa,0.05322316787078596,0.23070146915610643
0.5,proportional,51,1,816200189,node-var,pca,0.06996028471632254,0.26450006562631045
0.5,fixed,3001,1,829720705,edges-corr,sfa,0.616599405105008,0.7852384383771641
0.5,fixed,3001,1,829720705,edges-corr,pca,0.10531623862811323,0.324524634855527
0.5,fixed,3001,1,829720705,edges-cov,sfa,0.6370481181556551,0.7981529415817841
0.5,fixed,3001,1,829720705,edges-cov,pca,0.11847682084822342,0.34420462060847384
0.5,fixed,3001,1,829720705,node-var,sfa,0.6248255461519012,0.7904590730404077
0.5,fixed,3001,1,829720705,node-var,pca,0.11050585246311762,0.33242420559146674
0.5,proportional,51,1,829720705,edges-corr,sfa,0.20850773983786242,0.4566264773727674
0.5,proportional,51,1,829720705,edges-corr,pca,0.20561856623508756,0.4534518345261026
0.5,proportional,51,1,829720705,edges-cov,sfa,0.2263279008053909,0.4757393202221055
0.5,proportional,51,1,829720705,edges-cov,pca,0.22916863961971834,0.4787156145559893
0.5,proportional,51,1,829720705,node-var,sfa,0.2481422438013593,0.49813877966020603
0.5,proportional,51,1,829720705,node-var,pca,0.25665678774518896,0.506613055245509
0.5,fixed,3001,1,831882777,edges-corr,sfa,0.22978418746457263,0.47935809940437085
0.5,fixed,3001,1,831882777,edges-corr,pca,0.15053251889712205,0.387985204482233
0.5,fixed,3001,1,831882777,edges-cov,sfa,0.20925048629672682,0.45743905200225826
0.5,fixed,3001,1,831882777,edges-cov,pca,0.13451461864002356,0.36676234626801796
0.5,fixed,3001,1,831882777,node-var,sfa,0.16065922218184037,0.4008231806942289
0.5,fixed,3001,1,831882777,node-var,pca,0.00014071813426663748,0.011862467461087104
0.5,proportional,51,1,831882777,edges-corr,sfa,0.007935103374427044,0.08907919720353995
0.5,proportional,51,1,831882777,edges-corr,pca,0.013422602367710423,0.11585595525354023
0.5,proportional,51,1,831882777,edges-cov,sfa,0.006852868214226593,0.08278205248860773
0.5,proportional,51,1,831882777,edges-cov,pca,0.021000401877981356,0.14491515406603045
0.5,proportional,51,1,831882777,node-var,sfa,0.004760453607862147,0.06899604052307715
0.5,proportional,51,1,831882777,node-var,pca,0.008166880709237878,0.09037079566562309
0.5,fixed,3001,1,835479236,edges-corr,sfa,0.0370202682110492,0.19240651810957252
0.5,fixed,3001,1,835479236,edges-corr,pca,0.03921152660816751,0.19801900567412067
0.5,fixed,3001,1,835479236,edges-cov,sfa,0.014901291760495483,0.12207084729981768
0.5,fixed,3001,1,835479236,edges-cov,pca,0.00026556180339365465,0.01629606711429162
0.5,fixed,3001,1,835479236,node-var,sfa,0.0003329321030337562,0.01824642713063974
0.5,fixed,3001,1,835479236,node-var,pca,0.026551715388870023,0.16294697109449388
0.5,proportional,51,1,835479236,edges-corr,sfa,0.10001452347976458,0.3162507288209222
0.5,proportional,51,1,835479236,edges-corr,pca,0.06435706349555104,0.2536869399388759
0.5,proportional,51,1,835479236,edges-cov,sfa,0.15929838996934853,0.39912202390916546
0.5,proportional,51,1,835479236,edges-cov,pca,0.15031120978093604,0.38769989654491255
0.5,proportional,51,1,835479236,node-var,sfa,0.15176823297205455,0.3895744254594422
0.5,proportional,51,1,835479236,node-var,pca,0.1656675212727612,0.40702275277035954
0.5,fixed,3001,1,839068429,edges-corr,sfa,0.9463774581579765,0.9728193347985927
0.5,fixed,3001,1,839068429,edges-corr,pca,0.9365890131838699,0.9677752906454419
0.5,fixed,3001,1,839068429,edges-cov,sfa,0.9368353791282145,0.9679025669602359
0.5,fixed,3001,1,839068429,edges-cov,pca,0.8158177930854965,0.9032263243979863
0.5,fixed,3001,1,839068429,node-var,sfa,0.9725960856966319,0.986202862344574
0.5,fixed,3001,1,839068429,node-var,pca,0.9430786131764407,0.9711223471717868
0.5,proportional,51,1,839068429,edges-corr,sfa,0.014236879022471505,0.11931839347925954
0.5,proportional,51,1,839068429,edges-corr,pca,0.00021572786467849436,0.014687677307133096
0.5,proportional,51,1,839068429,edges-cov,sfa,0.08113440532658234,0.28484101763366587
0.5,proportional,51,1,839068429,edges-cov,pca,0.037726884752708356,0.19423409781165665
0.5,proportional,51,1,839068429,node-var,sfa,0.024592653569449507,0.1568204500996264
0.5,proportional,51,1,839068429,node-var,pca,0.05512956178070483,0.23479685215246102
0.5,fixed,3001,1,847657808,edges-corr,sfa,0.15420511622716682,0.3926895927156292
0.5,fixed,3001,1,847657808,edges-corr,pca,0.31096356327769537,0.557641070293155
0.5,fixed,3001,1,847657808,edges-cov,sfa,0.18912710237928365,0.4348874594412715
0.5,fixed,3001,1,847657808,edges-cov,pca,0.2999099905355975,0.5476403843176629
0.5,fixed,3001,1,847657808,node-var,sfa,0.18391324168083034,0.4288510716797035
0.5,fixed,3001,1,847657808,node-var,pca,0.23864843853709394,0.48851656935777926
0.5,proportional,51,1,847657808,edges-corr,sfa,0.162039005211705,0.4025406876474785
0.5,proportional,51,1,847657808,edges-corr,pca,0.17685314260749152,0.4205391094862537
0.5,proportional,51,1,847657808,edges-cov,sfa,8.78555523837754e-05,0.009373129273811912
0.5,proportional,51,1,847657808,edges-cov,pca,0.11828083056902383,0.3439198025252745
0.5,proportional,51,1,847657808,node-var,sfa,0.06453579554959699,0.2540389646286508
0.5,proportional,51,1,847657808,node-var,pca,0.08477365624452016,0.291159159643862
0.5,fixed,3001,2,766640955,edges-corr,sfa,0.5441020479987482,0.7376327324615878
0.5,fixed,3001,2,766640955,edges-corr,pca,0.8146621348888559,0.902586358687553
0.5,fixed,3001,2,766640955,edges-cov,sfa,0.5508106715244088,0.7421662020898077
0.5,fixed,3001,2,766640955,edges-cov,pca,0.005187906962994204,0.07202712657737992
0.5,fixed,3001,2,766640955,node-var,sfa,0.19076913745896096,0.4367712644611146
0.5,fixed,3001,2,766640955,node-var,pca,0.1515435007942766,0.38928588568592676
0.5,proportional,51,2,766640955,edges-corr,sfa,0.0005274913383670476,0.02296717959103976
0.5,proportional,51,2,766640955,edges-corr,pca,0.0006177862777648757,0.024855306833044922
0.5,proportional,51,2,766640955,edges-cov,sfa,0.0003332727303739791,0.018255758827671224
0.5,proportional,51,2,766640955,edges-cov,pca,0.027417889076973956,0.16558348068866613
0.5,proportional,51,2,766640955,node-var,sfa,0.024621540277612763,0.15691252428538907
0.5,proportional,51,2,766640955,node-var,pca,0.025083496930582982,0.15837770338839727
0.5,fixed,3001,2,767871931,edges-corr,sfa,0.9634189255553717,0.9815390596177882
0.5,fixed,3001,2,767871931,edges-corr,pca,0.6555189752142145,0.8096412632852987
0.5,fixed,3001,2,767871931,edges-cov,sfa,0.9545575901628152,0.9770146314988405
0.5,fixed,3001,2,767871931,edges-cov,pca,0.4514568948510128,0.6719054210608908
0.5,fixed,3001,2,767871931,node-var,sfa,0.28569450628601467,0.5345039815436502
0.5,fixed,3001,2,767871931,node-var,pca,0.14994141337723077,0.3872226922292012
0.5,proportional,51,2,767871931,edges-corr,sfa,0.013417917937194934,0.11583573687422581
0.5,proportional,51,2,767871931,edges-corr,pca,0.0018187706673246096,0.04264704758039554
0.5,proportional,51,2,767871931,edges-cov,sfa,0.037615854383459824,0.19394807135792788
0.5,proportional,51,2,767871931,edges-cov,pca,0.015375546991268862,0.12399817333843652
0.5,proportional,51,2,767871931,node-var,sfa,0.006222675622191476,0.07888393766915687
0.5,proportional,51,2,767871931,node-var,pca,0.005098392693907994,0.07140303000509164
0.5,fixed,3001,2,771160300,edges-corr,sfa,0.9668197708856751,0.9832699379548197
0.5,fixed,3001,2,771160300,edges-corr,pca,0.7626367834876329,0.8732907783136342
0.5,fixed,3001,2,771160300,edges-cov,sfa,0.8859956574851026,0.9412734233394153
0.5,fixed,3001,2,771160300,edges-cov,pca,0.9069742581935074,0.9523519613008139
0.5,fixed,3001,2,771160300,node-var,sfa,0.8459657529055858,0.9197639658660179
0.5,fixed,3001,2,771160300,node-var,pca,0.8113651596240643,0.9007581027246241
0.5,proportional,51,2,771160300,edges-corr,sfa,0.00567781023750813,0.07535124575949656
0.5,proportional,51,2,771160300,edges-corr,pca,0.06611381449194731,0.2571260673131904
0.5,proportional,51,2,771160300,edges-cov,sfa,3.9670143906489486e-06,0.001991736526430136
0.5,proportional,51,2,771160300,edges-cov,pca,0.07490323119224662,0.27368454686417093
0.5,proportional,51,2,771160300,node-var,sfa,0.0020259319660825836,0.04501035398752673
0.5,proportional,51,2,771160300,node-var,pca,0.0231854111163301,0.15226756422931959
0.5,fixed,3001,2,771990200,edges-corr,sfa,0.7597146683012785,0.8716161243926583
0.5,fixed,3001,2,771990200,edges-corr,pca,0.8670133394540825,0.9311355107899615
0.5,fixed,3001,2,771990200,edges-cov,sfa,0.696810130773686,0.8347515383476007
0.5,fixed,3001,2,771990200,edges-cov,pca,0.5152377499915377,0.7178006338751295
0.5,fixed,3001,2,771990200,node-var,sfa,0.7285125272659179,0.8535294530746539
0.5,fixed,3001,2,771990200,node-var,pca,0.5192646150102558,0.7206001769429811
0.5,proportional,51,2,771990200,edges-corr,sfa,0.1412569961716642,0.3758417169124047
0.5,proportional,51,2,771990200,edges-corr,pca,0.12905725769392218,0.35924540037963215
0.5,proportional,51,2,771990200,edges-cov,sfa,0.11327639793468014,0.3365655923214377
0.5,proportional,51,2,771990200,edges-cov,pca,0.08769820735226097,0.29613883121310025
0.5,proportional,51,2,771990200,node-var,sfa,0.11730780190293766,0.34250226554424085
0.5,proportional,51,2,771990200,node-var,pca,0.09056705677475563,0.30094361062291336
0.5,fixed,3001,2,774875821,edges-corr,sfa,0.9551880350541622,0.9773372166525545
0.5,fixed,3001,2,774875821,edges-corr,pca,0.7143083889229699,0.8451676691183648
0.5,fixed,3001,2,774875821,edges-cov,sfa,0.8667230616612853,0.9309796247293952
0.5,fixed,3001,2,774875821,edges-cov,pca,0.46913810248497234,0.6849365682199866
0.5,fixed,3001,2,774875821,node-var,sfa,0.7249891846685221,0.8514629672913098
0.5,fixed,3001,2,774875821,node-var,pca,0.3484451506870452,0.5902924281125799
0.5,proportional,51,2,774875821,edges-corr,sfa,0.17698356596196085,0.4206941477629095
0.5,proportional,51,2,774875821,edges-corr,pca,0.005643301593089456,0.07512191153777663
0.5,proportional,51,2,774875821,edges-cov,sfa,0.10082406072875505,0.3175280471529326
0.5,proportional,51,2,774875821,edges-cov,pca,0.027049909684725648,0.16446856746723812
0.5,proportional,51,2,774875821,node-var,sfa,0.13772071806734265,0.37110742119680457
0.5,proportional,51,2,774875821,node-var,pca,0.049432426345477176,0.22233404225506526
0.5,fixed,3001,2,778240327,edges-corr,sfa,0.3960626939556391,0.6293351205483761
0.5,fixed,3001,2,778240327,edges-corr,pca,0.7066918194100417,0.8406496412953743
0.5,fixed,3001,2,778240327,edges-cov,sfa,0.456407138510021,0.6755791134352962
0.5,fixed,3001,2,778240327,edges-cov,pca,0.5809574808598164,0.7622056683466847
0.5,fixed,3001,2,778240327,node-var,sfa,0.5214408489079663,0.722108612957889
0.5,fixed,3001,2,778240327,node-var,pca,0.4872771077014877,0.6980523674492392
0.5,proportional,51,2,778240327,edges-corr,sfa,0.05721006199008083,0.23918624958404444
0.5,proportional,51,2,778240327,edges-corr,pca,0.0510488274064026,0.22593987564483328
0.5,proportional,51,2,778240327,edges-cov,sfa,0.05169392967530295,0.2273629909974421
0.5,proportional,51,2,778240327,edges-cov,pca,0.0927683574143856,0.304578983868529
0.5,proportional,51,2,778240327,node-var,sfa,0.037584785296390866,0.19386795840569132
0.5,proportional,51,2,778240327,node-var,pca,0.047549178365481226,0.21805774089786642
0.5,fixed,3001,2,778998620,edges-corr,sfa,0.04401502752873798,0.20979758704222018
0.5,fixed,3001,2,778998620,edges-corr,pca,0.40458212357983503,0.6360677036132513
0.5,fixed,3001,2,778998620,edges-cov,sfa,0.259133051544149,0.5090511286149447
0.5,fixed,3001,2,778998620,edges-cov,pca,0.21552451432995023,0.4642461785841111
0.5,fixed,3001,2,778998620,node-var,sfa,0.05338546079559392,0.23105293937882287
0.5,fixed,3001,2,778998620,node-var,pca,0.09634577637738984,0.3103961603779752
0.5,proportional,51,2,778998620,edges-corr,sfa,0.0906032362771565,0.3010037147231849
0.5,proportional,51,2,778998620,edges-corr,pca,0.011722768082392254,0.10827173261009616
0.5,proportional,51,2,778998620,edges-cov,sfa,0.11034838945146075,0.33218728068886194
0.5,proportional,51,2,778998620,edges-cov,pca,0.06398852282811796,0.25295952804375244
0.5,proportional,51,2,778998620,node-var,sfa,0.09308446572351248,0.3050974692184654
0.5,proportional,51,2,778998620,node-var,pca,0.037004676989741525,0.19236599748848912
0.5,fixed,3001,2,779839471,edges-corr,sfa,0.9734490336018147,0.9866352079678764
0.5,fixed,3001,2,779839471,edges-corr,pca,0.3312868531575366,0.5755752367480178
0.5,fixed,3001,2,779839471,edges-cov,sfa,0.9664239212740979,0.9830686249057581
0.5,fixed,3001,2,779839471,edges-cov,pca,0.03006158518112767,0.17338277071591587
0.5,fixed,3001,2,779839471,node-var,sfa,0.7555072071405169,0.8691991757592253
0.5,fixed,3001,2,779839471,node-var,pca,0.14286919010150323,0.3779804096795274
0.5,proportional,51,2,779839471,edges-corr,sfa,0.0983101966883071,0.31354456890258386
0.5,proportional,51,2,779839471,edges-corr,pca,0.0011649358582628278,0.034131156708538765
0.5,proportional,51,2,779839471,edges-cov,sfa,0.144161119285649,0.37968555316952624
0.5,proportional,51,2,779839471,edges-cov,pca,0.0030841474804431668,0.055535101336390516
0.5,proportional,51,2,779839471,node-var,sfa,0.01349685740509099,0.11617597602383602
0.5,proportional,51,2,779839471,node-var,pca,0.01243904777344651,0.11153047912318191
0.5,fixed,3001,2,781842082,edges-corr,sfa,0.9184843542155214,0.9583758940079413
0.5,fixed,3001,2,781842082,edges-corr,pca,0.7851542905718882,0.8860893242624515
0.5,fixed,3001,2,781842082,edges-cov,sfa,0.8277248419813537,0.9097938458691358
0.5,fixed,3001,2,781842082,edges-cov,pca,0.891210110728319,0.9440392527476378
0.5,fixed,3001,2,781842082,node-var,sfa,0.9702216552807689,0.9849983021715157
0.5,fixed,3001,2,781842082,node-var,pca,0.9515754366052759,0.9754872816214855
0.5,proportional,51,2,781842082,edges-corr,sfa,0.2428728536274235,0.4928213201835164
0.5,proportional,51,2,781842082,edges-corr,pca,0.19192833667512377,0.43809626416476544
0.5,proportional,51,2,781842082,edges-cov,sfa,0.2546835303866999,0.5046617980258661
0.5,proportional,51,2,781842082,edges-cov,pca,0.2987132669183883,0.5465466740529934
0.5,proportional,51,2,781842082,node-var,sfa,0.4729983078350457,0.6877487243427257
0.5,proportional,51,2,781842082,node-var,pca,0.260475074888895,0.5103675880077957
0.5,fixed,3001,2,786091066,edges-corr,sfa,0.8986320383841839,0.9479620448014697
0.5,fixed,3001,2,786091066,edges-corr,pca,0.09806659758956526,0.31315586788301614
0.5,fixed,3001,2,786091066,edges-cov,sfa,0.8091921778996405,0.8995510979925714
0.5,fixed,3001,2,786091066,edges-cov,pca,0.0609841838295222,0.24694975972760544
0.5,fixed,3001,2,786091066,node-var,sfa,0.3168976681070679,0.5629366466193757
0.5,fixed,3001,2,786091066,node-var,pca,0.1575158082944994,0.3968826127389551
0.5,proportional,51,2,786091066,edges-corr,sfa,0.13682385232787053,0.36989708342709426
0.5,proportional,51,2,786091066,edges-corr,pca,0.049025384770345015,0.22141676713913305
0.5,proportional,51,2,786091066,edges-cov,sfa,0.2731604197732427,0.5226475100612676
0.5,proportional,51,2,786091066,edges-cov,pca,0.0007493309206521026,0.02737390948790992
0.5,proportional,51,2,786091066,node-var,sfa,0.20447148121780145,0.45218522888060114
0.5,proportional,51,2,786091066,node-var,pca,0.07933175741940623,0.28165893811382264
0.5,fixed,3001,2,787025148,edges-corr,sfa,0.9023656840524211,0.9499293047655815
0.5,fixed,3001,2,787025148,edges-corr,pca,0.8104196724486172,0.9002331211684099
0.5,fixed,3001,2,787025148,edges-cov,sfa,0.8754810404833797,0.9356714383176284
0.5,fixed,3001,2,787025148,edges-cov,pca,0.7908187746567523,0.88927991917998
0.5,fixed,3001,2,787025148,node-var,sfa,0.8041602091124689,0.8967498029620464
0.5,fixed,3001,2,787025148,node-var,pca,0.8003428102034722,0.8946188072042036
0.5,proportional,51,2,787025148,edges-corr,sfa,0.005708930744352303,0.07555746650300364
0.5,proportional,51,2,787025148,edges-corr,pca,0.09484376659484195,0.3079671518114263
0.5,proportional,51,2,787025148,edges-cov,sfa,0.28056900536687723,0.5296876488713677
0.5,proportional,51,2,787025148,edges-cov,pca,0.07485826197547918,0.2736023793308077
0.5,proportional,51,2,787025148,node-var,sfa,0.16591376656077172,0.4073251361759691
0.5,proportional,51,2,787025148,node-var,pca,0.030716420671449307,0.17526100727614627
0.5,fixed,3001,2,789848216,edges-corr,sfa,0.8505947899507798,0.9222769594599985
0.5,fixed,3001,2,789848216,edges-corr,pca,0.8538864633733978,0.9240597726193894
0.5,fixed,3001,2,789848216,edges-cov,sfa,0.9236253102986988,0.9610542702151105
0.5,fixed,3001,2,789848216,edges-cov,pca,0.8041934184023996,0.8967683192455002
0.5,fixed,3001,2,789848216,node-var,sfa,0.8967456150343759,0.946966533217714
0.5,fixed,3001,2,789848216,node-var,pca,0.7773361605603106,0.8816666947096904
0.5,proportional,51,2,789848216,edges-corr,sfa,0.14809856009128453,0.38483575729301006
0.5,proportional,51,2,789848216,edges-corr,pca,0.137532442656214,0.37085366744339215
0.5,proportional,51,2,789848216,edges-cov,sfa,0.15760812822603232,0.39699890204638133
0.5,proportional,51,2,789848216,edges-cov,pca,0.18699801071208333,0.43243266610199965
0.5,proportional,51,2,789848216,node-var,sfa,0.12250540936691423,0.3500077275817125
0.5,proportional,51,2,789848216,node-var,pca,0.1322882860792276,0.36371456676799135
0.5,fixed,3001,2,793224716,edges-corr,sfa,0.8601528809797465,0.927444273786704
0.5,fixed,3001,2,793224716,edges-corr,pca,0.9296825890257723,0.964200492131057
0.5,fixed,3001,2,793224716,edges-cov,sfa,0.7361017103787667,0.8579636999190391
0.5,fixed,3001,2,793224716,edges-cov,pca,0.8382400208671547,0.9155544882021797
0.5,fixed,3001,2,793224716,node-var,sfa,0.7669105627505344,0.8757342991744327
0.5,fixed,3001,2,793224716,node-var,pca,0.7465199324946403,0.8640138497122835
0.5,proportional,51,2,793224716,edges-corr,sfa,0.12945645193734379,0.3598005724527737
0.5,proportional,51,2,793224716,edges-corr,pca,0.14013774710982152,0.3743497657403055
0.5,proportional,51,2,793224716,edges-cov,sfa,0.04024595605706616,0.2006139478128729
0.5,proportional,51,2,793224716,edges-cov,pca,0.12095782364378982,0.34778991308516943
0.5,proportional,51,2,793224716,node-var,sfa,0.08482878940317007,0.29125382298464336
0.5,proportional,51,2,793224716,node-var,pca,0.09597767359486276,0.3098026365201927
0.5,fixed,3001,2,794812542,edges-corr,sfa,0.8859864338553253,0.9412685237780586
0.5,fixed,3001,2,794812542,edges-corr,pca,0.8455000083994095,0.919510744036963
0.5,fixed,3001,2,794812542,edges-cov,sfa,0.8721174431046266,0.9338722841505827
0.5,fixed,3001,2,794812542,edges-cov,pca,0.8320196735654739,0.912151124302039
0.5,fixed,3001,2,794812542,node-var,sfa,0.7806445321690805,0.883540905770118
0.5,fixed,3001,2,794812542,node-var,pca,0.7718745915071501,0.8785639370627217
0.5,proportional,51,2,794812542,edges-corr,sfa,0.03837400991887585,0.19589285315926155
0.5,proportional,51,2,794812542,edges-corr,pca,0.03703857537815025,0.1924540864158258
0.5,proportional,51,2,794812542,edges-cov,sfa,0.029742579518857504,0.17246037086489657
0.5,proportional,51,2,794812542,edges-cov,pca,0.05367585816865017,0.23168050882335856
0.5,proportional,51,2,794812542,node-var,sfa,0.03875244524006993,0.1968564076683057
0.5,proportional,51,2,794812542,node-var,pca,0.03677621803328757,0.19177126487898968
0.5,fixed,3001,2,816200189,edges-corr,sfa,0.015414760434000696,0.12415619369971236
0.5,fixed,3001,2,816200189,edges-corr,pca,0.04535079398322284,0.21295725858308437
0.5,fixed,3001,2,816200189,edges-cov,sfa,0.020482738631785513,0.14311791862581508
0.5,fixed,3001,2,816200189,edges-cov,pca,0.08024589359770529,0.28327706154523874
0.5,fixed,3001,2,816200189,node-var,sfa,0.11975159053959283,0.34605142759363466
0.5,fixed,3001,2,816200189,node-var,pca,0.0725795170322443,0.2694058593131264
0.5,proportional,51,2,816200189,edges-corr,sfa,0.0024297666408383822,0.04929266315425136
0.5,proportional,51,2,816200189,edges-corr,pca,0.11497091885418609,0.33907361863493024
0.5,proportional,51,2,816200189,edges-cov,sfa,0.09114967742888169,0.3019100485722225
0.5,proportional,51,2,816200189,edges-cov,pca,0.1166510860416774,0.341542217070859
0.5,proportional,51,2,816200189,node-var,sfa,0.12036342237272923,0.3469343199695432
0.5,proportional,51,2,816200189,node-var,pca,0.12025202976553195,0.3467737443428093
0.5,fixed,3001,2,829720705,edges-corr,sfa,0.8126269079662952,0.9014582119911578
0.5,fixed,3001,2,829720705,edges-corr,pca,0.02015326769269532,0.14196220515579233
0.5,fixed,3001,2,829720705,edges-cov,sfa,0.48392399154875654,0.6956464558586901
0.5,fixed,3001,2,829720705,edges-cov,pca,0.6289191360343489,0.793044220730691
0.5,fixed,3001,2,829720705,node-var,sfa,0.7863756999270408,0.8867782698775613
0.5,fixed,3001,2,829720705,node-var,pca,0.8121561713224945,0.9011970768497279
0.5,proportional,51,2,829720705,edges-corr,sfa,0.11158531625766022,0.3340438837303572
0.5,proportional,51,2,829720705,edges-corr,pca,0.1695808464563997,0.41180195052524937
0.5,proportional,51,2,829720705,edges-cov,sfa,0.2814374157862132,0.5305067537611687
0.5,proportional,51,2,829720705,edges-cov,pca,0.21124231630155632,0.4596110489332869
0.5,proportional,51,2,829720705,node-var,sfa,0.2883575655067061,0.5369893532526563
0.5,proportional,51,2,829720705,node-var,pca,0.22158491923368806,0.4707280735559418
0.5,fixed,3001,2,831882777,edges-corr,sfa,0.685032857372663,0.8276671174890677
0.5,fixed,3001,2,831882777,edges-corr,pca,0.5825791806332087,0.7632687473185368
0.5,fixed,3001,2,831882777,edges-cov,sfa,0.6373999616192204,0.7983733222116207
0.5,fixed,3001,2,831882777,edges-cov,pca,0.6518769187672189,0.8073889513531991
0.5,fixed,3001,2,831882777,node-var,sfa,0.7672676082473369,0.8759381303764193
0.5,fixed,3001,2,831882777,node-var,pca,0.24296606778948393,0.4929158830769036
0.5,proportional,51,2,831882777,edges-corr,sfa,0.00016707600071985684,0.012925788204978415
0.5,proportional,51,2,831882777,edges-corr,pca,0.004048211778312161,0.06362555915913355
0.5,proportional,51,2,831882777,edges-cov,sfa,0.009506443373554774,0.09750099165421261
0.5,proportional,51,2,831882777,edges-cov,pca,0.014395931189771893,0.11998304542630996
0.5,proportional,51,2,831882777,node-var,sfa,0.014015767428346537,0.11838820645801895
0.5,proportional,51,2,831882777,node-var,pca,0.01469383532504176,0.12121813117286435
0.5,fixed,3001,2,835479236,edges-corr,sfa,0.9673416943837427,0.9835353040861029
0.5,fixed,3001,2,835479236,edges-corr,pca,0.953706670572207,0.9765790651924745
0.5,fixed,3001,2,835479236,edges-cov,sfa,0.9465704642763224,0.9729185291052496
0.5,fixed,3001,2,835479236,edges-cov,pca,0.961026847366893,0.9803197679160065
0.5,fixed,3001,2,835479236,node-var,sfa,0.9218536781260604,0.96013211493318
0.5,fixed,3001,2,835479236,node-var,pca,0.8280256317729888,0.9099591374193617
0.5,proportional,51,2,835479236,edges-corr,sfa,0.007178404305182351,0.08472546432556341
0.5,proportional,51,2,835479236,edges-corr,pca,0.05206820979359705,0.22818459587272122
0.5,proportional,51,2,835479236,edges-cov,sfa,0.031659646317174106,0.17793157762795764
0.5,proportional,51,2,835479236,edges-cov,pca,0.11594360500303424,0.3405049265473765
0.5,proportional,51,2,835479236,node-var,sfa,0.0062690259174325025,0.07917718053475116
0.5,proportional,51,2,835479236,node-var,pca,0.09363051499197628,0.3059910374373349
0.5,fixed,3001,2,839068429,edges-corr,sfa,0.2509945557797618,0.5009935686011963
0.5,fixed,3001,2,839068429,edges-corr,pca,0.3668872250718521,0.6057121635495292
0.5,fixed,3001,2,839068429,edges-cov,sfa,0.5045388761389822,0.7103090004631658
0.5,fixed,3001,2,839068429,edges-cov,pca,0.46646527633249346,0.6829826325262546
0.5,fixed,3001,2,839068429,node-var,sfa,0.49084397377289624,0.7006025790509878
0.5,fixed,3001,2,839068429,node-var,pca,0.4759565032567824,0.6898960090164185
0.5,proportional,51,2,839068429,edges-corr,sfa,0.016780928115091576,0.12954122168287394
0.5,proportional,51,2,839068429,edges-corr,pca,0.0022752221957789143,0.047699289258636035
0.5,proportional,51,2,839068429,edges-cov,sfa,0.0014429794705580479,0.03798656960766555
0.5,proportional,51,2,839068429,edges-cov,pca,0.010187325547282744,0.10093228198788959
0.5,proportional,51,2,839068429,node-var,sfa,0.008068295432584915,0.08982369082032256
0.5,proportional,51,2,839068429,node-var,pca,0.025890132893849338,0.1609041108668427
0.5,fixed,3001,2,847657808,edges-corr,sfa,0.17216438759933395,0.4149269665848844
0.5,fixed,3001,2,847657808,edges-corr,pca,0.292466339612823,0.540801571385312
0.5,fixed,3001,2,847657808,edges-cov,sfa,0.10584772624530359,0.3253424753168627
0.5,fixed,3001,2,847657808,edges-cov,pca,0.044710813565452256,0.21144931677698114
0.5,fixed,3001,2,847657808,node-var,sfa,0.14922504735587017,0.3862965795290839
0.5,fixed,3001,2,847657808,node-var,pca,0.11726169574672629,0.34243495111732725
0.5,proportional,51,2,847657808,edges-corr,sfa,0.00018435006944328425,0.013577557565450888
0.5,proportional,51,2,847657808,edges-corr,pca,0.003486673130777773,0.0590480578069911
0.5,proportional,51,2,847657808,edges-cov,sfa,0.19861298579247288,0.44566016850563694
0.5,proportional,51,2,847657808,edges-cov,pca,0.11782686673209941,0.3432591830266151
0.5,proportional,51,2,847657808,node-var,sfa,0.0509569320781581,0.22573642169166655
0.5,proportional,51,2,847657808,node-var,pca,0.07436136170449759,0.2726927973095317
0.5,fixed,3001,3,766640955,edges-corr,sfa,0.765959897924774,0.875191349320121
0.5,fixed,3001,3,766640955,edges-corr,pca,0.8503714891671639,0.922155892009135
0.5,fixed,3001,3,766640955,edges-cov,sfa,0.8680999072718204,0.9317187919494917
0.5,fixed,3001,3,766640955,edges-cov,pca,0.8605395646595853,0.927652717701827
0.5,fixed,3001,3,766640955,node-var,sfa,0.9081114024869584,0.9529487932134435
0.5,fixed,3001,3,766640955,node-var,pca,0.895314010324204,0.9462103414802674
0.5,proportional,51,3,766640955,edges-corr,sfa,0.004410151303213872,0.06640897005084333
0.5,proportional,51,3,766640955,edges-corr,pca,0.0010633239927780869,0.03260864904865218
0.5,proportional,51,3,766640955,edges-cov,sfa,0.11891787020202749,0.34484470447148735
0.5,proportional,51,3,766640955,edges-cov,pca,0.07665359094150925,0.276863849105493
0.5,proportional,51,3,766640955,node-var,sfa,0.10485040606135454,0.3238061241875365
0.5,proportional,51,3,766640955,node-var,pca,0.11204071826381135,0.3347248396277326
0.5,fixed,3001,3,767871931,edges-corr,sfa,0.8744145341789503,0.9351013496829902
0.5,fixed,3001,3,767871931,edges-corr,pca,0.5515426182298235,0.7426591534680116
0.5,fixed,3001,3,767871931,edges-cov,sfa,0.9278752791082847,0.9632628297138245
0.5,fixed,3001,3,767871931,edges-cov,pca,0.8749854764623853,0.9354065835038715
0.5,fixed,3001,3,767871931,node-var,sfa,0.9285336042007126,0.9636044853573027
0.5,fixed,3001,3,767871931,node-var,pca,0.9214745261398933,0.9599346468066945
0.5,proportional,51,3,767871931,edges-corr,sfa,0.07793028094987065,0.2791599558494567
0.5,proportional,51,3,767871931,edges-corr,pca,0.005977025192633434,0.07731122294100272
0.5,proportional,51,3,767871931,edges-cov,sfa,6.38650966853227e-05,0.007991564095043095
0.5,proportional,51,3,767871931,edges-cov,pca,0.006785096798131662,0.08237169901204945
0.5,proportional,51,3,767871931,node-var,sfa,0.07329082928311237,0.2707227904759999
0.5,proportional,51,3,767871931,node-var,pca,0.022010466936864037,0.14835924958311134
0.5,fixed,3001,3,771160300,edges-corr,sfa,0.9839594986447946,0.9919473265475313
0.5,fixed,3001,3,771160300,edges-corr,pca,0.909176057418898,0.9535072403599767
0.5,fixed,3001,3,771160300,edges-cov,sfa,0.9721669611909082,0.9859852743276182
0.5,fixed,3001,3,771160300,edges-cov,pca,0.9345768082483106,0.9667351282788423
0.5,fixed,3001,3,771160300,node-var,sfa,0.9613154499555283,0.9804669550553597
0.5,fixed,3001,3,771160300,node-var,pca,0.5088150169002257,0.7133127062517712
0.5,proportional,51,3,771160300,edges-corr,sfa,0.11146270932721192,0.33386031409440065
0.5,proportional,51,3,771160300,edges-corr,pca,0.045035498321670975,0.21221568820817885
0.5,proportional,51,3,771160300,edges-cov,sfa,0.0691988061510348,0.26305665958312996
0.5,proportional,51,3,771160300,edges-cov,pca,0.0007010085396352839,0.02647656585804289
0.5,proportional,51,3,771160300,node-var,sfa,0.08692689246511975,0.29483366915113296
0.5,proportional,51,3,771160300,node-var,pca,0.005130442812941838,0.07162710948336416
0.5,fixed,3001,3,771990200,edges-corr,sfa,0.9227673944574645,0.9606078255237486
0.5,fixed,3001,3,771990200,edges-corr,pca,0.8549985401876005,0.9246613110688693
0.5,fixed,3001,3,771990200,edges-cov,sfa,0.8789062128721291,0.9374999801984685
0.5,fixed,3001,3,771990200,edges-cov,pca,0.7987425547634517,0.893723981307121
0.5,fixed,3001,3,771990200,node-var,sfa,0.9509676932765283,0.9751757243064084
0.5,fixed,3001,3,771990200,node-var,pca,0.903032093890126,0.9502800081502953
0.5,proportional,51,3,771990200,edges-corr,sfa,0.12355802350184497,0.3515082125667123
0.5,proportional,51,3,771990200,edges-corr,pca,0.020950663960886406,0.14474344185795227
0.5,proportional,51,3,771990200,edges-cov,sfa,0.027925903801727214,0.16711045389719698
0.5,proportional,51,3,771990200,edges-cov,pca,0.009969219494060821,0.099845978857742
0.5,proportional,51,3,771990200,node-var,sfa,0.04114863926704382,0.20285127376243833
0.5,proportional,51,3,771990200,node-var,pca,8.655907721699663e-07,0.0009303713086503836
0.5,fixed,3001,3,774875821,edges-corr,sfa,0.63976309631669,0.7998519214934036
0.5,fixed,3001,3,774875821,edges-corr,pca,0.4744407057764787,0.6887965634180232
0.5,fixed,3001,3,774875821,edges-cov,sfa,0.8543031001567688,0.9242851833480664
0.5,fixed,3001,3,774875821,edges-cov,pca,0.6986914401959254,0.8358776466660209
0.5,fixed,3001,3,774875821,node-var,sfa,0.9075618505579993,0.9526604067336901
0.5,fixed,3001,3,774875821,node-var,pca,0.7809654736887282,0.8837225094387539
0.5,proportional,51,3,774875821,edges-corr,sfa,0.00021549839583923092,0.01467986361787027
0.5,proportional,51,3,774875821,edges-corr,pca,0.10479438949721376,0.32371961555830037
0.5,proportional,51,3,774875821,edges-cov,sfa,0.13397863753831496,0.36603092429235407
0.5,proportional,51,3,774875821,edges-cov,pca,0.1311387225604802,0.362130808632019
0.5,proportional,51,3,774875821,node-var,sfa,0.14127186738100306,0.37586150026439646
0.5,proportional,51,3,774875821,node-var,pca,0.16006184073490093,0.4000772934507794
0.5,fixed,3001,3,778240327,edges-corr,sfa,0.5619541275897094,0.7496359967275512
0.5,fixed,3001,3,778240327,edges-corr,pca,0.5238278549468856,0.7237595283979931
0.5,fixed,3001,3,778240327,edges-cov,sfa,0.5781427252304241,0.7603569722376613
0.5,fixed,3001,3,778240327,edges-cov,pca,0.8662289562543438,0.9307142183583226
0.5,fixed,3001,3,778240327,node-var,sfa,0.5376818705007582,0.7332679390923607
0.5,fixed,3001,3,778240327,node-var,pca,0.8452255930976325,0.9193615138223007
0.5,proportional,51,3,778240327,edges-corr,sfa,0.03759929421045716,0.19390537437228755
0.5,proportional,51,3,778240327,edges-corr,pca,0.0036343145603084936,0.06028527648031849
0.5,proportional,51,3,778240327,edges-cov,sfa,0.048255863359589646,0.2196721724743251
0.5,proportional,51,3,778240327,edges-cov,pca,0.01693336992006722,0.13012828255251535
0.5,proportional,51,3,778240327,node-var,sfa,0.04915100117217208,0.22170025072645286
0.5,proportional,51,3,778240327,node-var,pca,0.036585526234228616,0.19127343316370035
0.5,fixed,3001,3,778998620,edges-corr,sfa,0.9346178589346086,0.9667563596556313
0.5,fixed,3001,3,778998620,edges-corr,pca,0.8052726573257916,0.8973698553694525
0.5,fixed,3001,3,778998620,edges-cov,sfa,0.9617584837066483,0.9806928590066557
0.5,fixed,3001,3,778998620,edges-cov,pca,0.8072302227165331,0.8984599171451852
0.5,fixed,3001,3,778998620,node-var,sfa,0.9672897175964755,0.9835088802834856
0.5,fixed,3001,3,778998620,node-var,pca,0.920252322021594,0.9592978275914076
0.5,proportional,51,3,778998620,edges-corr,sfa,0.056578466983184805,0.23786228575203933
0.5,proportional,51,3,778998620,edges-corr,pca,0.04276168413174031,0.2067889845512577
0.5,proportional,51,3,778998620,edges-cov,sfa,0.006404802009942312,0.08003000693453836
0.5,proportional,51,3,778998620,edges-cov,pca,0.020535609023248247,0.1433025087821154
0.5,proportional,51,3,778998620,node-var,sfa,0.03084019392654913,0.17561376348836943
0.5,proportional,51,3,778998620,node-var,pca,3.96214137399209e-06,0.0019905128419384385
0.5,fixed,3001,3,779839471,edges-corr,sfa,0.9307667137107228,0.964762516742189
0.5,fixed,3001,3,779839471,edges-corr,pca,0.8591901832847705,0.9269251228037627
0.5,fixed,3001,3,779839471,edges-cov,sfa,0.9677887686983604,0.983762557072773
0.5,fixed,3001,3,779839471,edges-cov,pca,0.9196617539767274,0.9589899655245242
0.5,fixed,3001,3,779839471,node-var,sfa,0.9656851328372202,0.9826927967769075
0.5,fixed,3001,3,779839471,node-var,pca,0.9253882267103919,0.9619710113669704
0.5,proportional,51,3,779839471,edges-corr,sfa,0.004161114992330961,0.06450670501840094
0.5,proportional,51,3,779839471,edges-corr,pca,0.040117309438652105,0.20029305888785112
0.5,proportional,51,3,779839471,edges-cov,sfa,0.1423165829357117,0.3772487017018239
0.5,proportional,51,3,779839471,edges-cov,pca,0.12637555945717815,0.3554934028321457
0.5,proportional,51,3,779839471,node-var,sfa,0.08692198086026515,0.2948253395830577
0.5,proportional,51,3,779839471,node-var,pca,0.11338717183032665,0.3367301172011892
0.5,fixed,3001,3,781842082,edges-corr,sfa,0.5223575114576484,0.7227430466338978
0.5,fixed,3001,3,781842082,edges-corr,pca,0.1726559788962626,0.4155189272419039
0.5,fixed,3001,3,781842082,edges-cov,sfa,0.5038679556384856,0.7098365696683185
0.5,fixed,3001,3,781842082,edges-cov,pca,0.015880142658664553,0.12601643804942517
0.5,fixed,3001,3,781842082,node-var,sfa,0.5837332699595157,0.7640243909454173
0.5,fixed,3001,3,781842082,node-var,pca,0.009920047856697534,0.09959943703002332
0.5,proportional,51,3,781842082,edges-corr,sfa,0.06900645292510255,0.2626907933771237
0.5,proportional,51,3,781842082,edges-corr,pca,0.036722890797146746,0.19163217578774908
0.5,proportional,51,3,781842082,edges-cov,sfa,0.09744802465908908,0.31216666167143675
0.5,proportional,51,3,781842082,edges-cov,pca,0.06643639182907335,0.25775257870499274
0.5,proportional,51,3,781842082,node-var,sfa,0.08113940435527456,0.28484979261932897
0.5,proportional,51,3,781842082,node-var,pca,0.07052503729035009,0.265565504707125
0.5,fixed,3001,3,786091066,edges-corr,sfa,0.9382334319391216,0.9686245051304049
0.5,fixed,3001,3,786091066,edges-corr,pca,0.812263195023424,0.9012564535266441
0.5,fixed,3001,3,786091066,edges-cov,sfa,0.9455464637046773,0.9723921347402382
0.5,fixed,3001,3,786091066,edges-cov,pca,0.9459367026455899,0.9725927732846829
0.5,fixed,3001,3,786091066,node-var,sfa,0.8501508038797662,0.9220362269888132
0.5,fixed,3001,3,786091066,node-var,pca,0.8289167151802229,0.9104486340152433
0.5,proportional,51,3,786091066,edges-corr,sfa,0.08915791197640155,0.2985932215848199
0.5,proportional,51,3,786091066,edges-corr,pca,0.0027803184917516433,0.05272872548954468
0.5,proportional,51,3,786091066,edges-cov,sfa,0.057257092281082445,0.23928454250344383
0.5,proportional,51,3,786091066,edges-cov,pca,0.015084918340773745,0.12282067554273517
0.5,proportional,51,3,786091066,node-var,sfa,0.04772640876360501,0.21846374702363106
0.5,proportional,51,3,786091066,node-var,pca,0.05192616380216486,0.22787313093509892
0.5,fixed,3001,3,787025148,edges-corr,sfa,0.9554460626170805,0.9774692131300506
0.5,fixed,3001,3,787025148,edges-corr,pca,0.9672945861716774,0.9835113553852224
0.5,fixed,3001,3,787025148,edges-cov,sfa,0.9806493326072189,0.9902774018461791
0.5,fixed,3001,3,787025148,edges-cov,pca,0.9767298764396052,0.9882964516983784
0.5,fixed,3001,3,787025148,node-var,sfa,0.9757216872998675,0.9877862558771849
0.5,fixed,3001,3,787025148,node-var,pca,0.9663492171816296,0.9830306288115491
0.5,proportional,51,3,787025148,edges-corr,sfa,0.0634228607282491,0.251838957924006
0.5,proportional,51,3,787025148,edges-corr,pca,0.02367237086185625,0.15385828174608113
0.5,proportional,51,3,787025148,edges-cov,sfa,0.1749176227887188,0.4182315420777334
0.5,proportional,51,3,787025148,edges-cov,pca,0.10617165070516199,0.32583991576410937
0.5,proportional,51,3,787025148,node-var,sfa,0.09648682110286488,0.3106232784304245
0.5,proportional,51,3,787025148,node-var,pca,0.10837901568875752,0.32920968346747914
0.5,fixed,3001,3,789848216,edges-corr,sfa,0.9786709156165408,0.9892779769187935
0.5,fixed,3001,3,789848216,edges-corr,pca,0.9087781183329294,0.9532985462765216
0.5,fixed,3001,3,789848216,edges-cov,sfa,0.9751362578306408,0.9874898773307202
0.5,fixed,3001,3,789848216,edges-cov,pca,0.9103025221713372,0.9540977529432385
0.5,fixed,3001,3,789848216,node-var,sfa,0.9612736959430256,0.9804456619022931
0.5,fixed,3001,3,789848216,node-var,pca,0.9211133393935432,0.9597464974635456
0.5,proportional,51,3,789848216,edges-corr,sfa,0.5738115568069893,0.7575035028347984
0.5,proportional,51,3,789848216,edges-corr,pca,0.31973997093597983,0.5654555428466326
0.5,proportional,51,3,789848216,edges-cov,sfa,0.2175456842260881,0.46641792871424664
0.5,proportional,51,3,789848216,edges-cov,pca,0.13069089375686904,0.36151195520600543
0.5,proportional,51,3,789848216,node-var,sfa,0.1340994668335591,0.3661959404930089
0.5,proportional,51,3,789848216,node-var,pca,0.025800285771868103,0.16062467360859653
0.5,fixed,3001,3,793224716,edges-corr,sfa,0.2923870390944494,0.5407282488408103
0.5,fixed,3001,3,793224716,edges-corr,pca,0.21001724845461656,0.45827638871604154
0.5,fixed,3001,3,793224716,edges-cov,sfa,0.03577972979329447,0.18915530601411804
0.5,fixed,3001,3,793224716,edges-cov,pca,0.07091695568472711,0.26630237641584636
0.5,fixed,3001,3,793224716,node-var,sfa,0.13343529508899687,0.36528796187254375
0.5,fixed,3001,3,793224716,node-var,pca,0.12581124940012667,0.3546988150531754
0.5,proportional,51,3,793224716,edges-corr,sfa,0.0005237759975688094,0.02288615296568647
0.5,proportional,51,3,793224716,edges-corr,pca,0.030756164403495934,0.1753743550337274
0.5,proportional,51,3,793224716,edges-cov,sfa,0.15858844119625037,0.39823164263560257
0.5,proportional,51,3,793224716,edges-cov,pca,0.1535227525164955,0.39181979597321964
0.5,proportional,51,3,793224716,node-var,sfa,0.16087611149651837,0.40109364429833383
0.5,proportional,51,3,793224716,node-var,pca,0.16631310606233196,0.40781503903403543
0.5,fixed,3001,3,794812542,edges-corr,sfa,0.2758130899351042,0.5251791027212566
0.5,fixed,3001,3,794812542,edges-corr,pca,0.4397237853007915,0.6631167207217683
0.5,fixed,3001,3,794812542,edges-cov,sfa,0.31909171715816587,0.564882038268315
0.5,fixed,3001,3,794812542,edges-cov,pca,0.44162939798002876,0.6645520280459829
0.5,fixed,3001,3,794812542,node-var,sfa,0.4581961702842311,0.6769018911808646
0.5,fixed,3001,3,794812542,node-var,pca,0.41317173503176896,0.6427843612221512
0.5,proportional,51,3,794812542,edges-corr,sfa,0.026955794199935657,0.16418219818218924
0.5,proportional,51,3,794812542,edges-corr,pca,0.10044561784676509,0.3169315665041353
0.5,proportional,51,3,794812542,edges-cov,sfa,0.27939931239298965,0.5285823610308897
0.5,proportional,51,3,794812542,edges-cov,pca,0.27933448992428844,0.5285210401907273
0.5,proportional,51,3,794812542,node-var,sfa,0.3227613479770598,0.5681208920441667
0.5,proportional,51,3,794812542,node-var,pca,0.27331562968766765,0.5227959732894545
0.5,fixed,3001,3,816200189,edges-corr,sfa,0.9421855634328559,0.9706624353671343
0.5,fixed,3001,3,816200189,edges-corr,pca,0.8360421663710724,0.9143534143705443
0.5,fixed,3001,3,816200189,edges-cov,sfa,0.9563444864917321,0.9779286714744243
0.5,fixed,3001,3,816200189,edges-cov,pca,0.947166484248192,0.9732247860839716
0.5,fixed,3001,3,816200189,node-var,sfa,0.9553929408794828,0.9774420396522152
0.5,fixed,3001,3,816200189,node-var,pca,0.9492759284680657,0.9743079228190982
0.5,proportional,51,3,816200189,edges-corr,sfa,0.04432777534452659,0.21054162378144275
0.5,proportional,51,3,816200189,edges-corr,pca,0.06687947344022316,0.2586106599508669
0.5,proportional,51,3,816200189,edges-cov,sfa,0.1617676799907154,0.4022035305547618
0.5,proportional,51,3,816200189,edges-cov,pca,0.14150981227650916,0.3761778997715165
0.5,proportional,51,3,816200189,node-var,sfa,0.17737904313107045,0.4211639148016724
0.5,proportional,51,3,816200189,node-var,pca,0.18875284038699525,0.43445694883037045
0.5,fixed,3001,3,829720705,edges-corr,sfa,0.650083974794236,0.8062778521044939
0.5,fixed,3001,3,829720705,edges-corr,pca,0.35653440541596804,0.5971050204243538
0.5,fixed,3001,3,829720705,edges-cov,sfa,0.9807640123382737,0.9903353029849407
0.5,fixed,3001,3,829720705,edges-cov,pca,0.9814601682865813,0.9906867155092884
0.5,fixed,3001,3,829720705,node-var,sfa,0.9813546046039288,0.9906334360417727
0.5,fixed,3001,3,829720705,node-var,pca,0.9840361956556088,0.9919859856145192
0.5,proportional,51,3,829720705,edges-corr,sfa,0.42518232801995004,0.6520600647332654
0.5,proportional,51,3,829720705,edges-corr,pca,0.39866108957615953,0.6313961431432403
0.5,proportional,51,3,829720705,edges-cov,sfa,0.3665054914428929,0.605396970130255
0.5,proportional,51,3,829720705,edges-cov,pca,0.33802008819494744,0.5813949502661229
0.5,proportional,51,3,829720705,node-var,sfa,0.3186785017240177,0.564516166043115
0.5,proportional,51,3,829720705,node-var,pca,0.3451658390018848,0.5875081607959887
0.5,fixed,3001,3,831882777,edges-corr,sfa,0.822694734104492,0.9070252113940893
0.5,fixed,3001,3,831882777,edges-corr,pca,0.8374651969495499,0.9151312457508759
0.5,fixed,3001,3,831882777,edges-cov,sfa,0.7973743440341764,0.8929581983688692
0.5,fixed,3001,3,831882777,edges-cov,pca,0.7794313066719216,0.8828540687293239
0.5,fixed,3001,3,831882777,node-var,sfa,0.287225308686501,0.535934052553578
0.5,fixed,3001,3,831882777,node-var,pca,0.3295994284822026,0.57410750603193
0.5,proportional,51,3,831882777,edges-corr,sfa,0.03394997061285332,0.18425517798111776
0.5,proportional,51,3,831882777,edges-corr,pca,0.023001037997903206,0.1516609310201644
0.5,proportional,51,3,831882777,edges-cov,sfa,0.0649183883750164,0.25479087184398164
0.5,proportional,51,3,831882777,edges-cov,pca,0.04477696835012246,0.21160569073189522
0.5,proportional,51,3,831882777,node-var,sfa,0.07028903502933936,0.26512079327985477
0.5,proportional,51,3,831882777,node-var,pca,0.06729472296085137,0.25941226447654925
0.5,fixed,3001,3,835479236,edges-corr,sfa,0.3707686810178956,0.6089077771041321
0.5,fixed,3001,3,835479236,edges-corr,pca,0.39319400583190856,0.6270518366386535
0.5,fixed,3001,3,835479236,edges-cov,sfa,0.6230780800908493,0.7893529502642334
0.5,fixed,3001,3,835479236,edges-cov,pca,0.5597411848222014,0.7481585292050081
0.5,fixed,3001,3,835479236,node-var,sfa,0.7125073323548843,0.8441014941077195
0.5,fixed,3001,3,835479236,node-var,pca,0.6762171528235779,0.8223242382561625
0.5,proportional,51,3,835479236,edges-corr,sfa,0.1260572588267519,0.3550454320601125
0.5,proportional,51,3,835479236,edges-corr,pca,0.014315113588322603,0.11964578383011437
0.5,proportional,51,3,835479236,edges-cov,sfa,0.10820431539131181,0.3289442435904779
0.5,proportional,51,3,835479236,edges-cov,pca,0.08694943313063497,0.29487189274434855
0.5,proportional,51,3,835479236,node-var,sfa,0.13092040006368255,0.3618292415818303
0.5,proportional,51,3,835479236,node-var,pca,0.12517724520847595,0.3538039643764265
0.5,fixed,3001,3,839068429,edges-corr,sfa,0.9583143205041716,0.9789352994474002
0.5,fixed,3001,3,839068429,edges-corr,pca,0.7413448590246484,0.8610138553035299
0.5,fixed,3001,3,839068429,edges-cov,sfa,0.9111361284845638,0.9545345087971223
0.5,fixed,3001,3,839068429,edges-cov,pca,0.7178185009316763,0.8472417016009516
0.5,fixed,3001,3,839068429,node-var,sfa,0.7818236895102652,0.8842079447224303
0.5,fixed,3001,3,839068429,node-var,pca,0.7324733984179184,0.8558465974798979
0.5,proportional,51,3,839068429,edges-corr,sfa,0.012815909585336738,0.1132073742533445
0.5,proportional,51,3,839068429,edges-corr,pca,0.01035923875045175,0.10178034559998189
0.5,proportional,51,3,839068429,edges-cov,sfa,0.0186720328335801,0.13664564696169473
0.5,proportional,51,3,839068429,edges-cov,pca,0.004107771664384918,0.0640919001464689
0.5,proportional,51,3,839068429,node-var,sfa,0.013072470999841435,0.11433490717992274
0.5,proportional,51,3,839068429,node-var,pca,2.16453660246696e-05,0.004652458062635554
0.5,fixed,3001,3,847657808,edges-corr,sfa,0.8585952612899841,0.926604155661944
0.5,fixed,3001,3,847657808,edges-corr,pca,0.8210680294860208,0.9061280425447725
0.5,fixed,3001,3,847657808,edges-cov,sfa,0.8584090288876005,0.9265036583239166
0.5,fixed,3001,3,847657808,edges-cov,pca,0.7834078174277881,0.8851032806558723
0.5,fixed,3001,3,847657808,node-var,sfa,0.8197393118387644,0.9053945614143949
0.5,fixed,3001,3,847657808,node-var,pca,0.8311467744687442,0.9116725149244899
0.5,proportional,51,3,847657808,edges-corr,sfa,0.0724326063887436,0.26913306446578333
0.5,proportional,51,3,847657808,edges-corr,pca,0.05215327661096403,0.2283709189256899
0.5,proportional,51,3,847657808,edges-cov,sfa,0.014609256867404552,0.1208687588560607
0.5,proportional,51,3,847657808,edges-cov,pca,0.07033462212851604,0.2652067535499727
0.5,proportional,51,3,847657808,node-var,sfa,0.060998089805007094,0.2469779135975665
0.5,proportional,51,3,847657808,node-var,pca,0.09103715815447777,0.30172364533539275
0.5,fixed,3001,4,766640955,edges-corr,sfa,0.916866726598891,0.957531579948615
0.5,fixed,3001,4,766640955,edges-corr,pca,0.8712131446116951,0.9333879925367021
0.5,fixed,3001,4,766640955,edges-cov,sfa,0.8992527193949479,0.9482893648011391
0.5,fixed,3001,4,766640955,edges-cov,pca,0.637080737834508,0.7981733757990853
0.5,fixed,3001,4,766640955,node-var,sfa,0.6563850045173799,0.8101759096130791
0.5,fixed,3001,4,766640955,node-var,pca,0.5725809804813573,0.75669080903719
0.5,proportional,51,4,766640955,edges-corr,sfa,0.09985535206176432,0.31599897477960975
0.5,proportional,51,4,766640955,edges-corr,pca,0.014331392744960425,0.11971379513222548
0.5,proportional,51,4,766640955,edges-cov,sfa,0.006781708445515733,0.08235112898749906
0.5,proportional,51,4,766640955,edges-cov,pca,0.0706295590799797,0.26576222282329676
0.5,proportional,51,4,766640955,node-var,sfa,0.08802927183629894,0.2966972730516727
0.5,proportional,51,4,766640955,node-var,pca,0.08723624414683517,0.29535782391335946
0.5,fixed,3001,4,767871931,edges-corr,sfa,0.9266059581437307,0.9626037388997255
0.5,fixed,3001,4,767871931,edges-corr,pca,0.9124390519914328,0.9552167565487076
0.5,fixed,3001,4,767871931,edges-cov,sfa,0.9056328389615609,0.9516474341695882
0.5,fixed,3001,4,767871931,edges-cov,pca,0.8306419552422215,0.9113956085269566
0.5,fixed,3001,4,767871931,node-var,sfa,0.8799918355133693,0.9380788002685965
0.5,fixed,3001,4,767871931,node-var,pca,0.8468821371532688,0.9202619937568152
0.5,proportional,51,4,767871931,edges-corr,sfa,0.06306250159789895,0.25112248325846626
0.5,proportional,51,4,767871931,edges-corr,pca,0.03538024187514022,0.18809636326930967
0.5,proportional,51,4,767871931,edges-cov,sfa,0.03563067465286873,0.18876089280586936
0.5,proportional,51,4,767871931,edges-cov,pca,0.02278381354972192,0.15094308049633123
0.5,proportional,51,4,767871931,node-var,sfa,0.047224056791458247,0.21731096795021285
0.5,proportional,51,4,767871931,node-var,pca,0.031686215497851555,0.178006223199785
0.5,fixed,3001,4,771160300,edges-corr,sfa,0.9379815300430929,0.9684944656749944
0.5,fixed,3001,4,771160300,edges-corr,pca,0.9193258433943128,0.9588148118350657
0.5,fixed,3001,4,771160300,edges-cov,sfa,0.9622403543398661,0.9809385069105331
0.5,fixed,3001,4,771160300,edges-cov,pca,0.9343814684608978,0.9666340923332354
0.5,fixed,3001,4,771160300,node-var,sfa,0.9553234995571334,0.9774065170424909
0.5,fixed,3001,4,771160300,node-var,pca,0.9446046858888786,0.971907755853856
0.5,proportional,51,4,771160300,edges-corr,sfa,0.0002819347782352377,0.016790913561662596
0.5,proportional,51,4,771160300,edges-corr,pca,0.06085858741846217,0.24669533319149403
0.5,proportional,51,4,771160300,edges-cov,sfa,0.18395249376331835,0.4288968334731775
0.5,proportional,51,4,771160300,edges-cov,pca,0.11738122393866557,0.3426094335225838
0.5,proportional,51,4,771160300,node-var,sfa,0.18131987076748712,0.4258167102962111
0.5,proportional,51,4,771160300,node-var,pca,0.13130799372432544,0.3623644487588778
0.5,fixed,3001,4,771990200,edges-corr,sfa,0.9222063332702494,0.9603157466532815
0.5,fixed,3001,4,771990200,edges-corr,pca,0.8286948477655394,0.9103267807581734
0.5,fixed,3001,4,771990200,edges-cov,sfa,0.9255615938474129,0.9620611175218614
0.5,fixed,3001,4,771990200,edges-cov,pca,0.8832577661577709,0.9398179430920495
0.5,fixed,3001,4,771990200,node-var,sfa,0.8432237633426594,0.9182721619120658
0.5,fixed,3001,4,771990200,node-var,pca,0.24019890130285693,0.49010090930629474
0.5,proportional,51,4,771990200,edges-corr,sfa,0.017487346060230835,0.1322397295075528
0.5,proportional,51,4,771990200,edges-corr,pca,0.029554714603346244,0.17191484695437534
0.5,proportional,51,4,771990200,edges-cov,sfa,0.0002870349823467233,0.016942106785957103
0.5,proportional,51,4,771990200,edges-cov,pca,0.00995031531709678,0.09975126724556821
0.5,proportional,51,4,771990200,node-var,sfa,0.002181750708760255,0.046709214388174145
0.5,proportional,51,4,771990200,node-var,pca,0.004892241865078084,0.069944562798535
0.5,fixed,3001,4,774875821,edges-corr,sfa,0.9659272459389746,0.9828159776575544
0.5,fixed,3001,4,774875821,edges-corr,pca,0.9358206821777135,0.9673782518631031
0.5,fixed,3001,4,774875821,edges-cov,sfa,0.979509850103606,0.9897018996160437
0.5,fixed,3001,4,774875821,edges-cov,pca,0.8928090189247999,0.9448857173885106
0.5,fixed,3001,4,774875821,node-var,sfa,0.93576526446014,0.9673496081873091
0.5,fixed,3001,4,774875821,node-var,pca,0.7436201769624582,0.8623341446112742
0.5,proportional,51,4,774875821,edges-corr,sfa,0.04646615170805468,0.2155600883931317
0.5,proportional,51,4,774875821,edges-corr,pca,0.009848445127593308,0.09923933256322044
0.5,proportional,51,4,774875821,edges-cov,sfa,0.01769603388648744,0.1330264405540776
0.5,proportional,51,4,774875821,edges-cov,pca,0.014765317993416072,0.12151262483139808
0.5,proportional,51,4,774875821,node-var,sfa,0.04887272358924721,0.22107176117552288
0.5,proportional,51,4,774875821,node-var,pca,0.024746691275318256,0.1573108110567053
0.5,fixed,3001,4,778240327,edges-corr,sfa,0.8982070038113876,0.9477378349582691
0.5,fixed,3001,4,778240327,edges-corr,pca,0.9578251068720608,0.9786853972917245
0.5,fixed,3001,4,778240327,edges-cov,sfa,0.9526982737495813,0.97606263823055
0.5,fixed,3001,4,778240327,edges-cov,pca,0.9723955504718478,0.9861011867307777
0.5,fixed,3001,4,778240327,node-var,sfa,0.954089009176353,0.9767747996218745
0.5,fixed,3001,4,778240327,node-var,pca,0.9715598731737097,0.9856773676886927
0.5,proportional,51,4,778240327,edges-corr,sfa,0.12282038211764601,0.350457389874498
0.5,proportional,51,4,778240327,edges-corr,pca,0.15500828481526963,0.3937109152859109
0.5,proportional,51,4,778240327,edges-cov,sfa,0.10040716642642045,0.31687089867392443
0.5,proportional,51,4,778240327,edges-cov,pca,0.1333760215692683,0.36520682026663764
0.5,proportional,51,4,778240327,node-var,sfa,0.14757102831856395,0.3841497472582324
0.5,proportional,51,4,778240327,node-var,pca,0.05834996829563466,0.24155738095871712
0.5,fixed,3001,4,778998620,edges-corr,sfa,0.10215971723144956,0.31962433767072473
0.5,fixed,3001,4,778998620,edges-corr,pca,0.11045013271911364,0.33234038683120304
0.5,fixed,3001,4,778998620,edges-cov,sfa,0.0342947686704016,0.1851884679735799
0.5,fixed,3001,4,778998620,edges-cov,pca,0.037647529471874774,0.19402971285830148
0.5,fixed,3001,4,778998620,node-var,sfa,0.03891886758052909,0.19727865465003872
0.5,fixed,3001,4,778998620,node-var,pca,0.01699143666203029,0.13035120506550876
0.5,proportional,51,4,778998620,edges-corr,sfa,0.04784993500877066,0.21874627998841623
0.5,proportional,51,4,778998620,edges-corr,pca,0.12118688631498797,0.34811906916310686
0.5,proportional,51,4,778998620,edges-cov,sfa,0.030424029666328622,0.17442485392377027
0.5,proportional,51,4,778998620,edges-cov,pca,0.03275908485210377,0.18099470945887808
0.5,proportional,51,4,778998620,node-var,sfa,0.027707049773557757,0.16645434741561294
0.5,proportional,51,4,778998620,node-var,pca,0.018194744060702317,0.13488789441866955
0.5,fixed,3001,4,779839471,edges-corr,sfa,0.9360745075394017,0.9675094353748712
0.5,fixed,3001,4,779839471,edges-corr,pca,0.8601032339182896,0.927417507877811
0.5,fixed,3001,4,779839471,edges-cov,sfa,0.935018771570779,0.9669636867901392
0.5,fixed,3001,4,779839471,edges-cov,pca,0.766665353386223,0.8755942858346112
0.5,fixed,3001,4,779839471,node-var,sfa,0.6860439602331575,0.8282777071931596
0.5,fixed,3001,4,779839471,node-var,pca,0.3686944563768543,0.6072021544566966
0.5,proportional,51,4,779839471,edges-corr,sfa,0.05597488439839793,0.23659011897878993
0.5,proportional,51,4,779839471,edges-corr,pca,0.16382175956307987,0.4047490081063571
0.5,proportional,51,4,779839471,edges-cov,sfa,0.1074952709306578,0.3278647143726476
0.5,proportional,51,4,779839471,edges-cov,pca,0.14142050197174716,0.37605917349766504
0.5,proportional,51,4,779839471,node-var,sfa,0.10852885268389878,0.32943717562518454
0.5,proportional,51,4,779839471,node-var,pca,0.10960767553654305,0.3310704993449931
0.5,fixed,3001,4,781842082,edges-corr,sfa,0.40107464124805525,0.6333045406816968
0.5,fixed,3001,4,781842082,edges-corr,pca,0.29554719152381637,0.5436425218135684
0.5,fixed,3001,4,781842082,edges-cov,sfa,0.5356327102204727,0.7318693259185498
0.5,fixed,3001,4,781842082,edges-cov,pca,0.5063276347530863,0.7115670275898723
0.5,fixed,3001,4,781842082,node-var,sfa,0.5631980620371702,0.7504652303985643
0.5,fixed,3001,4,781842082,node-var,pca,0.5665652285657444,0.7527052733744755
0.5,proportional,51,4,781842082,edges-corr,sfa,0.03923255551057636,0.19807209674907858
0.5,proportional,51,4,781842082,edges-corr,pca,0.023961222974627328,0.1547941309437391
0.5,proportional,51,4,781842082,edges-cov,sfa,0.06853374161749382,0.26178949867688356
0.5,proportional,51,4,781842082,edges-cov,pca,0.03230035684107169,0.17972300031178992
0.5,proportional,51,4,781842082,node-var,sfa,0.057932781774018616,0.24069229687303814
0.5,proportional,51,4,781842082,node-var,pca,0.050890942664947536,0.22559020959462658
0.5,fixed,3001,4,786091066,edges-corr,sfa,0.5900257482327766,0.768131335275926
0.5,fixed,3001,4,786091066,edges-corr,pca,0.6038783927784065,0.7770961284026618
0.5,fixed,3001,4,786091066,edges-cov,sfa,0.6064587396308763,0.7787546080960781
0.5,fixed,3001,4,786091066,edges-cov,pca,0.5352271927778378,0.7315922312175257
0.5,fixed,3001,4,786091066,node-var,sfa,0.5455439434839224,0.738609466148331
0.5,fixed,3001,4,786091066,node-var,pca,0.4562648204373332,0.6754737747961302
0.5,proportional,51,4,786091066,edges-corr,sfa,0.024537275430680072,0.15664378516455787
0.5,proportional,51,4,786091066,edges-corr,pca,0.0007921192431400437,0.028144613039449293
0.5,proportional,51,4,786091066,edges-cov,sfa,2.9947818633746515e-05,0.0054724600166543855
0.5,proportional,51,4,786091066,edges-cov,pca,0.04703183647641396,0.21686824681454453
0.5,proportional,51,4,786091066,node-var,sfa,0.03759015293447787,0.1938818014525293
0.5,proportional,51,4,786091066,node-var,pca,0.05787848773229887,0.24057948319068875
0.5,fixed,3001,4,787025148,edges-corr,sfa,0.9099629361948287,0.9539197745066557
0.5,fixed,3001,4,787025148,edges-corr,pca,0.7272021931245163,0.8527615101096652
0.5,fixed,3001,4,787025148,edges-cov,sfa,0.8795851884227588,0.9378620305901921
0.5,fixed,3001,4,787025148,edges-cov,pca,0.7379128633911125,0.8590185465932109
0.5,fixed,3001,4,787025148,node-var,sfa,0.7866785041023703,0.8869489861893807
0.5,fixed,3001,4,787025148,node-var,pca,0.7167803455219798,0.8466288121260578
0.5,proportional,51,4,787025148,edges-corr,sfa,0.016294993485832077,0.1276518448195407
0.5,proportional,51,4,787025148,edges-corr,pca,0.003252410999671884,0.05702991320063443
0.5,proportional,51,4,787025148,edges-cov,sfa,0.008481576823609949,0.09209547667290698
0.5,proportional,51,4,787025148,edges-cov,pca,0.005082798681047551,0.0712937492424652
0.5,proportional,51,4,787025148,node-var,sfa,0.007813442140799598,0.0883936770408356
0.5,proportional,51,4,787025148,node-var,pca,0.016769370914400006,0.12949660580262254
0.5,fixed,3001,4,789848216,edges-corr,sfa,0.9851339904527555,0.9925391631833759
0.5,fixed,3001,4,789848216,edges-corr,pca,0.9775113437154914,0.9886917334111232
0.5,fixed,3001,4,789848216,edges-cov,sfa,0.9791053739774529,0.9894975361148974
0.5,fixed,3001,4,789848216,edges-cov,pca,0.9473781213724473,0.9733335098374286
0.5,fixed,3001,4,789848216,node-var,sfa,0.9674748630416906,0.9836030007282871
0.5,fixed,3001,4,789848216,node-var,pca,0.9218587784762142,0.9601347709963505
0.5,proportional,51,4,789848216,edges-corr,sfa,0.4426748614927246,0.6653381557469288
0.5,proportional,51,4,789848216,edges-corr,pca,0.29800905093390206,0.5459020525093324
0.5,proportional,51,4,789848216,edges-cov,sfa,0.2511962577077791,0.5011948300888377
0.5,proportional,51,4,789848216,edges-cov,pca,0.16325988579622797,0.40405431045371637
0.5,proportional,51,4,789848216,node-var,sfa,0.16697810752095676,0.4086295480272528
0.5,proportional,51,4,789848216,node-var,pca,0.06589141664842435,0.2566932345201646
0.5,fixed,3001,4,793224716,edges-corr,sfa,0.46534239605584715,0.6821600956196774
0.5,fixed,3001,4,793224716,edges-corr,pca,0.6221334369276263,0.788754357786774
0.5,fixed,3001,4,793224716,edges-cov,sfa,0.4545139329093031,0.6741764849869087
0.5,fixed,3001,4,793224716,edges-cov,pca,0.5903576660219627,0.768347360262247
0.5,fixed,3001,4,793224716,node-var,sfa,0.5801460518628891,0.7616731922963349
0.5,fixed,3001,4,793224716,node-var,pca,0.49137880685247504,0.7009841701867993
0.5,proportional,51,4,793224716,edges-corr,sfa,0.047573543238043525,0.2181136016805089
0.5,proportional,51,4,793224716,edges-corr,pca,0.05022034394890684,0.22409896016917816
0.5,proportional,51,4,793224716,edges-cov,sfa,0.013124295965857624,0.11456131967578612
0.5,proportional,51,4,793224716,edges-cov,pca,0.037386676703332955,0.19335634642631513
0.5,proportional,51,4,793224716,node-var,sfa,0.02968011518493796,0.1722791780365174
0.5,proportional,51,4,793224716,node-var,pca,0.0379788104733515,0.19488152932833708
0.5,fixed,3001,4,794812542,edges-corr,sfa,0.9013458772105175,0.949392372631315
0.5,fixed,3001,4,794812542,edges-corr,pca,0.8623892634088052,0.9286491605600069
0.5,fixed,3001,4,794812542,edges-cov,sfa,0.8318544179148635,0.9120605341285543
0.5,fixed,3001,4,794812542,edges-cov,pca,0.8820757278275436,0.9391888669631596
0.5,fixed,3001,4,794812542,node-var,sfa,0.8192084935773873,0.9051013719895618
0.5,fixed,3001,4,794812542,node-var,pca,0.8536040421467854,0.9239069445278488
0.5,proportional,51,4,794812542,edges-corr,sfa,0.0013752173441795579,0.03708392298799552
0.5,proportional,51,4,794812542,edges-corr,pca,0.05081892248355413,0.2254305269557655
0.5,proportional,51,4,794812542,edges-cov,sfa,0.00010351432098842928,0.010174198788521415
0.5,proportional,51,4,794812542,edges-cov,pca,0.037774429275793664,0.1943564490203339
0.5,proportional,51,4,794812542,node-var,sfa,0.014612509141234575,0.12088221184787491
0.5,proportional,51,4,794812542,node-var,pca,0.03605496539212094,0.1898814508900771
0.5,fixed,3001,4,816200189,edges-corr,sfa,0.9427049550300648,0.970929943420258
0.5,fixed,3001,4,816200189,edges-corr,pca,0.910365443222273,0.954130726484727
0.5,fixed,3001,4,816200189,edges-cov,sfa,0.8566323264085628,0.9255443405956103
0.5,fixed,3001,4,816200189,edges-cov,pca,0.8895168104154465,0.9431419884701596
0.5,fixed,3001,4,816200189,node-var,sfa,0.8388869915599766,0.9159077418386509
0.5,fixed,3001,4,816200189,node-var,pca,0.8449403895330844,0.9192063911511301
0.5,proportional,51,4,816200189,edges-corr,sfa,0.0016352750611281497,0.04043853435929775
0.5,proportional,51,4,816200189,edges-corr,pca,0.0425587212548999,0.2062976520828579
0.5,proportional,51,4,816200189,edges-cov,sfa,0.05903958640282714,0.2429806296864568
0.5,proportional,51,4,816200189,edges-cov,pca,0.0787159351993818,0.280563602770177
0.5,proportional,51,4,816200189,node-var,sfa,0.08044292607993508,0.2836246217801536
0.5,proportional,51,4,816200189,node-var,pca,0.07145751888736462,0.2673153921631986
0.5,fixed,3001,4,829720705,edges-corr,sfa,0.9535657704662877,0.9765069228972664
0.5,fixed,3001,4,829720705,edges-corr,pca,0.9097317893906389,0.9537986104994277
0.5,fixed,3001,4,829720705,edges-cov,sfa,0.9082941888446382,0.9530446940435889
0.5,fixed,3001,4,829720705,edges-cov,pca,0.12017288989137453,0.3466596167588234
0.5,fixed,3001,4,829720705,node-var,sfa,0.3513902912603617,0.5927818243336762
0.5,fixed,3001,4,829720705,node-var,pca,0.005770677551385495,0.07596497582034271
0.5,proportional,51,4,829720705,edges-corr,sfa,0.049845948860768985,0.22326206319204597
0.5,proportional,51,4,829720705,edges-corr,pca,0.00015603947182574185,0.012491576034502473
0.5,proportional,51,4,829720705,edges-cov,sfa,0.09073912005858542,0.3012293479370586
0.5,proportional,51,4,829720705,edges-cov,pca,0.000974750107121447,0.0312209882470352
0.5,proportional,51,4,829720705,node-var,sfa,0.00030443698360194116,0.01744812263832102
0.5,proportional,51,4,829720705,node-var,pca,0.005044190371713775,0.07102246385274037
0.5,fixed,3001,4,831882777,edges-corr,sfa,0.5895903888927518,0.7678478943728057
0.5,fixed,3001,4,831882777,edges-corr,pca,0.5484577625824913,0.7405793425302183
0.5,fixed,3001,4,831882777,edges-cov,sfa,0.17855415035466338,0.4225566830079286
0.5,fixed,3001,4,831882777,edges-cov,pca,0.018597436751628282,0.1363724193216054
0.5,fixed,3001,4,831882777,node-var,sfa,0.00040723543373288873,0.020180075166674326
0.5,fixed,3001,4,831882777,node-var,pca,0.0003324156849447979,0.01823227042758118
0.5,proportional,51,4,831882777,edges-corr,sfa,0.012278830597162504,0.11080988492531964
0.5,proportional,51,4,831882777,edges-corr,pca,0.018442069075749967,0.1358015797984324
0.5,proportional,51,4,831882777,edges-cov,sfa,0.019375652576894664,0.1391964531764177
0.5,proportional,51,4,831882777,edges-cov,pca,0.014440027017835755,0.12016666350463343
0.5,proportional,51,4,831882777,node-var,sfa,0.015776808046852886,0.12560576438544893
0.5,proportional,51,4,831882777,node-var,pca,0.008024185135832806,0.08957781609211586
0.5,fixed,3001,4,835479236,edges-corr,sfa,0.8724905565861202,0.9340720296562357
0.5,fixed,3001,4,835479236,edges-corr,pca,0.24233917941754224,0.4922795744468201
0.5,fixed,3001,4,835479236,edges-cov,sfa,0.7926496804428446,0.8903087556813337
0.5,fixed,3001,4,835479236,edges-cov,pca,0.11226134109242558,0.3350542360460849
0.5,fixed,3001,4,835479236,node-var,sfa,0.9189446449327116,0.9586160049429131
0.5,fixed,3001,4,835479236,node-var,pca,0.9181807730513735,0.9582174977797958
0.5,proportional,51,4,835479236,edges-corr,sfa,0.011567861382302036,0.10755399287010407
0.5,proportional,51,4,835479236,edges-corr,pca,0.0029212629530558365,0.054048709078532986
0.5,proportional,51,4,835479236,edges-cov,sfa,0.035313544988531564,0.18791898517321648
0.5,proportional,51,4,835479236,edges-cov,pca,0.0032850911645843084,0.05731571481351755
0.5,proportional,51,4,835479236,node-var,sfa,0.042427218751023066,0.20597868518616935
0.5,proportional,51,4,835479236,node-var,pca,0.055376527265686204,0.23532217758997187
0.5,fixed,3001,4,839068429,edges-corr,sfa,0.32887259022070625,0.5734741408474366
0.5,fixed,3001,4,839068429,edges-corr,pca,0.2951042641876229,0.5432349990451852
0.5,fixed,3001,4,839068429,edges-cov,sfa,0.328074906234764,0.5727782347774427
0.5,fixed,3001,4,839068429,edges-cov,pca,0.5705295405336308,0.7553340588995245
0.5,fixed,3001,4,839068429,node-var,sfa,0.3387777444712923,0.5820461703948338
0.5,fixed,3001,4,839068429,node-var,pca,0.4288690987082112,0.6548809805668591
0.5,proportional,51,4,839068429,edges-corr,sfa,0.09778849016319979,0.31271151268093694
0.5,proportional,51,4,839068429,edges-corr,pca,0.07262380819123881,0.2694880483272661
0.5,proportional,51,4,839068429,edges-cov,sfa,0.06595680988812402,0.25682057917566536
0.5,proportional,51,4,839068429,edges-cov,pca,0.04334179877501099,0.20818693228685384
0.5,proportional,51,4,839068429,node-var,sfa,0.023553383383419835,0.15347111579518782
0.5,proportional,51,4,839068429,node-var,pca,0.059674647927920654,0.24428394938661174
0.5,fixed,3001,4,847657808,edges-corr,sfa,0.8786052192404045,0.937339436511878
0.5,fixed,3001,4,847657808,edges-corr,pca,0.7388567304850105,0.8595677579370988
0.5,fixed,3001,4,847657808,edges-cov,sfa,0.8688940586534399,0.9321448699925565
0.5,fixed,3001,4,847657808,edges-cov,pca,0.7634023911113358,0.8737290146901018
0.5,fixed,3001,4,847657808,node-var,sfa,0.1926247586085129,0.4388903719706244
0.5,fixed,3001,4,847657808,node-var,pca,0.08618653066727833,0.2935754258572713
0.5,proportional,51,4,847657808,edges-corr,sfa,0.07324113316918146,0.27063099077744496
0.5,proportional,51,4,847657808,edges-corr,pca,0.00038260859700534056,0.019560383355272784
0.5,proportional,51,4,847657808,edges-cov,sfa,0.00031144175813380137,0.017647712546780586
0.5,proportional,51,4,847657808,edges-cov,pca,0.0002128221766278804,0.014588426118941754
0.5,proportional,51,4,847657808,node-var,sfa,6.0509400605202046e-05,0.007778778863371401
0.5,proportional,51,4,847657808,node-var,pca,0.005376103510948527,0.07332191698904554
30.0,fixed,3001,0,766640955,edges-corr,sfa,0.6538478662355058,0.8086085989126668
30.0,proportional,3001,0,766640955,edges-corr,sfa,0.6538478662355058,0.8086085989126668
30.0,fixed,3001,0,766640955,edges-corr,pca,0.4339939122200722,0.6587821432158508
30.0,proportional,3001,0,766640955,edges-corr,pca,0.4339939122200722,0.6587821432158508
30.0,fixed,3001,0,766640955,edges-cov,sfa,0.4508664392538012,0.6714658883769197
30.0,proportional,3001,0,766640955,edges-cov,sfa,0.4508664392538012,0.6714658883769197
30.0,fixed,3001,0,766640955,edges-cov,pca,0.2969786976283274,0.5449575191043151
30.0,proportional,3001,0,766640955,edges-cov,pca,0.2969786976283274,0.5449575191043151
30.0,fixed,3001,0,766640955,node-var,sfa,0.4428983162192782,0.6655060602423368
30.0,proportional,3001,0,766640955,node-var,sfa,0.4428983162192782,0.6655060602423368
30.0,fixed,3001,0,766640955,node-var,pca,0.24589940784856523,0.4958824536607083
30.0,proportional,3001,0,766640955,node-var,pca,0.24589940784856523,0.4958824536607083
30.0,fixed,3001,0,767871931,edges-corr,sfa,0.7563323184574737,0.8696736850436921
30.0,proportional,3001,0,767871931,edges-corr,sfa,0.7563323184574737,0.8696736850436921
30.0,fixed,3001,0,767871931,edges-corr,pca,0.7461370077132139,0.8637922248511015
30.0,proportional,3001,0,767871931,edges-corr,pca,0.7461370077132139,0.8637922248511015
30.0,fixed,3001,0,767871931,edges-cov,sfa,0.7072041349519194,0.8409543001566268
30.0,proportional,3001,0,767871931,edges-cov,sfa,0.7072041349519194,0.8409543001566268
30.0,fixed,3001,0,767871931,edges-cov,pca,0.6749958925540487,0.8215813365419459
30.0,proportional,3001,0,767871931,edges-cov,pca,0.6749958925540487,0.8215813365419459
30.0,fixed,3001,0,767871931,node-var,sfa,0.7146064014454877,0.8453439545211681
30.0,proportional,3001,0,767871931,node-var,sfa,0.7146064014454877,0.8453439545211681
30.0,fixed,3001,0,767871931,node-var,pca,0.6227125872227424,0.7891214020812913
30.0,proportional,3001,0,767871931,node-var,pca,0.6227125872227424,0.7891214020812913
30.0,fixed,3001,0,771160300,edges-corr,sfa,0.8906244732147598,0.9437290253111685
30.0,proportional,3001,0,771160300,edges-corr,sfa,0.8906244732147598,0.9437290253111685
30.0,fixed,3001,0,771160300,edges-corr,pca,0.9015425966608306,0.9494959697970469
30.0,proportional,3001,0,771160300,edges-corr,pca,0.9015425966608306,0.9494959697970469
30.0,fixed,3001,0,771160300,edges-cov,sfa,0.49728652267088824,0.7051854526795667
30.0,proportional,3001,0,771160300,edges-cov,sfa,0.49728652267088824,0.7051854526795667
30.0,fixed,3001,0,771160300,edges-cov,pca,0.4966769836438132,0.7047531366683042
30.0,proportional,3001,0,771160300,edges-cov,pca,0.4966769836438132,0.7047531366683042
30.0,fixed,3001,0,771160300,node-var,sfa,0.5234154742906721,0.7234745844123844
30.0,proportional,3001,0,771160300,node-var,sfa,0.5234154742906721,0.7234745844123844
30.0,fixed,3001,0,771160300,node-var,pca,0.5092244030451973,0.7135996097568973
30.0,proportional,3001,0,771160300,node-var,pca,0.5092244030451973,0.7135996097568973
30.0,fixed,3001,0,771990200,edges-corr,sfa,0.7929790784824359,0.8904937273683817
30.0,proportional,3001,0,771990200,edges-corr,sfa,0.7929790784824359,0.8904937273683817
30.0,fixed,3001,0,771990200,edges-corr,pca,0.8530792418607361,0.9236228894200992
30.0,proportional,3001,0,771990200,edges-corr,pca,0.8530792418607361,0.9236228894200992
30.0,fixed,3001,0,771990200,edges-cov,sfa,0.8403042022089914,0.9166810798794677
30.0,proportional,3001,0,771990200,edges-cov,sfa,0.8403042022089914,0.9166810798794677
30.0,fixed,3001,0,771990200,edges-cov,pca,0.5960571083827269,0.7720473485368162
30.0,proportional,3001,0,771990200,edges-cov,pca,0.5960571083827269,0.7720473485368162
30.0,fixed,3001,0,771990200,node-var,sfa,0.556340432462919,0.7458823181058238
30.0,proportional,3001,0,771990200,node-var,sfa,0.556340432462919,0.7458823181058238
30.0,fixed,3001,0,771990200,node-var,pca,0.5066985957912682,0.7118276447225593
30.0,proportional,3001,0,771990200,node-var,pca,0.5066985957912682,0.7118276447225593
30.0,fixed,3001,0,774875821,edges-corr,sfa,0.7483936720576847,0.8650974928051058
30.0,proportional,3001,0,774875821,edges-corr,sfa,0.7483936720576847,0.8650974928051058
30.0,fixed,3001,0,774875821,edges-corr,pca,0.5346750601950566,0.7312147839007728
30.0,proportional,3001,0,774875821,edges-corr,pca,0.5346750601950566,0.7312147839007728
30.0,fixed,3001,0,774875821,edges-cov,sfa,0.6085681900579594,0.7801078066895369
30.0,proportional,3001,0,774875821,edges-cov,sfa,0.6085681900579594,0.7801078066895369
30.0,fixed,3001,0,774875821,edges-cov,pca,0.5087283081274471,0.7132519247274737
30.0,proportional,3001,0,774875821,edges-cov,pca,0.5087283081274471,0.7132519247274737
30.0,fixed,3001,0,774875821,node-var,sfa,0.6012954890150874,0.77543245290295
30.0,proportional,3001,0,774875821,node-var,sfa,0.6012954890150874,0.77543245290295
30.0,fixed,3001,0,774875821,node-var,pca,0.5351427292823739,0.7315345031386916
30.0,proportional,3001,0,774875821,node-var,pca,0.5351427292823739,0.7315345031386916
30.0,fixed,3001,0,778240327,edges-corr,sfa,0.7927080162214655,0.8903415166223956
30.0,proportional,3001,0,778240327,edges-corr,sfa,0.7927080162214655,0.8903415166223956
30.0,fixed,3001,0,778240327,edges-corr,pca,0.6837125099259707,0.826869100841223
30.0,proportional,3001,0,778240327,edges-corr,pca,0.6837125099259707,0.826869100841223
30.0,fixed,3001,0,778240327,edges-cov,sfa,0.7836051095045011,0.8852147250834137
30.0,proportional,3001,0,778240327,edges-cov,sfa,0.7836051095045011,0.8852147250834137
30.0,fixed,3001,0,778240327,edges-cov,pca,0.6950504273407767,0.833696843787225
30.0,proportional,3001,0,778240327,edges-cov,pca,0.6950504273407767,0.833696843787225
30.0,fixed,3001,0,778240327,node-var,sfa,0.7454723470292315,0.8634074050118136
30.0,proportional,3001,0,778240327,node-var,sfa,0.7454723470292315,0.8634074050118136
30.0,fixed,3001,0,778240327,node-var,pca,0.704218613724036,0.8391773434286927
30.0,proportional,3001,0,778240327,node-var,pca,0.704218613724036,0.8391773434286927
30.0,fixed,3001,0,778998620,edges-corr,sfa,0.86933264118227,0.9323800948016149
30.0,proportional,3001,0,778998620,edges-corr,sfa,0.86933264118227,0.9323800948016149
30.0,fixed,3001,0,778998620,edges-corr,pca,0.8352376466258546,0.9139133693222001
30.0,proportional,3001,0,778998620,edges-corr,pca,0.8352376466258546,0.9139133693222001
30.0,fixed,3001,0,778998620,edges-cov,sfa,0.4859969131318628,0.6971347883529131
30.0,proportional,3001,0,778998620,edges-cov,sfa,0.4859969131318628,0.6971347883529131
30.0,fixed,3001,0,778998620,edges-cov,pca,0.5221911231344352,0.7226279285596653
30.0,proportional,3001,0,778998620,edges-cov,pca,0.5221911231344352,0.7226279285596653
30.0,fixed,3001,0,778998620,node-var,sfa,0.553692914585872,0.7441054458783845
30.0,proportional,3001,0,778998620,node-var,sfa,0.553692914585872,0.7441054458783845
30.0,fixed,3001,0,778998620,node-var,pca,0.44496181530960544,0.6670545819568304
30.0,proportional,3001,0,778998620,node-var,pca,0.44496181530960544,0.6670545819568304
30.0,fixed,3001,0,779839471,edges-corr,sfa,0.6705861723205556,0.8188932606393581
30.0,proportional,3001,0,779839471,edges-corr,sfa,0.6705861723205556,0.8188932606393581
30.0,fixed,3001,0,779839471,edges-corr,pca,0.6054782286293217,0.7781248155850826
30.0,proportional,3001,0,779839471,edges-corr,pca,0.6054782286293217,0.7781248155850826
30.0,fixed,3001,0,779839471,edges-cov,sfa,0.39661991311739286,0.6297776695925269
30.0,proportional,3001,0,779839471,edges-cov,sfa,0.39661991311739286,0.6297776695925269
30.0,fixed,3001,0,779839471,edges-cov,pca,0.4035498892652981,0.6352557668099503
30.0,proportional,3001,0,779839471,edges-cov,pca,0.4035498892652981,0.6352557668099503
30.0,fixed,3001,0,779839471,node-var,sfa,0.4177168784376072,0.6463102029502598
30.0,proportional,3001,0,779839471,node-var,sfa,0.4177168784376072,0.6463102029502598
30.0,fixed,3001,0,779839471,node-var,pca,0.40737594416408396,0.6382600913139442
30.0,proportional,3001,0,779839471,node-var,pca,0.40737594416408396,0.6382600913139442
30.0,fixed,3001,0,781842082,edges-corr,sfa,0.8888982368579522,0.9428139990782636
30.0,proportional,3001,0,781842082,edges-corr,sfa,0.8888982368579522,0.9428139990782636
30.0,fixed,3001,0,781842082,edges-corr,pca,0.8353090348608484,0.9139524248344922
30.0,proportional,3001,0,781842082,edges-corr,pca,0.8353090348608484,0.9139524248344922
30.0,fixed,3001,0,781842082,edges-cov,sfa,0.6063033360891799,0.778654824738907
30.0,proportional,3001,0,781842082,edges-cov,sfa,0.6063033360891799,0.778654824738907
30.0,fixed,3001,0,781842082,edges-cov,pca,0.5840945477928472,0.7642607851989048
30.0,proportional,3001,0,781842082,edges-cov,pca,0.5840945477928472,0.7642607851989048
30.0,fixed,3001,0,781842082,node-var,sfa,0.6508797858773747,0.8067712103672091
30.0,proportional,3001,0,781842082,node-var,sfa,0.6508797858773747,0.8067712103672091
30.0,fixed,3001,0,781842082,node-var,pca,0.6097130520548784,0.7808412463842317
30.0,proportional,3001,0,781842082,node-var,pca,0.6097130520548784,0.7808412463842317
30.0,fixed,3001,0,787025148,edges-corr,sfa,0.8472224942012199,0.9204468991751865
30.0,proportional,3001,0,787025148,edges-corr,sfa,0.8472224942012199,0.9204468991751865
30.0,fixed,3001,0,787025148,edges-corr,pca,0.852547539947295,0.923335009596892
30.0,proportional,3001,0,787025148,edges-corr,pca,0.852547539947295,0.923335009596892
30.0,fixed,3001,0,787025148,edges-cov,sfa,0.8090361418398488,0.8994643638520904
30.0,proportional,3001,0,787025148,edges-cov,sfa,0.8090361418398488,0.8994643638520904
30.0,fixed,3001,0,787025148,edges-cov,pca,0.7917556889056029,0.8898065457758811
30.0,proportional,3001,0,787025148,edges-cov,pca,0.7917556889056029,0.8898065457758811
30.0,fixed,3001,0,787025148,node-var,sfa,0.7442692203945893,0.8627103919593136
30.0,proportional,3001,0,787025148,node-var,sfa,0.7442692203945893,0.8627103919593136
30.0,fixed,3001,0,787025148,node-var,pca,0.23621970554084393,0.4860243878046083
30.0,proportional,3001,0,787025148,node-var,pca,0.23621970554084393,0.4860243878046083
30.0,fixed,3001,0,789848216,edges-corr,sfa,0.9330348114870335,0.9659372709897038
30.0,proportional,3001,0,789848216,edges-corr,sfa,0.9330348114870335,0.9659372709897038
30.0,fixed,3001,0,789848216,edges-corr,pca,0.8368210169149481,0.9147792175792738
30.0,proportional,3001,0,789848216,edges-corr,pca,0.8368210169149481,0.9147792175792738
30.0,fixed,3001,0,789848216,edges-cov,sfa,0.9071125359478379,0.9524245565648972
30.0,proportional,3001,0,789848216,edges-cov,sfa,0.9071125359478379,0.9524245565648972
30.0,fixed,3001,0,789848216,edges-cov,pca,0.6584194324368264,0.8114304852769755
30.0,proportional,3001,0,789848216,edges-cov,pca,0.6584194324368264,0.8114304852769755
30.0,fixed,3001,0,789848216,node-var,sfa,0.7779896200719443,0.882037198802831
30.0,proportional,3001,0,789848216,node-var,sfa,0.7779896200719443,0.882037198802831
30.0,fixed,3001,0,789848216,node-var,pca,0.2695699255165098,0.5192012379766746
30.0,proportional,3001,0,789848216,node-var,pca,0.2695699255165098,0.5192012379766746
30.0,fixed,3001,0,793224716,edges-corr,sfa,0.9373830257302627,0.9681854294143558
30.0,proportional,3001,0,793224716,edges-corr,sfa,0.9373830257302627,0.9681854294143558
30.0,fixed,3001,0,793224716,edges-corr,pca,0.9303639716817522,0.9645537681652349
30.0,proportional,3001,0,793224716,edges-corr,pca,0.9303639716817522,0.9645537681652349
30.0,fixed,3001,0,793224716,edges-cov,sfa,0.624476620911693,0.7902383317149916
30.0,proportional,3001,0,793224716,edges-cov,sfa,0.624476620911693,0.7902383317149916
30.0,fixed,3001,0,793224716,edges-cov,pca,0.6012112449163944,0.775378130279925
30.0,proportional,3001,0,793224716,edges-cov,pca,0.6012112449163944,0.775378130279925
30.0,fixed,3001,0,793224716,node-var,sfa,0.6393518884258639,0.7995948276632785
30.0,proportional,3001,0,793224716,node-var,sfa,0.6393518884258639,0.7995948276632785
30.0,fixed,3001,0,793224716,node-var,pca,0.6297941186525795,0.793595689663561
30.0,proportional,3001,0,793224716,node-var,pca,0.6297941186525795,0.793595689663561
30.0,fixed,3001,0,794812542,edges-corr,sfa,0.7708327730828453,0.8779708270112648
30.0,proportional,3001,0,794812542,edges-corr,sfa,0.7708327730828453,0.8779708270112648
30.0,fixed,3001,0,794812542,edges-corr,pca,0.7289684824896498,0.8537965111720983
30.0,proportional,3001,0,794812542,edges-corr,pca,0.7289684824896498,0.8537965111720983
30.0,fixed,3001,0,794812542,edges-cov,sfa,0.6798309361348934,0.8245186087256554
30.0,proportional,3001,0,794812542,edges-cov,sfa,0.6798309361348934,0.8245186087256554
30.0,fixed,3001,0,794812542,edges-cov,pca,0.6428037250520471,0.8017504131910662
30.0,proportional,3001,0,794812542,edges-cov,pca,0.6428037250520471,0.8017504131910662
30.0,fixed,3001,0,794812542,node-var,sfa,0.6675135010472717,0.8170149943833791
30.0,proportional,3001,0,794812542,node-var,sfa,0.6675135010472717,0.8170149943833791
30.0,fixed,3001,0,794812542,node-var,pca,0.673240454852629,0.8205123124320729
30.0,proportional,3001,0,794812542,node-var,pca,0.673240454852629,0.8205123124320729
30.0,fixed,3001,0,816200189,edges-corr,sfa,0.707088002065319,0.8408852490472892
30.0,proportional,3001,0,816200189,edges-corr,sfa,0.707088002065319,0.8408852490472892
30.0,fixed,3001,0,816200189,edges-corr,pca,0.6414137829867952,0.8008831269210267
30.0,proportional,3001,0,816200189,edges-corr,pca,0.6414137829867952,0.8008831269210267
30.0,fixed,3001,0,816200189,edges-cov,sfa,0.4224962286427829,0.6499970989495142
30.0,proportional,3001,0,816200189,edges-cov,sfa,0.4224962286427829,0.6499970989495142
30.0,fixed,3001,0,816200189,edges-cov,pca,0.43449139136641546,0.6591596099325381
30.0,proportional,3001,0,816200189,edges-cov,pca,0.43449139136641546,0.6591596099325381
30.0,fixed,3001,0,816200189,node-var,sfa,0.4370824411259083,0.6611221075761333
30.0,proportional,3001,0,816200189,node-var,sfa,0.4370824411259083,0.6611221075761333
30.0,fixed,3001,0,816200189,node-var,pca,0.43526562398596413,0.6597466362066317
30.0,proportional,3001,0,816200189,node-var,pca,0.43526562398596413,0.6597466362066317
30.0,fixed,3001,0,847657808,edges-corr,sfa,0.6825129962465752,0.8261434477417184
30.0,proportional,3001,0,847657808,edges-corr,sfa,0.6825129962465752,0.8261434477417184
30.0,fixed,3001,0,847657808,edges-corr,pca,0.5602114629058456,0.748472753616221
30.0,proportional,3001,0,847657808,edges-corr,pca,0.5602114629058456,0.748472753616221
30.0,fixed,3001,0,847657808,edges-cov,sfa,0.4101406454258101,0.6404222399525269
30.0,proportional,3001,0,847657808,edges-cov,sfa,0.4101406454258101,0.6404222399525269
30.0,fixed,3001,0,847657808,edges-cov,pca,0.42605724740367046,0.652730608600264
30.0,proportional,3001,0,847657808,edges-cov,pca,0.42605724740367046,0.652730608600264
30.0,fixed,3001,0,847657808,node-var,sfa,0.607095981266883,0.7791636421618275
30.0,proportional,3001,0,847657808,node-var,sfa,0.607095981266883,0.7791636421618275
30.0,fixed,3001,0,847657808,node-var,pca,0.4935457976651293,0.7025281472404716
30.0,proportional,3001,0,847657808,node-var,pca,0.4935457976651293,0.7025281472404716
