length_min,window_mode,edge_win,repeat,subject,feature,method,R2,abs_r
20.0,fixed,3001,0,766640955,edges-corr,sfa,0.5335827940538644,0.7304675174529422
20.0,fixed,3001,0,766640955,edges-corr,pca,0.3522609686567716,0.5935157695097676
20.0,fixed,3001,0,766640955,edges-cov,sfa,0.32491162008695695,0.5700101929675968
20.0,fixed,3001,0,766640955,edges-cov,pca,0.24526130151900882,0.49523863088314185
20.0,fixed,3001,0,766640955,node-var,sfa,0.34232651887683596,0.5850867618369399
20.0,fixed,3001,0,766640955,node-var,pca,0.21454510961563827,0.4631901441261874
20.0,proportional,2001,0,766640955,edges-corr,sfa,0.5397496764710713,0.734676579503574
20.0,proportional,2001,0,766640955,edges-corr,pca,0.317701946082504,0.5636505531643733
20.0,proportional,2001,0,766640955,edges-cov,sfa,0.3154932756180888,0.5616878809606709
20.0,proportional,2001,0,766640955,edges-cov,pca,0.2339059370947903,0.48363822956295577
20.0,proportional,2001,0,766640955,node-var,sfa,0.34050364794300775,0.5835269042152279
20.0,proportional,2001,0,766640955,node-var,pca,0.20249435514221842,0.44999372789208786
20.0,fixed,3001,0,767871931,edges-corr,sfa,0.5026586925272607,0.7089842681803742
20.0,fixed,3001,0,767871931,edges-corr,pca,0.4606853527010028,0.6787380589748911
20.0,fixed,3001,0,767871931,edges-cov,sfa,0.49658498776890153,0.7046878654900349
20.0,fixed,3001,0,767871931,edges-cov,pca,0.48999794599406593,0.6999985328513667
20.0,fixed,3001,0,767871931,node-var,sfa,0.5185562728868623,0.7201085146607158
20.0,fixed,3001,0,767871931,node-var,pca,0.49498545095337293,0.7035520243403276
20.0,proportional,2001,0,767871931,edges-corr,sfa,0.5127845342469062,0.7160897529268982
20.0,proportional,2001,0,767871931,edges-corr,pca,0.4689071986646776,0.6847679889310522
20.0,proportional,2001,0,767871931,edges-cov,sfa,0.5053442367614286,0.7108756830567695
20.0,proportional,2001,0,767871931,edges-cov,pca,0.45633439509650275,0.6755252734698405
20.0,proportional,2001,0,767871931,node-var,sfa,0.5208681047867266,0.7217119264545423
20.0,proportional,2001,0,767871931,node-var,pca,0.4352356161147792,0.6597238938486154
20.0,fixed,3001,0,771160300,edges-corr,sfa,0.7825493977704413,0.8846182214777408
20.0,fixed,3001,0,771160300,edges-corr,pca,0.8004652565312409,0.8946872395039738
20.0,fixed,3001,0,771160300,edges-cov,sfa,0.5519815590443529,0.7429546143906456
20.0,fixed,3001,0,771160300,edges-cov,pca,0.5212272040432041,0.7219606665485344
20.0,fixed,3001,0,771160300,node-var,sfa,0.5483104732712906,0.7404798939007666
20.0,fixed,3001,0,771160300,node-var,pca,0.510081332148318,0.7141997844779274
20.0,proportional,2001,0,771160300,edges-corr,sfa,0.7943216125109686,0.8912472230032297
20.0,proportional,2001,0,771160300,edges-corr,pca,0.8059946312811044,0.8977720374800634
20.0,proportional,2001,0,771160300,edges-cov,sfa,0.5132980067556948,0.7164481884656383
20.0,proportional,2001,0,771160300,edges-cov,pca,0.4924707067064188,0.7017625714630403
20.0,proportional,2001,0,771160300,node-var,sfa,0.5274093655978831,0.726229554340694
20.0,proportional,2001,0,771160300,node-var,pca,0.4868354968029526,0.6977359792951433
20.0,fixed,3001,0,771990200,edges-corr,sfa,0.5608325855484401,0.7488875653584055
20.0,fixed,3001,0,771990200,edges-corr,pca,0.6316458850573691,0.7947615271623112
20.0,fixed,3001,0,771990200,edges-cov,sfa,0.6430543418418305,0.801906691480892
20.0,fixed,3001,0,771990200,edges-cov,pca,0.4761545689384265,0.6900395415760074
20.0,fixed,3001,0,771990200,node-var,sfa,0.5241294400422976,0.7239678446190118
20.0,fixed,3001,0,771990200,node-var,pca,0.40555174771783714,0.6368294494743763
20.0,proportional,2001,0,771990200,edges-corr,sfa,0.5638339564606776,0.7508887776899303
20.0,proportional,2001,0,771990200,edges-corr,pca,0.6506032745067295,0.806599823026716
20.0,proportional,2001,0,771990200,edges-cov,sfa,0.6651260940705257,0.815552631085527
20.0,proportional,2001,0,771990200,edges-cov,pca,0.44806549724618294,0.6693769470531405
20.0,proportional,2001,0,771990200,node-var,sfa,0.4920303772570978,0.7014487702299419
20.0,proportional,2001,0,771990200,node-var,pca,0.3844167812780585,0.6200135331410586
20.0,fixed,3001,0,774875821,edges-corr,sfa,0.5404018643792978,0.7351203060583335
20.0,fixed,3001,0,774875821,edges-corr,pca,0.36466851155734925,0.60387789457584
20.0,fixed,3001,0,774875821,edges-cov,sfa,0.4089947881331183,0.6395270034432622
20.0,fixed,3001,0,774875821,edges-cov,pca,0.3315104736935288,0.5757694622794168
20.0,fixed,3001,0,774875821,node-var,sfa,0.40089213081783226,0.6331604305528199
20.0,fixed,3001,0,774875821,node-var,pca,0.34886959311643934,0.5906518374782553
20.0,proportional,2001,0,774875821,edges-corr,sfa,0.5970187963322373,0.7726699142144965
20.0,proportional,2001,0,774875821,edges-corr,pca,0.3554955580356669,0.5962344824275655
20.0,proportional,2001,0,774875821,edges-cov,sfa,0.42373737656299504,0.6509511322388148
20.0,proportional,2001,0,774875821,edges-cov,pca,0.3256480897228925,0.5706558417495544
20.0,proportional,2001,0,774875821,node-var,sfa,0.41418332263608426,0.6435707596186174
20.0,proportional,2001,0,774875821,node-var,pca,0.34849878744375695,0.5903378587247788
20.0,fixed,3001,0,778240327,edges-corr,sfa,0.45764785899653065,0.6764967546090156
20.0,fixed,3001,0,778240327,edges-corr,pca,0.43897385912938536,0.6625510237931758
20.0,fixed,3001,0,778240327,edges-cov,sfa,0.47282141812730805,0.6876201117821584
20.0,fixed,3001,0,778240327,edges-cov,pca,0.47247603146912076,0.6873689194814679
20.0,fixed,3001,0,778240327,node-var,sfa,0.49221648158684234,0.7015814147957757
20.0,fixed,3001,0,778240327,node-var,pca,0.47464467137960753,0.688944606902186
20.0,proportional,2001,0,778240327,edges-corr,sfa,0.4894152262922431,0.6995821797989448
20.0,proportional,2001,0,778240327,edges-corr,pca,0.45874635510399253,0.6773081684905273
20.0,proportional,2001,0,778240327,edges-cov,sfa,0.54786838676071,0.7401813201916879
20.0,proportional,2001,0,778240327,edges-cov,pca,0.5432789298179852,0.7370745754792966
20.0,proportional,2001,0,778240327,node-var,sfa,0.5718076961117838,0.7561796718451137
20.0,proportional,2001,0,778240327,node-var,pca,0.5525675028181067,0.7433488432883357
20.0,fixed,3001,0,778998620,edges-corr,sfa,0.6854488868961581,0.8279184059411641
20.0,fixed,3001,0,778998620,edges-corr,pca,0.6322802782121121,0.7951605361259524
20.0,fixed,3001,0,778998620,edges-cov,sfa,0.4303639930539392,0.6560213358221966
20.0,fixed,3001,0,778998620,edges-cov,pca,0.4330315187834324,0.6580513040663565
20.0,fixed,3001,0,778998620,node-var,sfa,0.4653155633954078,0.6821404279145225
20.0,fixed,3001,0,778998620,node-var,pca,0.4230350188461749,0.6504114227519185
20.0,proportional,2001,0,778998620,edges-corr,sfa,0.6922723302630853,0.8320290441223103
20.0,proportional,2001,0,778998620,edges-corr,pca,0.6329043136384462,0.7955528352274576
20.0,proportional,2001,0,778998620,edges-cov,sfa,0.4211521837243227,0.6489623900691955
20.0,proportional,2001,0,778998620,edges-cov,pca,0.41981223043375293,0.6479291862802238
20.0,proportional,2001,0,778998620,node-var,sfa,0.4552356814562492,0.6747115542631897
20.0,proportional,2001,0,778998620,node-var,pca,0.4137293670382997,0.6432179778568846
20.0,fixed,3001,0,779839471,edges-corr,sfa,0.3952653971834214,0.6287013577076332
20.0,fixed,3001,0,779839471,edges-corr,pca,0.3238562039041298,0.5690836528175184
20.0,fixed,3001,0,779839471,edges-cov,sfa,0.3476720192305904,0.5896371928827
20.0,fixed,3001,0,779839471,edges-cov,pca,0.33073161622426567,0.5750927022874361
20.0,fixed,3001,0,779839471,node-var,sfa,0.3467846114666101,0.5888842088786301
20.0,fixed,3001,0,779839471,node-var,pca,0.34586099664178177,0.5880994785253442
20.0,proportional,2001,0,779839471,edges-corr,sfa,0.42696007749147546,0.6534218220196472
20.0,proportional,2001,0,779839471,edges-corr,pca,0.37331282446999237,0.6109933096769492
20.0,proportional,2001,0,779839471,edges-cov,sfa,0.37159027746937917,0.6095820514659033
20.0,proportional,2001,0,779839471,edges-cov,pca,0.3528415959516895,0.5940047103783686
20.0,proportional,2001,0,779839471,node-var,sfa,0.3691281984517949,0.6075592139469164
20.0,proportional,2001,0,779839471,node-var,pca,0.3709674797074001,0.6090709972633733
20.0,fixed,3001,0,781842082,edges-corr,sfa,0.7154357346252787,0.8458343423066237
20.0,fixed,3001,0,781842082,edges-corr,pca,0.670191061032043,0.8186519779686866
20.0,fixed,3001,0,781842082,edges-cov,sfa,0.501461426203585,0.7081394115593236
20.0,fixed,3001,0,781842082,edges-cov,pca,0.476909913210852,0.6905866442459281
20.0,fixed,3001,0,781842082,node-var,sfa,0.5370498944315225,0.732836881189479
20.0,fixed,3001,0,781842082,node-var,pca,0.5049290484788719,0.7105835971079489
20.0,proportional,2001,0,781842082,edges-corr,sfa,0.7310139222057329,0.8549935217331959
20.0,proportional,2001,0,781842082,edges-corr,pca,0.6924313043883693,0.8321245726382375
20.0,proportional,2001,0,781842082,edges-cov,sfa,0.4898479823074578,0.6998914075108065
20.0,proportional,2001,0,781842082,edges-cov,pca,0.46789506774367334,0.6840285576960025
20.0,proportional,2001,0,781842082,node-var,sfa,0.5276828473485314,0.7264178187162891
20.0,proportional,2001,0,781842082,node-var,pca,0.49783503675630664,0.7055742602705307
20.0,fixed,3001,0,786091066,edges-corr,sfa,2.1315244777042857e-07,0.00046168435946047443
20.0,fixed,3001,0,786091066,edges-corr,pca,0.037510619913805505,0.193676585868828
20.0,fixed,3001,0,786091066,edges-cov,sfa,0.37704923850976446,0.6140433523048389
20.0,fixed,3001,0,786091066,edges-cov,pca,0.03302923867405734,0.18173948022941339
20.0,fixed,3001,0,786091066,node-var,sfa,0.348647258422003,0.5904635961869309
20.0,fixed,3001,0,786091066,node-var,pca,0.225914614007172,0.47530475908323494
20.0,proportional,2001,0,786091066,edges-corr,sfa,0.006951070120412361,0.08337307791135194
20.0,proportional,2001,0,786091066,edges-corr,pca,0.03300087500452887,0.18166142960058657
20.0,proportional,2001,0,786091066,edges-cov,sfa,0.442704530402314,0.6653604514864961
20.0,proportional,2001,0,786091066,edges-cov,pca,0.028643015209904026,0.16924247460346362
20.0,proportional,2001,0,786091066,node-var,sfa,0.4088887957991517,0.6394441303187884
20.0,proportional,2001,0,786091066,node-var,pca,0.26561458123070414,0.5153780954121975
20.0,fixed,3001,0,787025148,edges-corr,sfa,0.7557334136212936,0.8693292895222694
20.0,fixed,3001,0,787025148,edges-corr,pca,0.7336839548143099,0.8565535329530256
20.0,fixed,3001,0,787025148,edges-cov,sfa,0.727023785334739,0.8526568977817156
20.0,fixed,3001,0,787025148,edges-cov,pca,0.6809237527430485,0.8251810424040584
20.0,fixed,3001,0,787025148,node-var,sfa,0.7011354234962953,0.8373382969244243
20.0,fixed,3001,0,787025148,node-var,pca,0.4489207290501684,0.6700154692618435
20.0,proportional,2001,0,787025148,edges-corr,sfa,0.7747662402301478,0.8802080664423315
20.0,proportional,2001,0,787025148,edges-corr,pca,0.7309068263100047,0.854930889785838
20.0,proportional,2001,0,787025148,edges-cov,sfa,0.7380797102713615,0.8591156559342645
20.0,proportional,2001,0,787025148,edges-cov,pca,0.6726596603090114,0.8201583141741668
20.0,proportional,2001,0,787025148,node-var,sfa,0.7041908658730862,0.8391608104964663
20.0,proportional,2001,0,787025148,node-var,pca,0.4320264688978728,0.6572872042706086
20.0,fixed,3001,0,789848216,edges-corr,sfa,0.5764373791434853,0.7592347325718741
20.0,fixed,3001,0,789848216,edges-corr,pca,0.5337040951391818,0.7305505424946188
20.0,fixed,3001,0,789848216,edges-cov,sfa,0.5625532603049715,0.750035506029529
20.0,fixed,3001,0,789848216,edges-cov,pca,0.4481682435379975,0.6694536903610268
20.0,fixed,3001,0,789848216,node-var,sfa,0.5119292264508191,0.7154922965698646
20.0,fixed,3001,0,789848216,node-var,pca,0.2091543305476163,0.4573339376731365
20.0,proportional,2001,0,789848216,edges-corr,sfa,0.6784513910137511,0.8236816077913547
20.0,proportional,2001,0,789848216,edges-corr,pca,0.6018587473011427,0.7757955576704102
20.0,proportional,2001,0,789848216,edges-cov,sfa,0.6589015045300762,0.8117274816895608
20.0,proportional,2001,0,789848216,edges-cov,pca,0.49018014929000053,0.7001286662392853
20.0,proportional,2001,0,789848216,node-var,sfa,0.5977842188215036,0.7731650657016932
20.0,proportional,2001,0,789848216,node-var,pca,0.24252025273650474,0.49246345319881835
20.0,fixed,3001,0,793224716,edges-corr,sfa,0.8518174289448041,0.922939558662865
20.0,fixed,3001,0,793224716,edges-corr,pca,0.8473505987569641,0.9205164847828441
20.0,fixed,3001,0,793224716,edges-cov,sfa,0.6182568859715181,0.7862931298005331
20.0,fixed,3001,0,793224716,edges-cov,pca,0.5943482156138062,0.7709398261951488
20.0,fixed,3001,0,793224716,node-var,sfa,0.6314265360910574,0.7946235184608227
20.0,fixed,3001,0,793224716,node-var,pca,0.6184945423356107,0.7864442398133581
20.0,proportional,2001,0,793224716,edges-corr,sfa,0.8627495014533005,0.9288430984043002
20.0,proportional,2001,0,793224716,edges-corr,pca,0.859080461666517,0.9268659351095588
20.0,proportional,2001,0,793224716,edges-cov,sfa,0.6033888275554448,0.7767810679692475
20.0,proportional,2001,0,793224716,edges-cov,pca,0.5847738456587509,0.7647050710298389
20.0,proportional,2001,0,793224716,node-var,sfa,0.6207342081656705,0.7878668721082709
20.0,proportional,2001,0,793224716,node-var,pca,0.6091640358517061,0.7804896129044294
20.0,fixed,3001,0,794812542,edges-corr,sfa,0.5490897203105622,0.7410058841268147
20.0,fixed,3001,0,794812542,edges-corr,pca,0.5323218863036061,0.7296039242654923
20.0,fixed,3001,0,794812542,edges-cov,sfa,0.4519427986448987,0.6722669102706891
20.0,fixed,3001,0,794812542,edges-cov,pca,0.4258354573696942,0.6525606924797832
20.0,fixed,3001,0,794812542,node-var,sfa,0.4419548911197715,0.664796879595393
20.0,fixed,3001,0,794812542,node-var,pca,0.4480271362702139,0.6693482921993705
20.0,proportional,2001,0,794812542,edges-corr,sfa,0.6133573169424488,0.7831713203012791
20.0,proportional,2001,0,794812542,edges-corr,pca,0.589789812950386,0.7679777424837168
20.0,proportional,2001,0,794812542,edges-cov,sfa,0.4801915567466991,0.6929585534118899
20.0,proportional,2001,0,794812542,edges-cov,pca,0.4475956801846993,0.6690259189184671
20.0,proportional,2001,0,794812542,node-var,sfa,0.46735278408382475,0.6836320531424962
20.0,proportional,2001,0,794812542,node-var,pca,0.47343378149525006,0.6880652450859948
20.0,fixed,3001,0,816200189,edges-corr,sfa,0.4186181201430775,0.6470070479856286
20.0,fixed,3001,0,816200189,edges-corr,pca,0.383031454942521,0.6188953505581707
20.0,fixed,3001,0,816200189,edges-cov,sfa,0.2502794253080473,0.5002793472731483
20.0,fixed,3001,0,816200189,edges-cov,pca,0.24914871183984566,0.49914798591183923
20.0,fixed,3001,0,816200189,node-var,sfa,0.25852621192709196,0.50845472947657
20.0,fixed,3001,0,816200189,node-var,pca,0.25104275185259656,0.50104166678291
20.0,proportional,2001,0,816200189,edges-corr,sfa,0.4305825004444439,0.6561878545389604
20.0,proportional,2001,0,816200189,edges-corr,pca,0.3841990786201929,0.619837945450416
20.0,proportional,2001,0,816200189,edges-cov,sfa,0.24086438842686975,0.4907793683793867
20.0,proportional,2001,0,816200189,edges-cov,pca,0.23957911910871485,0.48946820030387556
20.0,proportional,2001,0,816200189,node-var,sfa,0.24873274649747235,0.49873113648284717
20.0,proportional,2001,0,816200189,node-var,pca,0.24123111033753666,0.4911528380632007
20.0,fixed,3001,0,829720705,edges-corr,sfa,0.07437465465426542,0.2727171697093262
20.0,fixed,3001,0,829720705,edges-corr,pca,0.09643410727990535,0.31053841514361047
20.0,fixed,3001,0,829720705,edges-cov,sfa,0.1954190622278009,0.4420622831997782
20.0,fixed,3001,0,829720705,edges-cov,pca,0.17591784301078972,0.41942561081887897
20.0,fixed,3001,0,829720705,node-var,sfa,0.18968363406439895,0.4355268465484062
20.0,fixed,3001,0,829720705,node-var,pca,0.19644502924116056,0.44322119674171784
20.0,proportional,2001,0,829720705,edges-corr,sfa,0.12071329421766444,0.34743818762143064
20.0,proportional,2001,0,829720705,edges-corr,pca,0.14543175232045694,0.381355152476608
20.0,proportional,2001,0,829720705,edges-cov,sfa,0.2123631385065286,0.46082875182276617
20.0,proportional,2001,0,829720705,edges-cov,pca,0.19112513333393347,0.4371786057596294
20.0,proportional,2001,0,829720705,node-var,sfa,0.20656136932817992,0.45449023017902146
20.0,proportional,2001,0,829720705,node-var,pca,0.21360224621029178,0.4621712304009108
20.0,fixed,3001,0,831882777,edges-corr,sfa,0.006109584319844513,0.07816382999728527
20.0,fixed,3001,0,831882777,edges-corr,pca,1.5016278254538458e-05,0.0038750842899914393
20.0,fixed,3001,0,831882777,edges-cov,sfa,0.02990208438582599,0.1729221917101041
20.0,fixed,3001,0,831882777,edges-cov,pca,0.02891776341243638,0.17005223730500102
20.0,fixed,3001,0,831882777,node-var,sfa,0.030152438505462658,0.17364457522612867
20.0,fixed,3001,0,831882777,node-var,pca,0.030175604769337828,0.17371126840057852
20.0,proportional,2001,0,831882777,edges-corr,sfa,0.00369717851048899,0.06080442837893462
20.0,proportional,2001,0,831882777,edges-corr,pca,0.0007875685963295444,0.02806365258353845
20.0,proportional,2001,0,831882777,edges-cov,sfa,0.03247530547681519,0.18020906047370422
20.0,proportional,2001,0,831882777,edges-cov,pca,0.03294103452728205,0.1814966515594215
20.0,proportional,2001,0,831882777,node-var,sfa,0.03217169362756529,0.17936469448463177
20.0,proportional,2001,0,831882777,node-var,pca,0.03221463661802011,0.17948436315740743
20.0,fixed,3001,0,835479236,edges-corr,sfa,0.0004219474382579706,0.020541359211550987
20.0,fixed,3001,0,835479236,edges-corr,pca,0.00034686196295634494,0.018624230533268882
20.0,fixed,3001,0,835479236,edges-cov,sfa,1.7535256034563472e-05,0.004187511914557793
20.0,fixed,3001,0,835479236,edges-cov,pca,2.8735256383202376e-05,0.005360527621718069
20.0,fixed,3001,0,835479236,node-var,sfa,3.610814893461954e-05,0.006009005652736528
20.0,fixed,3001,0,835479236,node-var,pca,2.15272050987468e-05,0.004639741921567061
20.0,proportional,2001,0,835479236,edges-corr,sfa,0.0004028736772441077,0.020071713360949227
20.0,proportional,2001,0,835479236,edges-corr,pca,0.00030848189574370354,0.01756365268797193
20.0,proportional,2001,0,835479236,edges-cov,sfa,2.0466364325325625e-05,0.004523976605302643
20.0,proportional,2001,0,835479236,edges-cov,pca,2.729615781253323e-05,0.005224572500457165
20.0,proportional,2001,0,835479236,node-var,sfa,3.9082134060348695e-05,0.0062515705275033645
20.0,proportional,2001,0,835479236,node-var,pca,2.1011168164690265e-05,0.004583794079656095
20.0,fixed,3001,0,839068429,edges-corr,sfa,0.08663695000998883,0.2943415533185704
20.0,fixed,3001,0,839068429,edges-corr,pca,0.003868010062423498,0.062193328118243504
20.0,fixed,3001,0,839068429,edges-cov,sfa,0.011104931277218032,0.1053799377358804
20.0,fixed,3001,0,839068429,edges-cov,pca,0.0014667900440946493,0.03829869507038914
20.0,fixed,3001,0,839068429,node-var,sfa,0.03698793443029852,0.1923224751044415
20.0,fixed,3001,0,839068429,node-var,pca,0.00012491802691168614,0.011176673338327739
20.0,proportional,2001,0,839068429,edges-corr,sfa,0.07252280976875047,0.2693005937029298
20.0,proportional,2001,0,839068429,edges-corr,pca,0.00600253876391302,0.07747605284159112
20.0,proportional,2001,0,839068429,edges-cov,sfa,0.013313554253613422,0.11538437612438446
20.0,proportional,2001,0,839068429,edges-cov,pca,0.004072497950219492,0.06381612609849874
20.0,proportional,2001,0,839068429,node-var,sfa,0.028673361303819155,0.1693321035829271
20.0,proportional,2001,0,839068429,node-var,pca,0.0019573713198360503,0.044242189365311144
20.0,fixed,3001,0,847657808,edges-corr,sfa,0.5647027770677411,0.751467083156502
20.0,fixed,3001,0,847657808,edges-corr,pca,0.48653395761222656,0.6975198618048282
20.0,fixed,3001,0,847657808,edges-cov,sfa,0.2767304028775318,0.5260517112200395
20.0,fixed,3001,0,847657808,edges-cov,pca,0.2922893411179865,0.5406379020360915
20.0,fixed,3001,0,847657808,node-var,sfa,0.5083643027747979,0.7129967060055733
20.0,fixed,3001,0,847657808,node-var,pca,0.3649039974002985,0.6040728411378039
20.0,proportional,2001,0,847657808,edges-corr,sfa,0.5411042497717845,0.7355978859212311
20.0,proportional,2001,0,847657808,edges-corr,pca,0.4318007016785685,0.6571154401462261
20.0,proportional,2001,0,847657808,edges-cov,sfa,0.2507541142327871,0.5007535464006092
20.0,proportional,2001,0,847657808,edges-cov,pca,0.27070674584477433,0.5202948643267338
20.0,proportional,2001,0,847657808,node-var,sfa,0.46366979180457707,0.6809330303374753
20.0,proportional,2001,0,847657808,node-var,pca,0.2691967361839326,0.5188417255617869
20.0,fixed,3001,1,766640955,edges-corr,sfa,0.5305993044588544,0.7284224766293627
20.0,fixed,3001,1,766640955,edges-corr,pca,0.43108769286518667,0.6565726866579105
20.0,fixed,3001,1,766640955,edges-cov,sfa,0.37123717387533234,0.6092923550113954
20.0,fixed,3001,1,766640955,edges-cov,pca,0.28070726889941056,0.5298181470083962
20.0,fixed,3001,1,766640955,node-var,sfa,0.3793442681737559,0.6159093019055288
20.0,fixed,3001,1,766640955,node-var,pca,0.2389784060849307,0.4888541767080759
20.0,proportional,2001,1,766640955,edges-corr,sfa,0.5521583616862616,0.7430735910300282
20.0,proportional,2001,1,766640955,edges-corr,pca,0.424797601680742,0.651764989609554
20.0,proportional,2001,1,766640955,edges-cov,sfa,0.3775002978635966,0.6144105287701348
20.0,proportional,2001,1,766640955,edges-cov,pca,0.2798959728924033,0.5290519567040682
20.0,proportional,2001,1,766640955,node-var,sfa,0.3920880379745377,0.6261693365013474
20.0,proportional,2001,1,766640955,node-var,pca,0.23118867896871628,0.48082083874216214
20.0,fixed,3001,1,767871931,edges-corr,sfa,0.5046013376810304,0.710352966968556
20.0,fixed,3001,1,767871931,edges-corr,pca,0.46463008050753785,0.6816377927517941
20.0,fixed,3001,1,767871931,edges-cov,sfa,0.497502875484973,0.7053388373576015
20.0,fixed,3001,1,767871931,edges-cov,pca,0.4918049724927786,0.7012880809573043
20.0,fixed,3001,1,767871931,node-var,sfa,0.5204805455303178,0.7214433765239776
20.0,fixed,3001,1,767871931,node-var,pca,0.48670264711295863,0.6976407722552909
20.0,proportional,2001,1,767871931,edges-corr,sfa,0.511899314330194,0.715471393090034
20.0,proportional,2001,1,767871931,edges-corr,pca,0.475603571197668,0.6896401751621406
20.0,proportional,2001,1,767871931,edges-cov,sfa,0.503174753570965,0.7093481187477451
20.0,proportional,2001,1,767871931,edges-cov,pca,0.4644200008448539,0.6814836761396812
20.0,proportional,2001,1,767871931,node-var,sfa,0.5210777737134237,0.7218571698843363
20.0,proportional,2001,1,767871931,node-var,pca,0.4377597517154689,0.6616341524705847
20.0,fixed,3001,1,771160300,edges-corr,sfa,0.7810880168487317,0.8837918402252488
20.0,fixed,3001,1,771160300,edges-corr,pca,0.7986195542294928,0.8936551651669076
20.0,fixed,3001,1,771160300,edges-cov,sfa,0.43861685836838143,0.662281555207739
20.0,fixed,3001,1,771160300,edges-cov,pca,0.46239023608023333,0.6799928206093306
20.0,fixed,3001,1,771160300,node-var,sfa,0.47223349629211253,0.6871924739780788
20.0,fixed,3001,1,771160300,node-var,pca,0.4725294697972128,0.6874077900323888
20.0,proportional,2001,1,771160300,edges-corr,sfa,0.7852935083665519,0.8861678782073699
20.0,proportional,2001,1,771160300,edges-corr,pca,0.793191792887846,0.8906131555775751
20.0,proportional,2001,1,771160300,edges-cov,sfa,0.41070285060921685,0.6408610228506777
20.0,proportional,2001,1,771160300,edges-cov,pca,0.43191885314938083,0.6572053356062935
20.0,proportional,2001,1,771160300,node-var,sfa,0.45081552841990297,0.6714279770905461
20.0,proportional,2001,1,771160300,node-var,pca,0.4483138401469703,0.6695624243839929
20.0,fixed,3001,1,771990200,edges-corr,sfa,0.4389985256540996,0.6625696383430949
20.0,fixed,3001,1,771990200,edges-corr,pca,0.5698830928373863,0.7549060158969368
20.0,fixed,3001,1,771990200,edges-cov,sfa,0.6145606516577867,0.7839391887498588
20.0,fixed,3001,1,771990200,edges-cov,pca,0.25400510689124156,0.5039891932286262
20.0,fixed,3001,1,771990200,node-var,sfa,0.2131416315513743,0.46167264544412234
20.0,fixed,3001,1,771990200,node-var,pca,0.14436470119525038,0.3799535513654931
20.0,proportional,2001,1,771990200,edges-corr,sfa,0.43840844726758443,0.6621241932353661
20.0,proportional,2001,1,771990200,edges-corr,pca,0.5835331246986752,0.7638933987793554
20.0,proportional,2001,1,771990200,edges-cov,sfa,0.6303136238090148,0.7939229331673288
20.0,proportional,2001,1,771990200,edges-cov,pca,0.24110006809132498,0.4910194172243344
20.0,proportional,2001,1,771990200,node-var,sfa,0.20995230861372166,0.4582055309724247
20.0,proportional,2001,1,771990200,node-var,pca,0.15026077202803384,0.38763484367124923
20.0,fixed,3001,1,774875821,edges-corr,sfa,0.5503806964708474,0.7418764698188287
20.0,fixed,3001,1,774875821,edges-corr,pca,0.39525932262497976,0.6286965266525494
20.0,fixed,3001,1,774875821,edges-cov,sfa,0.4367591125981787,0.6608775322237689
20.0,fixed,3001,1,774875821,edges-cov,pca,0.36508492570235923,0.6042225796032115
20.0,fixed,3001,1,774875821,node-var,sfa,0.42932824836624056,0.6552314464112972
20.0,fixed,3001,1,774875821,node-var,pca,0.38300941495121194,0.6188775443908204
20.0,proportional,2001,1,774875821,edges-corr,sfa,0.593009541098402,0.7700711272982529
20.0,proportional,2001,1,774875821,edges-corr,pca,0.3735896863122388,0.6112198346849019
20.0,proportional,2001,1,774875821,edges-cov,sfa,0.444969251329614,0.6670601557053262
20.0,proportional,2001,1,774875821,edges-cov,pca,0.35436923586766583,0.5952892035537566
20.0,proportional,2001,1,774875821,node-var,sfa,0.43741126136977454,0.6613707442651017
20.0,proportional,2001,1,774875821,node-var,pca,0.3782980399280967,0.6150593791887875
20.0,fixed,3001,1,778240327,edges-corr,sfa,0.4776959045197783,0.6911554850536732
20.0,fixed,3001,1,778240327,edges-corr,pca,0.4480294173827677,0.6693499961774615
20.0,fixed,3001,1,778240327,edges-cov,sfa,0.47157123232666226,0.686710442855402
20.0,fixed,3001,1,778240327,edges-cov,pca,0.4173206555149357,0.646003603329684
20.0,fixed,3001,1,778240327,node-var,sfa,0.45478079330226573,0.6743743717715448
20.0,fixed,3001,1,778240327,node-var,pca,0.4128124494558212,0.6425048244611251
20.0,proportional,2001,1,778240327,edges-corr,sfa,0.5481583145818714,0.7403771434761283
20.0,proportional,2001,1,778240327,edges-corr,pca,0.4825597061755665,0.6946651755886187
20.0,proportional,2001,1,778240327,edges-cov,sfa,0.5516805548118349,0.742752014343842
20.0,proportional,2001,1,778240327,edges-cov,pca,0.4863476658981616,0.697386310374789
20.0,proportional,2001,1,778240327,node-var,sfa,0.5332199640746822,0.7302191205896229
20.0,proportional,2001,1,778240327,node-var,pca,0.4882279457816647,0.6987331005338624
20.0,fixed,3001,1,778998620,edges-corr,sfa,0.7390656033674982,0.8596892481399881
20.0,fixed,3001,1,778998620,edges-corr,pca,0.6849227603517968,0.827600604368917
20.0,fixed,3001,1,778998620,edges-cov,sfa,0.3929162673311816,0.6268303337675847
20.0,fixed,3001,1,778998620,edges-cov,pca,0.41387678239429965,0.643332559718766
20.0,fixed,3001,1,778998620,node-var,sfa,0.45105078181915004,0.6716031430980278
20.0,fixed,3001,1,778998620,node-var,pca,0.37369011884121417,0.6113019866164465
20.0,proportional,2001,1,778998620,edges-corr,sfa,0.7370086684746845,0.8584920899313426
20.0,proportional,2001,1,778998620,edges-corr,pca,0.6788189121784901,0.823904674205997
20.0,proportional,2001,1,778998620,edges-cov,sfa,0.37983128567652336,0.6163045397176005
20.0,proportional,2001,1,778998620,edges-cov,pca,0.39662230624277217,0.6297795695660285
20.0,proportional,2001,1,778998620,node-var,sfa,0.43613094809222147,0.6604021109083628
20.0,proportional,2001,1,778998620,node-var,pca,0.35982329401994606,0.5998527269421604
20.0,fixed,3001,1,779839471,edges-corr,sfa,0.3664275054041188,0.6053325576938009
20.0,fixed,3001,1,779839471,edges-corr,pca,0.3001826589119741,0.5478892761425196
20.0,fixed,3001,1,779839471,edges-cov,sfa,0.3370654265341476,0.5805733601657482
20.0,fixed,3001,1,779839471,edges-cov,pca,0.3209244204906697,0.566501915699029
20.0,fixed,3001,1,779839471,node-var,sfa,0.3357383589678865,0.5794293390637779
20.0,fixed,3001,1,779839471,node-var,pca,0.3357332807329675,0.5794249569469436
20.0,proportional,2001,1,779839471,edges-corr,sfa,0.4132524473287506,0.6428471414953563
20.0,proportional,2001,1,779839471,edges-corr,pca,0.3602336544694921,0.6001946804741709
20.0,proportional,2001,1,779839471,edges-cov,sfa,0.36204009937457515,0.6016976810447047
20.0,proportional,2001,1,779839471,edges-cov,pca,0.34447518647272846,0.5869200852524374
20.0,proportional,2001,1,779839471,node-var,sfa,0.3598380181525742,0.5998649999396316
20.0,proportional,2001,1,779839471,node-var,pca,0.3622563769199119,0.6018773769796568
20.0,fixed,3001,1,781842082,edges-corr,sfa,0.7027628412606862,0.8383095139986699
20.0,fixed,3001,1,781842082,edges-corr,pca,0.6257371000479228,0.7910354606766519
20.0,fixed,3001,1,781842082,edges-cov,sfa,0.4270698870617026,0.6535058431733435
20.0,fixed,3001,1,781842082,edges-cov,pca,0.40940525812937983,0.6398478398255165
20.0,fixed,3001,1,781842082,node-var,sfa,0.4640182114887914,0.681188822198949
20.0,fixed,3001,1,781842082,node-var,pca,0.434054586176462,0.6588281916983076
20.0,proportional,2001,1,781842082,edges-corr,sfa,0.7180796778843009,0.8473958212572805
20.0,proportional,2001,1,781842082,edges-corr,pca,0.641054564097791,0.8006588312744642
20.0,proportional,2001,1,781842082,edges-cov,sfa,0.4161520009143253,0.6450984428087897
20.0,proportional,2001,1,781842082,edges-cov,pca,0.40269369097115815,0.6345815085323225
20.0,proportional,2001,1,781842082,node-var,sfa,0.4558073101541923,0.6751350310524498
20.0,proportional,2001,1,781842082,node-var,pca,0.42881934652820947,0.654842993799437
20.0,fixed,3001,1,786091066,edges-corr,sfa,0.002781364962459667,0.05273864771170822
20.0,fixed,3001,1,786091066,edges-corr,pca,0.06937080388326299,0.26338337814536245
20.0,fixed,3001,1,786091066,edges-cov,sfa,0.392179384613836,0.6262422730971106
20.0,fixed,3001,1,786091066,edges-cov,pca,0.09636282092254911,0.31042361527845963
20.0,fixed,3001,1,786091066,node-var,sfa,0.38678592600099115,0.6219211573833062
20.0,fixed,3001,1,786091066,node-var,pca,0.2836233897288399,0.5325630382676213
20.0,proportional,2001,1,786091066,edges-corr,sfa,0.006928485750974616,0.08323752609835672
20.0,proportional,2001,1,786091066,edges-corr,pca,0.05815517191281395,0.2411538345388975
20.0,proportional,2001,1,786091066,edges-cov,sfa,0.45714448339233493,0.6761246064094509
20.0,proportional,2001,1,786091066,edges-cov,pca,0.06927777728529219,0.26320671968111337
20.0,proportional,2001,1,786091066,node-var,sfa,0.44235021299200444,0.6650941384435773
20.0,proportional,2001,1,786091066,node-var,pca,0.3122195657454584,0.5587661100545186
20.0,fixed,3001,1,787025148,edges-corr,sfa,0.7385383803154887,0.8593825576048706
20.0,fixed,3001,1,787025148,edges-corr,pca,0.7240477659836921,0.850909963500071
20.0,fixed,3001,1,787025148,edges-cov,sfa,0.7067500270195093,0.8406842611941235
20.0,fixed,3001,1,787025148,edges-cov,pca,0.6686320651273794,0.8176992510253261
20.0,fixed,3001,1,787025148,node-var,sfa,0.6798223688001832,0.8245134133537084
20.0,fixed,3001,1,787025148,node-var,pca,0.42796754511561996,0.6541922845124513
20.0,proportional,2001,1,787025148,edges-corr,sfa,0.7541464808922185,0.8684160759061399
20.0,proportional,2001,1,787025148,edges-corr,pca,0.7226508203661844,0.8500887132330275
20.0,proportional,2001,1,787025148,edges-cov,sfa,0.7160173178192094,0.8461780650780363
20.0,proportional,2001,1,787025148,edges-cov,pca,0.6627301756599353,0.8140824133095711
20.0,proportional,2001,1,787025148,node-var,sfa,0.6796947906337226,0.8244360439923297
20.0,proportional,2001,1,787025148,node-var,pca,0.41279033115025215,0.642487611670647
20.0,fixed,3001,1,789848216,edges-corr,sfa,0.3445883979228716,0.5870165227000613
20.0,fixed,3001,1,789848216,edges-corr,pca,0.27379395129704703,0.5232532382098051
20.0,fixed,3001,1,789848216,edges-cov,sfa,0.31238721923270385,0.5589161110870788
20.0,fixed,3001,1,789848216,edges-cov,pca,0.21642945676699538,0.4652197940404034
20.0,fixed,3001,1,789848216,node-var,sfa,0.27210461195589575,0.521636474909391
20.0,fixed,3001,1,789848216,node-var,pca,0.1304733294285551,0.3612109209707745
20.0,proportional,2001,1,789848216,edges-corr,sfa,0.5110359024509941,0.7148677517212495
20.0,proportional,2001,1,789848216,edges-corr,pca,0.39511599891477434,0.628582531506225
20.0,proportional,2001,1,789848216,edges-cov,sfa,0.4793384362788816,0.692342715913789
20.0,proportional,2001,1,789848216,edges-cov,pca,0.33633802511924116,0.5799465709177365
20.0,proportional,2001,1,789848216,node-var,sfa,0.4487268620561074,0.6698707801181564
20.0,proportional,2001,1,789848216,node-var,pca,0.2500070290437633,0.5000070289943566
20.0,fixed,3001,1,793224716,edges-corr,sfa,0.8444827476336976,0.9189574242769344
20.0,fixed,3001,1,793224716,edges-corr,pca,0.8396030803796483,0.9162985760000112
20.0,fixed,3001,1,793224716,edges-cov,sfa,0.6359797087734455,0.79748335955896
20.0,fixed,3001,1,793224716,edges-cov,pca,0.6158719098166237,0.7847750695687419
20.0,fixed,3001,1,793224716,node-var,sfa,0.6318066860805657,0.7948626837891974
20.0,fixed,3001,1,793224716,node-var,pca,0.6112476309344776,0.7818232734668863
20.0,proportional,2001,1,793224716,edges-corr,sfa,0.8560767745958868,0.9252441702577147
20.0,proportional,2001,1,793224716,edges-corr,pca,0.850634302792983,0.9222983805650875
20.0,proportional,2001,1,793224716,edges-cov,sfa,0.6023860192064256,0.7761353098567451
20.0,proportional,2001,1,793224716,edges-cov,pca,0.5853951188817889,0.7651111807324402
20.0,proportional,2001,1,793224716,node-var,sfa,0.6040907713573844,0.7772327652366339
20.0,proportional,2001,1,793224716,node-var,pca,0.5855426472881792,0.7652075844424042
20.0,fixed,3001,1,794812542,edges-corr,sfa,0.6143613345180264,0.7838120530573809
20.0,fixed,3001,1,794812542,edges-corr,pca,0.6036943972828818,0.7769777328102021
20.0,fixed,3001,1,794812542,edges-cov,sfa,0.4914812774301604,0.701057256884315
20.0,fixed,3001,1,794812542,edges-cov,pca,0.4677102901472933,0.6838934786553337
20.0,fixed,3001,1,794812542,node-var,sfa,0.48586371501235337,0.6970392492624453
20.0,fixed,3001,1,794812542,node-var,pca,0.4918046935415516,0.7012878820723709
20.0,proportional,2001,1,794812542,edges-corr,sfa,0.6512071156749742,0.8069740489476562
20.0,proportional,2001,1,794812542,edges-corr,pca,0.6314843742616935,0.7946599110699454
20.0,proportional,2001,1,794812542,edges-cov,sfa,0.5162885348328167,0.718532208625902
20.0,proportional,2001,1,794812542,edges-cov,pca,0.4813583919450511,0.6937999653682977
20.0,proportional,2001,1,794812542,node-var,sfa,0.5064178258438942,0.7116303997468729
20.0,proportional,2001,1,794812542,node-var,pca,0.5118239063314904,0.7154186930263218
20.0,fixed,3001,1,816200189,edges-corr,sfa,0.490695253902909,0.7004964338973533
20.0,fixed,3001,1,816200189,edges-corr,pca,0.43372027141382397,0.6585744235952562
20.0,fixed,3001,1,816200189,edges-cov,sfa,0.28406731532036883,0.5329796575108368
20.0,fixed,3001,1,816200189,edges-cov,pca,0.2871030083360348,0.5358199402187593
20.0,fixed,3001,1,816200189,node-var,sfa,0.28819047404546305,0.5368337489814357
20.0,fixed,3001,1,816200189,node-var,pca,0.2935163869481561,0.5417715265203185
20.0,proportional,2001,1,816200189,edges-corr,sfa,0.4911732720693132,0.7008375504132989
20.0,proportional,2001,1,816200189,edges-corr,pca,0.4288363450057109,0.6548559727189719
20.0,proportional,2001,1,816200189,edges-cov,sfa,0.2631363829213779,0.5129682084899394
20.0,proportional,2001,1,816200189,edges-cov,pca,0.26614102899382214,0.5158885819572111
20.0,proportional,2001,1,816200189,node-var,sfa,0.26820778925369276,0.5178878153168819
20.0,proportional,2001,1,816200189,node-var,pca,0.2726731114012935,0.5221811097706365
20.0,fixed,3001,1,829720705,edges-corr,sfa,0.05978418114173095,0.24450803901248513
20.0,fixed,3001,1,829720705,edges-corr,pca,0.09197156585653866,0.3032681418423944
20.0,fixed,3001,1,829720705,edges-cov,sfa,0.221982423398563,0.471150107076888
20.0,fixed,3001,1,829720705,edges-cov,pca,0.20764117495528314,0.45567661225400097
20.0,fixed,3001,1,829720705,node-var,sfa,0.21939766143918876,0.4683990408179641
20.0,fixed,3001,1,829720705,node-var,pca,0.2264759090138287,0.47589485079566546
20.0,proportional,2001,1,829720705,edges-corr,sfa,0.08563039578620141,0.29262671748526553
20.0,proportional,2001,1,829720705,edges-corr,pca,0.12171364244610851,0.34887482346266907
20.0,proportional,2001,1,829720705,edges-cov,sfa,0.24472993837712434,0.4947018681763031
20.0,proportional,2001,1,829720705,edges-cov,pca,0.2242425533824599,0.473542557097522
20.0,proportional,2001,1,829720705,node-var,sfa,0.2405297376732264,0.4904383117918363
20.0,proportional,2001,1,829720705,node-var,pca,0.24693340929337834,0.4969239471925038
20.0,fixed,3001,1,831882777,edges-corr,sfa,0.011787470198878552,0.10857011650946384
20.0,fixed,3001,1,831882777,edges-corr,pca,0.0003153248064315624,0.01775738737628828
20.0,fixed,3001,1,831882777,edges-cov,sfa,0.03274898194210705,0.18096679789979997
20.0,fixed,3001,1,831882777,edges-cov,pca,0.030781355669657607,0.17544616174102415
20.0,fixed,3001,1,831882777,node-var,sfa,0.031621283517583934,0.17782374283988045
20.0,fixed,3001,1,831882777,node-var,pca,0.0315922075870848,0.17774196912120896
20.0,proportional,2001,1,831882777,edges-corr,sfa,0.008247096288618536,0.09081352481111245
20.0,proportional,2001,1,831882777,edges-corr,pca,2.6051226485388917e-05,0.005104040211968252
20.0,proportional,2001,1,831882777,edges-cov,sfa,0.033983180355466346,0.18434527483899973
20.0,proportional,2001,1,831882777,edges-cov,pca,0.03373368973263454,0.18366733441914634
20.0,proportional,2001,1,831882777,node-var,sfa,0.03181921817762975,0.17837942195676537
20.0,proportional,2001,1,831882777,node-var,pca,0.031741941154881145,0.17816268171219568
20.0,fixed,3001,1,835479236,edges-corr,sfa,0.0022890248128548184,0.047843754167653046
20.0,fixed,3001,1,835479236,edges-corr,pca,0.0016581936960960424,0.04072092454864013
20.0,fixed,3001,1,835479236,edges-cov,sfa,2.9327389402895816e-06,0.001712524142980058
20.0,fixed,3001,1,835479236,edges-cov,pca,2.5350816998895795e-05,0.005034959483342026
20.0,fixed,3001,1,835479236,node-var,sfa,1.1043128826595724e-05,0.0033231203448860717
20.0,fixed,3001,1,835479236,node-var,pca,1.0460830006015594e-06,0.001022781990749524
20.0,proportional,2001,1,835479236,edges-corr,sfa,0.0021611364925740906,0.04648802525999669
20.0,proportional,2001,1,835479236,edges-corr,pca,0.0015813791244815968,0.0397665578656438
20.0,proportional,2001,1,835479236,edges-cov,sfa,1.4851941469961738e-09,3.853821670752519e-05
20.0,proportional,2001,1,835479236,edges-cov,pca,2.4021312615362246e-05,0.004901154212566898
20.0,proportional,2001,1,835479236,node-var,sfa,1.9040888716949994e-05,0.004363586680352528
20.0,proportional,2001,1,835479236,node-var,pca,1.2649846830510852e-06,0.001124715378685241
20.0,fixed,3001,1,839068429,edges-corr,sfa,0.0819626916037285,0.28629127056850423
20.0,fixed,3001,1,839068429,edges-corr,pca,0.04925854074888727,0.22194265193713278
20.0,fixed,3001,1,839068429,edges-cov,sfa,0.28597461542478836,0.5347659445260032
20.0,fixed,3001,1,839068429,edges-cov,pca,0.24624450857550798,0.4962302979217492
20.0,fixed,3001,1,839068429,node-var,sfa,0.2636609372761866,0.5134792471718663
20.0,fixed,3001,1,839068429,node-var,pca,0.29490300913039114,0.5430497298870437
20.0,proportional,2001,1,839068429,edges-corr,sfa,0.07348689352881908,0.2710846611832161
20.0,proportional,2001,1,839068429,edges-corr,pca,0.02828131632818468,0.16817049779371138
20.0,proportional,2001,1,839068429,edges-cov,sfa,0.2573452072972049,0.5072920335439981
20.0,proportional,2001,1,839068429,edges-cov,pca,0.21250952762717598,0.46098755691143767
20.0,proportional,2001,1,839068429,node-var,sfa,0.23965257148649238,0.4895432273931408
20.0,proportional,2001,1,839068429,node-var,pca,0.26468632490468946,0.5144767486531238
20.0,fixed,3001,1,847657808,edges-corr,sfa,0.5188322541844358,0.720300113969473
20.0,fixed,3001,1,847657808,edges-corr,pca,0.4460793958105962,0.6678917545610188
20.0,fixed,3001,1,847657808,edges-cov,sfa,0.3553862031333013,0.5961427707632638
20.0,fixed,3001,1,847657808,edges-cov,pca,0.35825727709554706,0.5985459690746794
20.0,fixed,3001,1,847657808,node-var,sfa,0.48726514200925475,0.6980437966268698
20.0,fixed,3001,1,847657808,node-var,pca,0.4084399240986871,0.6390930480756986
20.0,proportional,2001,1,847657808,edges-corr,sfa,0.5098330935800365,0.7140259754238892
20.0,proportional,2001,1,847657808,edges-corr,pca,0.4171733893188491,0.64588961078411
20.0,proportional,2001,1,847657808,edges-cov,sfa,0.3318226905828933,0.5760405285940333
20.0,proportional,2001,1,847657808,edges-cov,pca,0.33670583440772767,0.5802635904549998
20.0,proportional,2001,1,847657808,node-var,sfa,0.4378971421196673,0.6617379708915511
20.0,proportional,2001,1,847657808,node-var,pca,0.27899467283513313,0.5281994631151504
20.0,fixed,3001,2,766640955,edges-corr,sfa,0.5193528653102808,0.7206614082287748
20.0,fixed,3001,2,766640955,edges-corr,pca,0.40896338896814255,0.6395024542315241
20.0,fixed,3001,2,766640955,edges-cov,sfa,0.35958147694828746,0.5996511293646394
20.0,fixed,3001,2,766640955,edges-cov,pca,0.2686545527199321,0.5183189681267049
20.0,fixed,3001,2,766640955,node-var,sfa,0.3653645996044008,0.6044539681434814
20.0,fixed,3001,2,766640955,node-var,pca,0.2328731693588623,0.48256934150323133
20.0,proportional,2001,2,766640955,edges-corr,sfa,0.5379854725242263,0.7334749297175919
20.0,proportional,2001,2,766640955,edges-corr,pca,0.3993619147599259,0.6319508800214823
20.0,proportional,2001,2,766640955,edges-cov,sfa,0.3611610445885189,0.6009667583057476
20.0,proportional,2001,2,766640955,edges-cov,pca,0.2614895630308695,0.5113605020246181
20.0,proportional,2001,2,766640955,node-var,sfa,0.3728490610408051,0.6106136757728287
20.0,proportional,2001,2,766640955,node-var,pca,0.22042059695378136,0.4694897197530329
20.0,fixed,3001,2,767871931,edges-corr,sfa,0.6746877265433466,0.8213937706991371
20.0,fixed,3001,2,767871931,edges-corr,pca,0.6424851641777884,0.8015517227090142
20.0,fixed,3001,2,767871931,edges-cov,sfa,0.648834326354049,0.80550253032132
20.0,fixed,3001,2,767871931,edges-cov,pca,0.6163881502632998,0.785103910487841
20.0,fixed,3001,2,767871931,node-var,sfa,0.676299059853168,0.8223740388978533
20.0,fixed,3001,2,767871931,node-var,pca,0.6029406615201982,0.7764925379681367
20.0,proportional,2001,2,767871931,edges-corr,sfa,0.6942114282075174,0.8331935118611506
20.0,proportional,2001,2,767871931,edges-corr,pca,0.6595990699591123,0.812157047595545
20.0,proportional,2001,2,767871931,edges-cov,sfa,0.6568385276059602,0.8104557530216935
20.0,proportional,2001,2,767871931,edges-cov,pca,0.5900791687383831,0.768166107517367
20.0,proportional,2001,2,767871931,node-var,sfa,0.6794089831826933,0.8242626906409711
20.0,proportional,2001,2,767871931,node-var,pca,0.58175945685735,0.7627315758884969
20.0,fixed,3001,2,771160300,edges-corr,sfa,0.7316707330411342,0.8553775383075792
20.0,fixed,3001,2,771160300,edges-corr,pca,0.7592493483565963,0.8713491541033344
20.0,fixed,3001,2,771160300,edges-cov,sfa,0.5527467227167907,0.7434693825012505
20.0,fixed,3001,2,771160300,edges-cov,pca,0.46661915062841436,0.6830952719997514
20.0,fixed,3001,2,771160300,node-var,sfa,0.5031028865293021,0.7092974598356476
20.0,fixed,3001,2,771160300,node-var,pca,0.4283726327713415,0.6545018202964309
20.0,proportional,2001,2,771160300,edges-corr,sfa,0.7520070659836205,0.867183409656585
20.0,proportional,2001,2,771160300,edges-corr,pca,0.776348485523062,0.8811063985257751
20.0,proportional,2001,2,771160300,edges-cov,sfa,0.5400629331680795,0.7348897421845535
20.0,proportional,2001,2,771160300,edges-cov,pca,0.4554398751241985,0.674862856530272
20.0,proportional,2001,2,771160300,node-var,sfa,0.4997383108229401,0.7069217147767779
20.0,proportional,2001,2,771160300,node-var,pca,0.42067521849595313,0.6485948030133707
20.0,fixed,3001,2,771990200,edges-corr,sfa,0.49283933541296115,0.7020251672219174
20.0,fixed,3001,2,771990200,edges-corr,pca,0.6021220028187674,0.7759652072217976
20.0,fixed,3001,2,771990200,edges-cov,sfa,0.6441771128932433,0.8026064495711727
20.0,fixed,3001,2,771990200,edges-cov,pca,0.3296485057860118,0.5741502467002969
20.0,fixed,3001,2,771990200,node-var,sfa,0.2616738150117828,0.511540628896457
20.0,fixed,3001,2,771990200,node-var,pca,0.20810924061139982,0.4561899172618788
20.0,proportional,2001,2,771990200,edges-corr,sfa,0.4979371042749518,0.7056465859585461
20.0,proportional,2001,2,771990200,edges-corr,pca,0.6198130851175423,0.7872820873851648
20.0,proportional,2001,2,771990200,edges-cov,sfa,0.6559034633744012,0.8098786720085924
20.0,proportional,2001,2,771990200,edges-cov,pca,0.31254393247902384,0.559056287397811
20.0,proportional,2001,2,771990200,node-var,sfa,0.2632245170417601,0.5130541073237403
20.0,proportional,2001,2,771990200,node-var,pca,0.21432235278532602,0.46294962229742237
20.0,fixed,3001,2,774875821,edges-corr,sfa,0.5299646310256311,0.7279866970114434
20.0,fixed,3001,2,774875821,edges-corr,pca,0.3703556152839267,0.6085684967889208
20.0,fixed,3001,2,774875821,edges-cov,sfa,0.43157862181251005,0.6569464375521874
20.0,fixed,3001,2,774875821,edges-cov,pca,0.3680089058707801,0.6066373759263273
20.0,fixed,3001,2,774875821,node-var,sfa,0.42723327157442986,0.6536308373802676
20.0,fixed,3001,2,774875821,node-var,pca,0.38357199940445885,0.6193318976158574
20.0,proportional,2001,2,774875821,edges-corr,sfa,0.5763677507741929,0.7591888768772846
20.0,proportional,2001,2,774875821,edges-corr,pca,0.35394635617033965,0.5949339090775879
20.0,proportional,2001,2,774875821,edges-cov,sfa,0.43522310352796156,0.6597144105807918
20.0,proportional,2001,2,774875821,edges-cov,pca,0.35193651117954383,0.5932423713622821
20.0,proportional,2001,2,774875821,node-var,sfa,0.430442536847224,0.6560811968401655
20.0,proportional,2001,2,774875821,node-var,pca,0.37262799224390564,0.6104326271128581
20.0,fixed,3001,2,778240327,edges-corr,sfa,0.49549586331733947,0.7039146704802646
20.0,fixed,3001,2,778240327,edges-corr,pca,0.48061450883502993,0.6932636647301155
20.0,fixed,3001,2,778240327,edges-cov,sfa,0.4851002680290237,0.6964913983883962
20.0,fixed,3001,2,778240327,edges-cov,pca,0.4472342761293848,0.6687557671746726
20.0,fixed,3001,2,778240327,node-var,sfa,0.47686642215775593,0.690555155043937
20.0,fixed,3001,2,778240327,node-var,pca,0.44159157187694986,0.6645235675857929
20.0,proportional,2001,2,778240327,edges-corr,sfa,0.5642001347713201,0.7511325680406357
20.0,proportional,2001,2,778240327,edges-corr,pca,0.5165365937174172,0.7187048029040972
20.0,proportional,2001,2,778240327,edges-cov,sfa,0.5596839514505058,0.7481202787323077
20.0,proportional,2001,2,778240327,edges-cov,pca,0.5079665858476634,0.7127177462696319
20.0,proportional,2001,2,778240327,node-var,sfa,0.5490406149699529,0.7409727491412575
20.0,proportional,2001,2,778240327,node-var,pca,0.5075588696169798,0.7124316596116289
20.0,fixed,3001,2,778998620,edges-corr,sfa,0.739024918110839,0.8596655850450448
20.0,fixed,3001,2,778998620,edges-corr,pca,0.681286921074259,0.8254010667998067
20.0,fixed,3001,2,778998620,edges-cov,sfa,0.3947483003518878,0.6282899811009943
20.0,fixed,3001,2,778998620,edges-cov,pca,0.4123922389349829,0.6421777315782469
20.0,fixed,3001,2,778998620,node-var,sfa,0.4511103084403818,0.6716474584485389
20.0,fixed,3001,2,778998620,node-var,pca,0.3762267050703231,0.6133732184162617
20.0,proportional,2001,2,778998620,edges-corr,sfa,0.7355845863729623,0.8576622799056528
20.0,proportional,2001,2,778998620,edges-corr,pca,0.676397024608581,0.8224335989054563
20.0,proportional,2001,2,778998620,edges-cov,sfa,0.38102323764130597,0.6172707976579695
20.0,proportional,2001,2,778998620,edges-cov,pca,0.3957187230351926,0.6290617799828508
20.0,proportional,2001,2,778998620,node-var,sfa,0.4360892895591153,0.6603705698765772
20.0,proportional,2001,2,778998620,node-var,pca,0.3624661253345707,0.6020515969039287
20.0,fixed,3001,2,779839471,edges-corr,sfa,0.5354387426442604,0.7317367987495643
20.0,fixed,3001,2,779839471,edges-corr,pca,0.4802488573459664,0.6929998970750042
20.0,fixed,3001,2,779839471,edges-cov,sfa,0.30668415856036163,0.5537907172934209
20.0,fixed,3001,2,779839471,edges-cov,pca,0.3150982604499507,0.5613361385568817
20.0,fixed,3001,2,779839471,node-var,sfa,0.32950455890026414,0.5740248765517607
20.0,fixed,3001,2,779839471,node-var,pca,0.3166186721600143,0.5626887880169769
20.0,proportional,2001,2,779839471,edges-corr,sfa,0.5380188809027074,0.7334977034065665
20.0,proportional,2001,2,779839471,edges-corr,pca,0.48155817259244327,0.693943926115391
20.0,proportional,2001,2,779839471,edges-cov,sfa,0.2985469773033384,0.5463945253233586
20.0,proportional,2001,2,779839471,edges-cov,pca,0.30426096744923375,0.551598556424175
20.0,proportional,2001,2,779839471,node-var,sfa,0.3194174375184452,0.5651702730314513
20.0,proportional,2001,2,779839471,node-var,pca,0.30841972174437743,0.5553554913245906
20.0,fixed,3001,2,781842082,edges-corr,sfa,0.7209051727509987,0.8490613480491258
20.0,fixed,3001,2,781842082,edges-corr,pca,0.673367333624575,0.8205896255891705
20.0,fixed,3001,2,781842082,edges-cov,sfa,0.49402304443656136,0.7028677289764849
20.0,fixed,3001,2,781842082,edges-cov,pca,0.47045265776482437,0.685895515195153
20.0,fixed,3001,2,781842082,node-var,sfa,0.532414849236224,0.7296676292917371
20.0,fixed,3001,2,781842082,node-var,pca,0.499763523058101,0.7069395469614789
20.0,proportional,2001,2,781842082,edges-corr,sfa,0.734188805179211,0.8568481809394305
20.0,proportional,2001,2,781842082,edges-corr,pca,0.6948055724740408,0.8335499819891071
20.0,proportional,2001,2,781842082,edges-cov,sfa,0.476409510744464,0.690224246708607
20.0,proportional,2001,2,781842082,edges-cov,pca,0.45803081003612006,0.6767797352433952
20.0,proportional,2001,2,781842082,node-var,sfa,0.5184356857425487,0.7200247813391902
20.0,proportional,2001,2,781842082,node-var,pca,0.48883952768381833,0.6991705998422834
20.0,fixed,3001,2,786091066,edges-corr,sfa,0.0059030133844480024,0.07683107043669249
20.0,fixed,3001,2,786091066,edges-corr,pca,0.07969343305983911,0.2823002533825273
20.0,fixed,3001,2,786091066,edges-cov,sfa,0.40776601144738395,0.6385655889941017
20.0,fixed,3001,2,786091066,edges-cov,pca,0.13667914787375354,0.3697014307164006
20.0,fixed,3001,2,786091066,node-var,sfa,0.4091193189899552,0.6396243577209636
20.0,fixed,3001,2,786091066,node-var,pca,0.3291350539694594,0.573702931811804
20.0,proportional,2001,2,786091066,edges-corr,sfa,0.011917430657579402,0.1091669851996445
20.0,proportional,2001,2,786091066,edges-corr,pca,0.0685459733048978,0.26181285931920495
20.0,proportional,2001,2,786091066,edges-cov,sfa,0.46418961197550673,0.681314620403457
20.0,proportional,2001,2,786091066,edges-cov,pca,0.11179448383941414,0.33435682113486803
20.0,proportional,2001,2,786091066,node-var,sfa,0.45812625026547593,0.6768502421255945
20.0,proportional,2001,2,786091066,node-var,pca,0.3536525172565485,0.594686906915352
20.0,fixed,3001,2,787025148,edges-corr,sfa,0.7549810221099366,0.8688964392319355
20.0,fixed,3001,2,787025148,edges-corr,pca,0.7358774114903556,0.8578329741216267
20.0,fixed,3001,2,787025148,edges-cov,sfa,0.7258571371177496,0.8519724978646609
20.0,fixed,3001,2,787025148,edges-cov,pca,0.6844242290083687,0.8272993587622129
20.0,fixed,3001,2,787025148,node-var,sfa,0.6993404707118926,0.8362657895142505
20.0,fixed,3001,2,787025148,node-var,pca,0.4578584305838262,0.6766523705595261
20.0,proportional,2001,2,787025148,edges-corr,sfa,0.7744772156321307,0.8800438714246754
20.0,proportional,2001,2,787025148,edges-corr,pca,0.7343341652778427,0.8569329992933186
20.0,proportional,2001,2,787025148,edges-cov,sfa,0.7375182691367819,0.8587888385026798
20.0,proportional,2001,2,787025148,edges-cov,pca,0.6777211555969106,0.8232382131539513
20.0,proportional,2001,2,787025148,node-var,sfa,0.7008979848322245,0.8371965031175325
20.0,proportional,2001,2,787025148,node-var,pca,0.4412702930288385,0.6642817873680104
20.0,fixed,3001,2,789848216,edges-corr,sfa,0.36816383841351097,0.6067650603104228
20.0,fixed,3001,2,789848216,edges-corr,pca,0.30212854922588983,0.5496622137512182
20.0,fixed,3001,2,789848216,edges-cov,sfa,0.341948750237369,0.5847638414243557
20.0,fixed,3001,2,789848216,edges-cov,pca,0.2445478779884666,0.49451782373183134
20.0,fixed,3001,2,789848216,node-var,sfa,0.288269493039829,0.5369073412050063
20.0,fixed,3001,2,789848216,node-var,pca,0.16813551146513858,0.41004330437788955
20.0,proportional,2001,2,789848216,edges-corr,sfa,0.5312906351348868,0.7288968617951972
20.0,proportional,2001,2,789848216,edges-corr,pca,0.4270340673047327,0.6534784367557454
20.0,proportional,2001,2,789848216,edges-cov,sfa,0.4957250422669314,0.7040774405325961
20.0,proportional,2001,2,789848216,edges-cov,pca,0.3540565548654867,0.5950265161028429
20.0,proportional,2001,2,789848216,node-var,sfa,0.4544693143387975,0.6741433930098236
20.0,proportional,2001,2,789848216,node-var,pca,0.2688805995427953,0.5185369799183037
20.0,fixed,3001,2,793224716,edges-corr,sfa,0.847359342371091,0.9205212340685526
20.0,fixed,3001,2,793224716,edges-corr,pca,0.8426807729399768,0.9179764555477318
20.0,fixed,3001,2,793224716,edges-cov,sfa,0.6077071066409176,0.7795557110565721
20.0,fixed,3001,2,793224716,edges-cov,pca,0.5848474089839514,0.7647531686655188
20.0,fixed,3001,2,793224716,node-var,sfa,0.6228644488517595,0.7892176181838312
20.0,fixed,3001,2,793224716,node-var,pca,0.6105286759410657,0.781363344380235
20.0,proportional,2001,2,793224716,edges-corr,sfa,0.860944904895259,0.9278711682638161
20.0,proportional,2001,2,793224716,edges-corr,pca,0.8575205158597956,0.9260240363294009
20.0,proportional,2001,2,793224716,edges-cov,sfa,0.5956081504400913,0.7717565357287823
20.0,proportional,2001,2,793224716,edges-cov,pca,0.5780297264906185,0.760282662232027
20.0,proportional,2001,2,793224716,node-var,sfa,0.6150604112864377,0.7842578729515169
20.0,proportional,2001,2,793224716,node-var,pca,0.6040870254293664,0.7772303554477054
20.0,fixed,3001,2,794812542,edges-corr,sfa,0.5691901360660943,0.7544469073871893
20.0,fixed,3001,2,794812542,edges-corr,pca,0.5540332577080974,0.7443341035503461
20.0,fixed,3001,2,794812542,edges-cov,sfa,0.45937022728887317,0.6777685646951127
20.0,fixed,3001,2,794812542,edges-cov,pca,0.434118316194049,0.65887655611203
20.0,fixed,3001,2,794812542,node-var,sfa,0.4522142494604234,0.6724687721079867
20.0,fixed,3001,2,794812542,node-var,pca,0.45876663964699876,0.6773231427073777
20.0,proportional,2001,2,794812542,edges-corr,sfa,0.6023734415543315,0.776127207070034
20.0,proportional,2001,2,794812542,edges-corr,pca,0.5827410794736696,0.7633747962001821
20.0,proportional,2001,2,794812542,edges-cov,sfa,0.4832915819428394,0.6951917591160294
20.0,proportional,2001,2,794812542,edges-cov,pca,0.44742497199479203,0.6688983270982161
20.0,proportional,2001,2,794812542,node-var,sfa,0.4713574228794293,0.6865547486394871
20.0,proportional,2001,2,794812542,node-var,pca,0.4779834159197294,0.6913634470520765
20.0,fixed,3001,2,816200189,edges-corr,sfa,0.455005812469703,0.6745411866370378
20.0,fixed,3001,2,816200189,edges-corr,pca,0.4271674233494881,0.6535804643266873
20.0,fixed,3001,2,816200189,edges-cov,sfa,0.26336136664916526,0.5131874576109253
20.0,fixed,3001,2,816200189,edges-cov,pca,0.26599239052296997,0.5157445012047825
20.0,fixed,3001,2,816200189,node-var,sfa,0.2704488323336244,0.52004695204724
20.0,fixed,3001,2,816200189,node-var,pca,0.26451081951850736,0.5143061534908049
20.0,proportional,2001,2,816200189,edges-corr,sfa,0.46836057728156366,0.6843687436474314
20.0,proportional,2001,2,816200189,edges-corr,pca,0.42636497052836553,0.6529662859048433
20.0,proportional,2001,2,816200189,edges-cov,sfa,0.25470336365592655,0.5046814477033276
20.0,proportional,2001,2,816200189,edges-cov,pca,0.2554427818697751,0.505413476145794
20.0,proportional,2001,2,816200189,node-var,sfa,0.2606678962234251,0.5105564574299547
20.0,proportional,2001,2,816200189,node-var,pca,0.2545459895671939,0.5045255093324755
20.0,fixed,3001,2,829720705,edges-corr,sfa,0.24133831934075692,0.4912619661043962
20.0,fixed,3001,2,829720705,edges-corr,pca,0.250507967240701,0.5005077094717932
20.0,fixed,3001,2,829720705,edges-cov,sfa,0.27641011024491197,0.5257471923319343
20.0,fixed,3001,2,829720705,edges-cov,pca,0.256329781876341,0.5062902150707053
20.0,fixed,3001,2,829720705,node-var,sfa,0.2703533560315771,0.5199551480960422
20.0,fixed,3001,2,829720705,node-var,pca,0.27883317148448905,0.52804656185273
20.0,proportional,2001,2,829720705,edges-corr,sfa,0.2586022591326,0.5085295066489259
20.0,proportional,2001,2,829720705,edges-corr,pca,0.26496187234218954,0.5147444728622053
20.0,proportional,2001,2,829720705,edges-cov,sfa,0.2844105842033791,0.5333015884125784
20.0,proportional,2001,2,829720705,edges-cov,pca,0.26199445836280677,0.5118539424120975
20.0,proportional,2001,2,829720705,node-var,sfa,0.27806328336639463,0.5273170615164985
20.0,proportional,2001,2,829720705,node-var,pca,0.28600300725954364,0.534792489905705
20.0,fixed,3001,2,831882777,edges-corr,sfa,0.016475389777494433,0.12835649487850015
20.0,fixed,3001,2,831882777,edges-corr,pca,8.045388102947285e-07,0.0008969608744503455
20.0,fixed,3001,2,831882777,edges-cov,sfa,0.0384552037732699,0.196099984123584
20.0,fixed,3001,2,831882777,edges-cov,pca,0.03793897978640326,0.19477931046803523
20.0,fixed,3001,2,831882777,node-var,sfa,0.03797989578932099,0.19488431386163688
20.0,fixed,3001,2,831882777,node-var,pca,0.03786817857288713,0.19459747833126495
20.0,proportional,2001,2,831882777,edges-corr,sfa,0.012282166375377396,0.11082493571113586
20.0,proportional,2001,2,831882777,edges-corr,pca,0.00048364226793798143,0.02199186822300419
20.0,proportional,2001,2,831882777,edges-cov,sfa,0.03891575402920894,0.19727076323978912
20.0,proportional,2001,2,831882777,edges-cov,pca,0.04006489161053137,0.20016216328400172
20.0,proportional,2001,2,831882777,node-var,sfa,0.03788954010139489,0.19465235704042963
20.0,proportional,2001,2,831882777,node-var,pca,0.0377801905741291,0.19437126992981524
20.0,fixed,3001,2,835479236,edges-corr,sfa,7.281464213907947e-06,0.002698418835894077
20.0,fixed,3001,2,835479236,edges-corr,pca,1.236514344633125e-05,0.0035164105912608174
20.0,fixed,3001,2,835479236,edges-cov,sfa,3.379477859676495e-05,0.005813327669826031
20.0,fixed,3001,2,835479236,edges-cov,pca,2.7002293244146156e-05,0.005196373085542084
20.0,fixed,3001,2,835479236,node-var,sfa,3.686138059428958e-05,0.006071357393062081
20.0,fixed,3001,2,835479236,node-var,pca,4.015952761678706e-05,0.006337154536287328
20.0,proportional,2001,2,835479236,edges-corr,sfa,1.0579244444466509e-06,0.0010285545413086516
20.0,proportional,2001,2,835479236,edges-corr,pca,1.9323056008301267e-06,0.0013900739551657411
20.0,proportional,2001,2,835479236,edges-cov,sfa,2.9637685880660946e-05,0.005444050503132842
20.0,proportional,2001,2,835479236,edges-cov,pca,2.4216650800369995e-05,0.00492104163773992
20.0,proportional,2001,2,835479236,node-var,sfa,3.424653787433016e-05,0.0058520541585267444
20.0,proportional,2001,2,835479236,node-var,pca,3.776209254113195e-05,0.006145086861968019
20.0,fixed,3001,2,839068429,edges-corr,sfa,0.03504078001323836,0.18719182678001292
20.0,fixed,3001,2,839068429,edges-corr,pca,0.00267055909677434,0.0516774524988833
20.0,fixed,3001,2,839068429,edges-cov,sfa,0.00977637271008216,0.0988755415159996
20.0,fixed,3001,2,839068429,edges-cov,pca,0.0011195570193571593,0.033459782117598424
20.0,fixed,3001,2,839068429,node-var,sfa,0.01576517402078929,0.1255594441720307
20.0,fixed,3001,2,839068429,node-var,pca,0.0010899288441714762,0.03301407039690011
20.0,proportional,2001,2,839068429,edges-corr,sfa,0.028143640020511666,0.1677606629115171
20.0,proportional,2001,2,839068429,edges-corr,pca,0.005889975850004384,0.07674617808076428
20.0,proportional,2001,2,839068429,edges-cov,sfa,0.006937619927351137,0.08329237616583607
20.0,proportional,2001,2,839068429,edges-cov,pca,0.002653314187544449,0.05151033088172167
20.0,proportional,2001,2,839068429,node-var,sfa,0.012684484738553105,0.11262541781744077
20.0,proportional,2001,2,839068429,node-var,pca,0.0020252562768211142,0.045002847430147284
20.0,fixed,3001,2,847657808,edges-corr,sfa,0.46242227117840323,0.6800163756692946
20.0,fixed,3001,2,847657808,edges-corr,pca,0.3852420117113389,0.6206786702564693
20.0,fixed,3001,2,847657808,edges-cov,sfa,0.28572030091955775,0.5345281105045437
20.0,fixed,3001,2,847657808,edges-cov,pca,0.2972322530659741,0.5451901072708254
20.0,fixed,3001,2,847657808,node-var,sfa,0.41461651953395917,0.6439072289809761
20.0,fixed,3001,2,847657808,node-var,pca,0.3197083689534779,0.5654275983302176
20.0,proportional,2001,2,847657808,edges-corr,sfa,0.4423481706356636,0.6650926030528859
20.0,proportional,2001,2,847657808,edges-corr,pca,0.34983325101224516,0.5914670329039863
20.0,proportional,2001,2,847657808,edges-cov,sfa,0.2622308131333393,0.5120847714327573
20.0,proportional,2001,2,847657808,edges-cov,pca,0.27563650152815794,0.5250109537220704
20.0,proportional,2001,2,847657808,node-var,sfa,0.3436582100673262,0.5862236860340311
20.0,proportional,2001,2,847657808,node-var,pca,0.20639712757083734,0.4543095063619485
20.0,fixed,3001,3,766640955,edges-corr,sfa,0.5295574847432223,0.7277070047369493
20.0,fixed,3001,3,766640955,edges-corr,pca,0.3513649671973078,0.5927604635915825
20.0,fixed,3001,3,766640955,edges-cov,sfa,0.3244147873740691,0.5695742158613477
20.0,fixed,3001,3,766640955,edges-cov,pca,0.24390018098936245,0.49386251223327576
20.0,fixed,3001,3,766640955,node-var,sfa,0.3413067385351412,0.5842146339618182
20.0,fixed,3001,3,766640955,node-var,pca,0.21425911975148468,0.46288132361490314
20.0,proportional,2001,3,766640955,edges-corr,sfa,0.5433769528592027,0.7371410671365439
20.0,proportional,2001,3,766640955,edges-corr,pca,0.33325647996771623,0.5772837083858475
20.0,proportional,2001,3,766640955,edges-cov,sfa,0.3146177898732138,0.5609080048218369
20.0,proportional,2001,3,766640955,edges-cov,pca,0.23361219490651722,0.4833344544996945
20.0,proportional,2001,3,766640955,node-var,sfa,0.337742884271833,0.5811565058328376
20.0,proportional,2001,3,766640955,node-var,pca,0.19875637235179877,0.4458210093207797
20.0,fixed,3001,3,767871931,edges-corr,sfa,0.5012812969168166,0.7080122152313593
20.0,fixed,3001,3,767871931,edges-corr,pca,0.45850950754616693,0.6771333011646724
20.0,fixed,3001,3,767871931,edges-cov,sfa,0.49495007700181265,0.703526884349001
20.0,fixed,3001,3,767871931,edges-cov,pca,0.48852252733829626,0.6989438656561028
20.0,fixed,3001,3,767871931,node-var,sfa,0.5171726100831329,0.7191471407738008
20.0,fixed,3001,3,767871931,node-var,pca,0.49129349536084244,0.7009233163198685
20.0,proportional,2001,3,767871931,edges-corr,sfa,0.5112524771604201,0.7150192145393158
20.0,proportional,2001,3,767871931,edges-corr,pca,0.4662006144277407,0.6827888505443983
20.0,proportional,2001,3,767871931,edges-cov,sfa,0.5039557384536765,0.7098984000923487
20.0,proportional,2001,3,767871931,edges-cov,pca,0.45621143454906854,0.6754342562744864
20.0,proportional,2001,3,767871931,node-var,sfa,0.5189933208542051,0.7204119105443809
20.0,proportional,2001,3,767871931,node-var,pca,0.4326676701628164,0.6577747868099053
20.0,fixed,3001,3,771160300,edges-corr,sfa,0.7914983706829365,0.8896619417975214
20.0,fixed,3001,3,771160300,edges-corr,pca,0.8052698691499504,0.8973683018415295
20.0,fixed,3001,3,771160300,edges-cov,sfa,0.43558199309462897,0.6599863582640394
20.0,fixed,3001,3,771160300,edges-cov,pca,0.457956004004782,0.6767244668288431
20.0,fixed,3001,3,771160300,node-var,sfa,0.469655575811096,0.6853142168458903
20.0,fixed,3001,3,771160300,node-var,pca,0.46904461658892194,0.6848683206200459
20.0,proportional,2001,3,771160300,edges-corr,sfa,0.7950649179238674,0.8916641284272163
20.0,proportional,2001,3,771160300,edges-corr,pca,0.7969697365746728,0.8927316150863444
20.0,proportional,2001,3,771160300,edges-cov,sfa,0.40952147057792393,0.6399386459481283
20.0,proportional,2001,3,771160300,edges-cov,pca,0.4282773855165758,0.6544290530810623
20.0,proportional,2001,3,771160300,node-var,sfa,0.4492026463073733,0.6702258173984148
20.0,proportional,2001,3,771160300,node-var,pca,0.4456124537365356,0.6675420988496048
20.0,fixed,3001,3,771990200,edges-corr,sfa,0.6575081641059354,0.8108687711990982
20.0,fixed,3001,3,771990200,edges-corr,pca,0.6416800903211756,0.8010493682172002
20.0,fixed,3001,3,771990200,edges-cov,sfa,0.6392196732629832,0.7995121470390448
20.0,fixed,3001,3,771990200,edges-cov,pca,0.5125021319978744,0.7158925422141751
20.0,fixed,3001,3,771990200,node-var,sfa,0.5541122862903224,0.7443871884243591
20.0,fixed,3001,3,771990200,node-var,pca,0.4442514788628473,0.6665219267682402
20.0,proportional,2001,3,771990200,edges-corr,sfa,0.684692148564133,0.8274612671080943
20.0,proportional,2001,3,771990200,edges-corr,pca,0.6593623096299355,0.8120112743243997
20.0,proportional,2001,3,771990200,edges-cov,sfa,0.6622972752963984,0.8138164874812984
20.0,proportional,2001,3,771990200,edges-cov,pca,0.4902194846475537,0.7001567571962394
20.0,proportional,2001,3,771990200,node-var,sfa,0.5457586310503154,0.7387547841133182
20.0,proportional,2001,3,771990200,node-var,pca,0.42396992406495093,0.6511297290593872
20.0,fixed,3001,3,774875821,edges-corr,sfa,0.593326225905459,0.7702767203450063
20.0,fixed,3001,3,774875821,edges-corr,pca,0.43692859312509313,0.661005743640018
20.0,fixed,3001,3,774875821,edges-cov,sfa,0.4712679265252969,0.6864895676740448
20.0,fixed,3001,3,774875821,edges-cov,pca,0.3911282496235763,0.6254024701131075
20.0,fixed,3001,3,774875821,node-var,sfa,0.46569174419778214,0.6824161078094377
20.0,fixed,3001,3,774875821,node-var,pca,0.41436491023216176,0.6437118223492262
20.0,proportional,2001,3,774875821,edges-corr,sfa,0.6367372333203546,0.7979581651442352
20.0,proportional,2001,3,774875821,edges-corr,pca,0.4316569891805328,0.6570060800179347
20.0,proportional,2001,3,774875821,edges-cov,sfa,0.4770633225058567,0.6906977070367736
20.0,proportional,2001,3,774875821,edges-cov,pca,0.37939414685628803,0.615949792480108
20.0,proportional,2001,3,774875821,node-var,sfa,0.4720429297907742,0.687053804145479
20.0,proportional,2001,3,774875821,node-var,pca,0.4074852967731898,0.6383457501802529
20.0,fixed,3001,3,778240327,edges-corr,sfa,0.425354633354831,0.6521921751714221
20.0,fixed,3001,3,778240327,edges-corr,pca,0.4303667033647732,0.6560234015374552
20.0,fixed,3001,3,778240327,edges-cov,sfa,0.43973817776065616,0.6631275727645897
20.0,fixed,3001,3,778240327,edges-cov,pca,0.46415432976544674,0.6812887271674519
20.0,fixed,3001,3,778240327,node-var,sfa,0.47441788666212903,0.6887799987384426
20.0,fixed,3001,3,778240327,node-var,pca,0.46055125317175155,0.678639265863501
20.0,proportional,2001,3,778240327,edges-corr,sfa,0.4634115875073976,0.6807434079793925
20.0,proportional,2001,3,778240327,edges-corr,pca,0.46453348639276565,0.6815669346386792
20.0,proportional,2001,3,778240327,edges-cov,sfa,0.5196042158879588,0.7208357759489735
20.0,proportional,2001,3,778240327,edges-cov,pca,0.5393299074604676,0.7343908410788275
20.0,proportional,2001,3,778240327,node-var,sfa,0.5569417344652515,0.7462852902645553
20.0,proportional,2001,3,778240327,node-var,pca,0.5410939438257233,0.7355908807385552
20.0,fixed,3001,3,778998620,edges-corr,sfa,0.741607904285334,0.8611665949659996
20.0,fixed,3001,3,778998620,edges-corr,pca,0.6840294143573867,0.8270607077823168
20.0,fixed,3001,3,778998620,edges-cov,sfa,0.38178960769349934,0.6178912587935674
20.0,fixed,3001,3,778998620,edges-cov,pca,0.4029676084816976,0.6347972971600443
20.0,fixed,3001,3,778998620,node-var,sfa,0.44025498041319,0.6635171289523655
20.0,fixed,3001,3,778998620,node-var,pca,0.3585441590835805,0.5987855702032077
20.0,proportional,2001,3,778998620,edges-corr,sfa,0.7389313594563555,0.8596111675963473
20.0,proportional,2001,3,778998620,edges-corr,pca,0.6752833759429258,0.8217562752683583
20.0,proportional,2001,3,778998620,edges-cov,sfa,0.3679176634834456,0.6065621678636458
20.0,proportional,2001,3,778998620,edges-cov,pca,0.3880248399201645,0.6229163988210332
20.0,proportional,2001,3,778998620,node-var,sfa,0.4267014661868093,0.6532239020326869
20.0,proportional,2001,3,778998620,node-var,pca,0.34743533969808804,0.5894364594238195
20.0,fixed,3001,3,779839471,edges-corr,sfa,0.5275718552433444,0.7263414178217736
20.0,fixed,3001,3,779839471,edges-corr,pca,0.476838044680146,0.6905346078801163
20.0,fixed,3001,3,779839471,edges-cov,sfa,0.3093105502631688,0.5561569475095756
20.0,fixed,3001,3,779839471,edges-cov,pca,0.31958297149568016,0.565316700174053
20.0,fixed,3001,3,779839471,node-var,sfa,0.3317534270782908,0.5759804051166071
20.0,fixed,3001,3,779839471,node-var,pca,0.3196616564468993,0.5653862895816446
20.0,proportional,2001,3,779839471,edges-corr,sfa,0.5268318605331532,0.7258318403963505
20.0,proportional,2001,3,779839471,edges-corr,pca,0.4680333195356996,0.6841296072643689
20.0,proportional,2001,3,779839471,edges-cov,sfa,0.2969504095817013,0.5449315641268189
20.0,proportional,2001,3,779839471,edges-cov,pca,0.3036625186150401,0.5510558216869141
20.0,proportional,2001,3,779839471,node-var,sfa,0.3180078365597716,0.5639218355053931
20.0,proportional,2001,3,779839471,node-var,pca,0.3064744010001968,0.5536013014798618
20.0,fixed,3001,3,781842082,edges-corr,sfa,0.7317794767663065,0.8554411006996955
20.0,fixed,3001,3,781842082,edges-corr,pca,0.6757058905421667,0.8220133153070981
20.0,fixed,3001,3,781842082,edges-cov,sfa,0.4461602850845522,0.6679523074924977
20.0,fixed,3001,3,781842082,edges-cov,pca,0.4338745304344813,0.6586915290441204
20.0,fixed,3001,3,781842082,node-var,sfa,0.48637998446830855,0.6974094812004699
20.0,fixed,3001,3,781842082,node-var,pca,0.4579178502916781,0.6766962762507845
20.0,proportional,2001,3,781842082,edges-corr,sfa,0.7482326817659161,0.8650044403157223
20.0,proportional,2001,3,781842082,edges-corr,pca,0.6889810144955055,0.830048802478207
20.0,proportional,2001,3,781842082,edges-cov,sfa,0.4344832712605161,0.6591534504654558
20.0,proportional,2001,3,781842082,edges-cov,pca,0.4252657709045724,0.6521240456420637
20.0,proportional,2001,3,781842082,node-var,sfa,0.476523029523086,0.6903064750696505
20.0,proportional,2001,3,781842082,node-var,pca,0.45125408193436917,0.671754480397689
20.0,fixed,3001,3,786091066,edges-corr,sfa,0.019966024201554456,0.14130118259078533
20.0,fixed,3001,3,786091066,edges-corr,pca,0.09173282825117743,0.3028742779622882
20.0,fixed,3001,3,786091066,edges-cov,sfa,0.3799696486962303,0.6164167816471501
20.0,fixed,3001,3,786091066,edges-cov,pca,0.16528220977137006,0.406549148039164
20.0,fixed,3001,3,786091066,node-var,sfa,0.3910618860326388,0.6253494111555865
20.0,fixed,3001,3,786091066,node-var,pca,0.3451160542088539,0.5874657898200148
20.0,proportional,2001,3,786091066,edges-corr,sfa,0.014168835646137119,0.1190329183299188
20.0,proportional,2001,3,786091066,edges-corr,pca,0.06969438790001843,0.26399694676268215
20.0,proportional,2001,3,786091066,edges-cov,sfa,0.42743966551004264,0.6537887009654133
20.0,proportional,2001,3,786091066,edges-cov,pca,0.13565323592894427,0.36831133016640183
20.0,proportional,2001,3,786091066,node-var,sfa,0.43575188368409606,0.6601150533688018
20.0,proportional,2001,3,786091066,node-var,pca,0.36624019867858804,0.6051778240142215
20.0,fixed,3001,3,787025148,edges-corr,sfa,0.6995742200137568,0.836405535618791
20.0,fixed,3001,3,787025148,edges-corr,pca,0.7104990482323116,0.8429110559438117
20.0,fixed,3001,3,787025148,edges-cov,sfa,0.696687758443304,0.8346782364739744
20.0,fixed,3001,3,787025148,edges-cov,pca,0.6684155235485637,0.8175668312429044
20.0,fixed,3001,3,787025148,node-var,sfa,0.6795442380827653,0.8243447325498995
20.0,fixed,3001,3,787025148,node-var,pca,0.23116087634743226,0.4807919262502567
20.0,proportional,2001,3,787025148,edges-corr,sfa,0.6800891395994129,0.8246751721735127
20.0,proportional,2001,3,787025148,edges-corr,pca,0.7182976199087358,0.8475244066743658
20.0,proportional,2001,3,787025148,edges-cov,sfa,0.7079224888184671,0.8413812981154662
20.0,proportional,2001,3,787025148,edges-cov,pca,0.671148270343162,0.819236394664667
20.0,proportional,2001,3,787025148,node-var,sfa,0.6962920471634824,0.834441158598665
20.0,proportional,2001,3,787025148,node-var,pca,0.15320670141703577,0.39141627638236476
20.0,fixed,3001,3,789848216,edges-corr,sfa,0.34594207726901904,0.5881684089349062
20.0,fixed,3001,3,789848216,edges-corr,pca,0.27079648100268505,0.5203810920879861
20.0,fixed,3001,3,789848216,edges-cov,sfa,0.31797187933045845,0.5638899532093637
20.0,fixed,3001,3,789848216,edges-cov,pca,0.21746511847378364,0.4663315542334484
20.0,fixed,3001,3,789848216,node-var,sfa,0.2759578856424767,0.5253169382786707
20.0,fixed,3001,3,789848216,node-var,pca,0.13861456490998075,0.37230977009740257
20.0,proportional,2001,3,789848216,edges-corr,sfa,0.5174145035449293,0.7193153018982213
20.0,proportional,2001,3,789848216,edges-corr,pca,0.39669249002155466,0.6298352880091387
20.0,proportional,2001,3,789848216,edges-cov,sfa,0.4856709105650323,0.696900933106731
20.0,proportional,2001,3,789848216,edges-cov,pca,0.3386983049322072,0.581977924780835
20.0,proportional,2001,3,789848216,node-var,sfa,0.4519641709407825,0.6722828057750566
20.0,proportional,2001,3,789848216,node-var,pca,0.2619481714282223,0.5118087254318964
20.0,fixed,3001,3,793224716,edges-corr,sfa,0.8385534915299491,0.91572566390265
20.0,fixed,3001,3,793224716,edges-corr,pca,0.831408973140904,0.9118163044938953
20.0,fixed,3001,3,793224716,edges-cov,sfa,0.5901923435114611,0.7682397695455899
20.0,fixed,3001,3,793224716,edges-cov,pca,0.566662571359808,0.7527699325556302
20.0,fixed,3001,3,793224716,node-var,sfa,0.6051644621670463,0.7779231724065342
20.0,fixed,3001,3,793224716,node-var,pca,0.5938052566661166,0.7705876047965712
20.0,proportional,2001,3,793224716,edges-corr,sfa,0.850091945789972,0.922004308986662
20.0,proportional,2001,3,793224716,edges-corr,pca,0.8449586919095328,0.9192163466287644
20.0,proportional,2001,3,793224716,edges-cov,sfa,0.577026628954249,0.7596226885462605
20.0,proportional,2001,3,793224716,edges-cov,pca,0.5586371365145014,0.7474203211811286
20.0,proportional,2001,3,793224716,node-var,sfa,0.5960463959427038,0.7720404108223247
20.0,proportional,2001,3,793224716,node-var,pca,0.5864568965510694,0.7658047378745246
20.0,fixed,3001,3,794812542,edges-corr,sfa,0.5655414388773965,0.7520248924586184
20.0,fixed,3001,3,794812542,edges-corr,pca,0.546496497434693,0.7392540141485151
20.0,fixed,3001,3,794812542,edges-cov,sfa,0.46945364875283824,0.6851668765730274
20.0,fixed,3001,3,794812542,edges-cov,pca,0.44565096732782294,0.6675709455389913
20.0,fixed,3001,3,794812542,node-var,sfa,0.46024271708520564,0.6784119081245594
20.0,fixed,3001,3,794812542,node-var,pca,0.46724698768337786,0.6835546705885184
20.0,proportional,2001,3,794812542,edges-corr,sfa,0.6323672655105853,0.7952152321922571
20.0,proportional,2001,3,794812542,edges-corr,pca,0.6041306471865988,0.7772584172504012
20.0,proportional,2001,3,794812542,edges-cov,sfa,0.49528263270042894,0.7037631936244101
20.0,proportional,2001,3,794812542,edges-cov,pca,0.4646156641937102,0.6816272179085209
20.0,proportional,2001,3,794812542,node-var,sfa,0.48271180336792285,0.6947746421451512
20.0,proportional,2001,3,794812542,node-var,pca,0.4899150658379739,0.6999393301122419
20.0,fixed,3001,3,816200189,edges-corr,sfa,0.4530950795886082,0.6731233762012787
20.0,fixed,3001,3,816200189,edges-corr,pca,0.4227079379096734,0.6501599325624992
20.0,fixed,3001,3,816200189,edges-cov,sfa,0.25975593042827816,0.5096625652608578
20.0,fixed,3001,3,816200189,edges-cov,pca,0.26376453808844513,0.5135801184707651
20.0,fixed,3001,3,816200189,node-var,sfa,0.2677573855641732,0.5174527858309135
20.0,fixed,3001,3,816200189,node-var,pca,0.26194495823597314,0.5118055863665159
20.0,proportional,2001,3,816200189,edges-corr,sfa,0.464302436130675,0.6813974142383247
20.0,proportional,2001,3,816200189,edges-corr,pca,0.4207781332350167,0.6486741348589573
20.0,proportional,2001,3,816200189,edges-cov,sfa,0.24895811434075082,0.4989570265471274
20.0,proportional,2001,3,816200189,edges-cov,pca,0.25119514310289953,0.501193718139902
20.0,proportional,2001,3,816200189,node-var,sfa,0.2558773357611002,0.5058431928583207
20.0,proportional,2001,3,816200189,node-var,pca,0.24996378468376645,0.49996378337212233
20.0,fixed,3001,3,829720705,edges-corr,sfa,0.21949625303527548,0.4685042721633128
20.0,fixed,3001,3,829720705,edges-corr,pca,0.23110846217931655,0.4807374149983716
20.0,fixed,3001,3,829720705,edges-cov,sfa,0.265432038304021,0.5152009688500411
20.0,fixed,3001,3,829720705,edges-cov,pca,0.244479342170174,0.4944485232763609
20.0,fixed,3001,3,829720705,node-var,sfa,0.25884376511056456,0.5087669064616571
20.0,fixed,3001,3,829720705,node-var,pca,0.26786407952575414,0.5175558709219268
20.0,proportional,2001,3,829720705,edges-corr,sfa,0.2345703329178991,0.4843246152302184
20.0,proportional,2001,3,829720705,edges-corr,pca,0.24456796764347585,0.49453813568164373
20.0,proportional,2001,3,829720705,edges-cov,sfa,0.2712552722956978,0.5208217279412388
20.0,proportional,2001,3,829720705,edges-cov,pca,0.24829500248024847,0.49829208550833765
20.0,proportional,2001,3,829720705,node-var,sfa,0.26444716254794803,0.5142442635051441
20.0,proportional,2001,3,829720705,node-var,pca,0.2729020936840468,0.5224003193759043
20.0,fixed,3001,3,831882777,edges-corr,sfa,0.011813140587706241,0.10868827253989384
20.0,fixed,3001,3,831882777,edges-corr,pca,0.0002784759148855603,0.016687597636734903
20.0,fixed,3001,3,831882777,edges-cov,sfa,0.03254515259477492,0.1804027510731888
20.0,fixed,3001,3,831882777,edges-cov,pca,0.030052041347362342,0.17335524609126296
20.0,fixed,3001,3,831882777,node-var,sfa,0.03129861334515675,0.1769141411678466
20.0,fixed,3001,3,831882777,node-var,pca,0.031267738112382926,0.17682685913735766
20.0,proportional,2001,3,831882777,edges-corr,sfa,0.008289983013741387,0.09104934384025723
20.0,proportional,2001,3,831882777,edges-corr,pca,1.9523727383992515e-05,0.004418566213602837
20.0,proportional,2001,3,831882777,edges-cov,sfa,0.033968634514019186,0.18430581790605305
20.0,proportional,2001,3,831882777,edges-cov,pca,0.03299292502177887,0.18163954696535353
20.0,proportional,2001,3,831882777,node-var,sfa,0.031632227175511556,0.1778545112599384
20.0,proportional,2001,3,831882777,node-var,pca,0.03153700919852323,0.17758662449217066
20.0,fixed,3001,3,835479236,edges-corr,sfa,0.00014324983165930774,0.01196870217105045
20.0,fixed,3001,3,835479236,edges-corr,pca,0.00012272884036267496,0.011078304940859634
20.0,fixed,3001,3,835479236,edges-cov,sfa,6.657507247442555e-06,0.002580214573914843
20.0,fixed,3001,3,835479236,edges-cov,pca,6.1575157810367725e-06,0.0024814342185592534
20.0,fixed,3001,3,835479236,node-var,sfa,7.177225931675177e-06,0.002679034514834622
20.0,fixed,3001,3,835479236,node-var,pca,8.10411227761222e-06,0.0028467722560142072
20.0,proportional,2001,3,835479236,edges-corr,sfa,0.00010192902487727937,0.010095990534726118
20.0,proportional,2001,3,835479236,edges-corr,pca,8.608823196132866e-05,0.009278374424506087
20.0,proportional,2001,3,835479236,edges-cov,sfa,6.0007995879367935e-06,0.0024496529525499717
20.0,proportional,2001,3,835479236,edges-cov,pca,5.879082741310291e-06,0.002424681987665659
20.0,proportional,2001,3,835479236,node-var,sfa,7.491205089999832e-06,0.0027370065929770487
20.0,proportional,2001,3,835479236,node-var,pca,8.597092434261633e-06,0.0029320798819714366
20.0,fixed,3001,3,839068429,edges-corr,sfa,0.11491153030292438,0.3389860326074282
20.0,fixed,3001,3,839068429,edges-corr,pca,0.002105774302418172,0.045888716504367086
20.0,fixed,3001,3,839068429,edges-cov,sfa,0.015058110934364974,0.1227114947116405
20.0,fixed,3001,3,839068429,edges-cov,pca,0.0018159689130863798,0.04261418675847727
20.0,fixed,3001,3,839068429,node-var,sfa,0.04147227176885764,0.2036474202361956
20.0,fixed,3001,3,839068429,node-var,pca,0.0010160660065785508,0.031875790289474404
20.0,proportional,2001,3,839068429,edges-corr,sfa,0.03939635457101267,0.19848514949741874
20.0,proportional,2001,3,839068429,edges-corr,pca,0.00247686826133396,0.04976814504614332
20.0,proportional,2001,3,839068429,edges-cov,sfa,0.00014960759253062245,0.012231418255076655
20.0,proportional,2001,3,839068429,edges-cov,pca,0.0008594681573047675,0.029316687352168004
20.0,proportional,2001,3,839068429,node-var,sfa,0.0015257573304403422,0.039060943798637816
20.0,proportional,2001,3,839068429,node-var,pca,0.00522056399880743,0.07225347049663033
20.0,fixed,3001,3,847657808,edges-corr,sfa,0.5128680442083673,0.7161480602559552
20.0,fixed,3001,3,847657808,edges-corr,pca,0.44306804838963354,0.6656335691577112
20.0,fixed,3001,3,847657808,edges-cov,sfa,0.3498772592570066,0.5915042343525586
20.0,fixed,3001,3,847657808,edges-cov,pca,0.35424646228021994,0.595186073661187
20.0,fixed,3001,3,847657808,node-var,sfa,0.48624194061011505,0.6973105051625962
20.0,fixed,3001,3,847657808,node-var,pca,0.4113427395760576,0.6413600701447336
20.0,proportional,2001,3,847657808,edges-corr,sfa,0.5046034440903263,0.7103544496167574
20.0,proportional,2001,3,847657808,edges-corr,pca,0.4159877616124698,0.644971132386923
20.0,proportional,2001,3,847657808,edges-cov,sfa,0.32917620547760423,0.573738795513781
20.0,proportional,2001,3,847657808,edges-cov,pca,0.3349920792451549,0.5787850026090473
20.0,proportional,2001,3,847657808,node-var,sfa,0.43742531253187555,0.6613813669373182
20.0,proportional,2001,3,847657808,node-var,pca,0.28133152421480023,0.5304069420876769
20.0,fixed,3001,4,766640955,edges-corr,sfa,0.5428018321388605,0.7367508616478575
20.0,fixed,3001,4,766640955,edges-corr,pca,0.3947656782842183,0.6283038104963381
20.0,fixed,3001,4,766640955,edges-cov,sfa,0.38237348725662734,0.6183635558929935
20.0,fixed,3001,4,766640955,edges-cov,pca,0.26887154070367264,0.5185282448465779
20.0,fixed,3001,4,766640955,node-var,sfa,0.3670062871275143,0.6058104382787691
20.0,fixed,3001,4,766640955,node-var,pca,0.2467197457094709,0.4967089144654753
20.0,proportional,2001,4,766640955,edges-corr,sfa,0.5671515405274106,0.7530946424769005
20.0,proportional,2001,4,766640955,edges-corr,pca,0.3815972071440194,0.6177355479038092
20.0,proportional,2001,4,766640955,edges-cov,sfa,0.37759433173495127,0.6144870476543434
20.0,proportional,2001,4,766640955,edges-cov,pca,0.26012436067757283,0.5100238824580402
20.0,proportional,2001,4,766640955,node-var,sfa,0.36680595269390737,0.6056450715509104
20.0,proportional,2001,4,766640955,node-var,pca,0.23001833052649717,0.47960226284547197
20.0,fixed,3001,4,767871931,edges-corr,sfa,0.48846334353964543,0.6989015263537814
20.0,fixed,3001,4,767871931,edges-corr,pca,0.43742096999471697,0.6613780839993997
20.0,fixed,3001,4,767871931,edges-cov,sfa,0.48992519447149063,0.6999465654401703
20.0,fixed,3001,4,767871931,edges-cov,pca,0.4817664138829322,0.6940939517694504
20.0,fixed,3001,4,767871931,node-var,sfa,0.5160850481205331,0.7183905957907113
20.0,fixed,3001,4,767871931,node-var,pca,0.49451945521107177,0.7032207727385986
20.0,proportional,2001,4,767871931,edges-corr,sfa,0.49799156143918016,0.7056851716163378
20.0,proportional,2001,4,767871931,edges-corr,pca,0.4467121902162992,0.6683653119487121
20.0,proportional,2001,4,767871931,edges-cov,sfa,0.49903339375870587,0.7064229567042013
20.0,proportional,2001,4,767871931,edges-cov,pca,0.45003614531876224,0.6708473338389013
20.0,proportional,2001,4,767871931,node-var,sfa,0.5186421664504238,0.7201681515107592
20.0,proportional,2001,4,767871931,node-var,pca,0.43247687097769905,0.6576297369931647
20.0,fixed,3001,4,771160300,edges-corr,sfa,0.7623187649984914,0.8731086788014946
20.0,fixed,3001,4,771160300,edges-corr,pca,0.7792575809743096,0.8827556745636415
20.0,fixed,3001,4,771160300,edges-cov,sfa,0.533976131218805,0.7307367044420343
20.0,fixed,3001,4,771160300,edges-cov,pca,0.46017789489444516,0.6783641314916681
20.0,fixed,3001,4,771160300,node-var,sfa,0.5073651818876012,0.7122957123888934
20.0,fixed,3001,4,771160300,node-var,pca,0.4405181655993767,0.6637154251630564
20.0,proportional,2001,4,771160300,edges-corr,sfa,0.7764264092679612,0.881150616675697
20.0,proportional,2001,4,771160300,edges-corr,pca,0.7879647820300812,0.8876738038435522
20.0,proportional,2001,4,771160300,edges-cov,sfa,0.5009909290067933,0.7078071269821979
20.0,proportional,2001,4,771160300,edges-cov,pca,0.4376124620741545,0.6615228356407317
20.0,proportional,2001,4,771160300,node-var,sfa,0.49037548961976773,0.7002681555088506
20.0,proportional,2001,4,771160300,node-var,pca,0.42160760301141176,0.6493131779129481
20.0,fixed,3001,4,771990200,edges-corr,sfa,0.6608729928259081,0.8129409528532242
20.0,fixed,3001,4,771990200,edges-corr,pca,0.6378847697224442,0.7986768869339116
20.0,fixed,3001,4,771990200,edges-cov,sfa,0.6466567271483197,0.8041496920028756
20.0,fixed,3001,4,771990200,edges-cov,pca,0.4934865974037478,0.7024860122477513
20.0,fixed,3001,4,771990200,node-var,sfa,0.5620871772586054,0.7497247343249424
20.0,fixed,3001,4,771990200,node-var,pca,0.41605208944105476,0.6450209992248739
20.0,proportional,2001,4,771990200,edges-corr,sfa,0.6852782867072038,0.8278153699389761
20.0,proportional,2001,4,771990200,edges-corr,pca,0.6523756430965347,0.8076977424114387
20.0,proportional,2001,4,771990200,edges-cov,sfa,0.6676082871726822,0.8170729999043428
20.0,proportional,2001,4,771990200,edges-cov,pca,0.47356373151815706,0.6881596700753082
20.0,proportional,2001,4,771990200,node-var,sfa,0.5543275346336541,0.7445317552889562
20.0,proportional,2001,4,771990200,node-var,pca,0.4029327721011749,0.6347698575871218
20.0,fixed,3001,4,774875821,edges-corr,sfa,0.6054038311329739,0.7780770084850046
20.0,fixed,3001,4,774875821,edges-corr,pca,0.4423067422165928,0.6650614574733622
20.0,fixed,3001,4,774875821,edges-cov,sfa,0.4751343298875873,0.6892998838586782
20.0,fixed,3001,4,774875821,edges-cov,pca,0.3940431021638235,0.6277285258484144
20.0,fixed,3001,4,774875821,node-var,sfa,0.46714693824503795,0.6834814834690388
20.0,fixed,3001,4,774875821,node-var,pca,0.41341070261236756,0.6429702190711227
20.0,proportional,2001,4,774875821,edges-corr,sfa,0.6446615882474203,0.8029082066135707
20.0,proportional,2001,4,774875821,edges-corr,pca,0.4281960230329949,0.6543668871764485
20.0,proportional,2001,4,774875821,edges-cov,sfa,0.47562237009547603,0.6896538045247601
20.0,proportional,2001,4,774875821,edges-cov,pca,0.3792742003097011,0.6158524176372949
20.0,proportional,2001,4,774875821,node-var,sfa,0.46864315580631133,0.6845751644679431
20.0,proportional,2001,4,774875821,node-var,pca,0.4034430241300816,0.6351716493437672
20.0,fixed,3001,4,778240327,edges-corr,sfa,0.4928916086098895,0.7020623965217689
20.0,fixed,3001,4,778240327,edges-corr,pca,0.4773071898346242,0.6908742214286362
20.0,fixed,3001,4,778240327,edges-cov,sfa,0.48609099136034056,0.6972022600080557
20.0,fixed,3001,4,778240327,edges-cov,pca,0.46789057125932065,0.6840252709215652
20.0,fixed,3001,4,778240327,node-var,sfa,0.48925645889305747,0.6994686975791393
20.0,fixed,3001,4,778240327,node-var,pca,0.46557272781336173,0.682328900027957
20.0,proportional,2001,4,778240327,edges-corr,sfa,0.5681884853577654,0.7537827839356411
20.0,proportional,2001,4,778240327,edges-corr,pca,0.5243676442827089,0.724132338928948
20.0,proportional,2001,4,778240327,edges-cov,sfa,0.5709356456736412,0.7556028359354147
20.0,proportional,2001,4,778240327,edges-cov,pca,0.5374429266826568,0.7331049902180838
20.0,proportional,2001,4,778240327,node-var,sfa,0.573524543170388,0.7573140320701763
20.0,proportional,2001,4,778240327,node-var,pca,0.5405920306749313,0.7352496383371646
20.0,fixed,3001,4,778998620,edges-corr,sfa,0.7376945118970751,0.858891443604531
20.0,fixed,3001,4,778998620,edges-corr,pca,0.6771746398426906,0.8229062157030353
20.0,fixed,3001,4,778998620,edges-cov,sfa,0.40293877045887905,0.634774582398255
20.0,fixed,3001,4,778998620,edges-cov,pca,0.4156042740757704,0.6446737733736113
20.0,fixed,3001,4,778998620,node-var,sfa,0.45519839677392665,0.6746839236071411
20.0,fixed,3001,4,778998620,node-var,pca,0.3844761201291909,0.6200613841622383
20.0,proportional,2001,4,778998620,edges-corr,sfa,0.7353858541595505,0.857546415163372
20.0,proportional,2001,4,778998620,edges-corr,pca,0.6736361562862668,0.8207534077213855
20.0,proportional,2001,4,778998620,edges-cov,sfa,0.3906747354864286,0.6250397871227308
20.0,proportional,2001,4,778998620,edges-cov,pca,0.40082836474110256,0.6331100731635081
20.0,proportional,2001,4,778998620,node-var,sfa,0.4418325030869536,0.6647048240286463
20.0,proportional,2001,4,778998620,node-var,pca,0.37200587942703606,0.6099228471102194
20.0,fixed,3001,4,779839471,edges-corr,sfa,0.41371594043925997,0.6432075407201473
20.0,fixed,3001,4,779839471,edges-corr,pca,0.3696973062572113,0.6080273893972304
20.0,fixed,3001,4,779839471,edges-cov,sfa,0.35274669037857254,0.5939248187932312
20.0,fixed,3001,4,779839471,edges-cov,pca,0.3415185906602289,0.5843959194418018
20.0,fixed,3001,4,779839471,node-var,sfa,0.357753686096631,0.5981251425050037
20.0,fixed,3001,4,779839471,node-var,pca,0.3535949864827146,0.5946385343069474
20.0,proportional,2001,4,779839471,edges-corr,sfa,0.46289717032060157,0.6803654682011732
20.0,proportional,2001,4,779839471,edges-corr,pca,0.4264850728798481,0.6530582461617402
20.0,proportional,2001,4,779839471,edges-cov,sfa,0.3712146486318115,0.609273869972947
20.0,proportional,2001,4,779839471,edges-cov,pca,0.3574612194881011,0.5978806063823288
20.0,proportional,2001,4,779839471,node-var,sfa,0.3758429066521486,0.6130602797867014
20.0,proportional,2001,4,779839471,node-var,pca,0.3728304017656775,0.6105983964650394
20.0,fixed,3001,4,781842082,edges-corr,sfa,0.7029760165237999,0.8384366502746644
20.0,fixed,3001,4,781842082,edges-corr,pca,0.6263389727902607,0.7914158027170425
20.0,fixed,3001,4,781842082,edges-cov,sfa,0.42773889381626756,0.6540175026834278
20.0,fixed,3001,4,781842082,edges-cov,pca,0.4105156799608968,0.6407149756021758
20.0,fixed,3001,4,781842082,node-var,sfa,0.4646922758375195,0.681683413204047
20.0,fixed,3001,4,781842082,node-var,pca,0.43489928624796365,0.6594689425954521
20.0,proportional,2001,4,781842082,edges-corr,sfa,0.7183497836623085,0.8475551803052758
20.0,proportional,2001,4,781842082,edges-corr,pca,0.6407269430930271,0.8004542104911605
20.0,proportional,2001,4,781842082,edges-cov,sfa,0.41601669872298885,0.6449935648694403
20.0,proportional,2001,4,781842082,edges-cov,pca,0.4028978667961161,0.6347423625346871
20.0,proportional,2001,4,781842082,node-var,sfa,0.45575540741597437,0.6750965911749032
20.0,proportional,2001,4,781842082,node-var,pca,0.42904717977388573,0.6550169309062825
20.0,fixed,3001,4,786091066,edges-corr,sfa,0.13044260706449792,0.36116839156340624
20.0,fixed,3001,4,786091066,edges-corr,pca,0.11049533428127949,0.33240838479388496
20.0,fixed,3001,4,786091066,edges-cov,sfa,0.362934226468665,0.6024402264695353
20.0,fixed,3001,4,786091066,edges-cov,pca,0.18099862818930143,0.425439335498378
20.0,fixed,3001,4,786091066,node-var,sfa,0.39598374059232416,0.6292723898220263
20.0,fixed,3001,4,786091066,node-var,pca,0.37235465269967183,0.6102086960210186
20.0,proportional,2001,4,786091066,edges-corr,sfa,0.1128473184988525,0.3359275494788311
20.0,proportional,2001,4,786091066,edges-corr,pca,0.0896320681651404,0.29938615226015447
20.0,proportional,2001,4,786091066,edges-cov,sfa,0.42514005677252026,0.6520276503128685
20.0,proportional,2001,4,786091066,edges-cov,pca,0.16501590478288206,0.40622149719442724
20.0,proportional,2001,4,786091066,node-var,sfa,0.45668977223622326,0.6757882599129873
20.0,proportional,2001,4,786091066,node-var,pca,0.41582427420294527,0.6448443798335729
20.0,fixed,3001,4,787025148,edges-corr,sfa,0.6976514721940752,0.835255333532253
20.0,fixed,3001,4,787025148,edges-corr,pca,0.7071655330807284,0.8409313486133861
20.0,fixed,3001,4,787025148,edges-cov,sfa,0.6968598024477175,0.8347812901878656
20.0,fixed,3001,4,787025148,edges-cov,pca,0.6671817903616958,0.8168119675676255
20.0,fixed,3001,4,787025148,node-var,sfa,0.6873125830181799,0.8290431731931576
20.0,fixed,3001,4,787025148,node-var,pca,0.23653773271625997,0.4863514497935212
20.0,proportional,2001,4,787025148,edges-corr,sfa,0.679130481827441,0.8240937336416537
20.0,proportional,2001,4,787025148,edges-corr,pca,0.7147960850964923,0.8454561402559522
20.0,proportional,2001,4,787025148,edges-cov,sfa,0.7086475494133115,0.8418120630005913
20.0,proportional,2001,4,787025148,edges-cov,pca,0.6711707929655581,0.8192501406564164
20.0,proportional,2001,4,787025148,node-var,sfa,0.705138167597304,0.8397250547633457
20.0,proportional,2001,4,787025148,node-var,pca,0.15680606008030828,0.39598744939746294
20.0,fixed,3001,4,789848216,edges-corr,sfa,0.5722693512262205,0.7564848651666605
20.0,fixed,3001,4,789848216,edges-corr,pca,0.5278906756441247,0.7265608547424811
20.0,fixed,3001,4,789848216,edges-cov,sfa,0.5580015903821954,0.7469950403999985
20.0,fixed,3001,4,789848216,edges-cov,pca,0.44137582594831043,0.6643612164691061
20.0,fixed,3001,4,789848216,node-var,sfa,0.5067676724628494,0.7118761637130783
20.0,fixed,3001,4,789848216,node-var,pca,0.2094237070314711,0.45762835033624294
20.0,proportional,2001,4,789848216,edges-corr,sfa,0.6734041945585069,0.8206120853110237
20.0,proportional,2001,4,789848216,edges-corr,pca,0.5951370200838276,0.7714512428428822
20.0,proportional,2001,4,789848216,edges-cov,sfa,0.6552596452236025,0.8094810962731634
20.0,proportional,2001,4,789848216,edges-cov,pca,0.4858509897312529,0.6970301211075838
20.0,proportional,2001,4,789848216,node-var,sfa,0.5975998845731237,0.7730458489463117
20.0,proportional,2001,4,789848216,node-var,pca,0.2447309578606413,0.49470289857715743
20.0,fixed,3001,4,793224716,edges-corr,sfa,0.8399065068433116,0.9164641328733556
20.0,fixed,3001,4,793224716,edges-corr,pca,0.830487250819569,0.9113107323079044
20.0,fixed,3001,4,793224716,edges-cov,sfa,0.5938768518893969,0.7706340583502632
20.0,fixed,3001,4,793224716,edges-cov,pca,0.5738094763503426,0.757502129601193
20.0,fixed,3001,4,793224716,node-var,sfa,0.6076097115941821,0.7794932402491904
20.0,fixed,3001,4,793224716,node-var,pca,0.5905697401835238,0.7684853545667112
20.0,proportional,2001,4,793224716,edges-corr,sfa,0.8546282047998152,0.9244610347655629
20.0,proportional,2001,4,793224716,edges-corr,pca,0.8453435231352281,0.9194256485084741
20.0,proportional,2001,4,793224716,edges-cov,sfa,0.581199437145248,0.7623643729511814
20.0,proportional,2001,4,793224716,edges-cov,pca,0.5636172612452883,0.7507444713384763
20.0,proportional,2001,4,793224716,node-var,sfa,0.5987914219835568,0.773816142235064
20.0,proportional,2001,4,793224716,node-var,pca,0.5835082600017746,0.7638771236277302
20.0,fixed,3001,4,794812542,edges-corr,sfa,0.5592625064370677,0.7478385563990851
20.0,fixed,3001,4,794812542,edges-corr,pca,0.5332947172749307,0.7302703042537952
20.0,fixed,3001,4,794812542,edges-cov,sfa,0.4831446002579028,0.6950860380254396
20.0,fixed,3001,4,794812542,edges-cov,pca,0.45274356691831275,0.6728622198625159
20.0,fixed,3001,4,794812542,node-var,sfa,0.469475605523006,0.685182899321784
20.0,fixed,3001,4,794812542,node-var,pca,0.4738485494504139,0.6883665807187431
20.0,proportional,2001,4,794812542,edges-corr,sfa,0.6278894731025698,0.7923947709964837
20.0,proportional,2001,4,794812542,edges-corr,pca,0.5890072856118098,0.7674681007128634
20.0,proportional,2001,4,794812542,edges-cov,sfa,0.5044829810235084,0.7102696537396965
20.0,proportional,2001,4,794812542,edges-cov,pca,0.4649564239801452,0.6818771326127202
20.0,proportional,2001,4,794812542,node-var,sfa,0.48561418588734484,0.6968602341125119
20.0,proportional,2001,4,794812542,node-var,pca,0.49071620154907264,0.7005113857383566
20.0,fixed,3001,4,816200189,edges-corr,sfa,0.4537364726214518,0.6735996382284152
20.0,fixed,3001,4,816200189,edges-corr,pca,0.4228602735686424,0.6502770744602968
20.0,fixed,3001,4,816200189,edges-cov,sfa,0.26046445872029705,0.5103571873896723
20.0,fixed,3001,4,816200189,edges-cov,pca,0.2643787110025735,0.5141777037198069
20.0,fixed,3001,4,816200189,node-var,sfa,0.2684325702240384,0.5181047869148078
20.0,fixed,3001,4,816200189,node-var,pca,0.26262386383926656,0.5124684027715919
20.0,proportional,2001,4,816200189,edges-corr,sfa,0.46583753721587634,0.6825229206523956
20.0,proportional,2001,4,816200189,edges-corr,pca,0.4211605926760532,0.6489688688034683
20.0,proportional,2001,4,816200189,edges-cov,sfa,0.2504774788594786,0.5004772510908748
20.0,proportional,2001,4,816200189,edges-cov,pca,0.25242536056878834,0.5024195065568099
20.0,proportional,2001,4,816200189,node-var,sfa,0.2574671547351636,0.507412213821429
20.0,proportional,2001,4,816200189,node-var,pca,0.25140692841560075,0.501404954518402
20.0,fixed,3001,4,829720705,edges-corr,sfa,0.02782001705446846,0.16679333636110424
20.0,fixed,3001,4,829720705,edges-corr,pca,0.05107010918523047,0.22598696684815803
20.0,fixed,3001,4,829720705,edges-cov,sfa,0.1859796440676995,0.43125357281731536
20.0,fixed,3001,4,829720705,edges-cov,pca,0.16507860302137878,0.406298662342591
20.0,fixed,3001,4,829720705,node-var,sfa,0.17969239253419228,0.42390139482454203
20.0,fixed,3001,4,829720705,node-var,pca,0.1859958094270808,0.4312723147004463
20.0,proportional,2001,4,829720705,edges-corr,sfa,0.04632048982244107,0.21522195478724068
20.0,proportional,2001,4,829720705,edges-corr,pca,0.07656234898802625,0.2766990223835752
20.0,proportional,2001,4,829720705,edges-cov,sfa,0.21440022743440726,0.46303372170329804
20.0,proportional,2001,4,829720705,edges-cov,pca,0.18962571239386627,0.43546034537471523
20.0,proportional,2001,4,829720705,node-var,sfa,0.20783552737015906,0.4558898193315563
20.0,proportional,2001,4,829720705,node-var,pca,0.21359076561204313,0.4621588099474499
20.0,fixed,3001,4,831882777,edges-corr,sfa,0.011863557129685768,0.108919957444381
20.0,fixed,3001,4,831882777,edges-corr,pca,0.000321796064216964,0.017938675096476998
20.0,fixed,3001,4,831882777,edges-cov,sfa,0.03183108422947261,0.17841267956474566
20.0,fixed,3001,4,831882777,edges-cov,pca,0.0286544747785675,0.1692763266926817
20.0,fixed,3001,4,831882777,node-var,sfa,0.030767152326093138,0.1754056792868838
20.0,fixed,3001,4,831882777,node-var,pca,0.03070041325019683,0.17521533394710873
20.0,proportional,2001,4,831882777,edges-corr,sfa,0.008118185294409455,0.0901009727717157
20.0,proportional,2001,4,831882777,edges-corr,pca,2.539501323683483e-05,0.005039346508907165
20.0,proportional,2001,4,831882777,edges-cov,sfa,0.033004736097798415,0.18167205645832937
20.0,proportional,2001,4,831882777,edges-cov,pca,0.03193580153637444,0.1787059079503933
20.0,proportional,2001,4,831882777,node-var,sfa,0.030999480649780246,0.17606669375489575
20.0,proportional,2001,4,831882777,node-var,pca,0.030894789904717116,0.17576913808947553
20.0,fixed,3001,4,835479236,edges-corr,sfa,0.0034977761660702983,0.05914200001750278
20.0,fixed,3001,4,835479236,edges-corr,pca,0.0024807092455102413,0.04980671887918578
20.0,fixed,3001,4,835479236,edges-cov,sfa,6.657743001791935e-05,0.008159499372995831
20.0,fixed,3001,4,835479236,edges-cov,pca,1.8448261740995938e-08,0.0001358243783015256
20.0,fixed,3001,4,835479236,node-var,sfa,1.855166344517273e-05,0.004307164199931636
20.0,fixed,3001,4,835479236,node-var,pca,2.4118301397421278e-05,0.004911038728967761
20.0,proportional,2001,4,835479236,edges-corr,sfa,0.003286466914122515,0.057327715061063746
20.0,proportional,2001,4,835479236,edges-corr,pca,0.0023827871990232527,0.04881380131707889
20.0,proportional,2001,4,835479236,edges-cov,sfa,3.787652041142583e-05,0.006154390336290495
20.0,proportional,2001,4,835479236,edges-cov,pca,7.096135484295052e-08,0.0002663857256741632
20.0,proportional,2001,4,835479236,node-var,sfa,7.0032167815944485e-06,0.002646359155820398
20.0,proportional,2001,4,835479236,node-var,pca,1.9604948256289246e-05,0.004427747537551034
20.0,fixed,3001,4,839068429,edges-corr,sfa,0.04067914751038799,0.20169072242021444
20.0,fixed,3001,4,839068429,edges-corr,pca,0.04371508728282556,0.20908153262023302
20.0,fixed,3001,4,839068429,edges-cov,sfa,0.19360940048145084,0.4400106822356144
20.0,fixed,3001,4,839068429,edges-cov,pca,0.15966938367945993,0.39958651588793626
20.0,fixed,3001,4,839068429,node-var,sfa,0.1810364215869671,0.4254837500856726
20.0,fixed,3001,4,839068429,node-var,pca,0.19142126370013068,0.43751715817797443
20.0,proportional,2001,4,839068429,edges-corr,sfa,0.045283702151523345,0.2127996761076561
20.0,proportional,2001,4,839068429,edges-corr,pca,0.02095747668493655,0.14476697373688707
20.0,proportional,2001,4,839068429,edges-cov,sfa,0.2039665437275272,0.4516265533906606
20.0,proportional,2001,4,839068429,edges-cov,pca,0.14991906897693602,0.3871938390224411
20.0,proportional,2001,4,839068429,node-var,sfa,0.18595676245683107,0.43122704281715807
20.0,proportional,2001,4,839068429,node-var,pca,0.1917100611717241,0.4378470750978292
20.0,fixed,3001,4,847657808,edges-corr,sfa,0.5722764343206781,0.7564895467358939
20.0,fixed,3001,4,847657808,edges-corr,pca,0.48766409767563346,0.6983295050874146
20.0,fixed,3001,4,847657808,edges-cov,sfa,0.2932208947309329,0.5414987485959066
20.0,fixed,3001,4,847657808,edges-cov,pca,0.31011051518006644,0.5568756730007753
20.0,fixed,3001,4,847657808,node-var,sfa,0.5122443688338478,0.7157124903436071
20.0,fixed,3001,4,847657808,node-var,pca,0.3870022524165923,0.6220950509500878
20.0,proportional,2001,4,847657808,edges-corr,sfa,0.5576374222708903,0.7467512452422763
20.0,proportional,2001,4,847657808,edges-corr,pca,0.4424256707378263,0.6651508631414578
20.0,proportional,2001,4,847657808,edges-cov,sfa,0.26995671033008806,0.5195735850965559
20.0,proportional,2001,4,847657808,edges-cov,pca,0.2917386198463124,0.54012833645932
20.0,proportional,2001,4,847657808,node-var,sfa,0.4656131794398083,0.6823585417064905
20.0,proportional,2001,4,847657808,node-var,pca,0.28938971136399,0.5379495435112758
15.0,fixed,3001,0,766640955,edges-corr,sfa,0.4742037191015266,0.6886245124169823
15.0,fixed,3001,0,766640955,edges-corr,pca,0.37100730837625656,0.6091036926306198
15.0,fixed,3001,0,766640955,edges-cov,sfa,0.3357659357333962,0.5794531350621862
15.0,fixed,3001,0,766640955,edges-cov,pca,0.260410335450302,0.510304159742307
15.0,fixed,3001,0,766640955,node-var,sfa,0.35931943222972834,0.5994325918981452
15.0,fixed,3001,0,766640955,node-var,pca,0.24106081236286625,0.49097944189432846
15.0,proportional,1501,0,766640955,edges-corr,sfa,0.5045183498226735,0.710294551452194
15.0,proportional,1501,0,766640955,edges-corr,pca,0.35212188941311223,0.5933985923585531
15.0,proportional,1501,0,766640955,edges-cov,sfa,0.32907838228340874,0.5736535385434389
15.0,proportional,1501,0,766640955,edges-cov,pca,0.2544216171808091,0.5044022374859266
15.0,proportional,1501,0,766640955,node-var,sfa,0.3693738566449736,0.6077613484296065
15.0,proportional,1501,0,766640955,node-var,pca,0.22087968420251383,0.46997838695254257
15.0,fixed,3001,0,767871931,edges-corr,sfa,0.24535431648191897,0.49533253121707943
15.0,fixed,3001,0,767871931,edges-corr,pca,0.19963805589066946,0.44680874643483587
15.0,fixed,3001,0,767871931,edges-cov,sfa,0.22541512002452138,0.4747790223088225
15.0,fixed,3001,0,767871931,edges-cov,pca,0.2412448305964274,0.49116680526724055
15.0,fixed,3001,0,767871931,node-var,sfa,0.27604716047137723,0.5254019037569023
15.0,fixed,3001,0,767871931,node-var,pca,0.07580206914086408,0.2753217556621054
15.0,proportional,1501,0,767871931,edges-corr,sfa,0.2895055562599482,0.5380572053787108
15.0,proportional,1501,0,767871931,edges-corr,pca,0.2336913690335496,0.4834163516406428
15.0,proportional,1501,0,767871931,edges-cov,sfa,0.2759860469063107,0.5253437416647415
15.0,proportional,1501,0,767871931,edges-cov,pca,0.18748376955233617,0.43299396017997316
15.0,proportional,1501,0,767871931,node-var,sfa,0.3031539614671723,0.5505941894600526
15.0,proportional,1501,0,767871931,node-var,pca,0.025039161586665852,0.1582376743593821
15.0,fixed,3001,0,771160300,edges-corr,sfa,0.7549288361996337,0.868866408718644
15.0,fixed,3001,0,771160300,edges-corr,pca,0.7784328701856378,0.8822884280016585
15.0,fixed,3001,0,771160300,edges-cov,sfa,0.6296469051346141,0.7935029332867107
15.0,fixed,3001,0,771160300,edges-cov,pca,0.5316460637981645,0.7291406337587862
15.0,fixed,3001,0,771160300,node-var,sfa,0.5628064922919827,0.7502043003688946
15.0,fixed,3001,0,771160300,node-var,pca,0.48538541727079454,0.6966960723807725
15.0,proportional,1501,0,771160300,edges-corr,sfa,0.7767174032193869,0.8813157227800869
15.0,proportional,1501,0,771160300,edges-corr,pca,0.7904306005498463,0.8890616404669849
15.0,proportional,1501,0,771160300,edges-cov,sfa,0.5639015824031461,0.7509338069384985
15.0,proportional,1501,0,771160300,edges-cov,pca,0.47451089831237686,0.6888475145577407
15.0,proportional,1501,0,771160300,node-var,sfa,0.5246248528258964,0.7243099149023824
15.0,proportional,1501,0,771160300,node-var,pca,0.44519940588079304,0.6672326474932061
15.0,fixed,3001,0,771990200,edges-corr,sfa,0.6326043640996607,0.7953642964702783
15.0,fixed,3001,0,771990200,edges-corr,pca,0.5735047002585463,0.757300931108992
15.0,fixed,3001,0,771990200,edges-cov,sfa,0.5921374117684455,0.7695046535066864
15.0,fixed,3001,0,771990200,edges-cov,pca,0.4062856041373868,0.6374053687704448
15.0,fixed,3001,0,771990200,node-var,sfa,0.506664448463082,0.7118036586468786
15.0,fixed,3001,0,771990200,node-var,pca,0.2995597453838813,0.5473205143093773
15.0,proportional,1501,0,771990200,edges-corr,sfa,0.6669036639143119,0.8166416986134812
15.0,proportional,1501,0,771990200,edges-corr,pca,0.5715756553215764,0.7560262266096173
15.0,proportional,1501,0,771990200,edges-cov,sfa,0.6136957887267697,0.7833873810106783
15.0,proportional,1501,0,771990200,edges-cov,pca,0.35038082241780927,0.5919297444949099
15.0,proportional,1501,0,771990200,node-var,sfa,0.48427744677482637,0.695900457518765
15.0,proportional,1501,0,771990200,node-var,pca,0.2721142968538618,0.5216457580138669
15.0,fixed,3001,0,774875821,edges-corr,sfa,0.5973305023199358,0.7728715949754758
15.0,fixed,3001,0,774875821,edges-corr,pca,0.42525765915549435,0.652117826129216
15.0,fixed,3001,0,774875821,edges-cov,sfa,0.47531460263528075,0.6894306365656234
15.0,fixed,3001,0,774875821,edges-cov,pca,0.3939060811445306,0.6276193760110745
15.0,fixed,3001,0,774875821,node-var,sfa,0.46467292149922756,0.681669217068827
15.0,fixed,3001,0,774875821,node-var,pca,0.41372708552554455,0.6432162043399906
15.0,proportional,1501,0,774875821,edges-corr,sfa,0.6747935993726599,0.8214582152323148
15.0,proportional,1501,0,774875821,edges-corr,pca,0.41894241361220813,0.6472576099299321
15.0,proportional,1501,0,774875821,edges-cov,sfa,0.487569820426967,0.6982619998445906
15.0,proportional,1501,0,774875821,edges-cov,pca,0.3743447020511076,0.6118371532124439
15.0,proportional,1501,0,774875821,node-var,sfa,0.474984739430515,0.6891913663348628
15.0,proportional,1501,0,774875821,node-var,pca,0.4028513000817361,0.6347056798877225
15.0,fixed,3001,0,778240327,edges-corr,sfa,0.4605667975140133,0.6786507183478209
15.0,fixed,3001,0,778240327,edges-corr,pca,0.48943806362652076,0.6995985017326157
15.0,fixed,3001,0,778240327,edges-cov,sfa,0.4725040524828619,0.68738930198459
15.0,fixed,3001,0,778240327,edges-cov,pca,0.42868967434719574,0.6547439761824432
15.0,fixed,3001,0,778240327,node-var,sfa,0.4593455809146209,0.6777503824525818
15.0,fixed,3001,0,778240327,node-var,pca,0.4172833102882211,0.6459746978699871
15.0,proportional,1501,0,778240327,edges-corr,sfa,0.5451597766329201,0.7383493594721405
15.0,proportional,1501,0,778240327,edges-corr,pca,0.49412001533705574,0.7029367079169047
15.0,proportional,1501,0,778240327,edges-cov,sfa,0.5788927289247932,0.7608500042221155
15.0,proportional,1501,0,778240327,edges-cov,pca,0.5077379729286855,0.7125573471157851
15.0,proportional,1501,0,778240327,node-var,sfa,0.5635064590537521,0.7506706728344674
15.0,proportional,1501,0,778240327,node-var,pca,0.512371791788242,0.715801503063693
15.0,fixed,3001,0,778998620,edges-corr,sfa,0.6693821667212138,0.818157788400999
15.0,fixed,3001,0,778998620,edges-corr,pca,0.6294067528696516,0.7933515947356832
15.0,fixed,3001,0,778998620,edges-cov,sfa,0.4278132718359353,0.6540743626193701
15.0,fixed,3001,0,778998620,edges-cov,pca,0.4268522218592557,0.6533392854093926
15.0,fixed,3001,0,778998620,node-var,sfa,0.4572989476203106,0.6762388243958717
15.0,fixed,3001,0,778998620,node-var,pca,0.4240407636257062,0.6511841242119668
15.0,proportional,1501,0,778998620,edges-corr,sfa,0.680105322738547,0.8246849839414726
15.0,proportional,1501,0,778998620,edges-corr,pca,0.6213109237661163,0.7882327852646808
15.0,proportional,1501,0,778998620,edges-cov,sfa,0.4189511026689474,0.647264322104152
15.0,proportional,1501,0,778998620,edges-cov,pca,0.4074798477566943,0.638341482089872
15.0,proportional,1501,0,778998620,node-var,sfa,0.4436884102138774,0.6660993996498401
15.0,proportional,1501,0,778998620,node-var,pca,0.41328475128529807,0.6428722666947907
15.0,fixed,3001,0,779839471,edges-corr,sfa,0.29553738479610925,0.5436335022753006
15.0,fixed,3001,0,779839471,edges-corr,pca,0.25060307712606467,0.5006027138620651
15.0,fixed,3001,0,779839471,edges-cov,sfa,0.31649310612575954,0.5625772001474638
15.0,fixed,3001,0,779839471,edges-cov,pca,0.30239978572346843,0.5499088885656136
15.0,fixed,3001,0,779839471,node-var,sfa,0.3167449900884565,0.5628010217549863
15.0,fixed,3001,0,779839471,node-var,pca,0.31758424274161384,0.5635461318664283
15.0,proportional,1501,0,779839471,edges-corr,sfa,0.3292741433003689,0.5738241396981909
15.0,proportional,1501,0,779839471,edges-corr,pca,0.32179917081437137,0.567273453296002
15.0,proportional,1501,0,779839471,edges-cov,sfa,0.3683512669887607,0.6069194897091053
15.0,proportional,1501,0,779839471,edges-cov,pca,0.34470980997498885,0.5871199281024183
15.0,proportional,1501,0,779839471,node-var,sfa,0.36352879232434865,0.6029334891381873
15.0,proportional,1501,0,779839471,node-var,pca,0.36867063962150703,0.6071825422568629
15.0,fixed,3001,0,781842082,edges-corr,sfa,0.7513632419902198,0.8668121145843658
15.0,fixed,3001,0,781842082,edges-corr,pca,0.6964115135884076,0.8345127402193495
15.0,fixed,3001,0,781842082,edges-cov,sfa,0.43731080694254054,0.661294795792724
15.0,fixed,3001,0,781842082,edges-cov,pca,0.4293351799492038,0.6552367358056199
15.0,fixed,3001,0,781842082,node-var,sfa,0.4803815445649514,0.6930956244018219
15.0,fixed,3001,0,781842082,node-var,pca,0.45593291955919635,0.6752280500387972
15.0,proportional,1501,0,781842082,edges-corr,sfa,0.7528059454255277,0.867643904735997
15.0,proportional,1501,0,781842082,edges-corr,pca,0.6968868571711244,0.8347974947082223
15.0,proportional,1501,0,781842082,edges-cov,sfa,0.41019551191338127,0.6404650747022677
15.0,proportional,1501,0,781842082,edges-cov,pca,0.4072505540657512,0.6381618556963047
15.0,proportional,1501,0,781842082,node-var,sfa,0.45513989692431867,0.6746405686914467
15.0,proportional,1501,0,781842082,node-var,pca,0.4364264686826161,0.6606258159371431
15.0,fixed,3001,0,786091066,edges-corr,sfa,0.07201722845223606,0.2683602587050401
15.0,fixed,3001,0,786091066,edges-corr,pca,0.12963842149537874,0.36005335923357074
15.0,fixed,3001,0,786091066,edges-cov,sfa,0.3660518554676854,0.6050221941943001
15.0,fixed,3001,0,786091066,edges-cov,pca,0.22829897515255201,0.4778064201667366
15.0,fixed,3001,0,786091066,node-var,sfa,0.39029591634858224,0.6247366776079201
15.0,fixed,3001,0,786091066,node-var,pca,0.37508452093133754,0.6124414428591011
15.0,proportional,1501,0,786091066,edges-corr,sfa,0.0682248601011972,0.2611988899310202
15.0,proportional,1501,0,786091066,edges-corr,pca,0.09393460411899092,0.3064875268571152
15.0,proportional,1501,0,786091066,edges-cov,sfa,0.451533070537746,0.6719621049863943
15.0,proportional,1501,0,786091066,edges-cov,pca,0.20616205376561164,0.45405071717332596
15.0,proportional,1501,0,786091066,node-var,sfa,0.4691926793390743,0.6849764078704276
15.0,proportional,1501,0,786091066,node-var,pca,0.43206083514730176,0.6573133462415789
15.0,fixed,3001,0,787025148,edges-corr,sfa,0.7633649810930561,0.8737076061778655
15.0,fixed,3001,0,787025148,edges-corr,pca,0.7437225081685753,0.862393476418146
15.0,fixed,3001,0,787025148,edges-cov,sfa,0.7208498536135937,0.8490287707808221
15.0,fixed,3001,0,787025148,edges-cov,pca,0.6800244843978002,0.8246359708367081
15.0,fixed,3001,0,787025148,node-var,sfa,0.7094195458063595,0.8422704706959395
15.0,fixed,3001,0,787025148,node-var,pca,0.39820696053051186,0.6310364177529787
15.0,proportional,1501,0,787025148,edges-corr,sfa,0.7848799225605871,0.8859344911225587
15.0,proportional,1501,0,787025148,edges-corr,pca,0.7276024294953111,0.8529961485817571
15.0,proportional,1501,0,787025148,edges-cov,sfa,0.7280026722202191,0.8532307262518264
15.0,proportional,1501,0,787025148,edges-cov,pca,0.6389495204973501,0.7993431806785807
15.0,proportional,1501,0,787025148,node-var,sfa,0.69819077708048,0.8355781095029238
15.0,proportional,1501,0,787025148,node-var,pca,0.35352658334796044,0.5945810149575586
15.0,fixed,3001,0,789848216,edges-corr,sfa,0.358968695922175,0.5991399635495658
15.0,fixed,3001,0,789848216,edges-corr,pca,0.289806804678516,0.5383370734758252
15.0,fixed,3001,0,789848216,edges-cov,sfa,0.33699694632133376,0.5805143808049321
15.0,fixed,3001,0,789848216,edges-cov,pca,0.21390935904781647,0.46250336112056145
15.0,fixed,3001,0,789848216,node-var,sfa,0.29103602136529577,0.5394775448202601
15.0,fixed,3001,0,789848216,node-var,pca,0.09273153106145816,0.3045185233470341
15.0,proportional,1501,0,789848216,edges-corr,sfa,0.6091982759596503,0.7805115476145438
15.0,proportional,1501,0,789848216,edges-corr,pca,0.45037550333581855,0.6711002185484807
15.0,proportional,1501,0,789848216,edges-cov,sfa,0.569560902558343,0.7546925881167398
15.0,proportional,1501,0,789848216,edges-cov,pca,0.3683366482825134,0.6069074462243097
15.0,proportional,1501,0,789848216,node-var,sfa,0.5399173766631027,0.7347907026242934
15.0,proportional,1501,0,789848216,node-var,pca,0.2355737915366737,0.4853594457066574
15.0,fixed,3001,0,793224716,edges-corr,sfa,0.7999108173876078,0.8943773350144825
15.0,fixed,3001,0,793224716,edges-corr,pca,0.7935746501091787,0.8908280698929388
15.0,fixed,3001,0,793224716,edges-cov,sfa,0.5555454518063943,0.7453492146681274
15.0,fixed,3001,0,793224716,edges-cov,pca,0.5326027061851675,0.7297963456918426
15.0,fixed,3001,0,793224716,node-var,sfa,0.5717013622616762,0.756109358665581
15.0,fixed,3001,0,793224716,node-var,pca,0.5668498741624675,0.7528943313390448
15.0,proportional,1501,0,793224716,edges-corr,sfa,0.7950795918299045,0.891672356771199
15.0,proportional,1501,0,793224716,edges-corr,pca,0.785969761440085,0.8865493564602509
15.0,proportional,1501,0,793224716,edges-cov,sfa,0.5333833572676492,0.7303309915837128
15.0,proportional,1501,0,793224716,edges-cov,pca,0.5131549034571561,0.716348311547641
15.0,proportional,1501,0,793224716,node-var,sfa,0.5518763724811804,0.74288382165799
15.0,proportional,1501,0,793224716,node-var,pca,0.5492050166918964,0.7410836772537204
15.0,fixed,3001,0,794812542,edges-corr,sfa,0.6720117703828541,0.8197632404437601
15.0,fixed,3001,0,794812542,edges-corr,pca,0.6510278352068803,0.8068629593722099
15.0,fixed,3001,0,794812542,edges-cov,sfa,0.5140314732156779,0.7169598825706205
15.0,fixed,3001,0,794812542,edges-cov,pca,0.4876426950189602,0.69831418073741
15.0,fixed,3001,0,794812542,node-var,sfa,0.50270376566945,0.7090160545921721
15.0,fixed,3001,0,794812542,node-var,pca,0.5108721461126108,0.7147532064374463
15.0,proportional,1501,0,794812542,edges-corr,sfa,0.7284781043055631,0.8535092877676043
15.0,proportional,1501,0,794812542,edges-corr,pca,0.6732959534697318,0.8205461312258634
15.0,proportional,1501,0,794812542,edges-cov,sfa,0.5311641407026203,0.7288100854836055
15.0,proportional,1501,0,794812542,edges-cov,pca,0.4858365698656278,0.6970197772413834
15.0,proportional,1501,0,794812542,node-var,sfa,0.5096115217445639,0.7138708018574257
15.0,proportional,1501,0,794812542,node-var,pca,0.5202822865294351,0.7213059590280917
15.0,fixed,3001,0,816200189,edges-corr,sfa,0.46882391305830884,0.6847071732195514
15.0,fixed,3001,0,816200189,edges-corr,pca,0.428539553216845,0.6546293250510895
15.0,fixed,3001,0,816200189,edges-cov,sfa,0.3236687867055124,0.5689189632148962
15.0,fixed,3001,0,816200189,edges-cov,pca,0.31455198965934267,0.5608493466692661
15.0,fixed,3001,0,816200189,node-var,sfa,0.3262450076662505,0.5711786127528328
15.0,fixed,3001,0,816200189,node-var,pca,0.32272816753871414,0.5680916893765602
15.0,proportional,1501,0,816200189,edges-corr,sfa,0.46723600472763244,0.6835466368344097
15.0,proportional,1501,0,816200189,edges-corr,pca,0.3944405883372674,0.6280450527926061
15.0,proportional,1501,0,816200189,edges-cov,sfa,0.30131436883131396,0.5489210952689958
15.0,proportional,1501,0,816200189,edges-cov,pca,0.2855631016720295,0.5343810453899254
15.0,proportional,1501,0,816200189,node-var,sfa,0.3032301412756195,0.5506633647480278
15.0,proportional,1501,0,816200189,node-var,pca,0.2961933402921437,0.5442364746065296
15.0,fixed,3001,0,829720705,edges-corr,sfa,0.0767278894940092,0.27699799546929793
15.0,fixed,3001,0,829720705,edges-corr,pca,0.1061895327248653,0.32586735449391874
15.0,fixed,3001,0,829720705,edges-cov,sfa,0.23295083418136353,0.4826498049117637
15.0,fixed,3001,0,829720705,edges-cov,pca,0.21507104753161593,0.463757530970243
15.0,fixed,3001,0,829720705,node-var,sfa,0.22571326263046868,0.475092898947636
15.0,fixed,3001,0,829720705,node-var,pca,0.2349143053075828,0.4846795903559204
15.0,proportional,1501,0,829720705,edges-corr,sfa,0.08891101342375088,0.2981794986643966
15.0,proportional,1501,0,829720705,edges-corr,pca,0.12744309153273894,0.3569917247398586
15.0,proportional,1501,0,829720705,edges-cov,sfa,0.24848257713983826,0.4984802675531282
15.0,proportional,1501,0,829720705,edges-cov,pca,0.2259997833517239,0.47539434509859696
15.0,proportional,1501,0,829720705,node-var,sfa,0.2430940590053992,0.49304569667060194
15.0,proportional,1501,0,829720705,node-var,pca,0.24906668611675242,0.49906581341217154
15.0,fixed,3001,0,831882777,edges-corr,sfa,0.007228258470668443,0.08501916531387757
15.0,fixed,3001,0,831882777,edges-corr,pca,5.2152754139247426e-05,0.007221686377796216
15.0,fixed,3001,0,831882777,edges-cov,sfa,0.021543908830119994,0.14677843448586034
15.0,fixed,3001,0,831882777,edges-cov,pca,0.021414836945933203,0.14633809123373587
15.0,fixed,3001,0,831882777,node-var,sfa,0.02105884674643027,0.14511666598440812
15.0,fixed,3001,0,831882777,node-var,pca,0.021120366634513003,0.14532847840156107
15.0,proportional,1501,0,831882777,edges-corr,sfa,0.00276647810583983,0.05259732032946004
15.0,proportional,1501,0,831882777,edges-corr,pca,0.0014891223046227516,0.03858914749800456
15.0,proportional,1501,0,831882777,edges-cov,sfa,0.024030932015347995,0.15501913435233727
15.0,proportional,1501,0,831882777,edges-cov,pca,0.0246748652591027,0.15708235183846306
15.0,proportional,1501,0,831882777,node-var,sfa,0.022768012102441806,0.1508907290142168
15.0,proportional,1501,0,831882777,node-var,pca,0.022871242450811798,0.15123241203793517
15.0,fixed,3001,0,835479236,edges-corr,sfa,0.32927927480677416,0.573828611003995
15.0,fixed,3001,0,835479236,edges-corr,pca,0.14498503652915223,0.3807690067864666
15.0,fixed,3001,0,835479236,edges-cov,sfa,0.03651113013833941,0.19107885842850175
15.0,fixed,3001,0,835479236,edges-cov,pca,0.007373898353504586,0.08587140591317104
15.0,fixed,3001,0,835479236,node-var,sfa,0.021747349130052725,0.14746982447284843
15.0,fixed,3001,0,835479236,node-var,pca,0.020220932767419996,0.14220032618605344
15.0,proportional,1501,0,835479236,edges-corr,sfa,0.001883271290250749,0.0433966737233483
15.0,proportional,1501,0,835479236,edges-corr,pca,0.0013677023422472784,0.03698245992693399
15.0,proportional,1501,0,835479236,edges-cov,sfa,6.5775093622246314e-06,0.0025646655458801313
15.0,proportional,1501,0,835479236,edges-cov,pca,9.610233080068697e-06,0.0031000375933315223
15.0,proportional,1501,0,835479236,node-var,sfa,1.5178495150095209e-05,0.0038959588229465682
15.0,proportional,1501,0,835479236,node-var,pca,2.5655124570924824e-08,0.00016017217164952476
15.0,fixed,3001,0,839068429,edges-corr,sfa,0.02786830322627771,0.16693802211083522
15.0,fixed,3001,0,839068429,edges-corr,pca,0.0005825436786575913,0.024135941636024713
15.0,fixed,3001,0,839068429,edges-cov,sfa,0.005952869860969865,0.07715484340577632
15.0,fixed,3001,0,839068429,edges-cov,pca,4.6830984060650394e-05,0.006843316744141717
15.0,fixed,3001,0,839068429,node-var,sfa,0.019817021415712947,0.140772942768534
15.0,fixed,3001,0,839068429,node-var,pca,0.0004768150102104167,0.02183609420684974
15.0,proportional,1501,0,839068429,edges-corr,sfa,0.028396942022829042,0.16851392234123874
15.0,proportional,1501,0,839068429,edges-corr,pca,0.0022015536706388693,0.04692071685981438
15.0,proportional,1501,0,839068429,edges-cov,sfa,0.00916271941626966,0.0957220947131312
15.0,proportional,1501,0,839068429,edges-cov,pca,0.0009449733533983192,0.03074041888781477
15.0,proportional,1501,0,839068429,node-var,sfa,0.01665106146266832,0.1290389920243812
15.0,proportional,1501,0,839068429,node-var,pca,0.001416985088455221,0.0376428623839264
15.0,fixed,3001,0,847657808,edges-corr,sfa,0.5284435454121819,0.7269412255555341
15.0,fixed,3001,0,847657808,edges-corr,pca,0.44315070428463915,0.6656956543981936
15.0,fixed,3001,0,847657808,edges-cov,sfa,0.39303337556556445,0.626923739832497
15.0,fixed,3001,0,847657808,edges-cov,pca,0.39700561779259064,0.6300838180691444
15.0,fixed,3001,0,847657808,node-var,sfa,0.571661976397162,0.7560833131323307
15.0,fixed,3001,0,847657808,node-var,pca,0.5121859546127125,0.7156716807396479
15.0,proportional,1501,0,847657808,edges-corr,sfa,0.5043810026270173,0.7101978616040866
15.0,proportional,1501,0,847657808,edges-corr,pca,0.3906574241646184,0.6250259387934379
15.0,proportional,1501,0,847657808,edges-cov,sfa,0.3381067531312623,0.5814694773857544
15.0,proportional,1501,0,847657808,edges-cov,pca,0.35084971898543416,0.5923256865825035
15.0,proportional,1501,0,847657808,node-var,sfa,0.5014681658350901,0.7081441702330749
15.0,proportional,1501,0,847657808,node-var,pca,0.4599633623393762,0.678205988132939
15.0,fixed,3001,1,766640955,edges-corr,sfa,0.5148545716020984,0.7175336728001679
15.0,fixed,3001,1,766640955,edges-corr,pca,0.39998144101817235,0.6324408597000769
15.0,fixed,3001,1,766640955,edges-cov,sfa,0.35090589973250286,0.5923731085494199
15.0,fixed,3001,1,766640955,edges-cov,pca,0.2643204259421906,0.5141210226611926
15.0,fixed,3001,1,766640955,node-var,sfa,0.35923643997479826,0.5993633622226155
15.0,fixed,3001,1,766640955,node-var,pca,0.2347143762335231,0.4844732977507874
15.0,proportional,1501,1,766640955,edges-corr,sfa,0.5265416635145959,0.7256319063510065
15.0,proportional,1501,1,766640955,edges-corr,pca,0.3564425019731147,0.5970280579446118
15.0,proportional,1501,1,766640955,edges-cov,sfa,0.330998246450445,0.5753244705819882
15.0,proportional,1501,1,766640955,edges-cov,pca,0.25073627158468975,0.5007357302856366
15.0,proportional,1501,1,766640955,node-var,sfa,0.3666687373958468,0.6055317806654303
15.0,proportional,1501,1,766640955,node-var,pca,0.2102604006502003,0.45854160187511916
15.0,fixed,3001,1,767871931,edges-corr,sfa,0.5531639696020957,0.7437499375476248
15.0,fixed,3001,1,767871931,edges-corr,pca,0.4745558310013607,0.688880128180049
15.0,fixed,3001,1,767871931,edges-cov,sfa,0.5663177736384397,0.7525408783836528
15.0,fixed,3001,1,767871931,edges-cov,pca,0.5527099277895418,0.743444636667413
15.0,fixed,3001,1,767871931,node-var,sfa,0.6067636117598134,0.7789503268885721
15.0,fixed,3001,1,767871931,node-var,pca,0.5945288944116824,0.7710569981601116
15.0,proportional,1501,1,767871931,edges-corr,sfa,0.5689025669763328,0.7542563005877596
15.0,proportional,1501,1,767871931,edges-corr,pca,0.48824105195659895,0.698742478998235
15.0,proportional,1501,1,767871931,edges-cov,sfa,0.5788999591835557,0.760854755642334
15.0,proportional,1501,1,767871931,edges-cov,pca,0.48367621209982975,0.6954683401132145
15.0,proportional,1501,1,767871931,node-var,sfa,0.6101255150819633,0.7811053162550895
15.0,proportional,1501,1,767871931,node-var,pca,0.4765129479383314,0.6902991727782465
15.0,fixed,3001,1,771160300,edges-corr,sfa,0.8106754384076498,0.9003751653658878
15.0,fixed,3001,1,771160300,edges-corr,pca,0.7831051379082211,0.8849322787130217
15.0,fixed,3001,1,771160300,edges-cov,sfa,0.3899104260896661,0.6244280791970089
15.0,fixed,3001,1,771160300,edges-cov,pca,0.4212263094276475,0.6490194984957289
15.0,fixed,3001,1,771160300,node-var,sfa,0.43075545284489614,0.656319627045311
15.0,fixed,3001,1,771160300,node-var,pca,0.45866418485218696,0.6772475063462301
15.0,proportional,1501,1,771160300,edges-corr,sfa,0.792475750695965,0.8902110708680077
15.0,proportional,1501,1,771160300,edges-corr,pca,0.7396495245552686,0.8600287928640927
15.0,proportional,1501,1,771160300,edges-cov,sfa,0.320996603572586,0.5665656215943445
15.0,proportional,1501,1,771160300,edges-cov,pca,0.3479137046964264,0.5898421014953293
15.0,proportional,1501,1,771160300,node-var,sfa,0.3688670827882511,0.6073442868655727
15.0,proportional,1501,1,771160300,node-var,pca,0.3872496397141033,0.6222938531868231
15.0,fixed,3001,1,771990200,edges-corr,sfa,0.6201466771977351,0.7874939220068528
15.0,fixed,3001,1,771990200,edges-corr,pca,0.5650917688754942,0.7517258601880703
15.0,fixed,3001,1,771990200,edges-cov,sfa,0.5896087854482296,0.7678598735760513
15.0,fixed,3001,1,771990200,edges-cov,pca,0.3868478252869247,0.6219709199688718
15.0,fixed,3001,1,771990200,node-var,sfa,0.49564611160356553,0.7040213857572549
15.0,fixed,3001,1,771990200,node-var,pca,0.2740606228427143,0.5235079969233654
15.0,proportional,1501,1,771990200,edges-corr,sfa,0.602958362464923,0.7765039358978955
15.0,proportional,1501,1,771990200,edges-corr,pca,0.5527710545284427,0.7434857460156467
15.0,proportional,1501,1,771990200,edges-cov,sfa,0.594328919674286,0.7709273115374017
15.0,proportional,1501,1,771990200,edges-cov,pca,0.31399795934795194,0.5603552081920466
15.0,proportional,1501,1,771990200,node-var,sfa,0.4373320720261073,0.661310873966327
15.0,proportional,1501,1,771990200,node-var,pca,0.23918856841371317,0.48906908347769557
15.0,fixed,3001,1,774875821,edges-corr,sfa,0.6074395674313988,0.7793840949309903
15.0,fixed,3001,1,774875821,edges-corr,pca,0.4246284579661723,0.6516352184820678
15.0,fixed,3001,1,774875821,edges-cov,sfa,0.46854397654988855,0.6845027220909268
15.0,fixed,3001,1,774875821,edges-cov,pca,0.37874709537308143,0.615424321401975
15.0,fixed,3001,1,774875821,node-var,sfa,0.4581242891857321,0.6768487934433599
15.0,fixed,3001,1,774875821,node-var,pca,0.403805028434191,0.6354565511773335
15.0,proportional,1501,1,774875821,edges-corr,sfa,0.6610443597651625,0.813046345398073
15.0,proportional,1501,1,774875821,edges-corr,pca,0.39563902037214804,0.6289984263669887
15.0,proportional,1501,1,774875821,edges-cov,sfa,0.46536408010241054,0.6821759890984221
15.0,proportional,1501,1,774875821,edges-cov,pca,0.3493853337700068,0.5910882622502386
15.0,proportional,1501,1,774875821,node-var,sfa,0.4542547609781706,0.673984243864922
15.0,proportional,1501,1,774875821,node-var,pca,0.3832236781212984,0.6190506264606299
15.0,fixed,3001,1,778240327,edges-corr,sfa,0.47469763818974287,0.6889830463732347
15.0,fixed,3001,1,778240327,edges-corr,pca,0.43517251571996374,0.6596760687791878
15.0,fixed,3001,1,778240327,edges-cov,sfa,0.495202291865875,0.7037061118576952
15.0,fixed,3001,1,778240327,edges-cov,pca,0.49202837872034233,0.7014473456506499
15.0,fixed,3001,1,778240327,node-var,sfa,0.5083329623751981,0.712974727725463
15.0,fixed,3001,1,778240327,node-var,pca,0.4988930073447169,0.7063235854370976
15.0,proportional,1501,1,778240327,edges-corr,sfa,0.5130521268921445,0.7162765715086209
15.0,proportional,1501,1,778240327,edges-corr,pca,0.42343118328149015,0.6507159005906419
15.0,proportional,1501,1,778240327,edges-cov,sfa,0.5968852911544936,0.7725835172681939
15.0,proportional,1501,1,778240327,edges-cov,pca,0.5443643087771661,0.7378104829677917
15.0,proportional,1501,1,778240327,node-var,sfa,0.5789470431739362,0.7608856965234241
15.0,proportional,1501,1,778240327,node-var,pca,0.5627670025800257,0.750177980601954
15.0,fixed,3001,1,778998620,edges-corr,sfa,0.7416831545387573,0.8612102847381453
15.0,fixed,3001,1,778998620,edges-corr,pca,0.6361527170271182,0.7975918235708778
15.0,fixed,3001,1,778998620,edges-cov,sfa,0.3543441757045902,0.595268154451916
15.0,fixed,3001,1,778998620,edges-cov,pca,0.3529294810769511,0.5940786825639774
15.0,fixed,3001,1,778998620,node-var,sfa,0.39202835034464617,0.6261216737541084
15.0,fixed,3001,1,778998620,node-var,pca,0.3326205986122808,0.5767326925121211
15.0,proportional,1501,1,778998620,edges-corr,sfa,0.7288651737445183,0.8537360093989935
15.0,proportional,1501,1,778998620,edges-corr,pca,0.6121855777978974,0.7824228893622025
15.0,proportional,1501,1,778998620,edges-cov,sfa,0.34294737751046805,0.5856170912041998
15.0,proportional,1501,1,778998620,edges-cov,pca,0.33713102810504064,0.5806298546449714
15.0,proportional,1501,1,778998620,node-var,sfa,0.3791975406455393,0.6157901758273993
15.0,proportional,1501,1,778998620,node-var,pca,0.3218465205962406,0.5673151862908665
15.0,fixed,3001,1,779839471,edges-corr,sfa,0.34636586381144613,0.5885285581953064
15.0,fixed,3001,1,779839471,edges-corr,pca,0.33874459915792937,0.5820176966020272
15.0,fixed,3001,1,779839471,edges-cov,sfa,0.3460251748681292,0.5882390456847703
15.0,fixed,3001,1,779839471,edges-cov,pca,0.33872850453218867,0.5820038698601485
15.0,fixed,3001,1,779839471,node-var,sfa,0.3481626506267852,0.5900530913627902
15.0,fixed,3001,1,779839471,node-var,pca,0.34984623336676274,0.5914780075089544
15.0,proportional,1501,1,779839471,edges-corr,sfa,0.4304072010139245,0.6560542668209121
15.0,proportional,1501,1,779839471,edges-corr,pca,0.43363563844990866,0.6585101657908621
15.0,proportional,1501,1,779839471,edges-cov,sfa,0.37128689249804864,0.6093331539462207
15.0,proportional,1501,1,779839471,edges-cov,pca,0.35702735815355147,0.5975176634657351
15.0,proportional,1501,1,779839471,node-var,sfa,0.3702110108724852,0.6084496781760059
15.0,proportional,1501,1,779839471,node-var,pca,0.375377699776743,0.6126807486585024
15.0,fixed,3001,1,781842082,edges-corr,sfa,0.7640178532240327,0.874081147962838
15.0,fixed,3001,1,781842082,edges-corr,pca,0.7084325930025398,0.8416843784950151
15.0,fixed,3001,1,781842082,edges-cov,sfa,0.4430799388729087,0.6656425008012249
15.0,fixed,3001,1,781842082,edges-cov,pca,0.43400578398769224,0.6587911535438923
15.0,fixed,3001,1,781842082,node-var,sfa,0.48766326447034675,0.6983289085168584
15.0,fixed,3001,1,781842082,node-var,pca,0.45807290198071415,0.6768108317548664
15.0,proportional,1501,1,781842082,edges-corr,sfa,0.7655683563839837,0.8749676316207267
15.0,proportional,1501,1,781842082,edges-corr,pca,0.6972139003037086,0.8349933534488215
15.0,proportional,1501,1,781842082,edges-cov,sfa,0.4078718514733972,0.6386484568785845
15.0,proportional,1501,1,781842082,edges-cov,pca,0.40554214655598936,0.6368219111776772
15.0,proportional,1501,1,781842082,node-var,sfa,0.4577614206562579,0.6765806830351114
15.0,proportional,1501,1,781842082,node-var,pca,0.4333767522860576,0.6583135668403451
15.0,fixed,3001,1,786091066,edges-corr,sfa,0.10636115307800768,0.32613057672964013
15.0,fixed,3001,1,786091066,edges-corr,pca,0.15744030335944315,0.39678747883400145
15.0,fixed,3001,1,786091066,edges-cov,sfa,0.37861585762943706,0.6153176883768555
15.0,fixed,3001,1,786091066,edges-cov,pca,0.25262545000942055,0.5026185929802245
15.0,fixed,3001,1,786091066,node-var,sfa,0.41086246560130507,0.6409855424276784
15.0,fixed,3001,1,786091066,node-var,pca,0.3873393352415518,0.6223659174806665
15.0,proportional,1501,1,786091066,edges-corr,sfa,0.0881065501525057,0.29682747540028315
15.0,proportional,1501,1,786091066,edges-corr,pca,0.11906218956325514,0.3450538937082947
15.0,proportional,1501,1,786091066,edges-cov,sfa,0.4615971760258642,0.6794094318051996
15.0,proportional,1501,1,786091066,edges-cov,pca,0.22337140511439618,0.47262184155453096
15.0,proportional,1501,1,786091066,node-var,sfa,0.4849959718885215,0.6964165218377013
15.0,proportional,1501,1,786091066,node-var,pca,0.4367178853387114,0.6608463401871205
15.0,fixed,3001,1,787025148,edges-corr,sfa,0.5963529134857376,0.7722388966412774
15.0,fixed,3001,1,787025148,edges-corr,pca,0.5902952866638674,0.7683067659886039
15.0,fixed,3001,1,787025148,edges-cov,sfa,0.5397125254827827,0.7346512951617132
15.0,fixed,3001,1,787025148,edges-cov,pca,0.5924400951399743,0.7697013025453279
15.0,fixed,3001,1,787025148,node-var,sfa,0.535467409079687,0.7317563864290404
15.0,fixed,3001,1,787025148,node-var,pca,0.3725455045197385,0.6103650584033612
15.0,proportional,1501,1,787025148,edges-corr,sfa,0.6460942336150225,0.8037998716191876
15.0,proportional,1501,1,787025148,edges-corr,pca,0.5994818437088578,0.7742621285513439
15.0,proportional,1501,1,787025148,edges-cov,sfa,0.6008567472620945,0.7751494999431364
15.0,proportional,1501,1,787025148,edges-cov,pca,0.6275755990903042,0.7921966921732911
15.0,proportional,1501,1,787025148,node-var,sfa,0.6033194664815501,0.7767364202105822
15.0,proportional,1501,1,787025148,node-var,pca,0.34851467610508785,0.5903513158324354
15.0,fixed,3001,1,789848216,edges-corr,sfa,0.5046731771592243,0.7104035312125245
15.0,fixed,3001,1,789848216,edges-corr,pca,0.4432815176985842,0.6657939003164449
15.0,fixed,3001,1,789848216,edges-cov,sfa,0.4754690005328592,0.6895426024060146
15.0,fixed,3001,1,789848216,edges-cov,pca,0.3905643177695183,0.6249514523301136
15.0,fixed,3001,1,789848216,node-var,sfa,0.4173659860442781,0.6460386877302923
15.0,fixed,3001,1,789848216,node-var,pca,0.33118548515682805,0.5754871720176116
15.0,proportional,1501,1,789848216,edges-corr,sfa,0.6956556653266276,0.8340597492545888
15.0,proportional,1501,1,789848216,edges-corr,pca,0.5653430714122692,0.7518929919957156
15.0,proportional,1501,1,789848216,edges-cov,sfa,0.6553802635251129,0.8095555963151098
15.0,proportional,1501,1,789848216,edges-cov,pca,0.501886815922694,0.7084397052132906
15.0,proportional,1501,1,789848216,node-var,sfa,0.6125543270773046,0.7826584996518626
15.0,proportional,1501,1,789848216,node-var,pca,0.4445879264149521,0.6667742694607764
15.0,fixed,3001,1,793224716,edges-corr,sfa,0.8003283106493226,0.8946107034064161
15.0,fixed,3001,1,793224716,edges-corr,pca,0.7916781137954895,0.8897629537104191
15.0,fixed,3001,1,793224716,edges-cov,sfa,0.5486435047852691,0.740704735225359
15.0,fixed,3001,1,793224716,edges-cov,pca,0.5178278268478835,0.7196025478330962
15.0,fixed,3001,1,793224716,node-var,sfa,0.5616977156601768,0.7494649529232016
15.0,fixed,3001,1,793224716,node-var,pca,0.5571552432442517,0.7464283242510641
15.0,proportional,1501,1,793224716,edges-corr,sfa,0.8000486683749025,0.8944543970348083
15.0,proportional,1501,1,793224716,edges-corr,pca,0.785555863393315,0.8863158936819958
15.0,proportional,1501,1,793224716,edges-cov,sfa,0.523631839272604,0.7236241008096704
15.0,proportional,1501,1,793224716,edges-cov,pca,0.49122454355404876,0.700874128181408
15.0,proportional,1501,1,793224716,node-var,sfa,0.5394530282969218,0.7344746614396727
15.0,proportional,1501,1,793224716,node-var,pca,0.5391183399409502,0.7342467840862159
15.0,fixed,3001,1,794812542,edges-corr,sfa,0.5532907778593683,0.7438351819182583
15.0,fixed,3001,1,794812542,edges-corr,pca,0.5344357764627891,0.7310511449021806
15.0,fixed,3001,1,794812542,edges-cov,sfa,0.48554133887415835,0.6968079641293994
15.0,fixed,3001,1,794812542,edges-cov,pca,0.46408468601644404,0.6812376134774445
15.0,fixed,3001,1,794812542,node-var,sfa,0.4800847330402213,0.6928814711335708
15.0,fixed,3001,1,794812542,node-var,pca,0.4794570627159678,0.6924283809290083
15.0,proportional,1501,1,794812542,edges-corr,sfa,0.6816579581419998,0.8256257978903032
15.0,proportional,1501,1,794812542,edges-corr,pca,0.6303936542394123,0.7939733334561132
15.0,proportional,1501,1,794812542,edges-cov,sfa,0.5227492825265591,0.72301402650748
15.0,proportional,1501,1,794812542,edges-cov,pca,0.4864948987706851,0.6974918628705894
15.0,proportional,1501,1,794812542,node-var,sfa,0.5112474388112137,0.7150156913041935
15.0,proportional,1501,1,794812542,node-var,pca,0.5107128176556666,0.7146417407734218
15.0,fixed,3001,1,816200189,edges-corr,sfa,0.4342208183184832,0.6589543370511216
15.0,fixed,3001,1,816200189,edges-corr,pca,0.4161321912690074,0.645083088655258
15.0,fixed,3001,1,816200189,edges-cov,sfa,0.2526879504028719,0.5026807639077429
15.0,fixed,3001,1,816200189,edges-cov,pca,0.25496417139258404,0.5049397700642959
15.0,fixed,3001,1,816200189,node-var,sfa,0.25943624462762555,0.5093488437481973
15.0,fixed,3001,1,816200189,node-var,pca,0.253105912575579,0.5030963253449373
15.0,proportional,1501,1,816200189,edges-corr,sfa,0.44103452589946907,0.6641043034791064
15.0,proportional,1501,1,816200189,edges-corr,pca,0.39999774919163994,0.6324537526109241
15.0,proportional,1501,1,816200189,edges-cov,sfa,0.23147254169330464,0.48111593373458816
15.0,proportional,1501,1,816200189,edges-cov,pca,0.23017925002500716,0.4797699970037801
15.0,proportional,1501,1,816200189,node-var,sfa,0.2365809054298915,0.4863958320441197
15.0,proportional,1501,1,816200189,node-var,pca,0.22938114682062222,0.47893751870220214
15.0,fixed,3001,1,829720705,edges-corr,sfa,0.31582325038968095,0.5619815391893945
15.0,fixed,3001,1,829720705,edges-corr,pca,0.32043322573031546,0.5660682164989618
15.0,fixed,3001,1,829720705,edges-cov,sfa,0.33014235453804486,0.5745801550158558
15.0,fixed,3001,1,829720705,edges-cov,pca,0.31143061804518246,0.5580596903962716
15.0,fixed,3001,1,829720705,node-var,sfa,0.32100004269770727,0.5665686566495779
15.0,fixed,3001,1,829720705,node-var,pca,0.3313967545314869,0.5756706997333518
15.0,proportional,1501,1,829720705,edges-corr,sfa,0.33345913434247,0.5774592057820794
15.0,proportional,1501,1,829720705,edges-corr,pca,0.3333854588292147,0.5773954094285949
15.0,proportional,1501,1,829720705,edges-cov,sfa,0.33171395125761477,0.5759461357259156
15.0,proportional,1501,1,829720705,edges-cov,pca,0.3103726548672514,0.557110989720407
15.0,proportional,1501,1,829720705,node-var,sfa,0.32522440131491576,0.5702844915609364
15.0,proportional,1501,1,829720705,node-var,pca,0.33371397857234364,0.5776798235807995
15.0,fixed,3001,1,831882777,edges-corr,sfa,0.07374091205987313,0.2715527795104906
15.0,fixed,3001,1,831882777,edges-corr,pca,0.006998171143476876,0.08365507243124518
15.0,fixed,3001,1,831882777,edges-cov,sfa,0.28624195844199535,0.5350158487764595
15.0,fixed,3001,1,831882777,edges-cov,pca,0.21485287765048477,0.4635222515160246
15.0,fixed,3001,1,831882777,node-var,sfa,0.28382572805177836,0.5327529709459895
15.0,fixed,3001,1,831882777,node-var,pca,0.2830029991061514,0.5319802619516549
15.0,proportional,1501,1,831882777,edges-corr,sfa,0.07495590506572553,0.27378076094883935
15.0,proportional,1501,1,831882777,edges-corr,pca,0.006385816760650749,0.07991130558719929
15.0,proportional,1501,1,831882777,edges-cov,sfa,0.2692470619083474,0.5188902214422116
15.0,proportional,1501,1,831882777,edges-cov,pca,0.1928145787029342,0.43910656873125253
15.0,proportional,1501,1,831882777,node-var,sfa,0.27101285186992047,0.5205889471261568
15.0,proportional,1501,1,831882777,node-var,pca,0.268773250962466,0.518433458567699
15.0,fixed,3001,1,835479236,edges-corr,sfa,0.0005587071585652519,0.023636987087301376
15.0,fixed,3001,1,835479236,edges-corr,pca,0.00047109900571699637,0.021704815265673107
15.0,fixed,3001,1,835479236,edges-cov,sfa,2.8494234554048878e-05,0.005337999115216195
15.0,fixed,3001,1,835479236,edges-cov,pca,4.6763627295225346e-05,0.006838393619500514
15.0,fixed,3001,1,835479236,node-var,sfa,5.455768236218936e-05,0.007386317239476609
15.0,fixed,3001,1,835479236,node-var,pca,3.941299408053698e-05,0.006277976909844204
15.0,proportional,1501,1,835479236,edges-corr,sfa,0.0004522101409414364,0.02126523315041329
15.0,proportional,1501,1,835479236,edges-corr,pca,0.00035764732382291266,0.018911565874430193
15.0,proportional,1501,1,835479236,edges-cov,sfa,2.7412497431377394e-05,0.005235694551000602
15.0,proportional,1501,1,835479236,edges-cov,pca,3.725297852260324e-05,0.00610352181306852
15.0,proportional,1501,1,835479236,node-var,sfa,6.424062355441127e-05,0.008015024862993955
15.0,proportional,1501,1,835479236,node-var,pca,3.191369248689399e-05,0.005649220520292511
15.0,fixed,3001,1,839068429,edges-corr,sfa,0.03528870404228955,0.18785287871706824
15.0,fixed,3001,1,839068429,edges-corr,pca,1.3160774435940216e-05,0.003627778167961792
15.0,fixed,3001,1,839068429,edges-cov,sfa,0.008335770606671119,0.0913004414374384
15.0,fixed,3001,1,839068429,edges-cov,pca,0.00022462874088604874,0.014987619587047462
15.0,fixed,3001,1,839068429,node-var,sfa,0.024929447155729086,0.15789061769379803
15.0,fixed,3001,1,839068429,node-var,pca,0.0001059470422267945,0.010293057962859944
15.0,proportional,1501,1,839068429,edges-corr,sfa,0.028667822478059893,0.16931574787378725
15.0,proportional,1501,1,839068429,edges-corr,pca,0.0006473092776333953,0.025442273436809756
15.0,proportional,1501,1,839068429,edges-cov,sfa,0.01017486412802818,0.10087053151455176
15.0,proportional,1501,1,839068429,edges-cov,pca,0.00029247100714327,0.01710178374156538
15.0,proportional,1501,1,839068429,node-var,sfa,0.017086150523341063,0.13071400278218498
15.0,proportional,1501,1,839068429,node-var,pca,0.0006877730994682365,0.026225428489697486
15.0,fixed,3001,1,847657808,edges-corr,sfa,0.5150844989420539,0.7176938755082517
15.0,fixed,3001,1,847657808,edges-corr,pca,0.4116049200458503,0.6415644317181637
15.0,fixed,3001,1,847657808,edges-cov,sfa,0.37364049645550285,0.6112613978123458
15.0,fixed,3001,1,847657808,edges-cov,pca,0.3707405888622915,0.6088847090067967
15.0,fixed,3001,1,847657808,node-var,sfa,0.5312980656649441,0.728901958884008
15.0,fixed,3001,1,847657808,node-var,pca,0.47922886369190176,0.6922635796370497
15.0,proportional,1501,1,847657808,edges-corr,sfa,0.4787462720935898,0.6919149312549844
15.0,proportional,1501,1,847657808,edges-corr,pca,0.3614202887612859,0.6011824088920815
15.0,proportional,1501,1,847657808,edges-cov,sfa,0.32663541462873935,0.5715202661574997
15.0,proportional,1501,1,847657808,edges-cov,pca,0.32972724045482094,0.5742188088654193
15.0,proportional,1501,1,847657808,node-var,sfa,0.3987696467780031,0.6314821032919327
15.0,proportional,1501,1,847657808,node-var,pca,0.2650457315508893,0.5148259235420156
15.0,fixed,3001,2,766640955,edges-corr,sfa,0.5031865511994228,0.7093564345231689
15.0,fixed,3001,2,766640955,edges-corr,pca,0.39921495959853626,0.631834598291781
15.0,fixed,3001,2,766640955,edges-cov,sfa,0.35678324138425566,0.5973133527590486
15.0,fixed,3001,2,766640955,edges-cov,pca,0.2816060498161872,0.5306656667019143
15.0,fixed,3001,2,766640955,node-var,sfa,0.36333506158973494,0.6027728109244269
15.0,fixed,3001,2,766640955,node-var,pca,0.2568297032811404,0.5067836849003137
15.0,proportional,1501,2,766640955,edges-corr,sfa,0.534123495878443,0.7308375304254996
15.0,proportional,1501,2,766640955,edges-corr,pca,0.3708766619326108,0.6089964383579027
15.0,proportional,1501,2,766640955,edges-cov,sfa,0.3622956951354159,0.6019100390718001
15.0,proportional,1501,2,766640955,edges-cov,pca,0.2759885609506743,0.5253461344206068
15.0,proportional,1501,2,766640955,node-var,sfa,0.37833857450200115,0.6150923300627322
15.0,proportional,1501,2,766640955,node-var,pca,0.23846173613327654,0.48832544080078044
15.0,fixed,3001,2,767871931,edges-corr,sfa,0.5265357500745071,0.7256278316564954
15.0,fixed,3001,2,767871931,edges-corr,pca,0.47677621656907143,0.6904898381359942
15.0,fixed,3001,2,767871931,edges-cov,sfa,0.5393246622876122,0.734387269965658
15.0,fixed,3001,2,767871931,edges-cov,pca,0.5371578846203524,0.7329105570397744
15.0,fixed,3001,2,767871931,node-var,sfa,0.575711350468379,0.7587564500341193
15.0,fixed,3001,2,767871931,node-var,pca,0.5564530275578757,0.7459577920753129
15.0,proportional,1501,2,767871931,edges-corr,sfa,0.5345936728511775,0.7311591296367553
15.0,proportional,1501,2,767871931,edges-corr,pca,0.4871119831405001,0.6979340822316246
15.0,proportional,1501,2,767871931,edges-cov,sfa,0.546342822108809,0.7391500673806429
15.0,proportional,1501,2,767871931,edges-cov,pca,0.4681208460582051,0.6841935735288699
15.0,proportional,1501,2,767871931,node-var,sfa,0.5708412525565995,0.7555403712288308
15.0,proportional,1501,2,767871931,node-var,pca,0.45765854983980403,0.6765046561848662
15.0,fixed,3001,2,771160300,edges-corr,sfa,0.7843125127071331,0.885614200827388
15.0,fixed,3001,2,771160300,edges-corr,pca,0.7825853934437214,0.8846385665590899
15.0,fixed,3001,2,771160300,edges-cov,sfa,0.368552006319635,0.6070848427688135
15.0,fixed,3001,2,771160300,edges-cov,pca,0.41442439118061614,0.6437580222262214
15.0,fixed,3001,2,771160300,node-var,sfa,0.41574903286026654,0.6447860364960353
15.0,fixed,3001,2,771160300,node-var,pca,0.43963625228562614,0.663050716224352
15.0,proportional,1501,2,771160300,edges-corr,sfa,0.7641404087629362,0.874151250506991
15.0,proportional,1501,2,771160300,edges-corr,pca,0.7331405469585791,0.8562362681868709
15.0,proportional,1501,2,771160300,edges-cov,sfa,0.3100186398235155,0.5567931750870475
15.0,proportional,1501,2,771160300,edges-cov,pca,0.34630096241634034,0.5884734169156159
15.0,proportional,1501,2,771160300,node-var,sfa,0.3687585994819945,0.6072549707346944
15.0,proportional,1501,2,771160300,node-var,pca,0.37683867225539996,0.6138718695749138
15.0,fixed,3001,2,771990200,edges-corr,sfa,0.6588078823974458,0.8116698111901451
15.0,fixed,3001,2,771990200,edges-corr,pca,0.7116685014248462,0.8436044697752888
15.0,fixed,3001,2,771990200,edges-cov,sfa,0.6233793943843372,0.7895437887693989
15.0,fixed,3001,2,771990200,edges-cov,pca,0.5254619522142657,0.7248875445296779
15.0,fixed,3001,2,771990200,node-var,sfa,0.5401626428766324,0.7349575789640055
15.0,fixed,3001,2,771990200,node-var,pca,0.5086963929239049,0.713229551353493
15.0,proportional,1501,2,771990200,edges-corr,sfa,0.703940265815139,0.8390114813368998
15.0,proportional,1501,2,771990200,edges-corr,pca,0.7570635979462669,0.8700940167282308
15.0,proportional,1501,2,771990200,edges-cov,sfa,0.6226910446843673,0.7891077522647761
15.0,proportional,1501,2,771990200,edges-cov,pca,0.49206479143657395,0.70147330058711
15.0,proportional,1501,2,771990200,node-var,sfa,0.514466877630958,0.7172634645867291
15.0,proportional,1501,2,771990200,node-var,pca,0.48561928952679373,0.6968638959845701
15.0,fixed,3001,2,774875821,edges-corr,sfa,0.5527333396163105,0.7434603820085577
15.0,fixed,3001,2,774875821,edges-corr,pca,0.3854083098130163,0.6208126205329724
15.0,fixed,3001,2,774875821,edges-cov,sfa,0.4510722186522488,0.6716191023580619
15.0,fixed,3001,2,774875821,edges-cov,pca,0.3707127204584044,0.6088618237813933
15.0,fixed,3001,2,774875821,node-var,sfa,0.4439692955300357,0.6663102096846751
15.0,fixed,3001,2,774875821,node-var,pca,0.3924668863687286,0.6264717761948487
15.0,proportional,1501,2,774875821,edges-corr,sfa,0.644504703100716,0.8028105026098724
15.0,proportional,1501,2,774875821,edges-corr,pca,0.36748494287388517,0.6062053636135902
15.0,proportional,1501,2,774875821,edges-cov,sfa,0.4676466121508612,0.6838469215773814
15.0,proportional,1501,2,774875821,edges-cov,pca,0.34629350602987063,0.5884670815176246
15.0,proportional,1501,2,774875821,node-var,sfa,0.4576237259503394,0.6764789175948792
15.0,proportional,1501,2,774875821,node-var,pca,0.3782156736750493,0.6149924175752489
15.0,fixed,3001,2,778240327,edges-corr,sfa,0.43518535605865283,0.6596858010133709
15.0,fixed,3001,2,778240327,edges-corr,pca,0.4556672404276449,0.6750312884805006
15.0,fixed,3001,2,778240327,edges-cov,sfa,0.4387279671690717,0.6623654332534811
15.0,fixed,3001,2,778240327,edges-cov,pca,0.44610969457148053,0.667914436564655
15.0,fixed,3001,2,778240327,node-var,sfa,0.4619266099043679,0.6796518299132048
15.0,fixed,3001,2,778240327,node-var,pca,0.4409082427443002,0.6640092188699643
15.0,proportional,1501,2,778240327,edges-corr,sfa,0.5198977978847977,0.721039387193791
15.0,proportional,1501,2,778240327,edges-corr,pca,0.46956320495419984,0.6852468204626708
15.0,proportional,1501,2,778240327,edges-cov,sfa,0.5527865567361371,0.7434961712989093
15.0,proportional,1501,2,778240327,edges-cov,pca,0.5150640143700567,0.717679604259489
15.0,proportional,1501,2,778240327,node-var,sfa,0.5573205745655138,0.7465390643265185
15.0,proportional,1501,2,778240327,node-var,pca,0.5248359871806693,0.7244556488707016
15.0,fixed,3001,2,778998620,edges-corr,sfa,0.6839314674257516,0.8270014917917329
15.0,fixed,3001,2,778998620,edges-corr,pca,0.6091523682247115,0.7804821383124098
15.0,fixed,3001,2,778998620,edges-cov,sfa,0.38657800026113076,0.6217539708446829
15.0,fixed,3001,2,778998620,edges-cov,pca,0.38173976504455176,0.6178509246125248
15.0,fixed,3001,2,778998620,node-var,sfa,0.4223274260780212,0.64986723727083
15.0,fixed,3001,2,778998620,node-var,pca,0.37185143314690366,0.6097962226407307
15.0,proportional,1501,2,778998620,edges-corr,sfa,0.6740319642566893,0.8209944970928181
15.0,proportional,1501,2,778998620,edges-corr,pca,0.5859553507313583,0.7654772045798348
15.0,proportional,1501,2,778998620,edges-cov,sfa,0.3685768475006277,0.6071053018222026
15.0,proportional,1501,2,778998620,edges-cov,pca,0.3592366402485748,0.5993635292946801
15.0,proportional,1501,2,778998620,node-var,sfa,0.40192253149130425,0.6339736047275977
15.0,proportional,1501,2,778998620,node-var,pca,0.35417454258601694,0.5951256527709228
15.0,fixed,3001,2,779839471,edges-corr,sfa,0.49790767644926903,0.7056257339760711
15.0,fixed,3001,2,779839471,edges-corr,pca,0.44528373778080843,0.6672958397748396
15.0,fixed,3001,2,779839471,edges-cov,sfa,0.25127984454261365,0.501278210719969
15.0,fixed,3001,2,779839471,edges-cov,pca,0.2749637757041716,0.5243698844367128
15.0,fixed,3001,2,779839471,node-var,sfa,0.28700938524558106,0.5357325687743663
15.0,fixed,3001,2,779839471,node-var,pca,0.2741624381632636,0.5236052312222096
15.0,proportional,1501,2,779839471,edges-corr,sfa,0.512922284833346,0.7161859289551464
15.0,proportional,1501,2,779839471,edges-corr,pca,0.44935165025265844,0.6703369676906223
15.0,proportional,1501,2,779839471,edges-cov,sfa,0.22412604191694918,0.4734195199999142
15.0,proportional,1501,2,779839471,edges-cov,pca,0.24750027807002292,0.4974939980241198
15.0,proportional,1501,2,779839471,node-var,sfa,0.2554035861690637,0.5053746987820658
15.0,proportional,1501,2,779839471,node-var,pca,0.2501989479381945,0.5001989083736534
15.0,fixed,3001,2,781842082,edges-corr,sfa,0.6990562352116263,0.8360958289643755
15.0,fixed,3001,2,781842082,edges-corr,pca,0.6344821071758008,0.7965438513828356
15.0,fixed,3001,2,781842082,edges-cov,sfa,0.5133174409481653,0.7164617512108831
15.0,fixed,3001,2,781842082,edges-cov,pca,0.48217690164083415,0.6943895892370753
15.0,fixed,3001,2,781842082,node-var,sfa,0.5479478423503247,0.7402349913036567
15.0,fixed,3001,2,781842082,node-var,pca,0.5022552164305283,0.70869966588854
15.0,proportional,1501,2,781842082,edges-corr,sfa,0.7358230859706015,0.8578013091448401
15.0,proportional,1501,2,781842082,edges-corr,pca,0.6935537405471918,0.832798739520655
15.0,proportional,1501,2,781842082,edges-cov,sfa,0.49066713894777053,0.7004763657310434
15.0,proportional,1501,2,781842082,edges-cov,pca,0.4688239620417931,0.6847072089892096
15.0,proportional,1501,2,781842082,node-var,sfa,0.5326535081191784,0.7298311504171211
15.0,proportional,1501,2,781842082,node-var,pca,0.4941920320809766,0.7029879316752007
15.0,fixed,3001,2,786091066,edges-corr,sfa,0.04680350795974078,0.21634118415073164
15.0,fixed,3001,2,786091066,edges-corr,pca,0.08133521342916568,0.28519329134670346
15.0,fixed,3001,2,786091066,edges-cov,sfa,0.3092603481495476,0.5561118126326284
15.0,fixed,3001,2,786091066,edges-cov,pca,0.24759377598529708,0.49758795803887484
15.0,fixed,3001,2,786091066,node-var,sfa,0.3680671637502382,0.6066853910802849
15.0,fixed,3001,2,786091066,node-var,pca,0.3462789439072388,0.5884547084587214
15.0,proportional,1501,2,786091066,edges-corr,sfa,0.05762447427698808,0.2400509826619922
15.0,proportional,1501,2,786091066,edges-corr,pca,0.055613844739296106,0.23582587801023047
15.0,proportional,1501,2,786091066,edges-cov,sfa,0.431278596165822,0.6567180492158122
15.0,proportional,1501,2,786091066,edges-cov,pca,0.2685923152408896,0.5182589268318392
15.0,proportional,1501,2,786091066,node-var,sfa,0.4645063633267271,0.6815470367676226
15.0,proportional,1501,2,786091066,node-var,pca,0.41211390007352255,0.641960980179888
15.0,fixed,3001,2,787025148,edges-corr,sfa,0.6153067913671204,0.7844149357114004
15.0,fixed,3001,2,787025148,edges-corr,pca,0.6574658466104565,0.8108426768556626
15.0,fixed,3001,2,787025148,edges-cov,sfa,0.6514321795198701,0.8071134861466943
15.0,fixed,3001,2,787025148,edges-cov,pca,0.6016460839874821,0.775658484120094
15.0,fixed,3001,2,787025148,node-var,sfa,0.6366164663020567,0.7978824890308451
15.0,fixed,3001,2,787025148,node-var,pca,0.18681266630086774,0.432218308613677
15.0,proportional,1501,2,787025148,edges-corr,sfa,0.3889914844290403,0.6236918184721043
15.0,proportional,1501,2,787025148,edges-corr,pca,0.6614249539172876,0.8132803661206187
15.0,proportional,1501,2,787025148,edges-cov,sfa,0.5788206957540839,0.760802665448856
15.0,proportional,1501,2,787025148,edges-cov,pca,0.5958006881308018,0.771881265565373
15.0,proportional,1501,2,787025148,node-var,sfa,0.6593695875055368,0.8120157557003046
15.0,proportional,1501,2,787025148,node-var,pca,0.07569527901337644,0.2751277503513167
15.0,fixed,3001,2,789848216,edges-corr,sfa,0.3147528493221309,0.5610283854869831
15.0,fixed,3001,2,789848216,edges-corr,pca,0.24639976493808347,0.4963867090667149
15.0,fixed,3001,2,789848216,edges-cov,sfa,0.29355925784723275,0.5418110905539243
15.0,fixed,3001,2,789848216,edges-cov,pca,0.19742335941042172,0.44432348509888797
15.0,fixed,3001,2,789848216,node-var,sfa,0.25268184028495216,0.5026746863379458
15.0,fixed,3001,2,789848216,node-var,pca,0.059326613375656145,0.2435705511256567
15.0,proportional,1501,2,789848216,edges-corr,sfa,0.6063416564451747,0.7786794311173082
15.0,proportional,1501,2,789848216,edges-corr,pca,0.4454423514188771,0.6674146772576081
15.0,proportional,1501,2,789848216,edges-cov,sfa,0.5920863045114566,0.7694714448967269
15.0,proportional,1501,2,789848216,edges-cov,pca,0.4081770402006544,0.6388873454691792
15.0,proportional,1501,2,789848216,node-var,sfa,0.5714365958881873,0.7559342536809582
15.0,proportional,1501,2,789848216,node-var,pca,0.31595680322934583,0.5621003497858241
15.0,fixed,3001,2,793224716,edges-corr,sfa,0.8174520466477588,0.9041305473479805
15.0,fixed,3001,2,793224716,edges-corr,pca,0.8049051197554398,0.8971650459951278
15.0,fixed,3001,2,793224716,edges-cov,sfa,0.560311984351456,0.7485399016428289
15.0,fixed,3001,2,793224716,edges-cov,pca,0.5264697909311988,0.7255823805269798
15.0,fixed,3001,2,793224716,node-var,sfa,0.5721577198708585,0.7564110786277912
15.0,fixed,3001,2,793224716,node-var,pca,0.5682627985313211,0.7538320758175
15.0,proportional,1501,2,793224716,edges-corr,sfa,0.8232909794465597,0.9073538336539719
15.0,proportional,1501,2,793224716,edges-corr,pca,0.8044555727689513,0.8969144734973069
15.0,proportional,1501,2,793224716,edges-cov,sfa,0.5391137790103125,0.7342436782229129
15.0,proportional,1501,2,793224716,edges-cov,pca,0.5055475247072343,0.711018652854645
15.0,proportional,1501,2,793224716,node-var,sfa,0.5535942842401507,0.7440391684852019
15.0,proportional,1501,2,793224716,node-var,pca,0.5520632348953103,0.7430095792756042
15.0,fixed,3001,2,794812542,edges-corr,sfa,0.6233323826993146,0.7895140167845752
15.0,fixed,3001,2,794812542,edges-corr,pca,0.6019873810847292,0.7758784576753818
15.0,fixed,3001,2,794812542,edges-cov,sfa,0.46745803729625496,0.6837090297021496
15.0,fixed,3001,2,794812542,edges-cov,pca,0.44360301055665113,0.6660352922756054
15.0,fixed,3001,2,794812542,node-var,sfa,0.4575673996675411,0.6764372843564591
15.0,fixed,3001,2,794812542,node-var,pca,0.4672848533843759,0.6835823676663815
15.0,proportional,1501,2,794812542,edges-corr,sfa,0.6931794375228328,0.8325739832128031
15.0,proportional,1501,2,794812542,edges-corr,pca,0.6515631328533569,0.8071946065561618
15.0,proportional,1501,2,794812542,edges-cov,sfa,0.4938865327537395,0.7027706117601529
15.0,proportional,1501,2,794812542,edges-cov,pca,0.45426076162219114,0.6739886954706222
15.0,proportional,1501,2,794812542,node-var,sfa,0.47498570287485237,0.6891920653017215
15.0,proportional,1501,2,794812542,node-var,pca,0.4880120316587315,0.6985785794445257
15.0,fixed,3001,2,816200189,edges-corr,sfa,0.49075061630589106,0.700535949331575
15.0,fixed,3001,2,816200189,edges-corr,pca,0.4461012866429242,0.6679081423690867
15.0,fixed,3001,2,816200189,edges-cov,sfa,0.2952097970392598,0.5433321240634128
15.0,fixed,3001,2,816200189,edges-cov,pca,0.2930287314427944,0.5413212830129575
15.0,fixed,3001,2,816200189,node-var,sfa,0.2982838289075251,0.5461536678513887
15.0,fixed,3001,2,816200189,node-var,pca,0.29773313039163835,0.5456492741602781
15.0,proportional,1501,2,816200189,edges-corr,sfa,0.4988626373548997,0.706302086472141
15.0,proportional,1501,2,816200189,edges-corr,pca,0.4469283579110799,0.6685270061194835
15.0,proportional,1501,2,816200189,edges-cov,sfa,0.2584130488948415,0.5083434359710387
15.0,proportional,1501,2,816200189,edges-cov,pca,0.2558092695387642,0.5057759084206801
15.0,proportional,1501,2,816200189,node-var,sfa,0.26366958379790684,0.5134876666463439
15.0,proportional,1501,2,816200189,node-var,pca,0.26133204945140986,0.5112064646025223
15.0,fixed,3001,2,829720705,edges-corr,sfa,0.33630730354774707,0.5799200837596048
15.0,fixed,3001,2,829720705,edges-corr,pca,0.3394724475699075,0.5826426413934253
15.0,fixed,3001,2,829720705,edges-cov,sfa,0.35397903057261043,0.5949613689750036
15.0,fixed,3001,2,829720705,edges-cov,pca,0.33578882547766037,0.5794728858865273
15.0,fixed,3001,2,829720705,node-var,sfa,0.3456297631869435,0.5879028518275307
15.0,fixed,3001,2,829720705,node-var,pca,0.3546145679740129,0.5954952291782134
15.0,proportional,1501,2,829720705,edges-corr,sfa,0.3543292507433161,0.595255617985514
15.0,proportional,1501,2,829720705,edges-corr,pca,0.35422761342236203,0.5951702390260807
15.0,proportional,1501,2,829720705,edges-cov,sfa,0.35795321882950626,0.5982919177370745
15.0,proportional,1501,2,829720705,edges-cov,pca,0.336488281176425,0.5800760994700824
15.0,proportional,1501,2,829720705,node-var,sfa,0.35263244781268777,0.5938286350561817
15.0,proportional,1501,2,829720705,node-var,pca,0.3596112627373975,0.5996759647821459
15.0,fixed,3001,2,831882777,edges-corr,sfa,0.006739941527530204,0.0820971468903165
15.0,fixed,3001,2,831882777,edges-corr,pca,5.885964437028475e-07,0.0007672003934454463
15.0,fixed,3001,2,831882777,edges-cov,sfa,0.01963867303780228,0.140138049928641
15.0,fixed,3001,2,831882777,edges-cov,pca,0.02140144571610059,0.14629232965572936
15.0,fixed,3001,2,831882777,node-var,sfa,0.019751324028077534,0.140539403827103
15.0,fixed,3001,2,831882777,node-var,pca,0.019784026458732045,0.14065570183512663
15.0,proportional,1501,2,831882777,edges-corr,sfa,0.0017640515621142128,0.042000613830207444
15.0,proportional,1501,2,831882777,edges-corr,pca,0.0020552293249214274,0.04533463714337446
15.0,proportional,1501,2,831882777,edges-cov,sfa,0.02179140689416582,0.14761912780587014
15.0,proportional,1501,2,831882777,edges-cov,pca,0.023965952549806276,0.15480940717477823
15.0,proportional,1501,2,831882777,node-var,sfa,0.020601308129957707,0.14353155795837272
15.0,proportional,1501,2,831882777,node-var,pca,0.02069991476810059,0.1438746494977506
15.0,fixed,3001,2,835479236,edges-corr,sfa,0.00043515020394237886,0.020860254167731965
15.0,fixed,3001,2,835479236,edges-corr,pca,0.0002537648021496465,0.015929996928739393
15.0,fixed,3001,2,835479236,edges-cov,sfa,9.236530438614623e-05,0.009610686988251476
15.0,fixed,3001,2,835479236,edges-cov,pca,8.672505603538966e-05,0.009312628846646347
15.0,fixed,3001,2,835479236,node-var,sfa,4.637563530765641e-05,0.006809965881533946
15.0,fixed,3001,2,835479236,node-var,pca,5.4906343084407054e-05,0.007409881448741744
15.0,proportional,1501,2,835479236,edges-corr,sfa,0.0003023867515576287,0.017389271162346877
15.0,proportional,1501,2,835479236,edges-corr,pca,0.00015150079999367983,0.012308566122570079
15.0,proportional,1501,2,835479236,edges-cov,sfa,8.126210540438312e-05,0.009014549650669362
15.0,proportional,1501,2,835479236,edges-cov,pca,6.560349969696628e-05,0.00809959873678729
15.0,proportional,1501,2,835479236,node-var,sfa,3.989963564657373e-05,0.006316615838134668
15.0,proportional,1501,2,835479236,node-var,pca,4.721988293531785e-05,0.006871672499131332
15.0,fixed,3001,2,839068429,edges-corr,sfa,0.07955203983785497,0.28204971164292114
15.0,fixed,3001,2,839068429,edges-corr,pca,0.05182059191912995,0.22764136688908268
15.0,fixed,3001,2,839068429,edges-cov,sfa,0.21322314347885865,0.46176091592820917
15.0,fixed,3001,2,839068429,edges-cov,pca,0.184843249549085,0.42993400603939785
15.0,fixed,3001,2,839068429,node-var,sfa,0.22872811594996093,0.47825528324312416
15.0,fixed,3001,2,839068429,node-var,pca,0.21495354573599554,0.463630829147497
15.0,proportional,1501,2,839068429,edges-corr,sfa,0.09246181316286681,0.3040753412607915
15.0,proportional,1501,2,839068429,edges-corr,pca,0.007843640081239058,0.08856432736287821
15.0,proportional,1501,2,839068429,edges-cov,sfa,0.2137652426816186,0.4623475345252947
15.0,proportional,1501,2,839068429,edges-cov,pca,0.16043703839751233,0.40054592545363926
15.0,proportional,1501,2,839068429,node-var,sfa,0.23108633777731907,0.4807144035467619
15.0,proportional,1501,2,839068429,node-var,pca,0.2074737899453113,0.4554929087760986
15.0,fixed,3001,2,847657808,edges-corr,sfa,0.4157635269639731,0.6447972758658128
15.0,fixed,3001,2,847657808,edges-corr,pca,0.36212782970534935,0.6017705789629045
15.0,fixed,3001,2,847657808,edges-cov,sfa,0.24772242146569032,0.497717210337045
15.0,fixed,3001,2,847657808,edges-cov,pca,0.2718117159971946,0.5213556521197354
15.0,fixed,3001,2,847657808,node-var,sfa,0.4133465254887566,0.6429203103719439
15.0,fixed,3001,2,847657808,node-var,pca,0.307949295261579,0.5549317933418295
15.0,proportional,1501,2,847657808,edges-corr,sfa,0.3953435737237515,0.6287635276666034
15.0,proportional,1501,2,847657808,edges-corr,pca,0.33527862927940044,0.5790324941481267
15.0,proportional,1501,2,847657808,edges-cov,sfa,0.21830401401495583,0.4672301510122777
15.0,proportional,1501,2,847657808,edges-cov,pca,0.24406861344428588,0.4940330084562021
15.0,proportional,1501,2,847657808,node-var,sfa,0.32257741876690804,0.567958993913212
15.0,proportional,1501,2,847657808,node-var,pca,0.15274466587062627,0.39082562079606076
15.0,fixed,3001,3,766640955,edges-corr,sfa,0.5177055957069463,0.7195176132013352
15.0,fixed,3001,3,766640955,edges-corr,pca,0.39150664026607007,0.625704914689081
15.0,fixed,3001,3,766640955,edges-cov,sfa,0.3384477830807928,0.5817626518441974
15.0,fixed,3001,3,766640955,edges-cov,pca,0.25604940314599806,0.5060132440420884
15.0,fixed,3001,3,766640955,node-var,sfa,0.3278261119429204,0.5725610115462983
15.0,fixed,3001,3,766640955,node-var,pca,0.22805124684692096,0.47754711479279294
15.0,proportional,1501,3,766640955,edges-corr,sfa,0.5247274897678338,0.7243807629747174
15.0,proportional,1501,3,766640955,edges-corr,pca,0.33452916112545183,0.5783849592835656
15.0,proportional,1501,3,766640955,edges-cov,sfa,0.3028981809371278,0.5503618636289471
15.0,proportional,1501,3,766640955,edges-cov,pca,0.228587542412266,0.47810829569488333
15.0,proportional,1501,3,766640955,node-var,sfa,0.31431174921777427,0.5606351302030352
15.0,proportional,1501,3,766640955,node-var,pca,0.19624060633090376,0.44299052623154794
15.0,fixed,3001,3,767871931,edges-corr,sfa,0.38122113190517537,0.6174310746190018
15.0,fixed,3001,3,767871931,edges-corr,pca,0.3318440033617237,0.5760590276714043
15.0,fixed,3001,3,767871931,edges-cov,sfa,0.3619675410558438,0.6016373833596478
15.0,fixed,3001,3,767871931,edges-cov,pca,0.3478120060661736,0.5897558868431697
15.0,fixed,3001,3,767871931,node-var,sfa,0.38824340122819656,0.6230918080252673
15.0,fixed,3001,3,767871931,node-var,pca,0.3119787897930198,0.5585506152471947
15.0,proportional,1501,3,767871931,edges-corr,sfa,0.4106785600192611,0.6408420710434523
15.0,proportional,1501,3,767871931,edges-corr,pca,0.3580768409471116,0.5983952213605249
15.0,proportional,1501,3,767871931,edges-cov,sfa,0.38883304191153045,0.6235647856570562
15.0,proportional,1501,3,767871931,edges-cov,pca,0.32529557088867317,0.57034688645479
15.0,proportional,1501,3,767871931,node-var,sfa,0.40940311406618857,0.6398461643756166
15.0,proportional,1501,3,767871931,node-var,pca,0.2501643944853084,0.5001643674686437
15.0,fixed,3001,3,771160300,edges-corr,sfa,0.7854373058037911,0.886249008915548
15.0,fixed,3001,3,771160300,edges-corr,pca,0.8102628121328731,0.9001459948990903
15.0,fixed,3001,3,771160300,edges-cov,sfa,0.5787342035652755,0.7607458206032258
15.0,fixed,3001,3,771160300,edges-cov,pca,0.5202096295117795,0.7212555923608354
15.0,fixed,3001,3,771160300,node-var,sfa,0.552885367345431,0.7435626183082572
15.0,fixed,3001,3,771160300,node-var,pca,0.5027438260040856,0.7090443046834842
15.0,proportional,1501,3,771160300,edges-corr,sfa,0.7947885000495598,0.8915091138342669
15.0,proportional,1501,3,771160300,edges-corr,pca,0.8093535869714662,0.8996408099744398
15.0,proportional,1501,3,771160300,edges-cov,sfa,0.5193605866270982,0.7206667653132744
15.0,proportional,1501,3,771160300,edges-cov,pca,0.47044567071271975,0.685890421796893
15.0,proportional,1501,3,771160300,node-var,sfa,0.5144372981912433,0.7172428446427634
15.0,proportional,1501,3,771160300,node-var,pca,0.45795917384849816,0.6767268088737863
15.0,fixed,3001,3,771990200,edges-corr,sfa,0.6668344939523554,0.8165993472642232
15.0,fixed,3001,3,771990200,edges-corr,pca,0.6790504785267653,0.8240451920415319
15.0,fixed,3001,3,771990200,edges-cov,sfa,0.6485729480802709,0.8053402685078345
15.0,fixed,3001,3,771990200,edges-cov,pca,0.5339332023326214,0.7307073301484127
15.0,fixed,3001,3,771990200,node-var,sfa,0.5601421151099102,0.7484264259831491
15.0,fixed,3001,3,771990200,node-var,pca,0.4982678064365049,0.7058808726948939
15.0,proportional,1501,3,771990200,edges-corr,sfa,0.6939754135925887,0.8330518672883392
15.0,proportional,1501,3,771990200,edges-corr,pca,0.68722359712554,0.8289895036280858
15.0,proportional,1501,3,771990200,edges-cov,sfa,0.6631135842906631,0.8143178644059476
15.0,proportional,1501,3,771990200,edges-cov,pca,0.48774171389199106,0.6983850756509556
15.0,proportional,1501,3,771990200,node-var,sfa,0.5275553136622307,0.7263300308139756
15.0,proportional,1501,3,771990200,node-var,pca,0.45675761933851167,0.6758384565401052
15.0,fixed,3001,3,774875821,edges-corr,sfa,0.5783057098780924,0.7604641410862792
15.0,fixed,3001,3,774875821,edges-corr,pca,0.4030797089565009,0.6348855872962473
15.0,fixed,3001,3,774875821,edges-cov,sfa,0.45761430558967303,0.6764719547695034
15.0,fixed,3001,3,774875821,edges-cov,pca,0.3725154001573137,0.6103403969567422
15.0,fixed,3001,3,774875821,node-var,sfa,0.44905676258060456,0.6701169767888324
15.0,fixed,3001,3,774875821,node-var,pca,0.392673313178145,0.6266365080157276
15.0,proportional,1501,3,774875821,edges-corr,sfa,0.6479332931598873,0.8049430372143654
15.0,proportional,1501,3,774875821,edges-corr,pca,0.37404820859278703,0.611594807526018
15.0,proportional,1501,3,774875821,edges-cov,sfa,0.469772952835826,0.6853998488735068
15.0,proportional,1501,3,774875821,edges-cov,pca,0.34670550359405744,0.5888170374522611
15.0,proportional,1501,3,774875821,node-var,sfa,0.4581177769021578,0.6768439826888896
15.0,proportional,1501,3,774875821,node-var,pca,0.3777604234617385,0.6146221794417596
15.0,fixed,3001,3,778240327,edges-corr,sfa,0.4408192365886301,0.6639421937101377
15.0,fixed,3001,3,778240327,edges-corr,pca,0.4390744127560935,0.6626269031333496
15.0,fixed,3001,3,778240327,edges-cov,sfa,0.44246426605765465,0.6651798749643999
15.0,fixed,3001,3,778240327,edges-cov,pca,0.4442965825758035,0.6665557610401425
15.0,fixed,3001,3,778240327,node-var,sfa,0.4640811635881345,0.6812350281570484
15.0,fixed,3001,3,778240327,node-var,pca,0.44264122261581146,0.6653128757327724
15.0,proportional,1501,3,778240327,edges-corr,sfa,0.5139770069772024,0.716921897403896
15.0,proportional,1501,3,778240327,edges-corr,pca,0.44989076210546386,0.6707389671887745
15.0,proportional,1501,3,778240327,edges-cov,sfa,0.5531542411160346,0.7437433973596234
15.0,proportional,1501,3,778240327,edges-cov,pca,0.5173907185176333,0.7192987686056701
15.0,proportional,1501,3,778240327,node-var,sfa,0.5619219246908059,0.7496145173959786
15.0,proportional,1501,3,778240327,node-var,pca,0.5317882658142558,0.7292381406743998
15.0,fixed,3001,3,778998620,edges-corr,sfa,0.7020817622595018,0.8379031938472975
15.0,fixed,3001,3,778998620,edges-corr,pca,0.6603310451128769,0.8126075591039483
15.0,fixed,3001,3,778998620,edges-cov,sfa,0.4525995052187637,0.6727551599346999
15.0,fixed,3001,3,778998620,edges-cov,pca,0.44579622447887834,0.6676797319665158
15.0,fixed,3001,3,778998620,node-var,sfa,0.49025871536898236,0.700184772305841
15.0,fixed,3001,3,778998620,node-var,pca,0.44098810924001425,0.6640693557453274
15.0,proportional,1501,3,778998620,edges-corr,sfa,0.7036562073589135,0.8388421826296729
15.0,proportional,1501,3,778998620,edges-corr,pca,0.6491242610780912,0.8056824815509465
15.0,proportional,1501,3,778998620,edges-cov,sfa,0.43477505590519855,0.659374746183988
15.0,proportional,1501,3,778998620,edges-cov,pca,0.42243623869775765,0.6499509509938097
15.0,proportional,1501,3,778998620,node-var,sfa,0.4681481350676023,0.6842135157007659
15.0,proportional,1501,3,778998620,node-var,pca,0.4238707948306102,0.6510536036538084
15.0,fixed,3001,3,779839471,edges-corr,sfa,0.5225256512515148,0.7228593578639726
15.0,fixed,3001,3,779839471,edges-corr,pca,0.4720493312655285,0.687058462771203
15.0,fixed,3001,3,779839471,edges-cov,sfa,0.27801757382084896,0.5272737181207204
15.0,fixed,3001,3,779839471,edges-cov,pca,0.29611735071263756,0.5441666571121733
15.0,fixed,3001,3,779839471,node-var,sfa,0.30320285163671074,0.5506385853140976
15.0,fixed,3001,3,779839471,node-var,pca,0.29376553896191065,0.5420014197047003
15.0,proportional,1501,3,779839471,edges-corr,sfa,0.5298635862360115,0.7279172935409706
15.0,proportional,1501,3,779839471,edges-corr,pca,0.47874557644796356,0.6919144285588815
15.0,proportional,1501,3,779839471,edges-cov,sfa,0.2563665251914444,0.5063265005818325
15.0,proportional,1501,3,779839471,edges-cov,pca,0.27223538225706573,0.5217618060543199
15.0,proportional,1501,3,779839471,node-var,sfa,0.2796526399004123,0.5288219359107679
15.0,proportional,1501,3,779839471,node-var,pca,0.27388945669453324,0.5233444914151034
15.0,fixed,3001,3,781842082,edges-corr,sfa,0.6599252326775711,0.8123578230543306
15.0,fixed,3001,3,781842082,edges-corr,pca,0.5961061317634784,0.7720790968310685
15.0,fixed,3001,3,781842082,edges-cov,sfa,0.48256074111137776,0.6946659205052295
15.0,fixed,3001,3,781842082,edges-cov,pca,0.44629067416659507,0.6680499039492447
15.0,fixed,3001,3,781842082,node-var,sfa,0.5095330644812865,0.7138158477375566
15.0,fixed,3001,3,781842082,node-var,pca,0.46287064052495464,0.6803459711977096
15.0,proportional,1501,3,781842082,edges-corr,sfa,0.7094985859269208,0.8423173902555502
15.0,proportional,1501,3,781842082,edges-corr,pca,0.6624275855910616,0.8138965447715463
15.0,proportional,1501,3,781842082,edges-cov,sfa,0.47057187454515426,0.6859824156238659
15.0,proportional,1501,3,781842082,edges-cov,pca,0.4445834092128184,0.6667708820973052
15.0,proportional,1501,3,781842082,node-var,sfa,0.5076384264932426,0.7124874921661731
15.0,proportional,1501,3,781842082,node-var,pca,0.46699862231090067,0.6833729745248203
15.0,fixed,3001,3,786091066,edges-corr,sfa,0.06218866824175243,0.24937655912645926
15.0,fixed,3001,3,786091066,edges-corr,pca,0.11607377406183622,0.34069601415607464
15.0,fixed,3001,3,786091066,edges-cov,sfa,0.36483927892770024,0.6040192703281082
15.0,fixed,3001,3,786091066,edges-cov,pca,0.24271952348036763,0.49266573199317165
15.0,fixed,3001,3,786091066,node-var,sfa,0.4012148560310437,0.6334152319221915
15.0,fixed,3001,3,786091066,node-var,pca,0.3919950432721891,0.6260950752658809
15.0,proportional,1501,3,786091066,edges-corr,sfa,0.07250903279117969,0.26927501330643305
15.0,proportional,1501,3,786091066,edges-corr,pca,0.09097366726841094,0.3016184133444292
15.0,proportional,1501,3,786091066,edges-cov,sfa,0.46452446540040854,0.6815603167735109
15.0,proportional,1501,3,786091066,edges-cov,pca,0.24132775275658438,0.4912512114555896
15.0,proportional,1501,3,786091066,node-var,sfa,0.48172271805664,0.6940624741740761
15.0,proportional,1501,3,786091066,node-var,pca,0.4390571852111908,0.6626139035752199
15.0,fixed,3001,3,787025148,edges-corr,sfa,0.6110273940048843,0.7816824124955635
15.0,fixed,3001,3,787025148,edges-corr,pca,0.648859980854365,0.8055184546950895
15.0,fixed,3001,3,787025148,edges-cov,sfa,0.6323540569894566,0.7952069271513275
15.0,fixed,3001,3,787025148,edges-cov,pca,0.6039250327162579,0.7771261369406243
15.0,fixed,3001,3,787025148,node-var,sfa,0.6351616942627717,0.7969703220715133
15.0,fixed,3001,3,787025148,node-var,pca,0.22213253066285124,0.4713093789251931
15.0,proportional,1501,3,787025148,edges-corr,sfa,0.3926336087219539,0.626604826602823
15.0,proportional,1501,3,787025148,edges-corr,pca,0.6508227266219118,0.8067358468680512
15.0,proportional,1501,3,787025148,edges-cov,sfa,0.5225622724560615,0.7228846882152515
15.0,proportional,1501,3,787025148,edges-cov,pca,0.5964544207622681,0.7723046165615405
15.0,proportional,1501,3,787025148,node-var,sfa,0.6492750414478808,0.8057760491897739
15.0,proportional,1501,3,787025148,node-var,pca,0.11475068759292517,0.3387487086217823
15.0,fixed,3001,3,789848216,edges-corr,sfa,0.5608965416803164,0.7489302648980855
15.0,fixed,3001,3,789848216,edges-corr,pca,0.5034102083967754,0.7095140649745961
15.0,fixed,3001,3,789848216,edges-cov,sfa,0.530348713062295,0.7282504466612396
15.0,fixed,3001,3,789848216,edges-cov,pca,0.4446940240137994,0.6668538250724813
15.0,fixed,3001,3,789848216,node-var,sfa,0.4714372734594651,0.6866128992812945
15.0,fixed,3001,3,789848216,node-var,pca,0.385426743000633,0.6208274663709983
15.0,proportional,1501,3,789848216,edges-corr,sfa,0.7186297871028033,0.8477203472270813
15.0,proportional,1501,3,789848216,edges-corr,pca,0.6047721880109078,0.7776710024238449
15.0,proportional,1501,3,789848216,edges-cov,sfa,0.6683728340156906,0.8175407231543212
15.0,proportional,1501,3,789848216,edges-cov,pca,0.5202469165584435,0.7212814406030724
15.0,proportional,1501,3,789848216,node-var,sfa,0.621466498235912,0.7883314646999142
15.0,proportional,1501,3,789848216,node-var,pca,0.4565024530116647,0.67564965256534
15.0,fixed,3001,3,793224716,edges-corr,sfa,0.7841531948132783,0.8855242485744127
15.0,fixed,3001,3,793224716,edges-corr,pca,0.7830615948609769,0.884907675896744
15.0,fixed,3001,3,793224716,edges-cov,sfa,0.581232233083616,0.7623858820070162
15.0,fixed,3001,3,793224716,edges-cov,pca,0.5565837118717485,0.7460453819116827
15.0,fixed,3001,3,793224716,node-var,sfa,0.5949739282316986,0.7713455310246495
15.0,fixed,3001,3,793224716,node-var,pca,0.5891934873773729,0.7675894002507935
15.0,proportional,1501,3,793224716,edges-corr,sfa,0.7986510825540979,0.8936728050881362
15.0,proportional,1501,3,793224716,edges-corr,pca,0.7901938501800767,0.8889284842888525
15.0,proportional,1501,3,793224716,edges-cov,sfa,0.5635395637003884,0.7506927225572314
15.0,proportional,1501,3,793224716,edges-cov,pca,0.5388247134649782,0.7340468060450765
15.0,proportional,1501,3,793224716,node-var,sfa,0.5811183672315782,0.7623112010403482
15.0,proportional,1501,3,793224716,node-var,pca,0.5779755881846582,0.7602470573337711
15.0,fixed,3001,3,794812542,edges-corr,sfa,0.6304506396273781,0.7940092188554099
15.0,fixed,3001,3,794812542,edges-corr,pca,0.607654712423651,0.7795221051539533
15.0,fixed,3001,3,794812542,edges-cov,sfa,0.47945884178040277,0.6924296655837348
15.0,fixed,3001,3,794812542,edges-cov,pca,0.4505058512242989,0.671197326592038
15.0,fixed,3001,3,794812542,node-var,sfa,0.4684667364962511,0.6844462992056068
15.0,fixed,3001,3,794812542,node-var,pca,0.47665018877897936,0.690398572405085
15.0,proportional,1501,3,794812542,edges-corr,sfa,0.6876084255054836,0.829221578051056
15.0,proportional,1501,3,794812542,edges-corr,pca,0.6507008532810029,0.806660308482451
15.0,proportional,1501,3,794812542,edges-cov,sfa,0.500989451076498,0.7078060829609322
15.0,proportional,1501,3,794812542,edges-cov,pca,0.45513380765738737,0.674636055705139
15.0,proportional,1501,3,794812542,node-var,sfa,0.4809099105886418,0.6934766835219781
15.0,proportional,1501,3,794812542,node-var,pca,0.49175665928548706,0.7012536340622322
15.0,fixed,3001,3,816200189,edges-corr,sfa,0.48117900963068205,0.693670678081957
15.0,fixed,3001,3,816200189,edges-corr,pca,0.4409096327791836,0.6640102655676218
15.0,fixed,3001,3,816200189,edges-cov,sfa,0.3344034290338379,0.5782762566748162
15.0,fixed,3001,3,816200189,edges-cov,pca,0.3255384254132214,0.5705597474526409
15.0,fixed,3001,3,816200189,node-var,sfa,0.3380802176809583,0.5814466593600468
15.0,fixed,3001,3,816200189,node-var,pca,0.33277430668383157,0.5768659347576623
15.0,proportional,1501,3,816200189,edges-corr,sfa,0.46804395459969284,0.6841373799169965
15.0,proportional,1501,3,816200189,edges-corr,pca,0.39668655267941777,0.6298305745828935
15.0,proportional,1501,3,816200189,edges-cov,sfa,0.30465864153367866,0.551958912903559
15.0,proportional,1501,3,816200189,edges-cov,pca,0.2890269452286184,0.5376122629075888
15.0,proportional,1501,3,816200189,node-var,sfa,0.3066288274103747,0.5537407583069669
15.0,proportional,1501,3,816200189,node-var,pca,0.2990985366460558,0.5468990186918018
15.0,fixed,3001,3,829720705,edges-corr,sfa,0.3143453627968921,0.5606651075257779
15.0,fixed,3001,3,829720705,edges-corr,pca,0.31872421108909915,0.5645566500264603
15.0,fixed,3001,3,829720705,edges-cov,sfa,0.3272544314440197,0.5720615626346693
15.0,fixed,3001,3,829720705,edges-cov,pca,0.30883898939136717,0.5557328399432295
15.0,fixed,3001,3,829720705,node-var,sfa,0.31807691594783805,0.5639830812602786
15.0,fixed,3001,3,829720705,node-var,pca,0.32893864834168773,0.5735317326370771
15.0,proportional,1501,3,829720705,edges-corr,sfa,0.3301879767866688,0.5746198541528728
15.0,proportional,1501,3,829720705,edges-corr,pca,0.3313753251571761,0.5756520869042134
15.0,proportional,1501,3,829720705,edges-cov,sfa,0.32717925035134326,0.5719958481941484
15.0,proportional,1501,3,829720705,edges-cov,pca,0.3065182637088724,0.5536409158550987
15.0,proportional,1501,3,829720705,node-var,sfa,0.32074902230375163,0.5663470864264701
15.0,proportional,1501,3,829720705,node-var,pca,0.32963389348869493,0.5741375214081509
15.0,fixed,3001,3,831882777,edges-corr,sfa,0.09891179403016827,0.3145024547283666
15.0,fixed,3001,3,831882777,edges-corr,pca,0.012933293966027007,0.1137246409799873
15.0,fixed,3001,3,831882777,edges-cov,sfa,0.35654692491094203,0.5971155038273098
15.0,fixed,3001,3,831882777,edges-cov,pca,0.26634641860452213,0.516087607489777
15.0,fixed,3001,3,831882777,node-var,sfa,0.363844272261754,0.6031950532470852
15.0,fixed,3001,3,831882777,node-var,pca,0.3619681095126345,0.6016378557842205
15.0,proportional,1501,3,831882777,edges-corr,sfa,0.10683059746611132,0.3268495027778248
15.0,proportional,1501,3,831882777,edges-corr,pca,0.01104434694626674,0.1050920879337105
15.0,proportional,1501,3,831882777,edges-cov,sfa,0.3561339455281757,0.5967695916584353
15.0,proportional,1501,3,831882777,edges-cov,pca,0.25874823972327465,0.5086730184738273
15.0,proportional,1501,3,831882777,node-var,sfa,0.35566120912769633,0.596373380633053
15.0,proportional,1501,3,831882777,node-var,pca,0.35248125476468856,0.5937013178060906
15.0,fixed,3001,3,835479236,edges-corr,sfa,0.44720135762369106,0.6687311549671445
15.0,fixed,3001,3,835479236,edges-corr,pca,0.1817562116807897,0.4263287600910707
15.0,fixed,3001,3,835479236,edges-cov,sfa,0.08218846322937774,0.28668530347643867
15.0,fixed,3001,3,835479236,edges-cov,pca,0.028050446841214126,0.16748267624209415
15.0,fixed,3001,3,835479236,node-var,sfa,0.0685782456986997,0.2618744846270818
15.0,fixed,3001,3,835479236,node-var,pca,0.05465764655625897,0.2337897486124209
15.0,proportional,1501,3,835479236,edges-corr,sfa,0.35072332037329695,0.5922189800853203
15.0,proportional,1501,3,835479236,edges-corr,pca,0.19637310254950646,0.4431400484604235
15.0,proportional,1501,3,835479236,edges-cov,sfa,0.058620642964897725,0.24211700263487843
15.0,proportional,1501,3,835479236,edges-cov,pca,0.023564282886305066,0.15350662163667425
15.0,proportional,1501,3,835479236,node-var,sfa,0.03373107887942801,0.1836602267215959
15.0,proportional,1501,3,835479236,node-var,pca,0.04433151528807258,0.2105505053142181
15.0,fixed,3001,3,839068429,edges-corr,sfa,0.06437168938747004,0.25371576495651593
15.0,fixed,3001,3,839068429,edges-corr,pca,0.0894491633811776,0.2990805299266029
15.0,fixed,3001,3,839068429,edges-cov,sfa,0.23098980400049482,0.4806139864803092
15.0,fixed,3001,3,839068429,edges-cov,pca,0.22821584613260698,0.4777194219755012
15.0,fixed,3001,3,839068429,node-var,sfa,0.24644636830349498,0.49643364944722973
15.0,fixed,3001,3,839068429,node-var,pca,0.25209177881104144,0.5020874214825954
15.0,proportional,1501,3,839068429,edges-corr,sfa,0.08866869608719845,0.2977728934728587
15.0,proportional,1501,3,839068429,edges-corr,pca,0.030936321883139325,0.17588724195671307
15.0,proportional,1501,3,839068429,edges-cov,sfa,0.24999875300654514,0.49999875300499014
15.0,proportional,1501,3,839068429,edges-cov,pca,0.2210168956786081,0.4701243406574564
15.0,proportional,1501,3,839068429,node-var,sfa,0.26788561879333583,0.5175766791436182
15.0,proportional,1501,3,839068429,node-var,pca,0.2629937095262224,0.5128291231260393
15.0,fixed,3001,3,847657808,edges-corr,sfa,0.45537182479542027,0.6748124367521839
15.0,fixed,3001,3,847657808,edges-corr,pca,0.38913094178969904,0.6238036083493739
15.0,fixed,3001,3,847657808,edges-cov,sfa,0.2801129692567059,0.5292569973620622
15.0,fixed,3001,3,847657808,edges-cov,pca,0.28201739971140893,0.531053104417448
15.0,fixed,3001,3,847657808,node-var,sfa,0.43817531632740975,0.66194812208164
15.0,fixed,3001,3,847657808,node-var,pca,0.2836074906566402,0.5325481111192116
15.0,proportional,1501,3,847657808,edges-corr,sfa,0.42855097025186367,0.6546380452218338
15.0,proportional,1501,3,847657808,edges-corr,pca,0.3411777621882882,0.5841042391459663
15.0,proportional,1501,3,847657808,edges-cov,sfa,0.24665371260188798,0.49664243938862895
15.0,proportional,1501,3,847657808,edges-cov,pca,0.2566590927019789,0.506615330109521
15.0,proportional,1501,3,847657808,node-var,sfa,0.35851554802878705,0.5987616788245446
15.0,proportional,1501,3,847657808,node-var,pca,0.10082101085812638,0.31752324459498454
15.0,fixed,3001,4,766640955,edges-corr,sfa,0.4709900518289398,0.6862871496895012
15.0,fixed,3001,4,766640955,edges-corr,pca,0.249364392196418,0.4993639876847529
15.0,fixed,3001,4,766640955,edges-cov,sfa,0.2543569803272837,0.5043381606891191
15.0,fixed,3001,4,766640955,edges-cov,pca,0.20816355045008658,0.4562494388490649
15.0,fixed,3001,4,766640955,node-var,sfa,0.2646730709646211,0.5144638675015196
15.0,fixed,3001,4,766640955,node-var,pca,0.20367494965212907,0.45130361138830816
15.0,proportional,1501,4,766640955,edges-corr,sfa,0.43063017534047987,0.656224180703881
15.0,proportional,1501,4,766640955,edges-corr,pca,0.18308733323955098,0.42788705663942556
15.0,proportional,1501,4,766640955,edges-cov,sfa,0.20986938937459526,0.4581150394547152
15.0,proportional,1501,4,766640955,edges-cov,pca,0.16873464270615526,0.4107732254007742
15.0,proportional,1501,4,766640955,node-var,sfa,0.2324548038200758,0.4821356695164503
15.0,proportional,1501,4,766640955,node-var,pca,0.16001759322252077,0.40002199092365004
15.0,fixed,3001,4,767871931,edges-corr,sfa,0.046350534057342754,0.2152917417304778
15.0,fixed,3001,4,767871931,edges-corr,pca,0.1015411829821721,0.31865527295522994
15.0,fixed,3001,4,767871931,edges-cov,sfa,0.018320045692796518,0.13535156331862783
15.0,fixed,3001,4,767871931,edges-cov,pca,0.17653057233649297,0.42015541450336324
15.0,fixed,3001,4,767871931,node-var,sfa,0.05583418372784359,0.23629258077189727
15.0,fixed,3001,4,767871931,node-var,pca,0.19998280072529598,0.4471943657128251
15.0,proportional,1501,4,767871931,edges-corr,sfa,0.04070266464338151,0.20174901398366613
15.0,proportional,1501,4,767871931,edges-corr,pca,0.083279686225169,0.2885822001183874
15.0,proportional,1501,4,767871931,edges-cov,sfa,0.017130804170447364,0.1308846979996033
15.0,proportional,1501,4,767871931,edges-cov,pca,0.04813609570533285,0.21939939768680508
15.0,proportional,1501,4,767871931,node-var,sfa,0.05438141566022373,0.2331982325409516
15.0,proportional,1501,4,767871931,node-var,pca,0.12587566280711782,0.35478960357811756
15.0,fixed,3001,4,771160300,edges-corr,sfa,0.8172656360253817,0.904027453137006
15.0,fixed,3001,4,771160300,edges-corr,pca,0.8239488724853813,0.9077162951525004
15.0,fixed,3001,4,771160300,edges-cov,sfa,0.5324966084819919,0.7297236521327727
15.0,fixed,3001,4,771160300,edges-cov,pca,0.5108413730501027,0.7147316790587239
15.0,fixed,3001,4,771160300,node-var,sfa,0.5506285960085529,0.7420435270309639
15.0,fixed,3001,4,771160300,node-var,pca,0.5177373257715091,0.7195396624033377
15.0,proportional,1501,4,771160300,edges-corr,sfa,0.8093808953987546,0.8996559872522133
15.0,proportional,1501,4,771160300,edges-corr,pca,0.7936716766982203,0.8908825268789484
15.0,proportional,1501,4,771160300,edges-cov,sfa,0.41440928026480583,0.6437462856318519
15.0,proportional,1501,4,771160300,edges-cov,pca,0.4267697529265376,0.653276168956543
15.0,proportional,1501,4,771160300,node-var,sfa,0.4747234204241652,0.6890017564739332
15.0,proportional,1501,4,771160300,node-var,pca,0.441945251269325,0.6647896293334644
15.0,fixed,3001,4,771990200,edges-corr,sfa,0.6643623430251593,0.8150842551694636
15.0,fixed,3001,4,771990200,edges-corr,pca,0.7243798928935143,0.8511051009678618
15.0,fixed,3001,4,771990200,edges-cov,sfa,0.6241899241204434,0.7900569119502996
15.0,fixed,3001,4,771990200,edges-cov,pca,0.5360528948477158,0.7321563322458639
15.0,fixed,3001,4,771990200,node-var,sfa,0.5423381166031326,0.7364360913230235
15.0,fixed,3001,4,771990200,node-var,pca,0.5169341818323157,0.7189813501283018
15.0,proportional,1501,4,771990200,edges-corr,sfa,0.7039965761703634,0.8390450382252215
15.0,proportional,1501,4,771990200,edges-corr,pca,0.7594493135119684,0.871463891111943
15.0,proportional,1501,4,771990200,edges-cov,sfa,0.6190193191323813,0.7867778079816317
15.0,proportional,1501,4,771990200,edges-cov,pca,0.49598860430781905,0.7042645840220982
15.0,proportional,1501,4,771990200,node-var,sfa,0.516589354463755,0.7187415074028736
15.0,proportional,1501,4,771990200,node-var,pca,0.49166144363257247,0.701185741178878
15.0,fixed,3001,4,774875821,edges-corr,sfa,0.5890603511930878,0.7675026717823774
15.0,fixed,3001,4,774875821,edges-corr,pca,0.4128395222786388,0.6425258923021225
15.0,fixed,3001,4,774875821,edges-cov,sfa,0.46006484041929524,0.6782807976194632
15.0,fixed,3001,4,774875821,edges-cov,pca,0.37604381009122656,0.6132241108202013
15.0,fixed,3001,4,774875821,node-var,sfa,0.4489903285192873,0.6700674059520335
15.0,fixed,3001,4,774875821,node-var,pca,0.3990702920266295,0.6317201057641189
15.0,proportional,1501,4,774875821,edges-corr,sfa,0.6601642365330427,0.8125049147747001
15.0,proportional,1501,4,774875821,edges-corr,pca,0.40803304271567015,0.6387746415721824
15.0,proportional,1501,4,774875821,edges-cov,sfa,0.4690247762847035,0.6848538357085426
15.0,proportional,1501,4,774875821,edges-cov,pca,0.3549005599266253,0.5957353102902541
15.0,proportional,1501,4,774875821,node-var,sfa,0.4561427772390784,0.6753834297930905
15.0,proportional,1501,4,774875821,node-var,pca,0.3860745323545929,0.6213489618198399
15.0,fixed,3001,4,778240327,edges-corr,sfa,0.510512220980328,0.7145013792711166
15.0,fixed,3001,4,778240327,edges-corr,pca,0.4258697680889388,0.652586981243833
15.0,fixed,3001,4,778240327,edges-cov,sfa,0.5064508415468397,0.7116535965951691
15.0,fixed,3001,4,778240327,edges-cov,pca,0.5061922010147014,0.7114718553918359
15.0,fixed,3001,4,778240327,node-var,sfa,0.5181813336362506,0.7198481323419896
15.0,fixed,3001,4,778240327,node-var,pca,0.5110034956148148,0.7148450850462741
15.0,proportional,1501,4,778240327,edges-corr,sfa,0.5536047101770282,0.7440461747613707
15.0,proportional,1501,4,778240327,edges-corr,pca,0.41733497083913196,0.6460146831451526
15.0,proportional,1501,4,778240327,edges-cov,sfa,0.5993452997839605,0.774173946722544
15.0,proportional,1501,4,778240327,edges-cov,pca,0.5578666013713135,0.746904680244617
15.0,proportional,1501,4,778240327,node-var,sfa,0.5869685259655038,0.766138711961159
15.0,proportional,1501,4,778240327,node-var,pca,0.5756019667930597,0.7586843657233617
15.0,fixed,3001,4,778998620,edges-corr,sfa,0.7081685080721766,0.8415274850366901
15.0,fixed,3001,4,778998620,edges-corr,pca,0.6666717017472633,0.8164996642664731
15.0,fixed,3001,4,778998620,edges-cov,sfa,0.4585735348437891,0.6771805777219169
15.0,fixed,3001,4,778998620,edges-cov,pca,0.45508045209195686,0.6745965105838874
15.0,fixed,3001,4,778998620,node-var,sfa,0.49254917777740453,0.7018184792219456
15.0,fixed,3001,4,778998620,node-var,pca,0.45178349021624203,0.6721484138315302
15.0,proportional,1501,4,778998620,edges-corr,sfa,0.7086945357492266,0.8418399703917762
15.0,proportional,1501,4,778998620,edges-corr,pca,0.6470382804753569,0.804386897254895
15.0,proportional,1501,4,778998620,edges-cov,sfa,0.44373204934976795,0.6661321560694754
15.0,proportional,1501,4,778998620,edges-cov,pca,0.43032122845591814,0.6559887411045392
15.0,proportional,1501,4,778998620,node-var,sfa,0.4726726990472996,0.687511962839411
15.0,proportional,1501,4,778998620,node-var,pca,0.43607905990237816,0.6603628244400029
15.0,fixed,3001,4,779839471,edges-corr,sfa,0.5129115300401919,0.7161784205351288
15.0,fixed,3001,4,779839471,edges-corr,pca,0.46146430306764435,0.6793116391374759
15.0,fixed,3001,4,779839471,edges-cov,sfa,0.2819110655808602,0.5309529786910139
15.0,fixed,3001,4,779839471,edges-cov,pca,0.29605503614133644,0.5441093972183686
15.0,fixed,3001,4,779839471,node-var,sfa,0.3125840046836008,0.5590921253993842
15.0,fixed,3001,4,779839471,node-var,pca,0.29700822032478014,0.5449846055851304
15.0,proportional,1501,4,779839471,edges-corr,sfa,0.5119807675680869,0.715528313603373
15.0,proportional,1501,4,779839471,edges-corr,pca,0.4587012565329344,0.6772748751673389
15.0,proportional,1501,4,779839471,edges-cov,sfa,0.24408185689152134,0.4940464116776088
15.0,proportional,1501,4,779839471,edges-cov,pca,0.2584239084803961,0.5083541172061028
15.0,proportional,1501,4,779839471,node-var,sfa,0.27191857418927734,0.5214581231405618
15.0,proportional,1501,4,779839471,node-var,pca,0.2624933377869994,0.5123410366025734
15.0,fixed,3001,4,781842082,edges-corr,sfa,0.6652025986527486,0.8155995332592758
15.0,fixed,3001,4,781842082,edges-corr,pca,0.6045228777782794,0.7775106930314717
15.0,fixed,3001,4,781842082,edges-cov,sfa,0.48564786939239085,0.6968844017427789
15.0,fixed,3001,4,781842082,edges-cov,pca,0.4510609452430416,0.6716107095952547
15.0,fixed,3001,4,781842082,node-var,sfa,0.5130453853139447,0.7162718655049525
15.0,fixed,3001,4,781842082,node-var,pca,0.46735943191101575,0.683636915263516
15.0,proportional,1501,4,781842082,edges-corr,sfa,0.718232364377921,0.8474859080704062
15.0,proportional,1501,4,781842082,edges-corr,pca,0.6734868547019923,0.8206624486973876
15.0,proportional,1501,4,781842082,edges-cov,sfa,0.4755066936569211,0.689569933840594
15.0,proportional,1501,4,781842082,edges-cov,pca,0.4520040502843663,0.6723124647694451
15.0,proportional,1501,4,781842082,node-var,sfa,0.5127537106773727,0.7160682304622743
15.0,proportional,1501,4,781842082,node-var,pca,0.4739538679262808,0.6884430752983727
15.0,fixed,3001,4,786091066,edges-corr,sfa,0.12127193887021509,0.348241207886452
15.0,fixed,3001,4,786091066,edges-corr,pca,0.05693350563212174,0.23860742996001139
15.0,fixed,3001,4,786091066,edges-cov,sfa,0.3753078926918988,0.6126237774457491
15.0,fixed,3001,4,786091066,edges-cov,pca,0.05135785133919917,0.22662270702469153
15.0,fixed,3001,4,786091066,node-var,sfa,0.3086582115297843,0.5555701679624134
15.0,fixed,3001,4,786091066,node-var,pca,0.008386484712015068,0.09157775227649491
15.0,proportional,1501,4,786091066,edges-corr,sfa,0.20727513558744917,0.4552747912936199
15.0,proportional,1501,4,786091066,edges-corr,pca,0.04939845161833393,0.22225762443240035
15.0,proportional,1501,4,786091066,edges-cov,sfa,0.49167290304972905,0.7011939125874732
15.0,proportional,1501,4,786091066,edges-cov,pca,0.06380342781965775,0.2525934041491538
15.0,proportional,1501,4,786091066,node-var,sfa,0.4038307821015012,0.6354768147631361
15.0,proportional,1501,4,786091066,node-var,pca,0.21858133598086726,0.4675268291562178
15.0,fixed,3001,4,787025148,edges-corr,sfa,0.6807206678983262,0.825057978507163
15.0,fixed,3001,4,787025148,edges-corr,pca,0.6672469516895139,0.8168518541874737
15.0,fixed,3001,4,787025148,edges-cov,sfa,0.6334786184031526,0.7959137003489465
15.0,fixed,3001,4,787025148,edges-cov,pca,0.6691088391274321,0.8179907329104849
15.0,fixed,3001,4,787025148,node-var,sfa,0.6313493842703009,0.7945749708305069
15.0,fixed,3001,4,787025148,node-var,pca,0.4958226422571227,0.7041467476720479
15.0,proportional,1501,4,787025148,edges-corr,sfa,0.7152680550541891,0.8457352156876223
15.0,proportional,1501,4,787025148,edges-corr,pca,0.6611764872421242,0.8131275959172239
15.0,proportional,1501,4,787025148,edges-cov,sfa,0.6734583061522644,0.8206450549124539
15.0,proportional,1501,4,787025148,edges-cov,pca,0.6851675935606423,0.8277485086429587
15.0,proportional,1501,4,787025148,node-var,sfa,0.6735591504095706,0.8207064946797793
15.0,proportional,1501,4,787025148,node-var,pca,0.42281222897114384,0.6502401317752879
15.0,fixed,3001,4,789848216,edges-corr,sfa,0.6358036244566543,0.797372951921906
15.0,fixed,3001,4,789848216,edges-corr,pca,0.5890031665854856,0.7674654171918665
15.0,fixed,3001,4,789848216,edges-cov,sfa,0.6143842866753749,0.783826694286036
15.0,fixed,3001,4,789848216,edges-cov,pca,0.4915414655931277,0.701100182280056
15.0,fixed,3001,4,789848216,node-var,sfa,0.546116534214591,0.7389969784881336
15.0,fixed,3001,4,789848216,node-var,pca,0.25243109994582275,0.5024252182622034
15.0,proportional,1501,4,789848216,edges-corr,sfa,0.7623457143963789,0.8731241116796505
15.0,proportional,1501,4,789848216,edges-corr,pca,0.6620385799930439,0.8136575323765177
15.0,proportional,1501,4,789848216,edges-cov,sfa,0.7292196553260258,0.8539435902482235
15.0,proportional,1501,4,789848216,edges-cov,pca,0.5232021412478391,0.7233271329404415
15.0,proportional,1501,4,789848216,node-var,sfa,0.6386390368306847,0.7991489453354016
15.0,proportional,1501,4,789848216,node-var,pca,0.26730283332114185,0.5170133782806223
15.0,fixed,3001,4,793224716,edges-corr,sfa,0.8581055447441817,0.9263398645983998
15.0,fixed,3001,4,793224716,edges-corr,pca,0.8571962695487001,0.9258489453192136
15.0,fixed,3001,4,793224716,edges-cov,sfa,0.6914496125536178,0.8315344927022678
15.0,fixed,3001,4,793224716,edges-cov,pca,0.6843168393822049,0.8272344524874462
15.0,fixed,3001,4,793224716,node-var,sfa,0.7012900793846664,0.8374306415367582
15.0,fixed,3001,4,793224716,node-var,pca,0.6754836760850346,0.821878139437371
15.0,proportional,1501,4,793224716,edges-corr,sfa,0.8701072133932711,0.9327953759497691
15.0,proportional,1501,4,793224716,edges-corr,pca,0.8630353697231464,0.9289969697061161
15.0,proportional,1501,4,793224716,edges-cov,sfa,0.6266806982498654,0.7916316682964782
15.0,proportional,1501,4,793224716,edges-cov,pca,0.6133199227563902,0.7831474463703436
15.0,proportional,1501,4,793224716,node-var,sfa,0.6417584492278162,0.8010982768848128
15.0,proportional,1501,4,793224716,node-var,pca,0.617048017253137,0.7855240398951117
15.0,fixed,3001,4,794812542,edges-corr,sfa,0.545835600771687,0.7388068765054147
15.0,fixed,3001,4,794812542,edges-corr,pca,0.5148716316788611,0.7175455606990131
15.0,fixed,3001,4,794812542,edges-cov,sfa,0.4713211700034583,0.6865283461033916
15.0,fixed,3001,4,794812542,edges-cov,pca,0.4479847066134043,0.6693165966965142
15.0,fixed,3001,4,794812542,node-var,sfa,0.4657929088676243,0.6824902262066647
15.0,fixed,3001,4,794812542,node-var,pca,0.4649156095297494,0.6818472039465656
15.0,proportional,1501,4,794812542,edges-corr,sfa,0.66529982089986,0.8156591327876247
15.0,proportional,1501,4,794812542,edges-corr,pca,0.606198718331135,0.778587643320349
15.0,proportional,1501,4,794812542,edges-cov,sfa,0.502458586599591,0.7088431325756009
15.0,proportional,1501,4,794812542,edges-cov,pca,0.46442816250716146,0.6814896642702378
15.0,proportional,1501,4,794812542,node-var,sfa,0.4881592632755071,0.6986839509216647
15.0,proportional,1501,4,794812542,node-var,pca,0.4894052540598212,0.6995750524853078
15.0,fixed,3001,4,816200189,edges-corr,sfa,0.48312876245135766,0.6950746452370117
15.0,fixed,3001,4,816200189,edges-corr,pca,0.43782534076424734,0.661683716562715
15.0,fixed,3001,4,816200189,edges-cov,sfa,0.2934941822046447,0.5417510334135457
15.0,fixed,3001,4,816200189,edges-cov,pca,0.2847473216969879,0.5336172052108027
15.0,fixed,3001,4,816200189,node-var,sfa,0.2961171412261565,0.544166464628386
15.0,fixed,3001,4,816200189,node-var,pca,0.29082820587535624,0.5392849023246954
15.0,proportional,1501,4,816200189,edges-corr,sfa,0.5026277309173159,0.7089624326558608
15.0,proportional,1501,4,816200189,edges-corr,pca,0.4362445994340855,0.6604881523798027
15.0,proportional,1501,4,816200189,edges-cov,sfa,0.25744905020106396,0.5073943734424574
15.0,proportional,1501,4,816200189,edges-cov,pca,0.2469745927159276,0.49696538382057115
15.0,proportional,1501,4,816200189,node-var,sfa,0.26234444480022767,0.5121957094707331
15.0,proportional,1501,4,816200189,node-var,pca,0.2549707152778261,0.5049462498898533
15.0,fixed,3001,4,829720705,edges-corr,sfa,0.32434256777797754,0.5695108144521731
15.0,fixed,3001,4,829720705,edges-corr,pca,0.329374955437073,0.5739119753386167
15.0,fixed,3001,4,829720705,edges-cov,sfa,0.34176931183004083,0.5846103931936558
15.0,fixed,3001,4,829720705,edges-cov,pca,0.32418300661840493,0.5693707110647728
15.0,fixed,3001,4,829720705,node-var,sfa,0.3330788609828636,0.5771298475931249
15.0,fixed,3001,4,829720705,node-var,pca,0.3428925019306786,0.5855702365478275
15.0,proportional,1501,4,829720705,edges-corr,sfa,0.3432404756176007,0.5858672849866262
15.0,proportional,1501,4,829720705,edges-corr,pca,0.3438711467448751,0.5864052751680148
15.0,proportional,1501,4,829720705,edges-cov,sfa,0.3437729780781952,0.586321565421395
15.0,proportional,1501,4,829720705,edges-cov,pca,0.3227525673530755,0.5681131642138523
15.0,proportional,1501,4,829720705,node-var,sfa,0.33786092682409957,0.5812580552767416
15.0,proportional,1501,4,829720705,node-var,pca,0.3455702338865981,0.5878522211292546
15.0,fixed,3001,4,831882777,edges-corr,sfa,0.013065921872272093,0.11430626348661779
15.0,fixed,3001,4,831882777,edges-corr,pca,0.0006042511176017725,0.024581519839134692
15.0,fixed,3001,4,831882777,edges-cov,sfa,0.03503180525975851,0.18716785316864248
15.0,fixed,3001,4,831882777,edges-cov,pca,0.0360352570356989,0.18982954731995466
15.0,fixed,3001,4,831882777,node-var,sfa,0.03588718880309167,0.18943914274270687
15.0,fixed,3001,4,831882777,node-var,pca,0.0360137743650281,0.18977295477761869
15.0,proportional,1501,4,831882777,edges-corr,sfa,0.00716911332939897,0.08467061668252435
15.0,proportional,1501,4,831882777,edges-corr,pca,0.000570741281093492,0.02389019215271179
15.0,proportional,1501,4,831882777,edges-cov,sfa,0.03538415222201871,0.18810675751290465
15.0,proportional,1501,4,831882777,edges-cov,pca,0.03621925742292365,0.19031357655964445
15.0,proportional,1501,4,831882777,node-var,sfa,0.03454876407005894,0.18587297832137661
15.0,proportional,1501,4,831882777,node-var,pca,0.03470571495702117,0.18629469921879466
15.0,fixed,3001,4,835479236,edges-corr,sfa,0.0001239895091554973,0.011135057662872577
15.0,fixed,3001,4,835479236,edges-corr,pca,8.319157073370236e-05,0.009120941329364111
15.0,fixed,3001,4,835479236,edges-cov,sfa,7.143600458154425e-07,0.0008451982287105449
15.0,fixed,3001,4,835479236,edges-cov,pca,2.6995458651686087e-06,0.0016430294778757345
15.0,fixed,3001,4,835479236,node-var,sfa,4.6860422671500026e-06,0.002164726834302657
15.0,fixed,3001,4,835479236,node-var,pca,7.525613686698712e-06,0.002743285199664576
15.0,proportional,1501,4,835479236,edges-corr,sfa,8.023616976334305e-05,0.008957464471787932
15.0,proportional,1501,4,835479236,edges-corr,pca,4.703765829166578e-05,0.006858400563663935
15.0,proportional,1501,4,835479236,edges-cov,sfa,2.1296845499419104e-07,0.00046148505392286653
15.0,proportional,1501,4,835479236,edges-cov,pca,1.2231124364597923e-06,0.0011059441380376282
15.0,proportional,1501,4,835479236,node-var,sfa,2.5199913876015634e-06,0.0015874480739859064
15.0,proportional,1501,4,835479236,node-var,pca,4.8596012528859405e-06,0.0022044503289677317
15.0,fixed,3001,4,839068429,edges-corr,sfa,0.02463748273016628,0.15696331651110804
15.0,fixed,3001,4,839068429,edges-corr,pca,0.000244990866876393,0.01565218409284765
15.0,fixed,3001,4,839068429,edges-cov,sfa,0.005415722739616088,0.07359159421847096
15.0,fixed,3001,4,839068429,edges-cov,pca,0.0008698323041864839,0.029492919560234858
15.0,fixed,3001,4,839068429,node-var,sfa,0.0012424225936971008,0.0352480154575701
15.0,fixed,3001,4,839068429,node-var,pca,0.0004358682587640716,0.02087745814901976
15.0,proportional,1501,4,839068429,edges-corr,sfa,0.012955814650106706,0.11382361200606272
15.0,proportional,1501,4,839068429,edges-corr,pca,0.0018866200743658538,0.04343524000585071
15.0,proportional,1501,4,839068429,edges-cov,sfa,0.008582913541253066,0.09264401513995961
15.0,proportional,1501,4,839068429,edges-cov,pca,0.0032173653305924478,0.05672182411199809
15.0,proportional,1501,4,839068429,node-var,sfa,0.00393244391062811,0.0627092011640087
15.0,proportional,1501,4,839068429,node-var,pca,0.0024251133911490923,0.04924544030820612
15.0,fixed,3001,4,847657808,edges-corr,sfa,0.5138630784789644,0.7168424362989153
15.0,fixed,3001,4,847657808,edges-corr,pca,0.4448846108336793,0.6669967097622591
15.0,fixed,3001,4,847657808,edges-cov,sfa,0.2921715005919022,0.5405289081926167
15.0,fixed,3001,4,847657808,edges-cov,pca,0.29483158317859487,0.5429839621743858
15.0,fixed,3001,4,847657808,node-var,sfa,0.4842022981176258,0.6958464615974028
15.0,fixed,3001,4,847657808,node-var,pca,0.2666748642803571,0.5164057167386483
15.0,proportional,1501,4,847657808,edges-corr,sfa,0.4805175141706215,0.6931937060956493
15.0,proportional,1501,4,847657808,edges-corr,pca,0.38747828795014655,0.6224775401170283
15.0,proportional,1501,4,847657808,edges-cov,sfa,0.24082908977266154,0.4907434052258487
15.0,proportional,1501,4,847657808,edges-cov,pca,0.2500394446894341,0.5000394431336733
15.0,proportional,1501,4,847657808,node-var,sfa,0.404577031666995,0.6360637009506163
15.0,proportional,1501,4,847657808,node-var,pca,0.18810318019817363,0.4337086351436568
10.0,fixed,3001,0,766640955,edges-corr,sfa,0.6863715248069958,0.8284754219691709
10.0,fixed,3001,0,766640955,edges-corr,pca,0.5131254417964847,0.7163277474707264
10.0,fixed,3001,0,766640955,edges-cov,sfa,0.689701913834876,0.8304829401227192
10.0,fixed,3001,0,766640955,edges-cov,pca,0.49075845707646193,0.7005415455748945
10.0,fixed,3001,0,766640955,node-var,sfa,0.6231884471439789,0.789422856993626
10.0,fixed,3001,0,766640955,node-var,pca,0.47022691260159216,0.685730933093726
10.0,proportional,1001,0,766640955,edges-corr,sfa,0.6694420499736442,0.8181943839783088
10.0,proportional,1001,0,766640955,edges-corr,pca,0.4054532146590699,0.6367520825714431
10.0,proportional,1001,0,766640955,edges-cov,sfa,0.5520523597805771,0.7430022609525337
10.0,proportional,1001,0,766640955,edges-cov,pca,0.34552755908087684,0.5878159227861022
10.0,proportional,1001,0,766640955,node-var,sfa,0.5261336225565324,0.7253506893610375
10.0,proportional,1001,0,766640955,node-var,pca,0.2768276135974725,0.5261440996509155
10.0,fixed,3001,0,767871931,edges-corr,sfa,0.575793657691089,0.7588106863316364
10.0,fixed,3001,0,767871931,edges-corr,pca,0.5143083263220003,0.7171529309164122
10.0,fixed,3001,0,767871931,edges-cov,sfa,0.5961911801553612,0.7721341723789727
10.0,fixed,3001,0,767871931,edges-cov,pca,0.5843403080845184,0.7644215512951728
10.0,fixed,3001,0,767871931,node-var,sfa,0.6286046007765789,0.7928458871537261
10.0,fixed,3001,0,767871931,node-var,pca,0.604773566857454,0.7776718889463949
10.0,proportional,1001,0,767871931,edges-corr,sfa,0.5794987906433026,0.761248179402291
10.0,proportional,1001,0,767871931,edges-corr,pca,0.5191026389936761,0.7204877785179122
10.0,proportional,1001,0,767871931,edges-cov,sfa,0.5944467038516668,0.7710036989870196
10.0,proportional,1001,0,767871931,edges-cov,pca,0.4413562299758383,0.6643464683249534
10.0,proportional,1001,0,767871931,node-var,sfa,0.6084120605575389,0.7800077310883136
10.0,proportional,1001,0,767871931,node-var,pca,0.4171620771840558,0.6458808537060499
10.0,fixed,3001,0,771160300,edges-corr,sfa,0.7184522005787188,0.8476155971775878
10.0,fixed,3001,0,771160300,edges-corr,pca,0.7701037092081192,0.8775555305552574
10.0,fixed,3001,0,771160300,edges-cov,sfa,0.5939008443007671,0.7706496248625357
10.0,fixed,3001,0,771160300,edges-cov,pca,0.5099250775636696,0.7140903847298811
10.0,fixed,3001,0,771160300,node-var,sfa,0.5052515545540027,0.7108104913083393
10.0,fixed,3001,0,771160300,node-var,pca,0.4402882455122595,0.6635421957285456
10.0,proportional,1001,0,771160300,edges-corr,sfa,0.7411146427040158,0.8608801558312376
10.0,proportional,1001,0,771160300,edges-corr,pca,0.7458483085069343,0.8636250971960775
10.0,proportional,1001,0,771160300,edges-cov,sfa,0.5177286522696553,0.7195336352594334
10.0,proportional,1001,0,771160300,edges-cov,pca,0.44364254532413006,0.6660649707979921
10.0,proportional,1001,0,771160300,node-var,sfa,0.4583697830473182,0.67703011974898
10.0,proportional,1001,0,771160300,node-var,pca,0.3990603007893384,0.6317121977525354
10.0,fixed,3001,0,771990200,edges-corr,sfa,0.5019709255892588,0.7084990653411328
10.0,fixed,3001,0,771990200,edges-corr,pca,0.3640417416332489,0.6033587172099604
10.0,fixed,3001,0,771990200,edges-cov,sfa,0.39627268144673483,0.6295019312494083
10.0,fixed,3001,0,771990200,edges-cov,pca,0.27410733412266897,0.5235526087440201
10.0,fixed,3001,0,771990200,node-var,sfa,0.30377463085152,0.5511575372355167
10.0,fixed,3001,0,771990200,node-var,pca,0.13804717754581705,0.37154700583616207
10.0,proportional,1001,0,771990200,edges-corr,sfa,0.5009830000743509,0.7078015259056389
10.0,proportional,1001,0,771990200,edges-corr,pca,0.2881459507984864,0.536792279004166
10.0,proportional,1001,0,771990200,edges-cov,sfa,0.39976436324494224,0.6322692173789123
10.0,proportional,1001,0,771990200,edges-cov,pca,0.1672179476666644,0.40892291164309247
10.0,proportional,1001,0,771990200,node-var,sfa,0.3038456413497763,0.5512219528917334
10.0,proportional,1001,0,771990200,node-var,pca,0.09600572379128836,0.30984790428739123
10.0,fixed,3001,0,774875821,edges-corr,sfa,0.6797735741254959,0.8244838228403853
10.0,fixed,3001,0,774875821,edges-corr,pca,0.45873923425841107,0.677302911745115
10.0,fixed,3001,0,774875821,edges-cov,sfa,0.4874493202891408,0.6981757087504125
10.0,fixed,3001,0,774875821,edges-cov,pca,0.38609842446816495,0.6213681875250494
10.0,fixed,3001,0,774875821,node-var,sfa,0.4669012787531531,0.6833017479511911
10.0,fixed,3001,0,774875821,node-var,pca,0.41277298301224175,0.6424741107719764
10.0,proportional,1001,0,774875821,edges-corr,sfa,0.6982733149703565,0.8356274977347002
10.0,proportional,1001,0,774875821,edges-corr,pca,0.3761733736518962,0.6133297430028126
10.0,proportional,1001,0,774875821,edges-cov,sfa,0.4626895308733983,0.6802128570332954
10.0,proportional,1001,0,774875821,edges-cov,pca,0.3300673988740829,0.5745149248488527
10.0,proportional,1001,0,774875821,node-var,sfa,0.43759558674787863,0.661510080609418
10.0,proportional,1001,0,774875821,node-var,pca,0.3672491680807705,0.6060108646557176
10.0,fixed,3001,0,778240327,edges-corr,sfa,0.5012165909335853,0.7079665182292064
10.0,fixed,3001,0,778240327,edges-corr,pca,0.5158032715322924,0.718194452451627
10.0,fixed,3001,0,778240327,edges-cov,sfa,0.4871954466839938,0.697993872955912
10.0,fixed,3001,0,778240327,edges-cov,pca,0.4802578200120192,0.6930063636158179
10.0,fixed,3001,0,778240327,node-var,sfa,0.502329482512775,0.7087520599707453
10.0,fixed,3001,0,778240327,node-var,pca,0.46640049344044954,0.6829352044231206
10.0,proportional,1001,0,778240327,edges-corr,sfa,0.6841208901356486,0.827116007664976
10.0,proportional,1001,0,778240327,edges-corr,pca,0.4935788181030243,0.7025516479968034
10.0,proportional,1001,0,778240327,edges-cov,sfa,0.6270657306938536,0.7918748200908106
10.0,proportional,1001,0,778240327,edges-cov,pca,0.5507652402716375,0.742135594262691
10.0,proportional,1001,0,778240327,node-var,sfa,0.6159630433529808,0.7848331308966134
10.0,proportional,1001,0,778240327,node-var,pca,0.5631698160050619,0.7504464111480992
10.0,fixed,3001,0,778998620,edges-corr,sfa,0.349896115048611,0.5915201729853438
10.0,fixed,3001,0,778998620,edges-corr,pca,0.29513261882428804,0.5432610963655395
10.0,fixed,3001,0,778998620,edges-cov,sfa,0.5618335939065386,0.7495555976087022
10.0,fixed,3001,0,778998620,edges-cov,pca,0.48042776435169704,0.6931289666084495
10.0,fixed,3001,0,778998620,node-var,sfa,0.5350972449471495,0.7315034141732693
10.0,fixed,3001,0,778998620,node-var,pca,0.5321486760087154,0.7294852130158057
10.0,proportional,1001,0,778998620,edges-corr,sfa,0.47258167765733283,0.6874457634296198
10.0,proportional,1001,0,778998620,edges-corr,pca,0.32722120918089703,0.5720325245830844
10.0,proportional,1001,0,778998620,edges-cov,sfa,0.5970497588754485,0.7726899500287606
10.0,proportional,1001,0,778998620,edges-cov,pca,0.4696500320259089,0.6853101721307724
10.0,proportional,1001,0,778998620,node-var,sfa,0.5505774318161751,0.7420090510338638
10.0,proportional,1001,0,778998620,node-var,pca,0.5537498114299658,0.7441436766041661
10.0,fixed,3001,0,779839471,edges-corr,sfa,0.526234589465361,0.7254202847076727
10.0,fixed,3001,0,779839471,edges-corr,pca,0.49462524316538303,0.7032959854608748
10.0,fixed,3001,0,779839471,edges-cov,sfa,0.3088221128008464,0.5557176556497431
10.0,fixed,3001,0,779839471,edges-cov,pca,0.30650707597758337,0.5536308119835667
10.0,fixed,3001,0,779839471,node-var,sfa,0.3246280140711098,0.5697613658990137
10.0,fixed,3001,0,779839471,node-var,pca,0.3085534965785884,0.5554759189907231
10.0,proportional,1001,0,779839471,edges-corr,sfa,0.5087640256877035,0.7132769628185839
10.0,proportional,1001,0,779839471,edges-corr,pca,0.4476780675805612,0.6690874887341425
10.0,proportional,1001,0,779839471,edges-cov,sfa,0.25743732079612835,0.5073828148411497
10.0,proportional,1001,0,779839471,edges-cov,pca,0.24986584445482263,0.4998658264522817
10.0,proportional,1001,0,779839471,node-var,sfa,0.27735629883463137,0.5266462748701745
10.0,proportional,1001,0,779839471,node-var,pca,0.260498472976553,0.5103905102728233
10.0,fixed,3001,0,781842082,edges-corr,sfa,0.7641797311919472,0.8741737419940885
10.0,fixed,3001,0,781842082,edges-corr,pca,0.7361344061930256,0.857982754018416
10.0,fixed,3001,0,781842082,edges-cov,sfa,0.45702406696153913,0.6760355515514987
10.0,fixed,3001,0,781842082,edges-cov,pca,0.46585368216078726,0.6825347479511847
10.0,fixed,3001,0,781842082,node-var,sfa,0.5161551163362414,0.7184393616278562
10.0,fixed,3001,0,781842082,node-var,pca,0.47461397096080454,0.6889223257819451
10.0,proportional,1001,0,781842082,edges-corr,sfa,0.7538771243087865,0.8682609770735907
10.0,proportional,1001,0,781842082,edges-corr,pca,0.6957566449114339,0.8341202820405663
10.0,proportional,1001,0,781842082,edges-cov,sfa,0.3867815310152045,0.6219176239786138
10.0,proportional,1001,0,781842082,edges-cov,pca,0.4095682975022496,0.6399752319443696
10.0,proportional,1001,0,781842082,node-var,sfa,0.4524841208092279,0.6726693993405883
10.0,proportional,1001,0,781842082,node-var,pca,0.4214974742152008,0.6492283683074861
10.0,fixed,3001,0,786091066,edges-corr,sfa,0.068595553568317,0.26190752865909944
10.0,fixed,3001,0,786091066,edges-corr,pca,0.11438089240755286,0.3382024429355188
10.0,fixed,3001,0,786091066,edges-cov,sfa,0.3625118324930137,0.6020895552100316
10.0,fixed,3001,0,786091066,edges-cov,pca,0.28364487712923203,0.5325832114601736
10.0,fixed,3001,0,786091066,node-var,sfa,0.4208214767129195,0.6487075432835042
10.0,fixed,3001,0,786091066,node-var,pca,0.38287150997652186,0.6187661189629906
10.0,proportional,1001,0,786091066,edges-corr,sfa,0.011595628761713021,0.10768300126627703
10.0,proportional,1001,0,786091066,edges-corr,pca,0.04464099931077918,0.2112841672032696
10.0,proportional,1001,0,786091066,edges-cov,sfa,0.4454424921014216,0.6674147826512548
10.0,proportional,1001,0,786091066,edges-cov,pca,0.0030656523922058206,0.05536833383989282
10.0,proportional,1001,0,786091066,node-var,sfa,0.4765498162536028,0.6903258768535356
10.0,proportional,1001,0,786091066,node-var,pca,0.4031757205082253,0.6349611960649448
10.0,fixed,3001,0,787025148,edges-corr,sfa,0.7143136434174792,0.8451707776641826
10.0,fixed,3001,0,787025148,edges-corr,pca,0.6821989721586216,0.8259533716612709
10.0,fixed,3001,0,787025148,edges-cov,sfa,0.6755007463977543,0.821888524313215
10.0,fixed,3001,0,787025148,edges-cov,pca,0.577203851193623,0.7597393310824595
10.0,fixed,3001,0,787025148,node-var,sfa,0.6110867298226611,0.7817203654905385
10.0,fixed,3001,0,787025148,node-var,pca,0.4659676810720362,0.6826182542768954
10.0,proportional,1001,0,787025148,edges-corr,sfa,0.7548419360954177,0.86881639953181
10.0,proportional,1001,0,787025148,edges-corr,pca,0.6267183387795724,0.7916554419566459
10.0,proportional,1001,0,787025148,edges-cov,sfa,0.656693817656437,0.81036647120697
10.0,proportional,1001,0,787025148,edges-cov,pca,0.5214969385021152,0.7221474492803497
10.0,proportional,1001,0,787025148,node-var,sfa,0.5664569826645761,0.7526333653676112
10.0,proportional,1001,0,787025148,node-var,pca,0.4386221270493903,0.6622855328703703
10.0,fixed,3001,0,789848216,edges-corr,sfa,0.37826272342007133,0.615030668682523
10.0,fixed,3001,0,789848216,edges-corr,pca,0.2991335555615687,0.5469310336427882
10.0,fixed,3001,0,789848216,edges-cov,sfa,0.3469263386057812,0.5890045319059788
10.0,fixed,3001,0,789848216,edges-cov,pca,0.2521908779149771,0.5021860988866349
10.0,fixed,3001,0,789848216,node-var,sfa,0.30128028405890467,0.5488900473308882
10.0,fixed,3001,0,789848216,node-var,pca,0.10809128963388925,0.32877239791972995
10.0,proportional,1001,0,789848216,edges-corr,sfa,0.693635674177251,0.832847929803065
10.0,proportional,1001,0,789848216,edges-corr,pca,0.4269332701013878,0.6534013086162193
10.0,proportional,1001,0,789848216,edges-cov,sfa,0.6869987963426055,0.8288539053069639
10.0,proportional,1001,0,789848216,edges-cov,pca,0.4620191938719056,0.6797199378213836
10.0,proportional,1001,0,789848216,node-var,sfa,0.667803917453626,0.8171927052131743
10.0,proportional,1001,0,789848216,node-var,pca,0.4354308397824539,0.6598718358760691
10.0,fixed,3001,0,793224716,edges-corr,sfa,0.7889508184946922,0.8882290349311331
10.0,fixed,3001,0,793224716,edges-corr,pca,0.7735487947667415,0.8795162276881203
10.0,fixed,3001,0,793224716,edges-cov,sfa,0.5311039622418624,0.7287687988943149
10.0,fixed,3001,0,793224716,edges-cov,pca,0.5049513567703616,0.710599294096442
10.0,fixed,3001,0,793224716,node-var,sfa,0.5501035387066363,0.7416896512063764
10.0,fixed,3001,0,793224716,node-var,pca,0.5406786374014341,0.7353085321152163
10.0,proportional,1001,0,793224716,edges-corr,sfa,0.7885801266324419,0.8880203413393423
10.0,proportional,1001,0,793224716,edges-corr,pca,0.7650600940138188,0.8746771370133204
10.0,proportional,1001,0,793224716,edges-cov,sfa,0.49564536286477867,0.704020853998501
10.0,proportional,1001,0,793224716,edges-cov,pca,0.4641242137593048,0.6812666245746263
10.0,proportional,1001,0,793224716,node-var,sfa,0.5157735960710376,0.7181737923866601
10.0,proportional,1001,0,793224716,node-var,pca,0.5115177229626605,0.7152046720783223
10.0,fixed,3001,0,794812542,edges-corr,sfa,0.6433281427324966,0.8020773919843999
10.0,fixed,3001,0,794812542,edges-corr,pca,0.6298389355503072,0.793623925767304
10.0,fixed,3001,0,794812542,edges-cov,sfa,0.45202620291955226,0.6723289395225764
10.0,fixed,3001,0,794812542,edges-cov,pca,0.4442490180546678,0.6665200807587629
10.0,fixed,3001,0,794812542,node-var,sfa,0.45615608478380104,0.6753932815654898
10.0,fixed,3001,0,794812542,node-var,pca,0.4595213250551698,0.677880022611059
10.0,proportional,1001,0,794812542,edges-corr,sfa,0.7642126153125132,0.8741925504787336
10.0,proportional,1001,0,794812542,edges-corr,pca,0.6861533890215427,0.8283437625898699
10.0,proportional,1001,0,794812542,edges-cov,sfa,0.490278841172126,0.7001991439384413
10.0,proportional,1001,0,794812542,edges-cov,pca,0.4502381784311895,0.670997897486415
10.0,proportional,1001,0,794812542,node-var,sfa,0.4766786740134262,0.6904192016546369
10.0,proportional,1001,0,794812542,node-var,pca,0.48178138925571024,0.6941047393986806
10.0,fixed,3001,0,816200189,edges-corr,sfa,0.4959410422392947,0.7042308160250407
10.0,fixed,3001,0,816200189,edges-corr,pca,0.4235576478208682,0.6508130667256675
10.0,fixed,3001,0,816200189,edges-cov,sfa,0.32005283006581764,0.5657321186443436
10.0,fixed,3001,0,816200189,edges-cov,pca,0.3250137749467836,0.5700997938490976
10.0,fixed,3001,0,816200189,node-var,sfa,0.3309022923577381,0.5752410732534127
10.0,fixed,3001,0,816200189,node-var,pca,0.3394369616318865,0.5826121880220895
10.0,proportional,1001,0,816200189,edges-corr,sfa,0.4729279033653198,0.6876975377048545
10.0,proportional,1001,0,816200189,edges-corr,pca,0.4133989645732797,0.6429610910259498
10.0,proportional,1001,0,816200189,edges-cov,sfa,0.24586304332468215,0.49584578582930616
10.0,proportional,1001,0,816200189,edges-cov,pca,0.25740126031171306,0.5073472778203437
10.0,proportional,1001,0,816200189,node-var,sfa,0.2572576873069946,0.5072057642683042
10.0,proportional,1001,0,816200189,node-var,pca,0.2638102327908277,0.5136246029843466
10.0,fixed,3001,0,829720705,edges-corr,sfa,0.41232964972551744,0.6421289977298311
10.0,fixed,3001,0,829720705,edges-corr,pca,0.403025282789943,0.6348427228770469
10.0,fixed,3001,0,829720705,edges-cov,sfa,0.36708025534456284,0.6058714841817222
10.0,fixed,3001,0,829720705,edges-cov,pca,0.35313615379343805,0.5942526009984627
10.0,fixed,3001,0,829720705,node-var,sfa,0.3647288936012277,0.6039278877492144
10.0,fixed,3001,0,829720705,node-var,pca,0.37579233300545567,0.6130190315197854
10.0,proportional,1001,0,829720705,edges-corr,sfa,0.4012367429564692,0.633432508604089
10.0,proportional,1001,0,829720705,edges-corr,pca,0.3991167247545229,0.6317568557241963
10.0,proportional,1001,0,829720705,edges-cov,sfa,0.35953897304231924,0.5996156877887029
10.0,proportional,1001,0,829720705,edges-cov,pca,0.34639880355687463,0.5885565423617978
10.0,proportional,1001,0,829720705,node-var,sfa,0.3615439382359079,0.6012852386645692
10.0,proportional,1001,0,829720705,node-var,pca,0.3725360993009036,0.6103573537698253
10.0,fixed,3001,0,831882777,edges-corr,sfa,0.006118363741746536,0.07821997022338052
10.0,fixed,3001,0,831882777,edges-corr,pca,0.0005470663174574529,0.02338944884894582
10.0,fixed,3001,0,831882777,edges-cov,sfa,0.014355141492445173,0.11981294376003443
10.0,fixed,3001,0,831882777,edges-cov,pca,0.01979347597898277,0.14068928878554604
10.0,fixed,3001,0,831882777,node-var,sfa,0.013650997390931912,0.11683748281665397
10.0,fixed,3001,0,831882777,node-var,pca,0.01368102138866134,0.11696589840060795
10.0,proportional,1001,0,831882777,edges-corr,sfa,0.0008406856840077577,0.028994580252311945
10.0,proportional,1001,0,831882777,edges-corr,pca,0.0052531608262215,0.07247869222206965
10.0,proportional,1001,0,831882777,edges-cov,sfa,0.015480047010999722,0.12441883704246605
10.0,proportional,1001,0,831882777,edges-cov,pca,0.021344653231605903,0.14609809455159195
10.0,proportional,1001,0,831882777,node-var,sfa,0.013808971775899981,0.11751158145433999
10.0,proportional,1001,0,831882777,node-var,pca,0.014067327374547106,0.11860576450808412
10.0,fixed,3001,0,835479236,edges-corr,sfa,0.5718436920972927,0.7562034726826455
10.0,fixed,3001,0,835479236,edges-corr,pca,0.5298202369307663,0.7278875166746345
10.0,fixed,3001,0,835479236,edges-cov,sfa,0.20304500717201054,0.45060515661941836
10.0,fixed,3001,0,835479236,edges-cov,pca,0.04222841158764455,0.2054955269285552
10.0,fixed,3001,0,835479236,node-var,sfa,0.13817160928293604,0.37171441898712515
10.0,fixed,3001,0,835479236,node-var,pca,0.0010991681801986199,0.03315370537660338
10.0,proportional,1001,0,835479236,edges-corr,sfa,0.610968633692173,0.7816448257950493
10.0,proportional,1001,0,835479236,edges-corr,pca,0.5683670500410836,0.7539012203472572
10.0,proportional,1001,0,835479236,edges-cov,sfa,0.09819732223672543,0.31336451974772994
10.0,proportional,1001,0,835479236,edges-cov,pca,0.026273261564349556,0.16209028830978603
10.0,proportional,1001,0,835479236,node-var,sfa,0.05446841930066959,0.23338470237072007
10.0,proportional,1001,0,835479236,node-var,pca,0.0022282160491890936,0.04720398340383038
10.0,fixed,3001,0,839068429,edges-corr,sfa,0.05844742262592344,0.2417590176723992
10.0,fixed,3001,0,839068429,edges-corr,pca,0.01763251126244483,0.13278746651113135
10.0,fixed,3001,0,839068429,edges-cov,sfa,0.025250639210750665,0.1589044971382203
10.0,fixed,3001,0,839068429,edges-cov,pca,0.011329058844026251,0.10643805167338535
10.0,fixed,3001,0,839068429,node-var,sfa,0.07559370432366225,0.27494309288225854
10.0,fixed,3001,0,839068429,node-var,pca,0.015280259983233386,0.1236133487259098
10.0,proportional,1001,0,839068429,edges-corr,sfa,0.02730174291630598,0.16523239063908135
10.0,proportional,1001,0,839068429,edges-corr,pca,0.017125346602904573,0.13086384757794864
10.0,proportional,1001,0,839068429,edges-cov,sfa,0.010896393239787885,0.104385790411281
10.0,proportional,1001,0,839068429,edges-cov,pca,0.013126306861968149,0.11457009584515564
10.0,proportional,1001,0,839068429,node-var,sfa,0.04299532853875868,0.20735314933407373
10.0,proportional,1001,0,839068429,node-var,pca,0.011476937830546713,0.10713047106471021
10.0,fixed,3001,0,847657808,edges-corr,sfa,0.4470199923194546,0.6685955371668694
10.0,fixed,3001,0,847657808,edges-corr,pca,0.35945492555832737,0.5995455992318911
10.0,fixed,3001,0,847657808,edges-cov,sfa,0.29353123008572585,0.5417852250529963
10.0,fixed,3001,0,847657808,edges-cov,pca,0.2954485724175873,0.5435518120819646
10.0,fixed,3001,0,847657808,node-var,sfa,0.22116944969915375,0.4702865612572336
10.0,fixed,3001,0,847657808,node-var,pca,0.03302786165404132,0.18173569174502108
10.0,proportional,1001,0,847657808,edges-corr,sfa,0.42114912274808597,0.648960031703098
10.0,proportional,1001,0,847657808,edges-corr,pca,0.3447706330145586,0.5871717236163188
10.0,proportional,1001,0,847657808,edges-cov,sfa,0.1543266032582852,0.3928442480911299
10.0,proportional,1001,0,847657808,edges-cov,pca,0.22158665297124508,0.470729915101266
10.0,proportional,1001,0,847657808,node-var,sfa,0.08146975658364342,0.2854290745240285
10.0,proportional,1001,0,847657808,node-var,pca,0.016914874859080723,0.13005719841316252
10.0,fixed,3001,1,766640955,edges-corr,sfa,0.6061920010391685,0.7785833295410123
10.0,fixed,3001,1,766640955,edges-corr,pca,0.4433279571028565,0.6658287746131557
10.0,fixed,3001,1,766640955,edges-cov,sfa,0.5770816365626116,0.7596588948749377
10.0,fixed,3001,1,766640955,edges-cov,pca,0.44559523808024465,0.6675292039156374
10.0,fixed,3001,1,766640955,node-var,sfa,0.5295164498062691,0.7276788095075114
10.0,fixed,3001,1,766640955,node-var,pca,0.44049564826042015,0.6636984618487677
10.0,proportional,1001,1,766640955,edges-corr,sfa,0.6357063090922954,0.7973119270977297
10.0,proportional,1001,1,766640955,edges-corr,pca,0.3587932361116294,0.5989935192567858
10.0,proportional,1001,1,766640955,edges-cov,sfa,0.4626434195856358,0.6801789614400285
10.0,proportional,1001,1,766640955,edges-cov,pca,0.35233811931687986,0.5935807605683323
10.0,proportional,1001,1,766640955,node-var,sfa,0.47149654452820305,0.6866560598496186
10.0,proportional,1001,1,766640955,node-var,pca,0.31523506265928175,0.561457979424357
10.0,fixed,3001,1,767871931,edges-corr,sfa,0.045695353812061586,0.21376471601286678
10.0,fixed,3001,1,767871931,edges-corr,pca,0.05582824683560419,0.2362800178508631
10.0,fixed,3001,1,767871931,edges-cov,sfa,0.11858016884148226,0.3443547136913945
10.0,fixed,3001,1,767871931,edges-cov,pca,0.19509222627330644,0.4416924566633513
10.0,fixed,3001,1,767871931,node-var,sfa,0.24406929293284513,0.4940336961512293
10.0,fixed,3001,1,767871931,node-var,pca,0.1930537699898473,0.4393788456330679
10.0,proportional,1001,1,767871931,edges-corr,sfa,0.0919815083475705,0.3032845336438548
10.0,proportional,1001,1,767871931,edges-corr,pca,0.09488551273035835,0.30803492128386734
10.0,proportional,1001,1,767871931,edges-cov,sfa,0.20643215304768034,0.4543480527609647
10.0,proportional,1001,1,767871931,edges-cov,pca,0.23289689428321164,0.48259392275826646
10.0,proportional,1001,1,767871931,node-var,sfa,0.33123226988685633,0.57552781851693
10.0,proportional,1001,1,767871931,node-var,pca,0.1662628283765395,0.4077533916186835
10.0,fixed,3001,1,771160300,edges-corr,sfa,0.8118904250736525,0.9010496240905117
10.0,fixed,3001,1,771160300,edges-corr,pca,0.8299248312503528,0.9110021027694463
10.0,fixed,3001,1,771160300,edges-cov,sfa,0.6193581043951726,0.7869930777301491
10.0,fixed,3001,1,771160300,edges-cov,pca,0.545607030433772,0.7386521714811187
10.0,fixed,3001,1,771160300,node-var,sfa,0.5882204137035438,0.7669552879428786
10.0,fixed,3001,1,771160300,node-var,pca,0.5260165804168786,0.7252700051821243
10.0,proportional,1001,1,771160300,edges-corr,sfa,0.8038031179749309,0.8965506778620664
10.0,proportional,1001,1,771160300,edges-corr,pca,0.7810619334813123,0.8837770835913954
10.0,proportional,1001,1,771160300,edges-cov,sfa,0.46463668005003383,0.6816426336798732
10.0,proportional,1001,1,771160300,edges-cov,pca,0.40869112582756256,0.6392895477227534
10.0,proportional,1001,1,771160300,node-var,sfa,0.4820669025759377,0.6943103791359724
10.0,proportional,1001,1,771160300,node-var,pca,0.40909585062713205,0.6396060120317288
10.0,fixed,3001,1,771990200,edges-corr,sfa,0.35685714326072326,0.5973752114548471
10.0,fixed,3001,1,771990200,edges-corr,pca,0.3391340567634744,0.5823521758897054
10.0,fixed,3001,1,771990200,edges-cov,sfa,0.29977405098945387,0.5475162563700313
10.0,fixed,3001,1,771990200,edges-cov,pca,0.35830707028377423,0.5985875627540003
10.0,fixed,3001,1,771990200,node-var,sfa,0.06132357757225434,0.24763597794394565
10.0,fixed,3001,1,771990200,node-var,pca,0.1939130890872306,0.4403556393271586
10.0,proportional,1001,1,771990200,edges-corr,sfa,0.2968189036855276,0.5448108880019998
10.0,proportional,1001,1,771990200,edges-corr,pca,0.3272145026428775,0.5720266625279607
10.0,proportional,1001,1,771990200,edges-cov,sfa,0.20988269073193186,0.4581295567106884
10.0,proportional,1001,1,771990200,edges-cov,pca,0.32503629265034023,0.5701195424210086
10.0,proportional,1001,1,771990200,node-var,sfa,0.04083097256898821,0.2020667527550938
10.0,proportional,1001,1,771990200,node-var,pca,0.15770723740084805,0.3971237054128701
10.0,fixed,3001,1,774875821,edges-corr,sfa,0.6957779914701454,0.8341330777940325
10.0,fixed,3001,1,774875821,edges-corr,pca,0.47473156336799704,0.6890076656815924
10.0,fixed,3001,1,774875821,edges-cov,sfa,0.49605317552204903,0.7043104255383765
10.0,fixed,3001,1,774875821,edges-cov,pca,0.3913615139963623,0.625588933722746
10.0,fixed,3001,1,774875821,node-var,sfa,0.47819928719650373,0.6915195493957519
10.0,fixed,3001,1,774875821,node-var,pca,0.42159512912265273,0.6493035723932625
10.0,proportional,1001,1,774875821,edges-corr,sfa,0.7108575557354234,0.8431236894640213
10.0,proportional,1001,1,774875821,edges-corr,pca,0.41220396154924804,0.6420311219475642
10.0,proportional,1001,1,774875821,edges-cov,sfa,0.47374376694279047,0.6882904669852623
10.0,proportional,1001,1,774875821,edges-cov,pca,0.34049899084635893,0.5835229137286375
10.0,proportional,1001,1,774875821,node-var,sfa,0.4545912034441522,0.6742337899009158
10.0,proportional,1001,1,774875821,node-var,pca,0.3797585611619019,0.6162455364235119
10.0,fixed,3001,1,778240327,edges-corr,sfa,0.3564497325329443,0.5970341133745578
10.0,fixed,3001,1,778240327,edges-corr,pca,0.4550874048335775,0.674601663823606
10.0,fixed,3001,1,778240327,edges-cov,sfa,0.39459065119685427,0.628164509660371
10.0,fixed,3001,1,778240327,edges-cov,pca,0.46959735089788246,0.6852717350787806
10.0,fixed,3001,1,778240327,node-var,sfa,0.4582553577566001,0.6769456091567476
10.0,fixed,3001,1,778240327,node-var,pca,0.4549689986593804,0.6745138980476091
10.0,proportional,1001,1,778240327,edges-corr,sfa,0.4127035768694599,0.6424200937622203
10.0,proportional,1001,1,778240327,edges-corr,pca,0.388824600227255,0.6235580167292014
10.0,proportional,1001,1,778240327,edges-cov,sfa,0.5732655044955254,0.757142988143934
10.0,proportional,1001,1,778240327,edges-cov,pca,0.5479496821525769,0.7402362340176121
10.0,proportional,1001,1,778240327,node-var,sfa,0.6091230808797398,0.7804633757452939
10.0,proportional,1001,1,778240327,node-var,pca,0.5787805551519657,0.760776284562003
10.0,fixed,3001,1,778998620,edges-corr,sfa,0.683898169918615,0.8269813600793037
10.0,fixed,3001,1,778998620,edges-corr,pca,0.6480834154010742,0.8050362820401787
10.0,fixed,3001,1,778998620,edges-cov,sfa,0.4493525239083812,0.6703376193444474
10.0,fixed,3001,1,778998620,edges-cov,pca,0.43568296901082737,0.660062852318495
10.0,fixed,3001,1,778998620,node-var,sfa,0.4796207709655536,0.6925465839678611
10.0,fixed,3001,1,778998620,node-var,pca,0.43544593613421967,0.6598832746283388
10.0,proportional,1001,1,778998620,edges-corr,sfa,0.6772245638448207,0.8229365491001239
10.0,proportional,1001,1,778998620,edges-corr,pca,0.6150729036751263,0.7842658373760305
10.0,proportional,1001,1,778998620,edges-cov,sfa,0.41856116609649907,0.6469630330215932
10.0,proportional,1001,1,778998620,edges-cov,pca,0.38889381801054956,0.6236135165393303
10.0,proportional,1001,1,778998620,node-var,sfa,0.44263846042355026,0.6653107998699181
10.0,proportional,1001,1,778998620,node-var,pca,0.4023667204062775,0.6343238292909053
10.0,fixed,3001,1,779839471,edges-corr,sfa,0.577108710388696,0.7596767143915206
10.0,fixed,3001,1,779839471,edges-corr,pca,0.4331583278819156,0.6581476489982439
10.0,fixed,3001,1,779839471,edges-cov,sfa,0.4027147802527533,0.6345981249993994
10.0,fixed,3001,1,779839471,edges-cov,pca,0.3855829082584129,0.6209532254996449
10.0,fixed,3001,1,779839471,node-var,sfa,0.40502183757547283,0.6364132600562883
10.0,fixed,3001,1,779839471,node-var,pca,0.40041042246524605,0.6327799162941615
10.0,proportional,1001,1,779839471,edges-corr,sfa,0.5106270966562324,0.7145817634506442
10.0,proportional,1001,1,779839471,edges-corr,pca,0.44825778926091286,0.6695205667198827
10.0,proportional,1001,1,779839471,edges-cov,sfa,0.42128650115331373,0.6490658681161056
10.0,proportional,1001,1,779839471,edges-cov,pca,0.3810168937751226,0.6172656589954787
10.0,proportional,1001,1,779839471,node-var,sfa,0.4055458921632533,0.6368248520301742
10.0,proportional,1001,1,779839471,node-var,pca,0.4143095396553277,0.6436688120884277
10.0,fixed,3001,1,781842082,edges-corr,sfa,0.6545636986077958,0.8090511100096185
10.0,fixed,3001,1,781842082,edges-corr,pca,0.5670887577993863,0.7530529581638905
10.0,fixed,3001,1,781842082,edges-cov,sfa,0.4515238729499882,0.671955261122337
10.0,fixed,3001,1,781842082,edges-cov,pca,0.3941993301422186,0.6278529526427494
10.0,fixed,3001,1,781842082,node-var,sfa,0.4805620739140834,0.6932258462536458
10.0,fixed,3001,1,781842082,node-var,pca,0.41495319680438525,0.6441686089871077
10.0,proportional,1001,1,781842082,edges-corr,sfa,0.7318615775218936,0.8554890867345378
10.0,proportional,1001,1,781842082,edges-corr,pca,0.6897592121450803,0.830517436388352
10.0,proportional,1001,1,781842082,edges-cov,sfa,0.4212845530893222,0.6490643674469599
10.0,proportional,1001,1,781842082,edges-cov,pca,0.388452405162447,0.6232595006595945
10.0,proportional,1001,1,781842082,node-var,sfa,0.47296671563713505,0.6877257561245871
10.0,proportional,1001,1,781842082,node-var,pca,0.41757027608173686,0.6461967781424919
10.0,fixed,3001,1,786091066,edges-corr,sfa,0.1489839087588363,0.3859843374527473
10.0,fixed,3001,1,786091066,edges-corr,pca,0.10852845808030742,0.3294365767189603
10.0,fixed,3001,1,786091066,edges-cov,sfa,0.34897514657579104,0.5907411840863908
10.0,fixed,3001,1,786091066,edges-cov,pca,0.09190502717734374,0.3031584192750446
10.0,fixed,3001,1,786091066,node-var,sfa,0.3200853863073361,0.565760891461522
10.0,fixed,3001,1,786091066,node-var,pca,0.29173965321028816,0.5401292930496254
10.0,proportional,1001,1,786091066,edges-corr,sfa,0.12348398831606222,0.3514028860383224
10.0,proportional,1001,1,786091066,edges-corr,pca,0.06701019757579699,0.25886327969759826
10.0,proportional,1001,1,786091066,edges-cov,sfa,0.47916770694677124,0.6922194066528121
10.0,proportional,1001,1,786091066,edges-cov,pca,0.07802882026724078,0.27933639266526084
10.0,proportional,1001,1,786091066,node-var,sfa,0.4405628587723753,0.6637490932365748
10.0,proportional,1001,1,786091066,node-var,pca,0.3567154817063277,0.5972566296880494
10.0,fixed,3001,1,787025148,edges-corr,sfa,0.5895817645575123,0.7678422784384253
10.0,fixed,3001,1,787025148,edges-corr,pca,0.6655291385286238,0.8157996926504838
10.0,fixed,3001,1,787025148,edges-cov,sfa,0.6301625686372151,0.793827795329198
10.0,fixed,3001,1,787025148,edges-cov,pca,0.6241814715699293,0.7900515626020427
10.0,fixed,3001,1,787025148,node-var,sfa,0.6355518689564844,0.7972150707033105
10.0,fixed,3001,1,787025148,node-var,pca,0.11802156084229087,0.34354266233219255
10.0,proportional,1001,1,787025148,edges-corr,sfa,0.1661672785782162,0.40763620862015704
10.0,proportional,1001,1,787025148,edges-corr,pca,0.6342392018483644,0.7963913622386699
10.0,proportional,1001,1,787025148,edges-cov,sfa,0.1991766663413464,0.4462921311667352
10.0,proportional,1001,1,787025148,edges-cov,pca,0.5801636657542023,0.761684754839036
10.0,proportional,1001,1,787025148,node-var,sfa,0.5955797865362586,0.7717381593106943
10.0,proportional,1001,1,787025148,node-var,pca,0.04625196594047962,0.21506270234626834
10.0,fixed,3001,1,789848216,edges-corr,sfa,0.3730249497426877,0.6107576849640843
10.0,fixed,3001,1,789848216,edges-corr,pca,0.28903310016006173,0.5376179871991466
10.0,fixed,3001,1,789848216,edges-cov,sfa,0.34778626419762093,0.5897340622667313
10.0,fixed,3001,1,789848216,edges-cov,pca,0.2503558022644665,0.5003556757592208
10.0,fixed,3001,1,789848216,node-var,sfa,0.30282415546126185,0.5502946078795083
10.0,fixed,3001,1,789848216,node-var,pca,0.09618261701085559,0.31013322461622134
10.0,proportional,1001,1,789848216,edges-corr,sfa,0.7018624214639873,0.8377722969064967
10.0,proportional,1001,1,789848216,edges-corr,pca,0.4411482641506513,0.6641899307808357
10.0,proportional,1001,1,789848216,edges-cov,sfa,0.6780199621573728,0.8234196755952415
10.0,proportional,1001,1,789848216,edges-cov,pca,0.4591455869302748,0.6776028238800919
10.0,proportional,1001,1,789848216,node-var,sfa,0.6591896530824877,0.8119049532318963
10.0,proportional,1001,1,789848216,node-var,pca,0.4123558059477335,0.6421493642041028
10.0,fixed,3001,1,793224716,edges-corr,sfa,0.7646675844211035,0.8744527342407384
10.0,fixed,3001,1,793224716,edges-corr,pca,0.7533627663685216,0.8679647264540891
10.0,fixed,3001,1,793224716,edges-cov,sfa,0.5440028107718244,0.7375654620247781
10.0,fixed,3001,1,793224716,edges-cov,pca,0.5284491811576705,0.7269451018871167
10.0,fixed,3001,1,793224716,node-var,sfa,0.5536577107671865,0.7440817903746781
10.0,fixed,3001,1,793224716,node-var,pca,0.5557620092990367,0.7454944730170954
10.0,proportional,1001,1,793224716,edges-corr,sfa,0.7286768412567637,0.853625703254514
10.0,proportional,1001,1,793224716,edges-corr,pca,0.7182550444282259,0.8474992887479174
10.0,proportional,1001,1,793224716,edges-cov,sfa,0.5296690334667864,0.7277836446821173
10.0,proportional,1001,1,793224716,edges-cov,pca,0.5100646048225533,0.7141880738450855
10.0,proportional,1001,1,793224716,node-var,sfa,0.5460004814229534,0.7389184538384147
10.0,proportional,1001,1,793224716,node-var,pca,0.5497974610567617,0.7414832844081933
10.0,fixed,3001,1,794812542,edges-corr,sfa,0.5425558026795406,0.7365838734859328
10.0,fixed,3001,1,794812542,edges-corr,pca,0.5313899908231047,0.728965013442418
10.0,fixed,3001,1,794812542,edges-cov,sfa,0.4881728452970728,0.6986936705717841
10.0,fixed,3001,1,794812542,edges-cov,pca,0.4529069837562063,0.6729836430079161
10.0,fixed,3001,1,794812542,node-var,sfa,0.4777019966331241,0.6911598922341516
10.0,fixed,3001,1,794812542,node-var,pca,0.48677397977132575,0.6976918945862319
10.0,proportional,1001,1,794812542,edges-corr,sfa,0.5768773504704098,0.7595244238801079
10.0,proportional,1001,1,794812542,edges-corr,pca,0.555652353198413,0.7454209235045747
10.0,proportional,1001,1,794812542,edges-cov,sfa,0.5147316623811922,0.7174480206824688
10.0,proportional,1001,1,794812542,edges-cov,pca,0.4348225664585456,0.6594107721735714
10.0,proportional,1001,1,794812542,node-var,sfa,0.48380640925658247,0.6955619377572226
10.0,proportional,1001,1,794812542,node-var,pca,0.4939585337658815,0.7028218364321654
10.0,fixed,3001,1,816200189,edges-corr,sfa,0.47951182017626215,0.6924679199618291
10.0,fixed,3001,1,816200189,edges-corr,pca,0.4492210755023684,0.6702395657541924
10.0,fixed,3001,1,816200189,edges-cov,sfa,0.3307603917034042,0.5751177198655978
10.0,fixed,3001,1,816200189,edges-cov,pca,0.33195007011238226,0.5761510827138853
10.0,fixed,3001,1,816200189,node-var,sfa,0.3382677341592827,0.5816078869472823
10.0,fixed,3001,1,816200189,node-var,pca,0.33931010503526876,0.5825033090337502
10.0,proportional,1001,1,816200189,edges-corr,sfa,0.49563327081093117,0.7040122660940867
10.0,proportional,1001,1,816200189,edges-corr,pca,0.45974817949242475,0.678047328357265
10.0,proportional,1001,1,816200189,edges-cov,sfa,0.25770319326481655,0.5076447510462573
10.0,proportional,1001,1,816200189,edges-cov,pca,0.264232108772189,0.5140351240646781
10.0,proportional,1001,1,816200189,node-var,sfa,0.26644945883973675,0.5161874260767466
10.0,proportional,1001,1,816200189,node-var,pca,0.26603540067352477,0.5157861966682753
10.0,fixed,3001,1,829720705,edges-corr,sfa,0.3773684623949614,0.6143032332610349
10.0,fixed,3001,1,829720705,edges-corr,pca,0.43858660733983873,0.6622587163185085
10.0,fixed,3001,1,829720705,edges-cov,sfa,0.3490411924779722,0.5907970823201247
10.0,fixed,3001,1,829720705,edges-cov,pca,0.3617885847428033,0.6014886405766973
10.0,fixed,3001,1,829720705,node-var,sfa,0.36699743565202303,0.6058031327519057
10.0,fixed,3001,1,829720705,node-var,pca,0.3712709487227904,0.6093200708353455
10.0,proportional,1001,1,829720705,edges-corr,sfa,0.4246199783274444,0.651628712018926
10.0,proportional,1001,1,829720705,edges-corr,pca,0.4370937439658772,0.661130655745048
10.0,proportional,1001,1,829720705,edges-cov,sfa,0.34393235285215684,0.5864574603943212
10.0,proportional,1001,1,829720705,edges-cov,pca,0.33727643638594446,0.5807550571333361
10.0,proportional,1001,1,829720705,node-var,sfa,0.35840501236969624,0.5986693681571625
10.0,proportional,1001,1,829720705,node-var,pca,0.3601799143753837,0.6001499099186667
10.0,fixed,3001,1,831882777,edges-corr,sfa,0.005205510140580056,0.07214922134423944
10.0,fixed,3001,1,831882777,edges-corr,pca,2.9112444264842828e-05,0.005395594894434054
10.0,fixed,3001,1,831882777,edges-cov,sfa,0.01911228471658633,0.13824718701147712
10.0,fixed,3001,1,831882777,edges-cov,pca,0.02081926063924045,0.14428880981989023
10.0,fixed,3001,1,831882777,node-var,sfa,0.019786879428231204,0.1406658431469104
10.0,fixed,3001,1,831882777,node-var,pca,0.020362486635125996,0.14269718509881685
10.0,proportional,1001,1,831882777,edges-corr,sfa,0.00041740768120891,0.020430557535439653
10.0,proportional,1001,1,831882777,edges-corr,pca,0.003236946185331122,0.05689416653164999
10.0,proportional,1001,1,831882777,edges-cov,sfa,0.019113186565879847,0.1382504487004648
10.0,proportional,1001,1,831882777,edges-cov,pca,0.022333046101773245,0.14944245080221766
10.0,proportional,1001,1,831882777,node-var,sfa,0.019028374593674614,0.13794337459144101
10.0,proportional,1001,1,831882777,node-var,pca,0.019704924639400333,0.14037423068141935
10.0,fixed,3001,1,835479236,edges-corr,sfa,1.899335024708035e-05,0.004358136097815252
10.0,fixed,3001,1,835479236,edges-corr,pca,2.5176884166633487e-05,0.005017657238854951
10.0,fixed,3001,1,835479236,edges-cov,sfa,8.607557734489824e-05,0.009277692457982116
10.0,fixed,3001,1,835479236,edges-cov,pca,2.663309368937856e-05,0.0051607260816069825
10.0,fixed,3001,1,835479236,node-var,sfa,5.6307157121898e-05,0.007503809507303474
10.0,fixed,3001,1,835479236,node-var,pca,7.04457019399091e-05,0.008393193786629087
10.0,proportional,1001,1,835479236,edges-corr,sfa,1.3773516910567931e-05,0.003711268908415009
10.0,proportional,1001,1,835479236,edges-corr,pca,0.00013956153802101323,0.011813616635942324
10.0,proportional,1001,1,835479236,edges-cov,sfa,2.727505272101621e-05,0.0052225523186480586
10.0,proportional,1001,1,835479236,edges-cov,pca,4.346850533640751e-06,0.0020849101979799394
10.0,proportional,1001,1,835479236,node-var,sfa,1.8100558074057177e-05,0.004254475064453566
10.0,proportional,1001,1,835479236,node-var,pca,2.9280258436571637e-05,0.005411123583561148
10.0,fixed,3001,1,839068429,edges-corr,sfa,0.008664810831154028,0.09308496565586748
10.0,fixed,3001,1,839068429,edges-corr,pca,0.0053935522435568616,0.07344080775397872
10.0,fixed,3001,1,839068429,edges-cov,sfa,0.00021126279283847603,0.014534881934108582
10.0,fixed,3001,1,839068429,edges-cov,pca,5.799366504794362e-06,0.002408187389883595
10.0,fixed,3001,1,839068429,node-var,sfa,2.1627826881798334e-07,0.00046505727477159556
10.0,fixed,3001,1,839068429,node-var,pca,0.0003932055399486409,0.01982941098340142
10.0,proportional,1001,1,839068429,edges-corr,sfa,0.003357283482281077,0.05794207005519458
10.0,proportional,1001,1,839068429,edges-corr,pca,1.688963674578541e-05,0.004109700323111821
10.0,proportional,1001,1,839068429,edges-cov,sfa,0.004402772449644635,0.06635339064165927
10.0,proportional,1001,1,839068429,edges-cov,pca,0.0028076862080973946,0.052987604287204705
10.0,proportional,1001,1,839068429,node-var,sfa,0.004716662356126426,0.06867796121119515
10.0,proportional,1001,1,839068429,node-var,pca,0.004126128508708941,0.06423494772091701
10.0,fixed,3001,1,847657808,edges-corr,sfa,0.6249192686313342,0.7905183543924418
10.0,fixed,3001,1,847657808,edges-corr,pca,0.4970698976025051,0.7050318415522132
10.0,fixed,3001,1,847657808,edges-cov,sfa,0.510612780377342,0.7145717461370426
10.0,fixed,3001,1,847657808,edges-cov,pca,0.5113370548748397,0.7150783557588914
10.0,fixed,3001,1,847657808,node-var,sfa,0.4874540034076896,0.6981790625675405
10.0,fixed,3001,1,847657808,node-var,pca,0.4669417693712669,0.6833313759599122
10.0,proportional,1001,1,847657808,edges-corr,sfa,0.5666564901904362,0.7527658933496099
10.0,proportional,1001,1,847657808,edges-corr,pca,0.3985775323325971,0.63132997103939
10.0,proportional,1001,1,847657808,edges-cov,sfa,0.3744296227529885,0.6119065474016343
10.0,proportional,1001,1,847657808,edges-cov,pca,0.3616000480497842,0.6013318950877162
10.0,proportional,1001,1,847657808,node-var,sfa,0.38691685612726395,0.6220264111171357
10.0,proportional,1001,1,847657808,node-var,pca,0.29205143479574003,0.5404178335285948
10.0,fixed,3001,2,766640955,edges-corr,sfa,0.4620512175600947,0.6797434939446605
10.0,fixed,3001,2,766640955,edges-corr,pca,0.3962275576320101,0.6294660893423967
10.0,fixed,3001,2,766640955,edges-cov,sfa,0.31387725230458874,0.5602474920109761
10.0,fixed,3001,2,766640955,edges-cov,pca,0.24770660943274259,0.4977013255284163
10.0,fixed,3001,2,766640955,node-var,sfa,0.30659163531483474,0.5537071747005223
10.0,fixed,3001,2,766640955,node-var,pca,0.21622032582886047,0.46499497398236517
10.0,proportional,1001,2,766640955,edges-corr,sfa,0.44530804833757676,0.6673140552525301
10.0,proportional,1001,2,766640955,edges-corr,pca,0.31704185156805964,0.5630646957216014
10.0,proportional,1001,2,766640955,edges-cov,sfa,0.2823241735577178,0.531341861288679
10.0,proportional,1001,2,766640955,edges-cov,pca,0.22660015266763825,0.47602536977312276
10.0,proportional,1001,2,766640955,node-var,sfa,0.3143449557111637,0.5606647444874376
10.0,proportional,1001,2,766640955,node-var,pca,0.1901239340711484,0.43603203330850404
10.0,fixed,3001,2,767871931,edges-corr,sfa,0.5974829344444237,0.7729702028179506
10.0,fixed,3001,2,767871931,edges-corr,pca,0.5637457209553322,0.7508300213465976
10.0,fixed,3001,2,767871931,edges-cov,sfa,0.6224438270978484,0.7889510929695506
10.0,fixed,3001,2,767871931,edges-cov,pca,0.5769179544803833,0.7595511533006736
10.0,fixed,3001,2,767871931,node-var,sfa,0.6411364782777181,0.8007099838753843
10.0,fixed,3001,2,767871931,node-var,pca,0.5928860431020551,0.7699909370259205
10.0,proportional,1001,2,767871931,edges-corr,sfa,0.6211133750945586,0.7881074641789396
10.0,proportional,1001,2,767871931,edges-corr,pca,0.5800168914957698,0.7615884003159251
10.0,proportional,1001,2,767871931,edges-cov,sfa,0.6341651498621039,0.7963448686731798
10.0,proportional,1001,2,767871931,edges-cov,pca,0.4023093184212113,0.6342785810834316
10.0,proportional,1001,2,767871931,node-var,sfa,0.632199033427034,0.7951094474517543
10.0,proportional,1001,2,767871931,node-var,pca,0.3577639023126021,0.5981336826434389
10.0,fixed,3001,2,771160300,edges-corr,sfa,0.7337125420056372,0.8565702201253772
10.0,fixed,3001,2,771160300,edges-corr,pca,0.7639837944602867,0.8740616651359827
10.0,fixed,3001,2,771160300,edges-cov,sfa,0.5694753393605549,0.7546358985368739
10.0,fixed,3001,2,771160300,edges-cov,pca,0.4308482022025454,0.6563902819226877
10.0,fixed,3001,2,771160300,node-var,sfa,0.4659864237684047,0.6826319826732444
10.0,fixed,3001,2,771160300,node-var,pca,0.3759946965992558,0.6131840642085016
10.0,proportional,1001,2,771160300,edges-corr,sfa,0.7611705253297897,0.8724508727314046
10.0,proportional,1001,2,771160300,edges-corr,pca,0.7615756083643002,0.8726829941990965
10.0,proportional,1001,2,771160300,edges-cov,sfa,0.43744515564326464,0.661396368029992
10.0,proportional,1001,2,771160300,edges-cov,pca,0.3427981799394183,0.5854896924279865
10.0,proportional,1001,2,771160300,node-var,sfa,0.39811947823097293,0.6309670975819365
10.0,proportional,1001,2,771160300,node-var,pca,0.32559443787999276,0.5706088308815355
10.0,fixed,3001,2,771990200,edges-corr,sfa,0.6398710834783153,0.7999194231160507
10.0,fixed,3001,2,771990200,edges-corr,pca,0.6190239021757774,0.7867807205160644
10.0,fixed,3001,2,771990200,edges-cov,sfa,0.5896453685400386,0.7678836946699927
10.0,fixed,3001,2,771990200,edges-cov,pca,0.46595825181815276,0.6826113475603469
10.0,fixed,3001,2,771990200,node-var,sfa,0.4998446800117318,0.7069969448390366
10.0,fixed,3001,2,771990200,node-var,pca,0.43422184107470674,0.6589551130955027
10.0,proportional,1001,2,771990200,edges-corr,sfa,0.6766267183027169,0.8225732297508331
10.0,proportional,1001,2,771990200,edges-corr,pca,0.6124950525162229,0.7826206312871026
10.0,proportional,1001,2,771990200,edges-cov,sfa,0.5891116734201413,0.7675361056133719
10.0,proportional,1001,2,771990200,edges-cov,pca,0.41203389554787334,0.6418986645475073
10.0,proportional,1001,2,771990200,node-var,sfa,0.46401551874716923,0.6811868456944609
10.0,proportional,1001,2,771990200,node-var,pca,0.39204198177300376,0.6261325592660102
10.0,fixed,3001,2,774875821,edges-corr,sfa,0.6575812724543488,0.8109138502050318
10.0,fixed,3001,2,774875821,edges-corr,pca,0.44858084910079227,0.6697617853392296
10.0,fixed,3001,2,774875821,edges-cov,sfa,0.49240540586054965,0.7017160436106258
10.0,fixed,3001,2,774875821,edges-cov,pca,0.39653163224541965,0.6297075767730762
10.0,fixed,3001,2,774875821,node-var,sfa,0.47131526598254253,0.6865240461794055
10.0,fixed,3001,2,774875821,node-var,pca,0.41928327147437333,0.6475208656671794
10.0,proportional,1001,2,774875821,edges-corr,sfa,0.7043067038880729,0.8392298278112337
10.0,proportional,1001,2,774875821,edges-corr,pca,0.3972999543888624,0.6303173441916876
10.0,proportional,1001,2,774875821,edges-cov,sfa,0.48169419917509554,0.6940419289748246
10.0,proportional,1001,2,774875821,edges-cov,pca,0.35202792051177595,0.5933194085075727
10.0,proportional,1001,2,774875821,node-var,sfa,0.45825829440214744,0.6769477781942618
10.0,proportional,1001,2,774875821,node-var,pca,0.38919770071067156,0.6238571156207738
10.0,fixed,3001,2,778240327,edges-corr,sfa,0.5342468675944119,0.7309219298901982
10.0,fixed,3001,2,778240327,edges-corr,pca,0.5134048848867067,0.7165227734599275
10.0,fixed,3001,2,778240327,edges-cov,sfa,0.5178725298873439,0.719633608086326
10.0,fixed,3001,2,778240327,edges-cov,pca,0.4719886231726106,0.6870142816365687
10.0,fixed,3001,2,778240327,node-var,sfa,0.4963978880974365,0.7045550994048915
10.0,fixed,3001,2,778240327,node-var,pca,0.467908920299598,0.6840386833356707
10.0,proportional,1001,2,778240327,edges-corr,sfa,0.6364565746183519,0.7977822852247046
10.0,proportional,1001,2,778240327,edges-corr,pca,0.45492958460387656,0.6744846807777598
10.0,proportional,1001,2,778240327,edges-cov,sfa,0.5747175303654127,0.7581012665636516
10.0,proportional,1001,2,778240327,edges-cov,pca,0.517064669396771,0.7190720891515474
10.0,proportional,1001,2,778240327,node-var,sfa,0.5658812330205091,0.7522507780125648
10.0,proportional,1001,2,778240327,node-var,pca,0.5262667035610431,0.7254424191905537
10.0,fixed,3001,2,778998620,edges-corr,sfa,0.35007209073221524,0.5916689029619651
10.0,fixed,3001,2,778998620,edges-corr,pca,0.2957429269628005,0.543822514211025
10.0,fixed,3001,2,778998620,edges-cov,sfa,0.555480854538034,0.7453058798493636
10.0,fixed,3001,2,778998620,edges-cov,pca,0.4743065526678089,0.6886991742900589
10.0,fixed,3001,2,778998620,node-var,sfa,0.5290870478410804,0.7273837005604954
10.0,fixed,3001,2,778998620,node-var,pca,0.5268618918425583,0.7258525276132599
10.0,proportional,1001,2,778998620,edges-corr,sfa,0.4732519226487588,0.6879330800657567
10.0,proportional,1001,2,778998620,edges-corr,pca,0.32816770314028754,0.5728592350135306
10.0,proportional,1001,2,778998620,edges-cov,sfa,0.5970009654066267,0.7726583756141046
10.0,proportional,1001,2,778998620,edges-cov,pca,0.47046209461148947,0.6859023943765538
10.0,proportional,1001,2,778998620,node-var,sfa,0.5508631398858594,0.7422015493690777
10.0,proportional,1001,2,778998620,node-var,pca,0.5543369401048406,0.7445380716288729
10.0,fixed,3001,2,779839471,edges-corr,sfa,0.2740782298260483,0.5235248129993919
10.0,fixed,3001,2,779839471,edges-corr,pca,0.25838031130625694,0.5083112346842797
10.0,fixed,3001,2,779839471,edges-cov,sfa,0.297601575022593,0.5455287114557702
10.0,fixed,3001,2,779839471,edges-cov,pca,0.2947481805156419,0.542907156441727
10.0,fixed,3001,2,779839471,node-var,sfa,0.3004267215556341,0.5481119607850518
10.0,fixed,3001,2,779839471,node-var,pca,0.3046017984608612,0.5519074183781744
10.0,proportional,1001,2,779839471,edges-corr,sfa,0.33543398473167935,0.5791666295045661
10.0,proportional,1001,2,779839471,edges-corr,pca,0.3719318343750703,0.6098621437464948
10.0,proportional,1001,2,779839471,edges-cov,sfa,0.3317893662997674,0.5760116025739129
10.0,proportional,1001,2,779839471,edges-cov,pca,0.3254597226938859,0.5704907735396655
10.0,proportional,1001,2,779839471,node-var,sfa,0.3300522320308023,0.5745017250024601
10.0,proportional,1001,2,779839471,node-var,pca,0.34419457699414174,0.5866809840059091
10.0,fixed,3001,2,781842082,edges-corr,sfa,0.7903919164836444,0.8890398846416534
10.0,fixed,3001,2,781842082,edges-corr,pca,0.7281731839540192,0.8533306416354796
10.0,fixed,3001,2,781842082,edges-cov,sfa,0.43341470743837884,0.6583423937727076
10.0,fixed,3001,2,781842082,edges-cov,pca,0.42511545790702965,0.6520087866793128
10.0,fixed,3001,2,781842082,node-var,sfa,0.48483356566906954,0.6962999107202797
10.0,fixed,3001,2,781842082,node-var,pca,0.45454614354059564,0.6742003734355208
10.0,proportional,1001,2,781842082,edges-corr,sfa,0.7296014587615128,0.8541671140716627
10.0,proportional,1001,2,781842082,edges-corr,pca,0.6754591016978512,0.8218631891609766
10.0,proportional,1001,2,781842082,edges-cov,sfa,0.36242550273180774,0.6020178591468925
10.0,proportional,1001,2,781842082,edges-cov,pca,0.3633000405849727,0.6027437603036407
10.0,proportional,1001,2,781842082,node-var,sfa,0.4163626710625903,0.6452617074200129
10.0,proportional,1001,2,781842082,node-var,pca,0.39460860270127807,0.6281787983538429
10.0,fixed,3001,2,786091066,edges-corr,sfa,0.07109018394212913,0.26662742533754685
10.0,fixed,3001,2,786091066,edges-corr,pca,0.10464498100610836,0.3234887648838957
10.0,fixed,3001,2,786091066,edges-cov,sfa,0.3524311809018923,0.5936591453872266
10.0,fixed,3001,2,786091066,edges-cov,pca,0.25851771599887136,0.5084463747524132
10.0,fixed,3001,2,786091066,node-var,sfa,0.41209181742365536,0.6419437805786854
10.0,fixed,3001,2,786091066,node-var,pca,0.38131443114794017,0.6175066243757553
10.0,proportional,1001,2,786091066,edges-corr,sfa,0.018028899891098897,0.13427173898888364
10.0,proportional,1001,2,786091066,edges-corr,pca,0.047095182954799655,0.21701424597200908
10.0,proportional,1001,2,786091066,edges-cov,sfa,0.4539407475925566,0.673751250531349
10.0,proportional,1001,2,786091066,edges-cov,pca,0.001595737296417811,0.03994668066833352
10.0,proportional,1001,2,786091066,node-var,sfa,0.49643073606089805,0.7045784101580874
10.0,proportional,1001,2,786091066,node-var,pca,0.43094126038459407,0.6564611644146164
10.0,fixed,3001,2,787025148,edges-corr,sfa,0.6027295941795917,0.7763566153383326
10.0,fixed,3001,2,787025148,edges-corr,pca,0.5548160005713574,0.7448597187198119
10.0,fixed,3001,2,787025148,edges-cov,sfa,0.540000231054906,0.7348470800478872
10.0,fixed,3001,2,787025148,edges-cov,pca,0.44174157239791045,0.6646364212093033
10.0,fixed,3001,2,787025148,node-var,sfa,0.4605274269888068,0.6786217112565783
10.0,fixed,3001,2,787025148,node-var,pca,0.33023081759013445,0.5746571304614034
10.0,proportional,1001,2,787025148,edges-corr,sfa,0.6756593811149958,0.8219850248727137
10.0,proportional,1001,2,787025148,edges-corr,pca,0.5248412190311411,0.7244592597455989
10.0,proportional,1001,2,787025148,edges-cov,sfa,0.5545069509210186,0.7446522348862042
10.0,proportional,1001,2,787025148,edges-cov,pca,0.43852047523920173,0.6622087852325743
10.0,proportional,1001,2,787025148,node-var,sfa,0.4727104752886659,0.687539435442554
10.0,proportional,1001,2,787025148,node-var,pca,0.3591287964633359,0.5992735572869338
10.0,fixed,3001,2,789848216,edges-corr,sfa,0.3183466954904598,0.5642222040034048
10.0,fixed,3001,2,789848216,edges-corr,pca,0.2525518755339272,0.5025453964906327
10.0,fixed,3001,2,789848216,edges-cov,sfa,0.2837447007682666,0.5326769196879724
10.0,fixed,3001,2,789848216,edges-cov,pca,0.1956425644418031,0.4423150058971582
10.0,fixed,3001,2,789848216,node-var,sfa,0.24315219594232107,0.49310465009196686
10.0,fixed,3001,2,789848216,node-var,pca,0.14168304848658766,0.3764080877008193
10.0,proportional,1001,2,789848216,edges-corr,sfa,0.7022992324954488,0.8380329543015888
10.0,proportional,1001,2,789848216,edges-corr,pca,0.5094348012651606,0.7137470148905427
10.0,proportional,1001,2,789848216,edges-cov,sfa,0.6226848263507824,0.7891038121507096
10.0,proportional,1001,2,789848216,edges-cov,pca,0.422275999399226,0.6498276690009637
10.0,proportional,1001,2,789848216,node-var,sfa,0.5972593857907808,0.7728255856212194
10.0,proportional,1001,2,789848216,node-var,pca,0.3543536046607271,0.5952760743224332
10.0,fixed,3001,2,793224716,edges-corr,sfa,0.8632584085835711,0.9291170047865721
10.0,fixed,3001,2,793224716,edges-corr,pca,0.8604612657786381,0.9276105140513653
10.0,fixed,3001,2,793224716,edges-cov,sfa,0.7109094135116674,0.8431544422652753
10.0,fixed,3001,2,793224716,edges-cov,pca,0.6847990527874248,0.8275258623072905
10.0,fixed,3001,2,793224716,node-var,sfa,0.7071231058882166,0.8409061219233789
10.0,fixed,3001,2,793224716,node-var,pca,0.6873925148232162,0.8290913790549364
10.0,proportional,1001,2,793224716,edges-corr,sfa,0.8551747638344924,0.9247565970754101
10.0,proportional,1001,2,793224716,edges-corr,pca,0.8451746609585646,0.9193338136708367
10.0,proportional,1001,2,793224716,edges-cov,sfa,0.55957568977132,0.7480479194351923
10.0,proportional,1001,2,793224716,edges-cov,pca,0.5304865533168065,0.7283450784599333
10.0,proportional,1001,2,793224716,node-var,sfa,0.5642418573837614,0.751160340662206
10.0,proportional,1001,2,793224716,node-var,pca,0.5501999266536959,0.7417546269850266
10.0,fixed,3001,2,794812542,edges-corr,sfa,0.5254375348268246,0.7248707021440615
10.0,fixed,3001,2,794812542,edges-corr,pca,0.5212528612083948,0.7219784354178418
10.0,fixed,3001,2,794812542,edges-cov,sfa,0.44795917803710145,0.6692975257963393
10.0,fixed,3001,2,794812542,edges-cov,pca,0.4228798806743488,0.6502921502481395
10.0,fixed,3001,2,794812542,node-var,sfa,0.43810950324294456,0.6618984085514518
10.0,fixed,3001,2,794812542,node-var,pca,0.4497562116400074,0.670638659517931
10.0,proportional,1001,2,794812542,edges-corr,sfa,0.5686610138183894,0.754096156878146
10.0,proportional,1001,2,794812542,edges-corr,pca,0.556757987887754,0.7461621726459697
10.0,proportional,1001,2,794812542,edges-cov,sfa,0.48958993441880677,0.6997070347072457
10.0,proportional,1001,2,794812542,edges-cov,pca,0.4265689211185006,0.6531224396072306
10.0,proportional,1001,2,794812542,node-var,sfa,0.4625608645596375,0.6801182724788664
10.0,proportional,1001,2,794812542,node-var,pca,0.47513481048256856,0.6893002324695449
10.0,fixed,3001,2,816200189,edges-corr,sfa,0.4821153134948604,0.6943452408527478
10.0,fixed,3001,2,816200189,edges-corr,pca,0.42893464683859295,0.6549310244892915
10.0,fixed,3001,2,816200189,edges-cov,sfa,0.308298319619127,0.5552461792926873
10.0,fixed,3001,2,816200189,edges-cov,pca,0.3134999110087888,0.5599106276976611
10.0,fixed,3001,2,816200189,node-var,sfa,0.31803540568030564,0.563946279073021
10.0,fixed,3001,2,816200189,node-var,pca,0.3245703142746766,0.5697107285936228
10.0,proportional,1001,2,816200189,edges-corr,sfa,0.48363743111363844,0.6954404583525742
10.0,proportional,1001,2,816200189,edges-corr,pca,0.43752530587750244,0.6614569569348427
10.0,proportional,1001,2,816200189,edges-cov,sfa,0.2353695099692305,0.4851489564754628
10.0,proportional,1001,2,816200189,edges-cov,pca,0.24965190517701066,0.4996517839225741
10.0,proportional,1001,2,816200189,node-var,sfa,0.24515871116677435,0.4951350433637013
10.0,proportional,1001,2,816200189,node-var,pca,0.2524618383812683,0.502455807391325
10.0,fixed,3001,2,829720705,edges-corr,sfa,0.03531243384477267,0.1879160287063684
10.0,fixed,3001,2,829720705,edges-corr,pca,0.0562959831417187,0.2372677456834761
10.0,fixed,3001,2,829720705,edges-cov,sfa,0.13488186930324353,0.36726267071844304
10.0,fixed,3001,2,829720705,edges-cov,pca,0.1311320970089013,0.3621216605077654
10.0,fixed,3001,2,829720705,node-var,sfa,0.1425509215408262,0.37755916296764164
10.0,fixed,3001,2,829720705,node-var,pca,0.14486963898319202,0.3806174444021083
10.0,proportional,1001,2,829720705,edges-corr,sfa,0.08551884152290311,0.29243604689385183
10.0,proportional,1001,2,829720705,edges-corr,pca,0.11884627616072913,0.3447408826361172
10.0,proportional,1001,2,829720705,edges-cov,sfa,0.16052891082660814,0.400660593054281
10.0,proportional,1001,2,829720705,edges-cov,pca,0.15395630472892977,0.39237266052686415
10.0,proportional,1001,2,829720705,node-var,sfa,0.17088444387968552,0.41338171691511166
10.0,proportional,1001,2,829720705,node-var,pca,0.17304106654583198,0.415982050749587
10.0,fixed,3001,2,831882777,edges-corr,sfa,0.1729255783039251,0.4158432136081159
10.0,fixed,3001,2,831882777,edges-corr,pca,0.015033801897501135,0.12261240515339847
10.0,fixed,3001,2,831882777,edges-cov,sfa,0.4134748346585219,0.6430200888452257
10.0,fixed,3001,2,831882777,edges-cov,pca,0.3407913763371126,0.5837733946807722
10.0,fixed,3001,2,831882777,node-var,sfa,0.404053571309347,0.635652083540475
10.0,fixed,3001,2,831882777,node-var,pca,0.4007611976129654,0.6330570255616514
10.0,proportional,1001,2,831882777,edges-corr,sfa,0.14414489889286508,0.37966419227109777
10.0,proportional,1001,2,831882777,edges-corr,pca,0.008250868599229775,0.0908342919784691
10.0,proportional,1001,2,831882777,edges-cov,sfa,0.35521374694893315,0.5959981098534903
10.0,proportional,1001,2,831882777,edges-cov,pca,0.23595490154510304,0.4857518929917855
10.0,proportional,1001,2,831882777,node-var,sfa,0.37237761467591507,0.6102275105859413
10.0,proportional,1001,2,831882777,node-var,pca,0.36838920009960635,0.6069507394341046
10.0,fixed,3001,2,835479236,edges-corr,sfa,0.5939867374153791,0.7707053505817766
10.0,fixed,3001,2,835479236,edges-corr,pca,0.5623927924695583,0.7499285249072463
10.0,fixed,3001,2,835479236,edges-cov,sfa,0.35806903564093745,0.5983886994595883
10.0,fixed,3001,2,835479236,edges-cov,pca,0.10510003017015185,0.32419134808034566
10.0,fixed,3001,2,835479236,node-var,sfa,0.3407368192495418,0.5837266648436936
10.0,fixed,3001,2,835479236,node-var,pca,0.023413688977853515,0.15301532268976697
10.0,proportional,1001,2,835479236,edges-corr,sfa,0.63865499296106,0.7991589284748435
10.0,proportional,1001,2,835479236,edges-corr,pca,0.6056504520261277,0.7782354733794442
10.0,proportional,1001,2,835479236,edges-cov,sfa,0.1862516688107578,0.43156884596870265
10.0,proportional,1001,2,835479236,edges-cov,pca,0.05804885484362228,0.24093329957401546
10.0,proportional,1001,2,835479236,node-var,sfa,0.14352614650753423,0.37884844794130307
10.0,proportional,1001,2,835479236,node-var,pca,0.015317964545410819,0.12376576483588189
10.0,fixed,3001,2,839068429,edges-corr,sfa,0.04264501430517671,0.20650669312440387
10.0,fixed,3001,2,839068429,edges-corr,pca,0.00460734991921209,0.06787746252779409
10.0,fixed,3001,2,839068429,edges-cov,sfa,0.016639273193358107,0.12899330677735998
10.0,fixed,3001,2,839068429,edges-cov,pca,0.0030931283289039576,0.05561589996488376
10.0,fixed,3001,2,839068429,node-var,sfa,0.06997642073763925,0.2645305667359431
10.0,fixed,3001,2,839068429,node-var,pca,0.006123577633535424,0.07825329151885832
10.0,proportional,1001,2,839068429,edges-corr,sfa,0.02139869402566369,0.14628292458678727
10.0,proportional,1001,2,839068429,edges-corr,pca,0.007440310211153976,0.08625723280487252
10.0,proportional,1001,2,839068429,edges-cov,sfa,0.011776437988912,0.10851929777192626
10.0,proportional,1001,2,839068429,edges-cov,pca,0.007532379435254573,0.08678928179939371
10.0,proportional,1001,2,839068429,node-var,sfa,0.040169225161261625,0.2004226163916179
10.0,proportional,1001,2,839068429,node-var,pca,0.008257191747748083,0.09086909126731753
10.0,fixed,3001,2,847657808,edges-corr,sfa,0.49268981409205376,0.7019186662940755
10.0,fixed,3001,2,847657808,edges-corr,pca,0.42287073056417496,0.6502851148259315
10.0,fixed,3001,2,847657808,edges-cov,sfa,0.3285024091322267,0.573151296894831
10.0,fixed,3001,2,847657808,edges-cov,pca,0.3477004909233255,0.5896613357880314
10.0,fixed,3001,2,847657808,node-var,sfa,0.6128826608058254,0.7828682269742625
10.0,fixed,3001,2,847657808,node-var,pca,0.41844584914894717,0.6468739051383563
10.0,proportional,1001,2,847657808,edges-corr,sfa,0.45856776946202177,0.6771763208072339
10.0,proportional,1001,2,847657808,edges-corr,pca,0.3675418656854796,0.606252311901142
10.0,proportional,1001,2,847657808,edges-cov,sfa,0.2575442971619208,0.5074882236682156
10.0,proportional,1001,2,847657808,edges-cov,pca,0.28561963089999887,0.5344339350190993
10.0,proportional,1001,2,847657808,node-var,sfa,0.41474057523508223,0.6440035521913542
10.0,proportional,1001,2,847657808,node-var,pca,0.026523409693495013,0.16286009239066215
10.0,fixed,3001,3,766640955,edges-corr,sfa,0.5807500088383948,0.7620695564306416
10.0,fixed,3001,3,766640955,edges-corr,pca,0.5057514143437218,0.7111620169439041
10.0,fixed,3001,3,766640955,edges-cov,sfa,0.3544706888998651,0.5953744106861372
10.0,fixed,3001,3,766640955,edges-cov,pca,0.3166954981169565,0.5627570507039041
10.0,fixed,3001,3,766640955,node-var,sfa,0.3688496984167738,0.6073299749039016
10.0,fixed,3001,3,766640955,node-var,pca,0.2888805121031538,0.5374760572371143
10.0,proportional,1001,3,766640955,edges-corr,sfa,0.5117226420811569,0.7153479168077286
10.0,proportional,1001,3,766640955,edges-corr,pca,0.30205436340553843,0.5495947265081229
10.0,proportional,1001,3,766640955,edges-cov,sfa,0.25973770794562967,0.5096446879401665
10.0,proportional,1001,3,766640955,edges-cov,pca,0.21707777441015072,0.4659160594035697
10.0,proportional,1001,3,766640955,node-var,sfa,0.28893169192967244,0.5375236663903018
10.0,proportional,1001,3,766640955,node-var,pca,0.19305571998160256,0.4393810646598264
10.0,fixed,3001,3,767871931,edges-corr,sfa,0.31245056866292237,0.5589727798944438
10.0,fixed,3001,3,767871931,edges-corr,pca,0.23409336007526682,0.483831954375966
10.0,fixed,3001,3,767871931,edges-cov,sfa,0.31527092935218565,0.5614899191901718
10.0,fixed,3001,3,767871931,edges-cov,pca,0.3240737184438201,0.5692747301995936
10.0,fixed,3001,3,767871931,node-var,sfa,0.3789881929884979,0.6156201694133306
10.0,fixed,3001,3,767871931,node-var,pca,0.3645521099848597,0.6037815084820499
10.0,proportional,1001,3,767871931,edges-corr,sfa,0.3700609314447922,0.608326336307078
10.0,proportional,1001,3,767871931,edges-corr,pca,0.291205131947209,0.5396342575737839
10.0,proportional,1001,3,767871931,edges-cov,sfa,0.39125700181808687,0.6255053971134756
10.0,proportional,1001,3,767871931,edges-cov,pca,0.34266988163638207,0.5853801172198985
10.0,proportional,1001,3,767871931,node-var,sfa,0.4360417511242628,0.6603345751391962
10.0,proportional,1001,3,767871931,node-var,pca,0.3231266459526769,0.5684422978215792
10.0,fixed,3001,3,771160300,edges-corr,sfa,0.07193987000435306,0.26821608826532584
10.0,fixed,3001,3,771160300,edges-corr,pca,0.09236207576510108,0.30391129588269844
10.0,fixed,3001,3,771160300,edges-cov,sfa,0.10741742200111047,0.32774597175420855
10.0,fixed,3001,3,771160300,edges-cov,pca,0.11563972872635996,0.34005841957869526
10.0,fixed,3001,3,771160300,node-var,sfa,0.11606163491785175,0.34067819847746605
10.0,fixed,3001,3,771160300,node-var,pca,0.12074690846315972,0.3474865586798426
10.0,proportional,1001,3,771160300,edges-corr,sfa,0.055882821432447514,0.2363954767597035
10.0,proportional,1001,3,771160300,edges-corr,pca,0.09703571328075976,0.31150555898853516
10.0,proportional,1001,3,771160300,edges-cov,sfa,0.14451293522678577,0.3801485699391565
10.0,proportional,1001,3,771160300,edges-cov,pca,0.14484049061218374,0.3805791515732092
10.0,proportional,1001,3,771160300,node-var,sfa,0.15934431145993103,0.3991795478978489
10.0,proportional,1001,3,771160300,node-var,pca,0.15552260470622664,0.3943635438351606
10.0,fixed,3001,3,771990200,edges-corr,sfa,0.6091457249434135,0.7804778824178258
10.0,fixed,3001,3,771990200,edges-corr,pca,0.6253737532026877,0.7908057619938589
10.0,fixed,3001,3,771990200,edges-cov,sfa,0.5799193462542982,0.7615243569671939
10.0,fixed,3001,3,771990200,edges-cov,pca,0.4391922428325129,0.6627158084975134
10.0,fixed,3001,3,771990200,node-var,sfa,0.48819734460435266,0.6987112025753935
10.0,fixed,3001,3,771990200,node-var,pca,0.40923576135625894,0.6397153752695482
10.0,proportional,1001,3,771990200,edges-corr,sfa,0.6516552906031285,0.8072516897493176
10.0,proportional,1001,3,771990200,edges-corr,pca,0.6596813014065688,0.8122076713541733
10.0,proportional,1001,3,771990200,edges-cov,sfa,0.5908525796990908,0.7686693565500649
10.0,proportional,1001,3,771990200,edges-cov,pca,0.40888273656937296,0.6394393924128955
10.0,proportional,1001,3,771990200,node-var,sfa,0.46051028642500635,0.678609082185765
10.0,proportional,1001,3,771990200,node-var,pca,0.396867307418627,0.6299740529725228
10.0,fixed,3001,3,774875821,edges-corr,sfa,0.5991903198966602,0.774073846539631
10.0,fixed,3001,3,774875821,edges-corr,pca,0.4300952927900976,0.6558165084763402
10.0,fixed,3001,3,774875821,edges-cov,sfa,0.47728285208440957,0.6908566074696033
10.0,fixed,3001,3,774875821,edges-cov,pca,0.4034288794314605,0.6351605146980254
10.0,fixed,3001,3,774875821,node-var,sfa,0.46167781545291986,0.6794687744502464
10.0,fixed,3001,3,774875821,node-var,pca,0.4228310093260262,0.6502545727067409
10.0,proportional,1001,3,774875821,edges-corr,sfa,0.6690453776759322,0.8179519409329207
10.0,proportional,1001,3,774875821,edges-corr,pca,0.39850349909437827,0.6312713355557801
10.0,proportional,1001,3,774875821,edges-cov,sfa,0.4793226082532788,0.6923312850458795
10.0,proportional,1001,3,774875821,edges-cov,pca,0.3647748917649075,0.6039659690453656
10.0,proportional,1001,3,774875821,node-var,sfa,0.45932040055696716,0.677731805773469
10.0,proportional,1001,3,774875821,node-var,pca,0.3994739943511378,0.6320395512554082
10.0,fixed,3001,3,778240327,edges-corr,sfa,0.4875575385516296,0.6982532051853608
10.0,fixed,3001,3,778240327,edges-corr,pca,0.4954928985311001,0.7039125645498169
10.0,fixed,3001,3,778240327,edges-cov,sfa,0.47359353678351085,0.6881813255120418
10.0,fixed,3001,3,778240327,edges-cov,pca,0.4558863942033382,0.6751935975728282
10.0,fixed,3001,3,778240327,node-var,sfa,0.48161451194447125,0.6939845185193048
10.0,fixed,3001,3,778240327,node-var,pca,0.4433824179164036,0.6658696703683114
10.0,proportional,1001,3,778240327,edges-corr,sfa,0.6783732554403996,0.8236341757360482
10.0,proportional,1001,3,778240327,edges-corr,pca,0.48119309508499725,0.6936808308472977
10.0,proportional,1001,3,778240327,edges-cov,sfa,0.6178562861486635,0.7860383490318164
10.0,proportional,1001,3,778240327,edges-cov,pca,0.5388880884944512,0.7340899730240505
10.0,proportional,1001,3,778240327,node-var,sfa,0.6068848326645213,0.7790281334229986
10.0,proportional,1001,3,778240327,node-var,pca,0.5529444304534903,0.7436023335449468
10.0,fixed,3001,3,778998620,edges-corr,sfa,0.2692236339856756,0.5188676459229999
10.0,fixed,3001,3,778998620,edges-corr,pca,0.18839997650693985,0.4340506612216365
10.0,fixed,3001,3,778998620,edges-cov,sfa,0.5295582868044173,0.7277075558247401
10.0,fixed,3001,3,778998620,edges-cov,pca,0.44806012757434277,0.6693729360934327
10.0,fixed,3001,3,778998620,node-var,sfa,0.5051291752341508,0.7107244017438481
10.0,fixed,3001,3,778998620,node-var,pca,0.49944719113566477,0.7067157781850245
10.0,proportional,1001,3,778998620,edges-corr,sfa,0.4689623283805244,0.6848082420506666
10.0,proportional,1001,3,778998620,edges-corr,pca,0.3035285425073604,0.5509342451757382
10.0,proportional,1001,3,778998620,edges-cov,sfa,0.616816771114439,0.7853768338284743
10.0,proportional,1001,3,778998620,edges-cov,pca,0.5010262114020398,0.707832050278906
10.0,proportional,1001,3,778998620,node-var,sfa,0.5772010892545268,0.7597375133916495
10.0,proportional,1001,3,778998620,node-var,pca,0.5798254980021837,0.7614627357935408
10.0,fixed,3001,3,779839471,edges-corr,sfa,0.2735382924888513,0.5230088837571034
10.0,fixed,3001,3,779839471,edges-corr,pca,0.2583218747830852,0.508253750387624
10.0,fixed,3001,3,779839471,edges-cov,sfa,0.2967881661803027,0.5447826779370859
10.0,fixed,3001,3,779839471,edges-cov,pca,0.29440683122582806,0.5425926936716233
10.0,fixed,3001,3,779839471,node-var,sfa,0.2995234389369378,0.5472873458585881
10.0,fixed,3001,3,779839471,node-var,pca,0.3042998615576165,0.5516338111080724
10.0,proportional,1001,3,779839471,edges-corr,sfa,0.3334827856997288,0.5774796842311674
10.0,proportional,1001,3,779839471,edges-corr,pca,0.3722099072550981,0.6100900812626756
10.0,proportional,1001,3,779839471,edges-cov,sfa,0.3306026599538352,0.5749805735447374
10.0,proportional,1001,3,779839471,edges-cov,pca,0.325747966429324,0.5707433454971893
10.0,proportional,1001,3,779839471,node-var,sfa,0.3290928887785597,0.5736661823556969
10.0,proportional,1001,3,779839471,node-var,pca,0.3441982006804279,0.5866840722914062
10.0,fixed,3001,3,781842082,edges-corr,sfa,0.654653671401215,0.8091067119986183
10.0,fixed,3001,3,781842082,edges-corr,pca,0.5873963326113408,0.7664178577064478
10.0,fixed,3001,3,781842082,edges-cov,sfa,0.475021261476024,0.6892178621278064
10.0,fixed,3001,3,781842082,edges-cov,pca,0.45486349148358673,0.6744356837264668
10.0,fixed,3001,3,781842082,node-var,sfa,0.4980015078864309,0.7056922189498981
10.0,fixed,3001,3,781842082,node-var,pca,0.4729863764837371,0.6877400500797791
10.0,proportional,1001,3,781842082,edges-corr,sfa,0.7026021028007241,0.8382136379233662
10.0,proportional,1001,3,781842082,edges-corr,pca,0.6714689386613755,0.8194320830071126
10.0,proportional,1001,3,781842082,edges-cov,sfa,0.45494223344881135,0.6744940573858389
10.0,proportional,1001,3,781842082,edges-cov,pca,0.442448064787887,0.6651676967411203
10.0,proportional,1001,3,781842082,node-var,sfa,0.48660435676491376,0.6975703238849211
10.0,proportional,1001,3,781842082,node-var,pca,0.4707429349261617,0.6861070870688931
10.0,fixed,3001,3,786091066,edges-corr,sfa,0.06715546961631823,0.2591437238605601
10.0,fixed,3001,3,786091066,edges-corr,pca,0.1038237591391101,0.32221694421477914
10.0,fixed,3001,3,786091066,edges-cov,sfa,0.34446392732193193,0.5869104934501784
10.0,fixed,3001,3,786091066,edges-cov,pca,0.27724207148401975,0.5265378158157491
10.0,fixed,3001,3,786091066,node-var,sfa,0.40453857428964285,0.636033469472828
10.0,fixed,3001,3,786091066,node-var,pca,0.3700294935748291,0.6083004961158828
10.0,proportional,1001,3,786091066,edges-corr,sfa,0.005508061048398858,0.07421631254918866
10.0,proportional,1001,3,786091066,edges-corr,pca,0.04829042842643383,0.2197508325955418
10.0,proportional,1001,3,786091066,edges-cov,sfa,0.4681400984031098,0.684207642754091
10.0,proportional,1001,3,786091066,edges-cov,pca,0.0014779792582979225,0.03844449581276782
10.0,proportional,1001,3,786091066,node-var,sfa,0.4859220015916119,0.6970810581213722
10.0,proportional,1001,3,786091066,node-var,pca,0.41939773403837777,0.6476092448679047
10.0,fixed,3001,3,787025148,edges-corr,sfa,0.7150163008671445,0.8455863651142588
10.0,fixed,3001,3,787025148,edges-corr,pca,0.6770311734256457,0.8228190405099081
10.0,fixed,3001,3,787025148,edges-cov,sfa,0.6917302301589197,0.8317032103815156
10.0,fixed,3001,3,787025148,edges-cov,pca,0.6086298155000812,0.7801473037190356
10.0,fixed,3001,3,787025148,node-var,sfa,0.6694037121783082,0.8181709553499856
10.0,fixed,3001,3,787025148,node-var,pca,0.5250961942382145,0.7246352145998802
10.0,proportional,1001,3,787025148,edges-corr,sfa,0.7488705447796232,0.8653730668212544
10.0,proportional,1001,3,787025148,edges-corr,pca,0.6258062241175557,0.7910791516135132
10.0,proportional,1001,3,787025148,edges-cov,sfa,0.6535258259516722,0.8084094420228355
10.0,proportional,1001,3,787025148,edges-cov,pca,0.5142145879500822,0.7170875734176979
10.0,proportional,1001,3,787025148,node-var,sfa,0.5634878001169995,0.750658244554071
10.0,proportional,1001,3,787025148,node-var,pca,0.41338380782162304,0.6429493042391624
10.0,fixed,3001,3,789848216,edges-corr,sfa,0.38185302370036533,0.6179425731411984
10.0,fixed,3001,3,789848216,edges-corr,pca,0.3169593162784575,0.5629913998263717
10.0,fixed,3001,3,789848216,edges-cov,sfa,0.37117195239062245,0.609238830337186
10.0,fixed,3001,3,789848216,edges-cov,pca,0.273360574569348,0.5228389566294271
10.0,fixed,3001,3,789848216,node-var,sfa,0.3479072722728921,0.5898366488044737
10.0,fixed,3001,3,789848216,node-var,pca,0.06400654470196572,0.2529951475858099
10.0,proportional,1001,3,789848216,edges-corr,sfa,0.7066407887186672,0.8406192888095462
10.0,proportional,1001,3,789848216,edges-corr,pca,0.47635111662889584,0.69018194458338
10.0,proportional,1001,3,789848216,edges-cov,sfa,0.6808077739056662,0.8251107646284019
10.0,proportional,1001,3,789848216,edges-cov,pca,0.4507891022398996,0.6714082977145126
10.0,proportional,1001,3,789848216,node-var,sfa,0.6561043869045983,0.8100027079612748
10.0,proportional,1001,3,789848216,node-var,pca,0.3581870682609151,0.5984873167084789
10.0,fixed,3001,3,793224716,edges-corr,sfa,0.7669746385933934,0.8757708824763435
10.0,fixed,3001,3,793224716,edges-corr,pca,0.7677663647788241,0.8762227826179961
10.0,fixed,3001,3,793224716,edges-cov,sfa,0.5992770173375738,0.7741298452698835
10.0,fixed,3001,3,793224716,edges-cov,pca,0.5979120755777247,0.7732477452781383
10.0,fixed,3001,3,793224716,node-var,sfa,0.6253007460367994,0.7907596006605291
10.0,fixed,3001,3,793224716,node-var,pca,0.6084339663330735,0.7800217729865452
10.0,proportional,1001,3,793224716,edges-corr,sfa,0.7914178039936115,0.8896166612612488
10.0,proportional,1001,3,793224716,edges-corr,pca,0.7728314820047776,0.8791083448613018
10.0,proportional,1001,3,793224716,edges-cov,sfa,0.5246597376154499,0.7243339958993019
10.0,proportional,1001,3,793224716,edges-cov,pca,0.5159642471361859,0.7183065133605472
10.0,proportional,1001,3,793224716,node-var,sfa,0.5582207279685188,0.7471417054137179
10.0,proportional,1001,3,793224716,node-var,pca,0.5473317275193597,0.7398187126042161
10.0,fixed,3001,3,794812542,edges-corr,sfa,0.6219846466169212,0.788660032344052
10.0,fixed,3001,3,794812542,edges-corr,pca,0.6176746651857035,0.7859228112134826
10.0,fixed,3001,3,794812542,edges-cov,sfa,0.5306750340870049,0.7284744567155426
10.0,fixed,3001,3,794812542,edges-cov,pca,0.5000973413742175,0.7071756085826331
10.0,fixed,3001,3,794812542,node-var,sfa,0.516649310326907,0.7187832151121136
10.0,fixed,3001,3,794812542,node-var,pca,0.5270741761691065,0.7259987439170308
10.0,proportional,1001,3,794812542,edges-corr,sfa,0.6720998910321224,0.8198169863037252
10.0,proportional,1001,3,794812542,edges-corr,pca,0.6359416756788182,0.7974595135044902
10.0,proportional,1001,3,794812542,edges-cov,sfa,0.5417411901384609,0.7360306991820795
10.0,proportional,1001,3,794812542,edges-cov,pca,0.47579006118794803,0.6897753700937342
10.0,proportional,1001,3,794812542,node-var,sfa,0.5116154008109345,0.7152729554589174
10.0,proportional,1001,3,794812542,node-var,pca,0.5230039750010866,0.7231901375164671
10.0,fixed,3001,3,816200189,edges-corr,sfa,0.4762096935988663,0.6900794835371258
10.0,fixed,3001,3,816200189,edges-corr,pca,0.4620009029895617,0.6797064829686132
10.0,fixed,3001,3,816200189,edges-cov,sfa,0.2990425746301385,0.5468478532737772
10.0,fixed,3001,3,816200189,edges-cov,pca,0.3006206691761323,0.5482888556008888
10.0,fixed,3001,3,816200189,node-var,sfa,0.3028061537480735,0.5502782512039464
10.0,fixed,3001,3,816200189,node-var,pca,0.3012590935990004,0.5488707439816777
10.0,proportional,1001,3,816200189,edges-corr,sfa,0.4280655361948211,0.6542671749330093
10.0,proportional,1001,3,816200189,edges-corr,pca,0.39076442151866136,0.6251115272642646
10.0,proportional,1001,3,816200189,edges-cov,sfa,0.2557157740518357,0.5056834721956371
10.0,proportional,1001,3,816200189,edges-cov,pca,0.2497923125932141,0.49979226944122906
10.0,proportional,1001,3,816200189,node-var,sfa,0.25716764245933404,0.5071169908998653
10.0,proportional,1001,3,816200189,node-var,pca,0.25276345525788113,0.5027558604908362
10.0,fixed,3001,3,829720705,edges-corr,sfa,0.18876472493369836,0.43447062608845993
10.0,fixed,3001,3,829720705,edges-corr,pca,0.20833473963609203,0.45643700511252594
10.0,fixed,3001,3,829720705,edges-cov,sfa,0.323165001861422,0.56847603455328
10.0,fixed,3001,3,829720705,edges-cov,pca,0.30524701607088034,0.5524916434398627
10.0,fixed,3001,3,829720705,node-var,sfa,0.3121508693190662,0.558704635132971
10.0,fixed,3001,3,829720705,node-var,pca,0.32349100214863136,0.5687626940549383
10.0,proportional,1001,3,829720705,edges-corr,sfa,0.3152025122044082,0.5614289912396832
10.0,proportional,1001,3,829720705,edges-corr,pca,0.3392807843003957,0.582478140620226
10.0,proportional,1001,3,829720705,edges-cov,sfa,0.4009279783957108,0.6331887383677246
10.0,proportional,1001,3,829720705,edges-cov,pca,0.36919503662624126,0.6076142169388742
10.0,proportional,1001,3,829720705,node-var,sfa,0.3975986567827705,0.6305542457098917
10.0,proportional,1001,3,829720705,node-var,pca,0.39870703098328864,0.6314325229058831
10.0,fixed,3001,3,831882777,edges-corr,sfa,0.005934536365926648,0.07703594203958726
10.0,fixed,3001,3,831882777,edges-corr,pca,0.0006673556134372672,0.025833226926523664
10.0,fixed,3001,3,831882777,edges-cov,sfa,0.013970929773001815,0.1181986876957685
10.0,fixed,3001,3,831882777,edges-cov,pca,0.019600600260804794,0.14000214377217512
10.0,fixed,3001,3,831882777,node-var,sfa,0.013359553366959917,0.11558353415153871
10.0,fixed,3001,3,831882777,node-var,pca,0.013372941633943937,0.11564143562730418
10.0,proportional,1001,3,831882777,edges-corr,sfa,0.0009102424327258392,0.030170224273707996
10.0,proportional,1001,3,831882777,edges-corr,pca,0.005017629165762376,0.07083522545854129
10.0,proportional,1001,3,831882777,edges-cov,sfa,0.016071223172617735,0.12677232810285427
10.0,proportional,1001,3,831882777,edges-cov,pca,0.021818986852947683,0.14771251420562742
10.0,proportional,1001,3,831882777,node-var,sfa,0.014647280262391434,0.12102594871510586
10.0,proportional,1001,3,831882777,node-var,pca,0.014885611105230023,0.12200660271161566
10.0,fixed,3001,3,835479236,edges-corr,sfa,0.38758228920863746,0.6225610726737076
10.0,fixed,3001,3,835479236,edges-corr,pca,0.3247854747785955,0.5698995304249649
10.0,fixed,3001,3,835479236,edges-cov,sfa,0.5031267214767658,0.7093142614361887
10.0,fixed,3001,3,835479236,edges-cov,pca,0.08755026261172293,0.29588893627799423
10.0,fixed,3001,3,835479236,node-var,sfa,0.0028272805467082773,0.053172178314493355
10.0,fixed,3001,3,835479236,node-var,pca,0.0024570045547788375,0.049568180870179585
10.0,proportional,1001,3,835479236,edges-corr,sfa,0.35533147004847665,0.5960968629748664
10.0,proportional,1001,3,835479236,edges-corr,pca,0.28898899567324043,0.5375769672086411
10.0,proportional,1001,3,835479236,edges-cov,sfa,0.05587877556858243,0.2363869191993974
10.0,proportional,1001,3,835479236,edges-cov,pca,0.0423201810341432,0.20571869393456493
10.0,proportional,1001,3,835479236,node-var,sfa,0.0008819166982609483,0.029697082318991343
10.0,proportional,1001,3,835479236,node-var,pca,0.002200356254239046,0.04690795512745195
10.0,fixed,3001,3,839068429,edges-corr,sfa,0.011668208154933838,0.10801948044188066
10.0,fixed,3001,3,839068429,edges-corr,pca,0.004889473538434145,0.06992477056404364
10.0,fixed,3001,3,839068429,edges-cov,sfa,6.66541821933352e-05,0.008164201258747558
10.0,fixed,3001,3,839068429,edges-cov,pca,7.940679714383371e-05,0.008911049160667543
10.0,fixed,3001,3,839068429,node-var,sfa,0.0006475783295573922,0.02544756038518019
10.0,fixed,3001,3,839068429,node-var,pca,0.0009272246068386394,0.030450363000112814
10.0,proportional,1001,3,839068429,edges-corr,sfa,0.0032445627548599084,0.05696106349832233
10.0,proportional,1001,3,839068429,edges-corr,pca,1.3690661428535938e-05,0.0037000893811549927
10.0,proportional,1001,3,839068429,edges-cov,sfa,0.003457863285255941,0.05880359925426284
10.0,proportional,1001,3,839068429,edges-cov,pca,0.002496935374589165,0.04996934434820178
10.0,proportional,1001,3,839068429,node-var,sfa,0.004011617352468343,0.06333732984953142
10.0,proportional,1001,3,839068429,node-var,pca,0.0037857287998022482,0.06152827642476464
10.0,fixed,3001,3,847657808,edges-corr,sfa,0.2961677752067032,0.5442129869882776
10.0,fixed,3001,3,847657808,edges-corr,pca,0.2563132190637225,0.5062738577723745
10.0,fixed,3001,3,847657808,edges-cov,sfa,0.23926280907122627,0.48914497755903236
10.0,fixed,3001,3,847657808,edges-cov,pca,0.24639432697759078,0.49638123149207686
10.0,fixed,3001,3,847657808,node-var,sfa,0.3800953126934707,0.6165187042527345
10.0,fixed,3001,3,847657808,node-var,pca,0.32605858746762767,0.5710154003769318
10.0,proportional,1001,3,847657808,edges-corr,sfa,0.28969221753549496,0.5382306360060666
10.0,proportional,1001,3,847657808,edges-corr,pca,0.22252435460922318,0.4717248717305705
10.0,proportional,1001,3,847657808,edges-cov,sfa,0.19040897743670288,0.4363587714675882
10.0,proportional,1001,3,847657808,edges-cov,pca,0.20029895263339034,0.44754770989626386
10.0,proportional,1001,3,847657808,node-var,sfa,0.22620719460336183,0.4756124415985791
10.0,proportional,1001,3,847657808,node-var,pca,0.1156400325517313,0.34005886630366117
10.0,fixed,3001,4,766640955,edges-corr,sfa,0.6170084429729632,0.7854988497591598
10.0,fixed,3001,4,766640955,edges-corr,pca,0.5714259989323396,0.7559272444702199
10.0,fixed,3001,4,766640955,edges-cov,sfa,0.5448998091049408,0.7381732920561004
10.0,fixed,3001,4,766640955,edges-cov,pca,0.42477066504330174,0.6517443249030265
10.0,fixed,3001,4,766640955,node-var,sfa,0.5428693318643525,0.7367966692815274
10.0,fixed,3001,4,766640955,node-var,pca,0.3582938486515939,0.5985765186269788
10.0,proportional,1001,4,766640955,edges-corr,sfa,0.5994649313289548,0.7742512068630922
10.0,proportional,1001,4,766640955,edges-corr,pca,0.4093336811340982,0.6397919045549875
10.0,proportional,1001,4,766640955,edges-cov,sfa,0.450136273908638,0.670921958135697
10.0,proportional,1001,4,766640955,edges-cov,pca,0.3056380555067686,0.5528454173697821
10.0,proportional,1001,4,766640955,node-var,sfa,0.46006698274116087,0.6782823768469596
10.0,proportional,1001,4,766640955,node-var,pca,0.2243976063272755,0.4737062447628018
10.0,fixed,3001,4,767871931,edges-corr,sfa,0.4997993972755325,0.7069649194093951
10.0,fixed,3001,4,767871931,edges-corr,pca,0.4150417229611295,0.6442373188205799
10.0,fixed,3001,4,767871931,edges-cov,sfa,0.5065216280085035,0.711703328647902
10.0,fixed,3001,4,767871931,edges-cov,pca,0.5041818423638312,0.7100576331283477
10.0,fixed,3001,4,767871931,node-var,sfa,0.5498284385735931,0.7415041729980979
10.0,fixed,3001,4,767871931,node-var,pca,0.5360987815450564,0.7321876682552475
10.0,proportional,1001,4,767871931,edges-corr,sfa,0.5201687740410154,0.7212272693409584
10.0,proportional,1001,4,767871931,edges-corr,pca,0.43839190941157,0.6621117046326624
10.0,proportional,1001,4,767871931,edges-cov,sfa,0.5208993624304188,0.7217335813376143
10.0,proportional,1001,4,767871931,edges-cov,pca,0.42989927552814294,0.655667046242331
10.0,proportional,1001,4,767871931,node-var,sfa,0.5504566290566819,0.7419276440844362
10.0,proportional,1001,4,767871931,node-var,pca,0.4217963468814081,0.6494585028170838
10.0,fixed,3001,4,771160300,edges-corr,sfa,0.734003808771985,0.8567402224548495
10.0,fixed,3001,4,771160300,edges-corr,pca,0.7634188775686349,0.8737384491760878
10.0,fixed,3001,4,771160300,edges-cov,sfa,0.5854782089579806,0.7651654781535695
10.0,fixed,3001,4,771160300,edges-cov,pca,0.4459516760811673,0.6677961336225056
10.0,fixed,3001,4,771160300,node-var,sfa,0.4739244677942153,0.6884217223433724
10.0,fixed,3001,4,771160300,node-var,pca,0.382298996228507,0.6183033205705004
10.0,proportional,1001,4,771160300,edges-corr,sfa,0.7600588958579672,0.8718135671449299
10.0,proportional,1001,4,771160300,edges-corr,pca,0.7620003821936825,0.8729263326270336
10.0,proportional,1001,4,771160300,edges-cov,sfa,0.4260021567436716,0.652688407085396
10.0,proportional,1001,4,771160300,edges-cov,pca,0.34163043023653894,0.584491599799808
10.0,proportional,1001,4,771160300,node-var,sfa,0.38845015387703075,0.6232576945991367
10.0,proportional,1001,4,771160300,node-var,pca,0.32296809143271854,0.5683028166679438
10.0,fixed,3001,4,771990200,edges-corr,sfa,0.6110996180426512,0.7817286089447227
10.0,fixed,3001,4,771990200,edges-corr,pca,0.686955661113776,0.8288278838901211
10.0,fixed,3001,4,771990200,edges-cov,sfa,0.5887012157741547,0.7672686724832147
10.0,fixed,3001,4,771990200,edges-cov,pca,0.4864919345263374,0.6974897379362204
10.0,fixed,3001,4,771990200,node-var,sfa,0.5087339170780132,0.7132558566727744
10.0,fixed,3001,4,771990200,node-var,pca,0.4486685110300249,0.6698272247602548
10.0,proportional,1001,4,771990200,edges-corr,sfa,0.6374373378898205,0.7983967296337207
10.0,proportional,1001,4,771990200,edges-corr,pca,0.6884190351774413,0.8297102115663283
10.0,proportional,1001,4,771990200,edges-cov,sfa,0.5922883258129896,0.7696027064745742
10.0,proportional,1001,4,771990200,edges-cov,pca,0.41250605056819395,0.6422663392769342
10.0,proportional,1001,4,771990200,node-var,sfa,0.45822309993746146,0.6769217827322899
10.0,proportional,1001,4,771990200,node-var,pca,0.40252252541526623,0.6344466292882848
10.0,fixed,3001,4,774875821,edges-corr,sfa,0.550949893780245,0.7422599906907585
10.0,fixed,3001,4,774875821,edges-corr,pca,0.3905339517542573,0.6249271571585422
10.0,fixed,3001,4,774875821,edges-cov,sfa,0.4215750670761524,0.6492881233136429
10.0,fixed,3001,4,774875821,edges-cov,pca,0.37279726783354966,0.6105712635176582
10.0,fixed,3001,4,774875821,node-var,sfa,0.4256820403040156,0.6524431318544288
10.0,fixed,3001,4,774875821,node-var,pca,0.3809603813206445,0.617219880853367
10.0,proportional,1001,4,774875821,edges-corr,sfa,0.6068601022048716,0.7790122606255127
10.0,proportional,1001,4,774875821,edges-corr,pca,0.3073448296454036,0.5543868952684611
10.0,proportional,1001,4,774875821,edges-cov,sfa,0.3780165399097741,0.6148304968930657
10.0,proportional,1001,4,774875821,edges-cov,pca,0.30142742156767593,0.5490240628311986
10.0,proportional,1001,4,774875821,node-var,sfa,0.3877429976526371,0.622690129721547
10.0,proportional,1001,4,774875821,node-var,pca,0.3199999702750552,0.5656853986758499
10.0,fixed,3001,4,778240327,edges-corr,sfa,0.4516549016072822,0.672052752101561
10.0,fixed,3001,4,778240327,edges-corr,pca,0.4356777483135701,0.660058897609577
10.0,fixed,3001,4,778240327,edges-cov,sfa,0.4236103601344144,0.6508535627423533
10.0,fixed,3001,4,778240327,edges-cov,pca,0.39049724903667826,0.6248977908719779
10.0,fixed,3001,4,778240327,node-var,sfa,0.4179564371589252,0.6464955043609547
10.0,fixed,3001,4,778240327,node-var,pca,0.37585946670702314,0.6130737856955092
10.0,proportional,1001,4,778240327,edges-corr,sfa,0.672672638440072,0.8201662261030211
10.0,proportional,1001,4,778240327,edges-corr,pca,0.4607119033762522,0.6787576175456539
10.0,proportional,1001,4,778240327,edges-cov,sfa,0.5852115319771164,0.7649911973200191
10.0,proportional,1001,4,778240327,edges-cov,pca,0.5174559758962134,0.7193441289787618
10.0,proportional,1001,4,778240327,node-var,sfa,0.5798661549643898,0.7614894319453093
10.0,proportional,1001,4,778240327,node-var,pca,0.5240546835744064,0.7239162130898896
10.0,fixed,3001,4,778998620,edges-corr,sfa,0.7276304403609278,0.8530125675281273
10.0,fixed,3001,4,778998620,edges-corr,pca,0.611295210566293,0.7818537015108984
10.0,fixed,3001,4,778998620,edges-cov,sfa,0.6103167713124182,0.7812277333226325
10.0,fixed,3001,4,778998620,edges-cov,pca,0.5481021099850518,0.7403391857689635
10.0,fixed,3001,4,778998620,node-var,sfa,0.7024567991478959,0.838126958848059
10.0,fixed,3001,4,778998620,node-var,pca,0.3700162638364067,0.6082896216740893
10.0,proportional,1001,4,778998620,edges-corr,sfa,0.7179429032593324,0.8473151144995187
10.0,proportional,1001,4,778998620,edges-corr,pca,0.5337320373955934,0.7305696663533146
10.0,proportional,1001,4,778998620,edges-cov,sfa,0.5974655557529224,0.7729589612346327
10.0,proportional,1001,4,778998620,edges-cov,pca,0.5234446819703231,0.7234947698292802
10.0,proportional,1001,4,778998620,node-var,sfa,0.6541088363901346,0.8087699526998605
10.0,proportional,1001,4,778998620,node-var,pca,0.33449155259664726,0.5783524466937503
10.0,fixed,3001,4,779839471,edges-corr,sfa,0.44748945576662724,0.6689465268365082
10.0,fixed,3001,4,779839471,edges-corr,pca,0.31093677621214755,0.5576170515794397
10.0,fixed,3001,4,779839471,edges-cov,sfa,0.3340492907356231,0.5779699739048934
10.0,fixed,3001,4,779839471,edges-cov,pca,0.31335127562947,0.5597778806182592
10.0,fixed,3001,4,779839471,node-var,sfa,0.33568241287525763,0.579381060162703
10.0,fixed,3001,4,779839471,node-var,pca,0.3315332208745967,0.5757892156636808
10.0,proportional,1001,4,779839471,edges-corr,sfa,0.3364971916025621,0.5800837798133663
10.0,proportional,1001,4,779839471,edges-corr,pca,0.31998535459258287,0.565672479967501
10.0,proportional,1001,4,779839471,edges-cov,sfa,0.39332951798032223,0.62715988231098
10.0,proportional,1001,4,779839471,edges-cov,pca,0.35195723570782217,0.5932598382730978
10.0,proportional,1001,4,779839471,node-var,sfa,0.37662587935190694,0.613698524808319
10.0,proportional,1001,4,779839471,node-var,pca,0.38671460330176927,0.6218638141118755
10.0,fixed,3001,4,781842082,edges-corr,sfa,0.7570092465388107,0.8700627831017775
10.0,fixed,3001,4,781842082,edges-corr,pca,0.6853777735188452,0.8278754577343413
10.0,fixed,3001,4,781842082,edges-cov,sfa,0.4072912247759582,0.6381937204140747
10.0,fixed,3001,4,781842082,edges-cov,pca,0.4054477961253483,0.6367478277350841
10.0,fixed,3001,4,781842082,node-var,sfa,0.454032598086645,0.6738194105891021
10.0,fixed,3001,4,781842082,node-var,pca,0.42769218171366313,0.653981790047447
10.0,proportional,1001,4,781842082,edges-corr,sfa,0.7326976351758695,0.8559775903467739
10.0,proportional,1001,4,781842082,edges-corr,pca,0.6547945192188712,0.8091937464037097
10.0,proportional,1001,4,781842082,edges-cov,sfa,0.356401425557405,0.5969936562120279
10.0,proportional,1001,4,781842082,edges-cov,pca,0.35725925430299615,0.5977116815848559
10.0,proportional,1001,4,781842082,node-var,sfa,0.40824618141867663,0.638941453827091
10.0,proportional,1001,4,781842082,node-var,pca,0.3860966488309658,0.6213667587109611
10.0,fixed,3001,4,786091066,edges-corr,sfa,0.03066146465148851,0.1751041537242578
10.0,fixed,3001,4,786091066,edges-corr,pca,0.033096837500483776,0.18192536244428312
10.0,fixed,3001,4,786091066,edges-cov,sfa,0.19388902062192054,0.4403283100391349
10.0,fixed,3001,4,786091066,edges-cov,pca,0.1881343938984958,0.4337446182934098
10.0,fixed,3001,4,786091066,node-var,sfa,0.3157744642967673,0.5619381320899725
10.0,fixed,3001,4,786091066,node-var,pca,0.2949216088231841,0.5430668548375827
10.0,proportional,1001,4,786091066,edges-corr,sfa,0.035901309021671164,0.18947640755954595
10.0,proportional,1001,4,786091066,edges-corr,pca,0.026127117948222867,0.16163885036779638
10.0,proportional,1001,4,786091066,edges-cov,sfa,0.4524835284607304,0.672668959043548
10.0,proportional,1001,4,786091066,edges-cov,pca,3.0379790035639836e-05,0.005511786464989354
10.0,proportional,1001,4,786091066,node-var,sfa,0.45257323145323863,0.6727356326620723
10.0,proportional,1001,4,786091066,node-var,pca,0.38854568967933806,0.623334332184052
10.0,fixed,3001,4,787025148,edges-corr,sfa,0.5623158027002392,0.7498771917455812
10.0,fixed,3001,4,787025148,edges-corr,pca,0.6267060638319278,0.7916476892102495
10.0,fixed,3001,4,787025148,edges-cov,sfa,0.616354056040417,0.7850821969962235
10.0,fixed,3001,4,787025148,edges-cov,pca,0.6092285090194558,0.7805309148390317
10.0,fixed,3001,4,787025148,node-var,sfa,0.6091607880963827,0.780487532313222
10.0,fixed,3001,4,787025148,node-var,pca,0.19618822715393422,0.4429314023118413
10.0,proportional,1001,4,787025148,edges-corr,sfa,0.11451291544697877,0.33839757009615
10.0,proportional,1001,4,787025148,edges-corr,pca,0.6274949768683191,0.7921458053087949
10.0,proportional,1001,4,787025148,edges-cov,sfa,0.25707622962386506,0.507026852961325
10.0,proportional,1001,4,787025148,edges-cov,pca,0.6131978172060174,0.783069484277109
10.0,proportional,1001,4,787025148,node-var,sfa,0.6102589933116459,0.7811907534729567
10.0,proportional,1001,4,787025148,node-var,pca,0.05634801333184588,0.23737736482623165
10.0,fixed,3001,4,789848216,edges-corr,sfa,0.6677635895321848,0.8171680301701633
10.0,fixed,3001,4,789848216,edges-corr,pca,0.6433146457980304,0.8020689782045123
10.0,fixed,3001,4,789848216,edges-cov,sfa,0.6514493426769433,0.8071241185077691
10.0,fixed,3001,4,789848216,edges-cov,pca,0.5825121602476168,0.7632248425252003
10.0,fixed,3001,4,789848216,node-var,sfa,0.6159389925507759,0.7848178085076662
10.0,fixed,3001,4,789848216,node-var,pca,0.44585525686892336,0.6677239376186265
10.0,proportional,1001,4,789848216,edges-corr,sfa,0.8306654596226413,0.9114085031546728
10.0,proportional,1001,4,789848216,edges-corr,pca,0.7138622853928721,0.8449037136815485
10.0,proportional,1001,4,789848216,edges-cov,sfa,0.7735244017691066,0.8795023602976325
10.0,proportional,1001,4,789848216,edges-cov,pca,0.5646510639717182,0.751432674277422
10.0,proportional,1001,4,789848216,node-var,sfa,0.6982046762142452,0.8355864265378209
10.0,proportional,1001,4,789848216,node-var,pca,0.3753949320066306,0.6126948114735676
10.0,fixed,3001,4,793224716,edges-corr,sfa,0.7726657886978677,0.8790141003976374
10.0,fixed,3001,4,793224716,edges-corr,pca,0.7518955323440054,0.8671190992845247
10.0,fixed,3001,4,793224716,edges-cov,sfa,0.5834098119213326,0.7638126811734226
10.0,fixed,3001,4,793224716,edges-cov,pca,0.5384353949920206,0.7337815717173747
10.0,fixed,3001,4,793224716,node-var,sfa,0.5836784392299581,0.7639885072630073
10.0,fixed,3001,4,793224716,node-var,pca,0.5844825629677545,0.764514593037801
10.0,proportional,1001,4,793224716,edges-corr,sfa,0.7458225233991146,0.8636101686519877
10.0,proportional,1001,4,793224716,edges-corr,pca,0.7150018486830721,0.8455778194128983
10.0,proportional,1001,4,793224716,edges-cov,sfa,0.556443007709199,0.7459510759488178
10.0,proportional,1001,4,793224716,edges-cov,pca,0.5050982252763786,0.7107026278805916
10.0,proportional,1001,4,793224716,node-var,sfa,0.5639824595892451,0.7509876560831377
10.0,proportional,1001,4,793224716,node-var,pca,0.566867996076003,0.7529063660748281
10.0,fixed,3001,4,794812542,edges-corr,sfa,0.4741684402779621,0.6885988965123035
10.0,fixed,3001,4,794812542,edges-corr,pca,0.41786028963437283,0.6464211395324049
10.0,fixed,3001,4,794812542,edges-cov,sfa,0.48856114772658754,0.698971492785355
10.0,fixed,3001,4,794812542,edges-cov,pca,0.46163950632393413,0.679440583365414
10.0,fixed,3001,4,794812542,node-var,sfa,0.47851102611557855,0.6917449140511107
10.0,fixed,3001,4,794812542,node-var,pca,0.4786225264915517,0.6918255029207522
10.0,proportional,1001,4,794812542,edges-corr,sfa,0.6273795404952656,0.7920729388732237
10.0,proportional,1001,4,794812542,edges-corr,pca,0.5361495725513007,0.732222351851745
10.0,proportional,1001,4,794812542,edges-cov,sfa,0.5172252059489313,0.7191837080669523
10.0,proportional,1001,4,794812542,edges-cov,pca,0.4597220331221311,0.6780280474450383
10.0,proportional,1001,4,794812542,node-var,sfa,0.49056565776571104,0.7004039247218072
10.0,proportional,1001,4,794812542,node-var,pca,0.492470866450632,0.7017626852794554
10.0,fixed,3001,4,816200189,edges-corr,sfa,0.46013546295568825,0.6783328555773251
10.0,fixed,3001,4,816200189,edges-corr,pca,0.4040265902136772,0.6356308600230776
10.0,fixed,3001,4,816200189,edges-cov,sfa,0.25765224513594404,0.5075945676777324
10.0,fixed,3001,4,816200189,edges-cov,pca,0.24616081692860903,0.496145963329955
10.0,fixed,3001,4,816200189,node-var,sfa,0.25947355445631126,0.5093854674569263
10.0,fixed,3001,4,816200189,node-var,pca,0.2535059948115738,0.5034937882552016
10.0,proportional,1001,4,816200189,edges-corr,sfa,0.4501717629001485,0.6709484055425935
10.0,proportional,1001,4,816200189,edges-corr,pca,0.3789723023751039,0.6156072630948273
10.0,proportional,1001,4,816200189,edges-cov,sfa,0.2153721229310569,0.46408202177099783
10.0,proportional,1001,4,816200189,edges-cov,pca,0.2043100205391463,0.4520066598393726
10.0,proportional,1001,4,816200189,node-var,sfa,0.22120110523275005,0.47032021563265813
10.0,proportional,1001,4,816200189,node-var,pca,0.21374863063357696,0.46232956928318675
10.0,fixed,3001,4,829720705,edges-corr,sfa,0.01154948765423325,0.10746854262635765
10.0,fixed,3001,4,829720705,edges-corr,pca,0.026599712396118323,0.16309418259434738
10.0,fixed,3001,4,829720705,edges-cov,sfa,0.20128462397112637,0.44864754983296895
10.0,fixed,3001,4,829720705,edges-cov,pca,0.17264814681579388,0.4155095026780902
10.0,fixed,3001,4,829720705,node-var,sfa,0.19479181641410495,0.44135225887504526
10.0,fixed,3001,4,829720705,node-var,pca,0.1955322555561372,0.44219029337620835
10.0,proportional,1001,4,829720705,edges-corr,sfa,0.046986594770588946,0.2167639148257591
10.0,proportional,1001,4,829720705,edges-corr,pca,0.08518301653042337,0.29186129673258043
10.0,proportional,1001,4,829720705,edges-cov,sfa,0.28033003858678585,0.52946202752113
10.0,proportional,1001,4,829720705,edges-cov,pca,0.24221699466511068,0.49215545782314624
10.0,proportional,1001,4,829720705,node-var,sfa,0.2760726264212091,0.5254261379311169
10.0,proportional,1001,4,829720705,node-var,pca,0.27179614152085035,0.521340715387596
10.0,fixed,3001,4,831882777,edges-corr,sfa,0.005774489091534853,0.07599005916259609
10.0,fixed,3001,4,831882777,edges-corr,pca,0.0012712754243875476,0.035654949507572545
10.0,fixed,3001,4,831882777,edges-cov,sfa,0.016643388615957298,0.12900925786918277
10.0,fixed,3001,4,831882777,edges-cov,pca,0.02181948487706787,0.14771419998452373
10.0,fixed,3001,4,831882777,node-var,sfa,0.015601112714984692,0.12490441431344487
10.0,fixed,3001,4,831882777,node-var,pca,0.01561305181479165,0.12495219811908732
10.0,proportional,1001,4,831882777,edges-corr,sfa,0.0012231837408751393,0.0349740438164525
10.0,proportional,1001,4,831882777,edges-corr,pca,0.006118585980680405,0.07822139081274639
10.0,proportional,1001,4,831882777,edges-cov,sfa,0.019954000145303498,0.1412586285693851
10.0,proportional,1001,4,831882777,edges-cov,pca,0.0249687208065547,0.15801493855504517
10.0,proportional,1001,4,831882777,node-var,sfa,0.018379105282814192,0.1355695588353602
10.0,proportional,1001,4,831882777,node-var,pca,0.018567888369477134,0.13626403916469354
10.0,fixed,3001,4,835479236,edges-corr,sfa,0.0015508899980114892,0.03938134073405182
10.0,fixed,3001,4,835479236,edges-corr,pca,0.0020202217037711048,0.04494687646289901
10.0,fixed,3001,4,835479236,edges-cov,sfa,8.405973634714528e-05,0.009168409695642166
10.0,fixed,3001,4,835479236,edges-cov,pca,0.0004739634383698745,0.021770701375239947
10.0,fixed,3001,4,835479236,node-var,sfa,0.00026679097811506815,0.016333737420292642
10.0,fixed,3001,4,835479236,node-var,pca,6.702352106085259e-05,0.008186789423263102
10.0,proportional,1001,4,835479236,edges-corr,sfa,0.00381344766887724,0.061753118697578664
10.0,proportional,1001,4,835479236,edges-corr,pca,0.004644619901760138,0.06815144827338696
10.0,proportional,1001,4,835479236,edges-cov,sfa,0.0011227334992180097,0.03350721562914486
10.0,proportional,1001,4,835479236,edges-cov,pca,0.001613150299415348,0.04016404236895669
10.0,proportional,1001,4,835479236,node-var,sfa,0.0010516166192389338,0.03242863887428724
10.0,proportional,1001,4,835479236,node-var,pca,0.0005062970626115985,0.02250104581150837
10.0,fixed,3001,4,839068429,edges-corr,sfa,0.07031557156667917,0.2651708346833776
10.0,fixed,3001,4,839068429,edges-corr,pca,0.036843903133131586,0.19194765727440277
10.0,fixed,3001,4,839068429,edges-cov,sfa,0.04649500854184122,0.2156270125513991
10.0,fixed,3001,4,839068429,edges-cov,pca,0.03055107152276696,0.17478864815189504
10.0,fixed,3001,4,839068429,node-var,sfa,0.09971551529210909,0.31577763583273133
10.0,fixed,3001,4,839068429,node-var,pca,0.034978608605116035,0.1870256896929297
10.0,proportional,1001,4,839068429,edges-corr,sfa,0.03722703485291193,0.19294308708246566
10.0,proportional,1001,4,839068429,edges-corr,pca,0.03608364812063926,0.18995696386455344
10.0,proportional,1001,4,839068429,edges-cov,sfa,0.03159877710495794,0.17776044865199328
10.0,proportional,1001,4,839068429,edges-cov,pca,0.03698270878883727,0.19230888900109966
10.0,proportional,1001,4,839068429,node-var,sfa,0.06619783754460323,0.25728940426026725
10.0,proportional,1001,4,839068429,node-var,pca,0.035128636461151004,0.1874263494313193
10.0,fixed,3001,4,847657808,edges-corr,sfa,0.5782015298963106,0.760395640371715
10.0,fixed,3001,4,847657808,edges-corr,pca,0.48581037971681507,0.6970009897531101
10.0,fixed,3001,4,847657808,edges-cov,sfa,0.38303574612094593,0.6188988173530031
10.0,fixed,3001,4,847657808,edges-cov,pca,0.3753323945905981,0.612643774628126
10.0,fixed,3001,4,847657808,node-var,sfa,0.40874578037472215,0.6393322926105971
10.0,fixed,3001,4,847657808,node-var,pca,0.23046490883912624,0.48006760861271014
10.0,proportional,1001,4,847657808,edges-corr,sfa,0.4928529993426256,0.7020348989492087
10.0,proportional,1001,4,847657808,edges-corr,pca,0.3568128675244063,0.5973381517402068
10.0,proportional,1001,4,847657808,edges-cov,sfa,0.21286997845155878,0.46137834631846214
10.0,proportional,1001,4,847657808,edges-cov,pca,0.25209771568119815,0.5020933336354887
10.0,proportional,1001,4,847657808,node-var,sfa,0.27880697553868816,0.5280217566906578
10.0,proportional,1001,4,847657808,node-var,pca,0.1104409382970298,0.33232655370437947
5.0,fixed,3001,0,766640955,edges-corr,sfa,0.566318891217041,0.752541620920093
5.0,fixed,3001,0,766640955,edges-corr,pca,0.5177667959862902,0.7195601406319628
5.0,fixed,3001,0,766640955,edges-cov,sfa,0.4087246431527148,0.6393157616958265
5.0,fixed,3001,0,766640955,edges-cov,pca,0.30695264507399406,0.5540330721843183
5.0,fixed,3001,0,766640955,node-var,sfa,0.44591864688205235,0.6677714031628281
5.0,fixed,3001,0,766640955,node-var,pca,0.26001131312913955,0.5099130446744224
5.0,proportional,501,0,766640955,edges-corr,sfa,0.17874092193568358,0.42277762705195693
5.0,proportional,501,0,766640955,edges-corr,pca,0.13966647451698833,0.3737197807408491
5.0,proportional,501,0,766640955,edges-cov,sfa,0.12308455741407648,0.35083408815860023
5.0,proportional,501,0,766640955,edges-cov,pca,0.13279128249641245,0.3644053820903479
5.0,proportional,501,0,766640955,node-var,sfa,0.1930679280215314,0.4393949567547759
5.0,proportional,501,0,766640955,node-var,pca,0.1128011895520446,0.3358588833900997
5.0,fixed,3001,0,767871931,edges-corr,sfa,0.6698968219917414,0.8184722487609103
5.0,fixed,3001,0,767871931,edges-corr,pca,0.7030236317284057,0.8384650450247796
5.0,fixed,3001,0,767871931,edges-cov,sfa,0.6548958833134618,0.8092563767518065
5.0,fixed,3001,0,767871931,edges-cov,pca,0.5548043598574576,0.7448519046478015
5.0,fixed,3001,0,767871931,node-var,sfa,0.6531492210811967,0.8081764789210316
5.0,fixed,3001,0,767871931,node-var,pca,0.5497096411600622,0.74142406297615
5.0,proportional,501,0,767871931,edges-corr,sfa,0.5803675913095359,0.7618186078782375
5.0,proportional,501,0,767871931,edges-corr,pca,0.6342720837394099,0.7964120062752758
5.0,proportional,501,0,767871931,edges-cov,sfa,0.38145580334035906,0.6176210839506364
5.0,proportional,501,0,767871931,edges-cov,pca,0.22306574900453816,0.4722983686236256
5.0,proportional,501,0,767871931,node-var,sfa,0.41980133513051326,0.6479207784370812
5.0,proportional,501,0,767871931,node-var,pca,0.2769933971351071,0.5263016218245077
5.0,fixed,3001,0,771160300,edges-corr,sfa,0.7312130282836272,0.8551099509908812
5.0,fixed,3001,0,771160300,edges-corr,pca,0.7153357247396501,0.8457752211667413
5.0,fixed,3001,0,771160300,edges-cov,sfa,0.4635183876609611,0.6808218472265422
5.0,fixed,3001,0,771160300,edges-cov,pca,0.318507315803076,0.5643645238700569
5.0,fixed,3001,0,771160300,node-var,sfa,0.3909717084096807,0.6252773052092013
5.0,fixed,3001,0,771160300,node-var,pca,0.2783594375169056,0.5275977990068814
5.0,proportional,501,0,771160300,edges-corr,sfa,0.7403591622787644,0.8604412602140628
5.0,proportional,501,0,771160300,edges-corr,pca,0.7007554256291473,0.8371113579620977
5.0,proportional,501,0,771160300,edges-cov,sfa,0.2136654786783288,0.46223963339195484
5.0,proportional,501,0,771160300,edges-cov,pca,0.21154908697437888,0.4599446564255083
5.0,proportional,501,0,771160300,node-var,sfa,0.24386260529067172,0.4938244680963791
5.0,proportional,501,0,771160300,node-var,pca,0.20037134090109968,0.44762857471468426
5.0,fixed,3001,0,771990200,edges-corr,sfa,0.5664442478249065,0.7526249051319698
5.0,fixed,3001,0,771990200,edges-corr,pca,0.4477280250683984,0.6691248202453698
5.0,fixed,3001,0,771990200,edges-cov,sfa,0.523683695799264,0.723659931044454
5.0,fixed,3001,0,771990200,edges-cov,pca,0.3425430763656784,0.5852717970017677
5.0,fixed,3001,0,771990200,node-var,sfa,0.4615904102790852,0.6794044526488513
5.0,fixed,3001,0,771990200,node-var,pca,0.29357955405000874,0.5418298201926586
5.0,proportional,501,0,771990200,edges-corr,sfa,0.5949107377431706,0.7713045687296106
5.0,proportional,501,0,771990200,edges-corr,pca,0.38472032827187497,0.6202582754561804
5.0,proportional,501,0,771990200,edges-cov,sfa,0.5613109818017648,0.7492069018647417
5.0,proportional,501,0,771990200,edges-cov,pca,0.2736985070033255,0.5231620274860604
5.0,proportional,501,0,771990200,node-var,sfa,0.45951774614454316,0.6778773828241677
5.0,proportional,501,0,771990200,node-var,pca,0.25226333544108176,0.5022582358120987
5.0,fixed,3001,0,774875821,edges-corr,sfa,0.580245944583371,0.7617387640020501
5.0,fixed,3001,0,774875821,edges-corr,pca,0.07842284712573361,0.2800407954668991
5.0,fixed,3001,0,774875821,edges-cov,sfa,0.3142777533845752,0.5606048103473383
5.0,fixed,3001,0,774875821,edges-cov,pca,0.09509099217426144,0.30836827361818764
5.0,fixed,3001,0,774875821,node-var,sfa,0.3000727174424026,0.547788935122281
5.0,fixed,3001,0,774875821,node-var,pca,0.107122145359522,0.3272951960532296
5.0,proportional,501,0,774875821,edges-corr,sfa,0.5487625795154204,0.7407851102144403
5.0,proportional,501,0,774875821,edges-corr,pca,0.037694850527467835,0.19415161737020847
5.0,proportional,501,0,774875821,edges-cov,sfa,0.23767698976268525,0.4875212710874114
5.0,proportional,501,0,774875821,edges-cov,pca,0.1107985875913533,0.33286421794983206
5.0,proportional,501,0,774875821,node-var,sfa,0.245297434753148,0.49527511016923514
5.0,proportional,501,0,774875821,node-var,pca,0.13051917730342394,0.36127437952811425
5.0,fixed,3001,0,778240327,edges-corr,sfa,0.3949902926634772,0.6284825317090978
5.0,fixed,3001,0,778240327,edges-corr,pca,0.3126327224509766,0.5591356923421869
5.0,fixed,3001,0,778240327,edges-cov,sfa,0.45274968689011974,0.6728667675625835
5.0,fixed,3001,0,778240327,edges-cov,pca,0.480416432328226,0.6931207920184086
5.0,fixed,3001,0,778240327,node-var,sfa,0.4691413248609093,0.6849389205329985
5.0,fixed,3001,0,778240327,node-var,pca,0.4823063365146137,0.6944827834544307
5.0,proportional,501,0,778240327,edges-corr,sfa,0.11092078438437139,0.3330477208815148
5.0,proportional,501,0,778240327,edges-corr,pca,0.21144211350444367,0.4598283522190032
5.0,proportional,501,0,778240327,edges-cov,sfa,0.6182298888155681,0.786275962252165
5.0,proportional,501,0,778240327,edges-cov,pca,0.5213181597468125,0.7220236559468204
5.0,proportional,501,0,778240327,node-var,sfa,0.5552469237869008,0.7451489272534053
5.0,proportional,501,0,778240327,node-var,pca,0.5716390219093795,0.7560681331132661
5.0,fixed,3001,0,778998620,edges-corr,sfa,0.252071167583425,0.5020668955263083
5.0,fixed,3001,0,778998620,edges-corr,pca,0.18742860389035942,0.43293025291651704
5.0,fixed,3001,0,778998620,edges-cov,sfa,0.5284029468558104,0.7269133007833949
5.0,fixed,3001,0,778998620,edges-cov,pca,0.4316366802269563,0.656990624154528
5.0,fixed,3001,0,778998620,node-var,sfa,0.5016664917729573,0.7082841885662543
5.0,fixed,3001,0,778998620,node-var,pca,0.4897654349058136,0.6998324334480459
5.0,proportional,501,0,778998620,edges-corr,sfa,0.3801743193643567,0.6165827757603651
5.0,proportional,501,0,778998620,edges-corr,pca,0.21252741539526193,0.46100695807684067
5.0,proportional,501,0,778998620,edges-cov,sfa,0.542616209757404,0.7366248772322341
5.0,proportional,501,0,778998620,edges-cov,pca,0.3860835167780614,0.6213561915504354
5.0,proportional,501,0,778998620,node-var,sfa,0.48901632728835326,0.6992970236518623
5.0,proportional,501,0,778998620,node-var,pca,0.4897495326751714,0.6998210718999331
5.0,fixed,3001,0,779839471,edges-corr,sfa,0.5031596275463178,0.7093374567484209
5.0,fixed,3001,0,779839471,edges-corr,pca,0.4228458029953878,0.6502659478977719
5.0,fixed,3001,0,779839471,edges-cov,sfa,0.3795737686073268,0.6160955839862243
5.0,fixed,3001,0,779839471,edges-cov,pca,0.362841203013441,0.6023630159741226
5.0,fixed,3001,0,779839471,node-var,sfa,0.37762495581892347,0.6145119655620414
5.0,fixed,3001,0,779839471,node-var,pca,0.37606237998577746,0.6132392518306191
5.0,proportional,501,0,779839471,edges-corr,sfa,0.31284269423582756,0.5593234254309644
5.0,proportional,501,0,779839471,edges-corr,pca,0.33900749213039116,0.5822434990022569
5.0,proportional,501,0,779839471,edges-cov,sfa,0.2995408606707219,0.5473032620684093
5.0,proportional,501,0,779839471,edges-cov,pca,0.277090181672031,0.5263935615791961
5.0,proportional,501,0,779839471,node-var,sfa,0.28155806559773944,0.5306204534295106
5.0,proportional,501,0,779839471,node-var,pca,0.3002934707344541,0.5479903929216772
5.0,fixed,3001,0,781842082,edges-corr,sfa,0.7313624433462356,0.8551973125228093
5.0,fixed,3001,0,781842082,edges-corr,pca,0.6683026748499934,0.8174978133609859
5.0,fixed,3001,0,781842082,edges-cov,sfa,0.5689035828098674,0.7542569739882207
5.0,fixed,3001,0,781842082,edges-cov,pca,0.5425062936840064,0.7365502655515144
5.0,fixed,3001,0,781842082,node-var,sfa,0.5984160589824096,0.7735735640405569
5.0,fixed,3001,0,781842082,node-var,pca,0.5733265641571924,0.7571833094813913
5.0,proportional,501,0,781842082,edges-corr,sfa,0.6003870314347134,0.7748464566833312
5.0,proportional,501,0,781842082,edges-corr,pca,0.5658646368377487,0.7522397469143389
5.0,proportional,501,0,781842082,edges-cov,sfa,0.41669123123418683,0.6455162517196502
5.0,proportional,501,0,781842082,edges-cov,pca,0.4010960752193295,0.6333214627812084
5.0,proportional,501,0,781842082,node-var,sfa,0.45929184275024443,0.6777107367824745
5.0,proportional,501,0,781842082,node-var,pca,0.4424111101081454,0.66513991769262
5.0,fixed,3001,0,786091066,edges-corr,sfa,0.11705104381069438,0.3421272333660306
5.0,fixed,3001,0,786091066,edges-corr,pca,0.129377237392128,0.3596904744250645
5.0,fixed,3001,0,786091066,edges-cov,sfa,0.42619117340622453,0.6528331895715969
5.0,fixed,3001,0,786091066,edges-cov,pca,0.34458954441244616,0.5870174992386906
5.0,fixed,3001,0,786091066,node-var,sfa,0.4701316235215409,0.6856614496393544
5.0,fixed,3001,0,786091066,node-var,pca,0.46958929027410506,0.6852658537196386
5.0,proportional,501,0,786091066,edges-corr,sfa,0.03880224255559611,0.19698284837923355
5.0,proportional,501,0,786091066,edges-corr,pca,0.07173273398325382,0.26782967345545156
5.0,proportional,501,0,786091066,edges-cov,sfa,0.46003270392853496,0.6782571075400058
5.0,proportional,501,0,786091066,edges-cov,pca,0.004811813034673497,0.06936723314846496
5.0,proportional,501,0,786091066,node-var,sfa,0.4267958542614818,0.6532961459104759
5.0,proportional,501,0,786091066,node-var,pca,0.363870860106966,0.6032170920215756
5.0,fixed,3001,0,787025148,edges-corr,sfa,0.07927261290148047,0.28155392538815804
5.0,fixed,3001,0,787025148,edges-corr,pca,0.18191575690644096,0.4265158342974396
5.0,fixed,3001,0,787025148,edges-cov,sfa,0.11070396686751571,0.332722056478851
5.0,fixed,3001,0,787025148,edges-cov,pca,0.14441118791002278,0.3800147206491122
5.0,fixed,3001,0,787025148,node-var,sfa,0.1254241437583294,0.3541527124819594
5.0,fixed,3001,0,787025148,node-var,pca,0.016759214106043505,0.12945738335855358
5.0,proportional,501,0,787025148,edges-corr,sfa,0.05200697860327726,0.2280503861063981
5.0,proportional,501,0,787025148,edges-corr,pca,0.2862690279788657,0.5350411460615583
5.0,proportional,501,0,787025148,edges-cov,sfa,0.1314018490422601,0.362493929662636
5.0,proportional,501,0,787025148,edges-cov,pca,0.34113155161201136,0.5840646810174464
5.0,proportional,501,0,787025148,node-var,sfa,0.4808253439747953,0.693415707908896
5.0,proportional,501,0,787025148,node-var,pca,0.09670080636341337,0.31096753265158306
5.0,fixed,3001,0,789848216,edges-corr,sfa,0.20032403246171995,0.4475757281865494
5.0,fixed,3001,0,789848216,edges-corr,pca,0.1385586844897309,0.37223471693238247
5.0,fixed,3001,0,789848216,edges-cov,sfa,0.15755253628735202,0.3969288806415477
5.0,fixed,3001,0,789848216,edges-cov,pca,0.12798258915126762,0.35774654317165333
5.0,fixed,3001,0,789848216,node-var,sfa,0.1349620669786695,0.367371837487129
5.0,fixed,3001,0,789848216,node-var,pca,0.1183396564567533,0.3440053145763206
5.0,proportional,501,0,789848216,edges-corr,sfa,0.6999688755609975,0.8366414259173386
5.0,proportional,501,0,789848216,edges-corr,pca,0.3589763343343251,0.599146337996257
5.0,proportional,501,0,789848216,edges-cov,sfa,0.657358799250916,0.8107766642244435
5.0,proportional,501,0,789848216,edges-cov,pca,0.548943153530132,0.7409069803491745
5.0,proportional,501,0,789848216,node-var,sfa,0.613233893989889,0.783092519431701
5.0,proportional,501,0,789848216,node-var,pca,0.576391720613413,0.7592046631926157
5.0,fixed,3001,0,793224716,edges-corr,sfa,0.8440338049781178,0.9187131244181275
5.0,fixed,3001,0,793224716,edges-corr,pca,0.8479401875930029,0.9208366780233088
5.0,fixed,3001,0,793224716,edges-cov,sfa,0.6470015057254247,0.8043640380607681
5.0,fixed,3001,0,793224716,edges-cov,pca,0.6329417806107551,0.7955763826376164
5.0,fixed,3001,0,793224716,node-var,sfa,0.638497259982536,0.7990602355157814
5.0,fixed,3001,0,793224716,node-var,pca,0.6220919940255415,0.7887280862410958
5.0,proportional,501,0,793224716,edges-corr,sfa,0.792930082608389,0.8904662164329363
5.0,proportional,501,0,793224716,edges-corr,pca,0.7973671829364462,0.8929541885989707
5.0,proportional,501,0,793224716,edges-cov,sfa,0.5382532292192608,0.7336574331520541
5.0,proportional,501,0,793224716,edges-cov,pca,0.5033406850034291,0.7094650696147268
5.0,proportional,501,0,793224716,node-var,sfa,0.5437397223164879,0.7373870912326089
5.0,proportional,501,0,793224716,node-var,pca,0.532427922138475,0.7296765873580398
5.0,fixed,3001,0,794812542,edges-corr,sfa,0.04832701260365932,0.21983405696947714
5.0,fixed,3001,0,794812542,edges-corr,pca,0.060132819815003534,0.2452199417156026
5.0,fixed,3001,0,794812542,edges-cov,sfa,0.13936883855009152,0.37332136096142626
5.0,fixed,3001,0,794812542,edges-cov,pca,0.127790735777922,0.3574783011287846
5.0,fixed,3001,0,794812542,node-var,sfa,0.15216508015722321,0.39008342717580713
5.0,fixed,3001,0,794812542,node-var,pca,0.14396431439498733,0.37942629639363074
5.0,proportional,501,0,794812542,edges-corr,sfa,0.0018002578070806913,0.0424294450479934
5.0,proportional,501,0,794812542,edges-corr,pca,0.21084704510127505,0.4591808413917931
5.0,proportional,501,0,794812542,edges-cov,sfa,0.43374819646852764,0.6585956243921817
5.0,proportional,501,0,794812542,edges-cov,pca,0.3148951628833519,0.5611552039171979
5.0,proportional,501,0,794812542,node-var,sfa,0.3797770901200878,0.6162605699865016
5.0,proportional,501,0,794812542,node-var,pca,0.369859080407721,0.6081604068070536
5.0,fixed,3001,0,816200189,edges-corr,sfa,0.5273421024137688,0.7261832429998428
5.0,fixed,3001,0,816200189,edges-corr,pca,0.5192902873920808,0.720617989917044
5.0,fixed,3001,0,816200189,edges-cov,sfa,0.45967658690244456,0.6779945330918565
5.0,fixed,3001,0,816200189,edges-cov,pca,0.45104174375485323,0.6715964143403784
5.0,fixed,3001,0,816200189,node-var,sfa,0.4571711423345908,0.6761443206406387
5.0,fixed,3001,0,816200189,node-var,pca,0.45454141742725684,0.6741968684496071
5.0,proportional,501,0,816200189,edges-corr,sfa,0.4076327319358159,0.6384612219515104
5.0,proportional,501,0,816200189,edges-corr,pca,0.3408774600871524,0.5838471204751741
5.0,proportional,501,0,816200189,edges-cov,sfa,0.3505812500198908,0.5920990204517238
5.0,proportional,501,0,816200189,edges-cov,pca,0.31864990304111246,0.5644908352144545
5.0,proportional,501,0,816200189,node-var,sfa,0.3426331574361808,0.5853487485560901
5.0,proportional,501,0,816200189,node-var,pca,0.33364797094383825,0.5776226890833135
5.0,fixed,3001,0,829720705,edges-corr,sfa,0.1662930033038506,0.4077903913824486
5.0,fixed,3001,0,829720705,edges-corr,pca,0.2746789145357899,0.5240981916929212
5.0,fixed,3001,0,829720705,edges-cov,sfa,0.20189299430624452,0.4493250430437241
5.0,fixed,3001,0,829720705,edges-cov,pca,0.2273719121978667,0.4768353093027683
5.0,fixed,3001,0,829720705,node-var,sfa,0.2225752546711287,0.47177881965082824
5.0,fixed,3001,0,829720705,node-var,pca,0.22724704933818343,0.47670436261710825
5.0,proportional,501,0,829720705,edges-corr,sfa,0.29072147716068925,0.5391859393202768
5.0,proportional,501,0,829720705,edges-corr,pca,0.2875412115135996,0.5362286932956867
5.0,proportional,501,0,829720705,edges-cov,sfa,0.23004534139668842,0.47963042167557346
5.0,proportional,501,0,829720705,edges-cov,pca,0.23512621731141167,0.48489815148277443
5.0,proportional,501,0,829720705,node-var,sfa,0.2543152489314688,0.5042967865567545
5.0,proportional,501,0,829720705,node-var,pca,0.252403774384603,0.5023980238661404
5.0,fixed,3001,0,831882777,edges-corr,sfa,0.0031443698998018443,0.05607468145073893
5.0,fixed,3001,0,831882777,edges-corr,pca,0.010522761312866006,0.10258051136968467
5.0,fixed,3001,0,831882777,edges-cov,sfa,0.005419335948053228,0.07361613918192958
5.0,fixed,3001,0,831882777,edges-cov,pca,0.009524359738873028,0.09759282626747229
5.0,fixed,3001,0,831882777,node-var,sfa,0.023803120331321405,0.15428259892587176
5.0,fixed,3001,0,831882777,node-var,pca,0.025088776157079763,0.1583943690826153
5.0,proportional,501,0,831882777,edges-corr,sfa,0.00016604138634722382,0.01288570472838889
5.0,proportional,501,0,831882777,edges-corr,pca,7.63412906764995e-05,0.008737350323553446
5.0,proportional,501,0,831882777,edges-cov,sfa,0.03729718277631211,0.19312478550489606
5.0,proportional,501,0,831882777,edges-cov,pca,0.023303673892656064,0.152655408985912
5.0,proportional,501,0,831882777,node-var,sfa,0.04940436669079486,0.22227093082721108
5.0,proportional,501,0,831882777,node-var,pca,0.041612836723761454,0.20399224672462787
5.0,fixed,3001,0,835479236,edges-corr,sfa,0.18845480175988666,0.43411381198930615
5.0,fixed,3001,0,835479236,edges-corr,pca,0.0761163438103503,0.27589190602544017
5.0,fixed,3001,0,835479236,edges-cov,sfa,0.008967762690991117,0.0946982718479652
5.0,fixed,3001,0,835479236,edges-cov,pca,0.001410085552179492,0.037551105871591745
5.0,fixed,3001,0,835479236,node-var,sfa,0.056173852058519456,0.23701023618932465
5.0,fixed,3001,0,835479236,node-var,pca,0.011749410565739993,0.10839469805179584
5.0,proportional,501,0,835479236,edges-corr,sfa,0.12256143254808516,0.35008774978294394
5.0,proportional,501,0,835479236,edges-corr,pca,0.04221229595988336,0.20545631156010602
5.0,proportional,501,0,835479236,edges-cov,sfa,5.5438266418959316e-05,0.007445687773400072
5.0,proportional,501,0,835479236,edges-cov,pca,0.000502250099898783,0.022410937059810395
5.0,proportional,501,0,835479236,node-var,sfa,0.0015533655784134488,0.03941275908146306
5.0,proportional,501,0,835479236,node-var,pca,0.0005317517875631203,0.02305974387462099
5.0,fixed,3001,0,839068429,edges-corr,sfa,0.09995042196950932,0.31614936654927733
5.0,fixed,3001,0,839068429,edges-corr,pca,0.004480077599332708,0.0669333818011066
5.0,fixed,3001,0,839068429,edges-cov,sfa,0.004547264622391059,0.0674334088000233
5.0,fixed,3001,0,839068429,edges-cov,pca,0.009454496837459771,0.09723423696136958
5.0,fixed,3001,0,839068429,node-var,sfa,0.0035401831494332454,0.059499438227879474
5.0,fixed,3001,0,839068429,node-var,pca,0.008820695906837449,0.09391855996999447
5.0,proportional,501,0,839068429,edges-corr,sfa,0.021220393486965337,0.14567221247364007
5.0,proportional,501,0,839068429,edges-corr,pca,0.0018163352385887261,0.04261848470545059
5.0,proportional,501,0,839068429,edges-cov,sfa,0.0051083058189412495,0.0714724129922955
5.0,proportional,501,0,839068429,edges-cov,pca,0.0011669822280036732,0.03416112158585653
5.0,proportional,501,0,839068429,node-var,sfa,0.0001599227534518008,0.012646056834120302
5.0,proportional,501,0,839068429,node-var,pca,0.0008578393268505546,0.029288894257901828
5.0,fixed,3001,0,847657808,edges-corr,sfa,0.6860900256706649,0.8283055146928969
5.0,fixed,3001,0,847657808,edges-corr,pca,0.4756814667083365,0.6896966483232585
5.0,fixed,3001,0,847657808,edges-cov,sfa,0.5821940719057802,0.7630164296434122
5.0,fixed,3001,0,847657808,edges-cov,pca,0.5454516635161147,0.7385469947918784
5.0,fixed,3001,0,847657808,node-var,sfa,0.6167984160114864,0.7853651482027239
5.0,fixed,3001,0,847657808,node-var,pca,0.546370496590878,0.7391687876194977
5.0,proportional,501,0,847657808,edges-corr,sfa,0.5240773126779713,0.7239318425639055
5.0,proportional,501,0,847657808,edges-corr,pca,0.2768395292470006,0.5261554230899845
5.0,proportional,501,0,847657808,edges-cov,sfa,0.3168552546406549,0.5628989737427622
5.0,proportional,501,0,847657808,edges-cov,pca,0.28597882460308144,0.5347698800447548
5.0,proportional,501,0,847657808,node-var,sfa,0.47161451974440866,0.6867419600871995
5.0,proportional,501,0,847657808,node-var,pca,0.07014000671564036,0.2648395867608171
5.0,fixed,3001,1,766640955,edges-corr,sfa,0.5543585352388819,0.7445525738582077
5.0,fixed,3001,1,766640955,edges-corr,pca,0.3091390375642867,0.5560027316158498
5.0,fixed,3001,1,766640955,edges-cov,sfa,0.5203570188250685,0.721357760632731
5.0,fixed,3001,1,766640955,edges-cov,pca,0.1879408554951964,0.4335214590942372
5.0,fixed,3001,1,766640955,node-var,sfa,0.3644879474878568,0.6037283722733733
5.0,fixed,3001,1,766640955,node-var,pca,0.12720208268154054,0.3566540097651231
5.0,proportional,501,1,766640955,edges-corr,sfa,0.4945813658330599,0.7032647906962639
5.0,proportional,501,1,766640955,edges-corr,pca,0.16268787212726296,0.40334584679560415
5.0,proportional,501,1,766640955,edges-cov,sfa,0.24611103662138822,0.4960957937952994
5.0,proportional,501,1,766640955,edges-cov,pca,0.1333118130435612,0.3651189026105896
5.0,proportional,501,1,766640955,node-var,sfa,0.28248333016655636,0.5314916087451959
5.0,proportional,501,1,766640955,node-var,pca,0.08846600821746635,0.29743235906247045
5.0,fixed,3001,1,767871931,edges-corr,sfa,0.6213955235243148,0.7882864476345606
5.0,fixed,3001,1,767871931,edges-corr,pca,0.6568340529129819,0.8104529924141078
5.0,fixed,3001,1,767871931,edges-cov,sfa,0.6169741610610454,0.7854770277105788
5.0,fixed,3001,1,767871931,edges-cov,pca,0.511728466491939,0.715351987829725
5.0,fixed,3001,1,767871931,node-var,sfa,0.6408737545534909,0.8005459103346234
5.0,fixed,3001,1,767871931,node-var,pca,0.5222852075200727,0.7226930244025278
5.0,proportional,501,1,767871931,edges-corr,sfa,0.5712994854800949,0.7558435588665785
5.0,proportional,501,1,767871931,edges-corr,pca,0.5293906683623942,0.7275923778891545
5.0,proportional,501,1,767871931,edges-cov,sfa,0.5123614429443203,0.7157942741768198
5.0,proportional,501,1,767871931,edges-cov,pca,0.23128546952044374,0.4809214795789888
5.0,proportional,501,1,767871931,node-var,sfa,0.49800101097899213,0.7056918668788752
5.0,proportional,501,1,767871931,node-var,pca,0.2617627739340659,0.5116275734692823
5.0,fixed,3001,1,771160300,edges-corr,sfa,0.5355482474246419,0.7318116201760135
5.0,fixed,3001,1,771160300,edges-corr,pca,0.6870285568518546,0.8288718579200615
5.0,fixed,3001,1,771160300,edges-cov,sfa,0.27903804989634473,0.5282405227700206
5.0,fixed,3001,1,771160300,edges-cov,pca,0.29465115400582664,0.5428177907970838
5.0,fixed,3001,1,771160300,node-var,sfa,0.2793610407607822,0.5285461576445166
5.0,fixed,3001,1,771160300,node-var,pca,0.2663561922998942,0.5160970764302916
5.0,proportional,501,1,771160300,edges-corr,sfa,0.6779867052455275,0.8233994809602004
5.0,proportional,501,1,771160300,edges-corr,pca,0.6312687771787435,0.7945242458092412
5.0,proportional,501,1,771160300,edges-cov,sfa,0.2162770222284144,0.46505593451585414
5.0,proportional,501,1,771160300,edges-cov,pca,0.2052294054555795,0.45302252201803334
5.0,proportional,501,1,771160300,node-var,sfa,0.23508730341581383,0.48485802397796185
5.0,proportional,501,1,771160300,node-var,pca,0.20863834664880723,0.45676946772831395
5.0,fixed,3001,1,771990200,edges-corr,sfa,0.5084948233407887,0.7130882297028809
5.0,fixed,3001,1,771990200,edges-corr,pca,0.45445978069637266,0.6741363220420427
5.0,fixed,3001,1,771990200,edges-cov,sfa,0.46536615986721636,0.6821775134576163
5.0,fixed,3001,1,771990200,edges-cov,pca,0.31511843518694294,0.5613541085508709
5.0,fixed,3001,1,771990200,node-var,sfa,0.36960140626177507,0.6079485227071245
5.0,fixed,3001,1,771990200,node-var,pca,0.2968414043272654,0.5448315375666734
5.0,proportional,501,1,771990200,edges-corr,sfa,0.5783300555831558,0.7604801480532912
5.0,proportional,501,1,771990200,edges-corr,pca,0.5190192260266785,0.7204298897371475
5.0,proportional,501,1,771990200,edges-cov,sfa,0.29762519073364835,0.54555035581846
5.0,proportional,501,1,771990200,edges-cov,pca,0.29394781066842945,0.5421695405207023
5.0,proportional,501,1,771990200,node-var,sfa,0.2640408752129315,0.5138490782447036
5.0,proportional,501,1,771990200,node-var,pca,0.29048428170249374,0.5389659374232232
5.0,fixed,3001,1,774875821,edges-corr,sfa,0.6173237696130759,0.7856995415634884
5.0,fixed,3001,1,774875821,edges-corr,pca,0.5527012334403747,0.7434387893030432
5.0,fixed,3001,1,774875821,edges-cov,sfa,0.493481187377608,0.7024821616081137
5.0,fixed,3001,1,774875821,edges-cov,pca,0.47124391464383936,0.6864720785609851
5.0,fixed,3001,1,774875821,node-var,sfa,0.5133741681229012,0.7165013385353172
5.0,fixed,3001,1,774875821,node-var,pca,0.47147990404001905,0.6866439426952072
5.0,proportional,501,1,774875821,edges-corr,sfa,0.5432433339893386,0.737050428389631
5.0,proportional,501,1,774875821,edges-corr,pca,0.19356079593575326,0.4399554476714128
5.0,proportional,501,1,774875821,edges-cov,sfa,0.3134290125366369,0.5598473118062075
5.0,proportional,501,1,774875821,edges-cov,pca,0.20797380255736994,0.456041448288826
5.0,proportional,501,1,774875821,node-var,sfa,0.3298690333650931,0.5743422615175494
5.0,proportional,501,1,774875821,node-var,pca,0.24162907735832193,0.49155780673113303
5.0,fixed,3001,1,778240327,edges-corr,sfa,0.42847813267971896,0.6545824109153247
5.0,fixed,3001,1,778240327,edges-corr,pca,0.21262263830736383,0.4611102235988309
5.0,fixed,3001,1,778240327,edges-cov,sfa,0.4520952568710108,0.6723802918520224
5.0,fixed,3001,1,778240327,edges-cov,pca,0.0028432260240634794,0.053321909418769686
5.0,fixed,3001,1,778240327,node-var,sfa,0.2706119950713917,0.5202038014772592
5.0,fixed,3001,1,778240327,node-var,pca,0.12588651221659486,0.35480489316890046
5.0,proportional,501,1,778240327,edges-corr,sfa,0.29625825232595093,0.5442961072118291
5.0,proportional,501,1,778240327,edges-corr,pca,0.0007382560795046958,0.027170868214039384
5.0,proportional,501,1,778240327,edges-cov,sfa,0.38468262222928284,0.6202278792744509
5.0,proportional,501,1,778240327,edges-cov,pca,0.05536448959103681,0.23529659919139675
5.0,proportional,501,1,778240327,node-var,sfa,0.13540093274935944,0.36796865729211153
5.0,proportional,501,1,778240327,node-var,pca,0.13322346220961706,0.36499789343175265
5.0,fixed,3001,1,778998620,edges-corr,sfa,0.697485195819944,0.8351557913467067
5.0,fixed,3001,1,778998620,edges-corr,pca,0.5929191940655051,0.7700124635780288
5.0,fixed,3001,1,778998620,edges-cov,sfa,0.30841718670419455,0.5553532089618233
5.0,fixed,3001,1,778998620,edges-cov,pca,0.2938798451478131,0.5421068576838086
5.0,fixed,3001,1,778998620,node-var,sfa,0.3067377154023157,0.5538390699493091
5.0,fixed,3001,1,778998620,node-var,pca,0.2681863354214547,0.5178671020845548
5.0,proportional,501,1,778998620,edges-corr,sfa,0.6832305230549176,0.8265775965116147
5.0,proportional,501,1,778998620,edges-corr,pca,0.5336567427690365,0.7305181330870826
5.0,proportional,501,1,778998620,edges-cov,sfa,0.30454930705928535,0.5518598617939933
5.0,proportional,501,1,778998620,edges-cov,pca,0.2772087592832139,0.5265061816191847
5.0,proportional,501,1,778998620,node-var,sfa,0.3068743158307455,0.5539623776311398
5.0,proportional,501,1,778998620,node-var,pca,0.26888851124551844,0.5185446087324778
5.0,fixed,3001,1,779839471,edges-corr,sfa,0.30986154312513364,0.5566520844523387
5.0,fixed,3001,1,779839471,edges-corr,pca,0.4271104739360127,0.6535368956195302
5.0,fixed,3001,1,779839471,edges-cov,sfa,0.4493345153581443,0.6703241867620057
5.0,fixed,3001,1,779839471,edges-cov,pca,0.32044120087814376,0.5660752607897149
5.0,fixed,3001,1,779839471,node-var,sfa,0.36157216707359574,0.601308711955511
5.0,fixed,3001,1,779839471,node-var,pca,0.31970144219715513,0.5654214730598363
5.0,proportional,501,1,779839471,edges-corr,sfa,0.26259382229755224,0.5124390913050567
5.0,proportional,501,1,779839471,edges-corr,pca,0.30760475405624643,0.5546212708292447
5.0,proportional,501,1,779839471,edges-cov,sfa,0.24947557165245415,0.4994752963385218
5.0,proportional,501,1,779839471,edges-cov,pca,0.2412972498771643,0.49122016436335786
5.0,proportional,501,1,779839471,node-var,sfa,0.26102060122048226,0.5109017530019664
5.0,proportional,501,1,779839471,node-var,pca,0.2558766633608074,0.5058425282247504
5.0,fixed,3001,1,781842082,edges-corr,sfa,0.25320020076389604,0.5031900245075374
5.0,fixed,3001,1,781842082,edges-corr,pca,0.25565423495227874,0.5056226210844198
5.0,fixed,3001,1,781842082,edges-cov,sfa,0.2750194374964435,0.5244229566832896
5.0,fixed,3001,1,781842082,edges-cov,pca,0.27233464480386255,0.5218569198581758
5.0,fixed,3001,1,781842082,node-var,sfa,0.27834467182744993,0.5275838055015051
5.0,fixed,3001,1,781842082,node-var,pca,0.28187791384902305,0.5309217586886255
5.0,proportional,501,1,781842082,edges-corr,sfa,0.36404782389985296,0.603363757529281
5.0,proportional,501,1,781842082,edges-corr,pca,0.22758307221561438,0.4770566761042281
5.0,proportional,501,1,781842082,edges-cov,sfa,0.41351068018556614,0.6430479610305643
5.0,proportional,501,1,781842082,edges-cov,pca,0.3257510631595085,0.5707460583828052
5.0,proportional,501,1,781842082,node-var,sfa,0.36891076134463746,0.6073802444471152
5.0,proportional,501,1,781842082,node-var,pca,0.3662799055024047,0.6052106290395144
5.0,fixed,3001,1,786091066,edges-corr,sfa,0.3881383245402189,0.6230074835346835
5.0,fixed,3001,1,786091066,edges-corr,pca,0.17302257569339796,0.41595982461458697
5.0,fixed,3001,1,786091066,edges-cov,sfa,0.41523062347261347,0.6443839100044425
5.0,fixed,3001,1,786091066,edges-cov,pca,0.07674830978731496,0.27703485301910113
5.0,fixed,3001,1,786091066,node-var,sfa,0.40262877583817097,0.6345303584842659
5.0,fixed,3001,1,786091066,node-var,pca,0.30926010678943605,0.5561115956257665
5.0,proportional,501,1,786091066,edges-corr,sfa,0.3027627305537943,0.550238794119239
5.0,proportional,501,1,786091066,edges-corr,pca,0.055575066798805334,0.2357436463593565
5.0,proportional,501,1,786091066,edges-cov,sfa,0.45893697998738375,0.6774488762905905
5.0,proportional,501,1,786091066,edges-cov,pca,0.0029595808300147343,0.054402029649772574
5.0,proportional,501,1,786091066,node-var,sfa,0.4265548752532278,0.6531116866610395
5.0,proportional,501,1,786091066,node-var,pca,0.3280203593756162,0.5727306167611578
5.0,fixed,3001,1,787025148,edges-corr,sfa,0.11968599841163496,0.34595664238692536
5.0,fixed,3001,1,787025148,edges-corr,pca,0.20066972789000465,0.44796174824420515
5.0,fixed,3001,1,787025148,edges-cov,sfa,0.14959574063661338,0.38677608591614526
5.0,fixed,3001,1,787025148,edges-cov,pca,0.12084902050690237,0.3476334571166912
5.0,fixed,3001,1,787025148,node-var,sfa,0.12202343683554168,0.34931853205282665
5.0,fixed,3001,1,787025148,node-var,pca,0.025299256247967247,0.15905739922420223
5.0,proportional,501,1,787025148,edges-corr,sfa,0.020023590984652683,0.14150473838233363
5.0,proportional,501,1,787025148,edges-corr,pca,0.42744654087253403,0.6537939590364338
5.0,proportional,501,1,787025148,edges-cov,sfa,0.005859356995901552,0.07654643685960537
5.0,proportional,501,1,787025148,edges-cov,pca,0.007243161491320402,0.08510676525001054
5.0,proportional,501,1,787025148,node-var,sfa,1.092172391126845e-05,0.003304803157718845
5.0,proportional,501,1,787025148,node-var,pca,0.0001472072465378012,0.012132899345902495
5.0,fixed,3001,1,789848216,edges-corr,sfa,0.16532525226973963,0.4066020809953383
5.0,fixed,3001,1,789848216,edges-corr,pca,0.14072191326752356,0.37512919543475093
5.0,fixed,3001,1,789848216,edges-cov,sfa,0.17942964805756376,0.4235913691962618
5.0,fixed,3001,1,789848216,edges-cov,pca,0.14687964148372384,0.38324879841132425
5.0,fixed,3001,1,789848216,node-var,sfa,0.17256129625225933,0.41540497860793546
5.0,fixed,3001,1,789848216,node-var,pca,0.12291094979094105,0.3505865795933168
5.0,proportional,501,1,789848216,edges-corr,sfa,0.6424083648929455,0.801503814646534
5.0,proportional,501,1,789848216,edges-corr,pca,0.3905671250672513,0.6249536983387259
5.0,proportional,501,1,789848216,edges-cov,sfa,0.5989975572589004,0.7739493247357351
5.0,proportional,501,1,789848216,edges-cov,pca,0.40656617109422033,0.6376254159725915
5.0,proportional,501,1,789848216,node-var,sfa,0.5706221876800834,0.7553953850005197
5.0,proportional,501,1,789848216,node-var,pca,0.39821759955034763,0.6310448474952851
5.0,fixed,3001,1,793224716,edges-corr,sfa,0.7707412028615859,0.8779186766788744
5.0,fixed,3001,1,793224716,edges-corr,pca,0.7568618712676226,0.8699780866594414
5.0,fixed,3001,1,793224716,edges-cov,sfa,0.5312441806703783,0.7288649948175439
5.0,fixed,3001,1,793224716,edges-cov,pca,0.4909692314592928,0.7006919661729345
5.0,fixed,3001,1,793224716,node-var,sfa,0.5389504478154499,0.7341324456904557
5.0,fixed,3001,1,793224716,node-var,pca,0.5427963952075388,0.7367471718354531
5.0,proportional,501,1,793224716,edges-corr,sfa,0.6737751295299405,0.8208380653514677
5.0,proportional,501,1,793224716,edges-corr,pca,0.6472966118474329,0.8045474577968865
5.0,proportional,501,1,793224716,edges-cov,sfa,0.4672615640431389,0.6835653326808923
5.0,proportional,501,1,793224716,edges-cov,pca,0.41437544622579325,0.6437200060785693
5.0,proportional,501,1,793224716,node-var,sfa,0.4815706865724903,0.6939529426211047
5.0,proportional,501,1,793224716,node-var,pca,0.4852189160099255,0.6965765686627174
5.0,fixed,3001,1,794812542,edges-corr,sfa,0.6315457331208458,0.7946985171251082
5.0,fixed,3001,1,794812542,edges-corr,pca,0.5856715730433559,0.7652918221458765
5.0,fixed,3001,1,794812542,edges-cov,sfa,0.48298226505742264,0.6949692547569444
5.0,fixed,3001,1,794812542,edges-cov,pca,0.4903175460136201,0.7002267818454391
5.0,fixed,3001,1,794812542,node-var,sfa,0.507379951016651,0.7123060795870347
5.0,fixed,3001,1,794812542,node-var,pca,0.4989666572007801,0.7063757195719429
5.0,proportional,501,1,794812542,edges-corr,sfa,0.6428702943726077,0.8017919271061587
5.0,proportional,501,1,794812542,edges-corr,pca,0.5631822649355344,0.750454705452324
5.0,proportional,501,1,794812542,edges-cov,sfa,0.4661580401797636,0.6827576731020777
5.0,proportional,501,1,794812542,edges-cov,pca,0.43723000891553526,0.6612337021927537
5.0,proportional,501,1,794812542,node-var,sfa,0.46787739075913937,0.6840156363411142
5.0,proportional,501,1,794812542,node-var,pca,0.46179545805345934,0.6795553384776396
5.0,fixed,3001,1,816200189,edges-corr,sfa,0.5386738648064259,0.7339440474630378
5.0,fixed,3001,1,816200189,edges-corr,pca,0.4581636401173725,0.6768778620381763
5.0,fixed,3001,1,816200189,edges-cov,sfa,0.30382180363004946,0.551200329852994
5.0,fixed,3001,1,816200189,edges-cov,pca,0.2947211935097068,0.5428823017097784
5.0,fixed,3001,1,816200189,node-var,sfa,0.30836147313709233,0.5553030462162911
5.0,fixed,3001,1,816200189,node-var,pca,0.3017843930799488,0.5493490630554937
5.0,proportional,501,1,816200189,edges-corr,sfa,0.49671839847533406,0.7047825185653614
5.0,proportional,501,1,816200189,edges-corr,pca,0.37304936222499857,0.6107776700445086
5.0,proportional,501,1,816200189,edges-cov,sfa,0.18401649466880088,0.42897143805712856
5.0,proportional,501,1,816200189,edges-cov,pca,0.182852829574385,0.4276129436469212
5.0,proportional,501,1,816200189,node-var,sfa,0.1918551914876184,0.43801277548448103
5.0,proportional,501,1,816200189,node-var,pca,0.1912623796013919,0.43733554577851536
5.0,fixed,3001,1,829720705,edges-corr,sfa,0.04412567552501902,0.21006112330704846
5.0,fixed,3001,1,829720705,edges-corr,pca,0.06808991800704396,0.2609404491585081
5.0,fixed,3001,1,829720705,edges-cov,sfa,0.1630044791029633,0.40373813184162244
5.0,fixed,3001,1,829720705,edges-cov,pca,0.15422102129982587,0.3927098436502781
5.0,fixed,3001,1,829720705,node-var,sfa,0.16472101528376973,0.40585836850281864
5.0,fixed,3001,1,829720705,node-var,pca,0.1708059174819868,0.4132867255090427
5.0,proportional,501,1,829720705,edges-corr,sfa,0.06260317502312975,0.2502062649557955
5.0,proportional,501,1,829720705,edges-corr,pca,0.09640159365127528,0.3104860603171667
5.0,proportional,501,1,829720705,edges-cov,sfa,0.19186915266067728,0.43802871214188377
5.0,proportional,501,1,829720705,edges-cov,pca,0.17817949807721942,0.42211313421548424
5.0,proportional,501,1,829720705,node-var,sfa,0.2014510091355642,0.4488329412326642
5.0,proportional,501,1,829720705,node-var,pca,0.2024541562070337,0.4499490595690069
5.0,fixed,3001,1,831882777,edges-corr,sfa,0.0009146907701639227,0.030243855081056096
5.0,fixed,3001,1,831882777,edges-corr,pca,0.0038130036583470255,0.061749523547530515
5.0,fixed,3001,1,831882777,edges-cov,sfa,0.005671698074524807,0.0753106770287242
5.0,fixed,3001,1,831882777,edges-cov,pca,0.014211573216468184,0.11921230312542487
5.0,fixed,3001,1,831882777,node-var,sfa,0.005722306057151577,0.07564592558196097
5.0,fixed,3001,1,831882777,node-var,pca,0.005831716781602176,0.07636567803406302
5.0,proportional,501,1,831882777,edges-corr,sfa,0.0011026368291724717,0.033205975805153984
5.0,proportional,501,1,831882777,edges-corr,pca,0.00985497853036891,0.09927224451159
5.0,proportional,501,1,831882777,edges-cov,sfa,0.009354915798762735,0.09672081367918042
5.0,proportional,501,1,831882777,edges-cov,pca,0.01485515373852584,0.12188172028046634
5.0,proportional,501,1,831882777,node-var,sfa,0.006087593173738723,0.07802302976518358
5.0,proportional,501,1,831882777,node-var,pca,0.0063360872790907494,0.07959954320905836
5.0,fixed,3001,1,835479236,edges-corr,sfa,0.23637094935536854,0.48617995573179335
5.0,fixed,3001,1,835479236,edges-corr,pca,0.1478315421202282,0.3844886761924572
5.0,fixed,3001,1,835479236,edges-cov,sfa,0.41093943720396847,0.641045581221779
5.0,fixed,3001,1,835479236,edges-cov,pca,0.0826875596447201,0.2875544464005384
5.0,fixed,3001,1,835479236,node-var,sfa,0.14865249519808976,0.3855547888408206
5.0,fixed,3001,1,835479236,node-var,pca,0.06800632275808384,0.260780219261515
5.0,proportional,501,1,835479236,edges-corr,sfa,0.20789156579672324,0.4559512756827458
5.0,proportional,501,1,835479236,edges-corr,pca,0.08683985549183647,0.29468602866752347
5.0,proportional,501,1,835479236,edges-cov,sfa,0.005250047269667132,0.07245720992190585
5.0,proportional,501,1,835479236,edges-cov,pca,0.027259928496751403,0.16510581000301414
5.0,proportional,501,1,835479236,node-var,sfa,0.056852593526302606,0.23843781899334385
5.0,proportional,501,1,835479236,node-var,pca,0.023910837183683458,0.15463129432195624
5.0,fixed,3001,1,839068429,edges-corr,sfa,0.3063486988833793,0.5534877585668714
5.0,fixed,3001,1,839068429,edges-corr,pca,0.3589589572928676,0.5991318363205778
5.0,fixed,3001,1,839068429,edges-cov,sfa,0.4627737027150958,0.6802747259123301
5.0,fixed,3001,1,839068429,edges-cov,pca,0.4199014689172029,0.6479980470010716
5.0,fixed,3001,1,839068429,node-var,sfa,0.4617053159401475,0.6794890109046264
5.0,fixed,3001,1,839068429,node-var,pca,0.4553933312599191,0.6748283717064059
5.0,proportional,501,1,839068429,edges-corr,sfa,0.32934432252142376,0.5738852869009832
5.0,proportional,501,1,839068429,edges-corr,pca,0.0416484315993578,0.20407947373353794
5.0,proportional,501,1,839068429,edges-cov,sfa,0.417803741145982,0.6463773983873369
5.0,proportional,501,1,839068429,edges-cov,pca,0.29755571803028213,0.5454866799751229
5.0,proportional,501,1,839068429,node-var,sfa,0.39021012554913975,0.6246680122666277
5.0,proportional,501,1,839068429,node-var,pca,0.3742565234467927,0.6117650884504547
5.0,fixed,3001,1,847657808,edges-corr,sfa,0.44385919665420626,0.6662275862302658
5.0,fixed,3001,1,847657808,edges-corr,pca,0.20187978379211186,0.44931034240501505
5.0,fixed,3001,1,847657808,edges-cov,sfa,0.20030898411854672,0.4475589169244053
5.0,fixed,3001,1,847657808,edges-cov,pca,0.19342210278688135,0.43979779761486
5.0,fixed,3001,1,847657808,node-var,sfa,0.39520194986522295,0.6286508966550696
5.0,fixed,3001,1,847657808,node-var,pca,0.11148599422932412,0.3338951844955601
5.0,proportional,501,1,847657808,edges-corr,sfa,0.21660525575325787,0.4654086975479271
5.0,proportional,501,1,847657808,edges-corr,pca,0.15260590814885916,0.390648061749779
5.0,proportional,501,1,847657808,edges-cov,sfa,0.1503223502152209,0.3877142636210601
5.0,proportional,501,1,847657808,edges-cov,pca,0.15502506272205205,0.39373222210285513
5.0,proportional,501,1,847657808,node-var,sfa,0.13818072249082652,0.3717266771309621
5.0,proportional,501,1,847657808,node-var,pca,0.057855940584233004,0.24053261854524638
5.0,fixed,3001,2,766640955,edges-corr,sfa,0.36171892513076825,0.6014307317811156
5.0,fixed,3001,2,766640955,edges-corr,pca,0.35107675009967476,0.5925172994096246
5.0,fixed,3001,2,766640955,edges-cov,sfa,0.2634367996298543,0.5132609469167261
5.0,fixed,3001,2,766640955,edges-cov,pca,0.26079276836873194,0.5106787330296142
5.0,fixed,3001,2,766640955,node-var,sfa,0.282969652570833,0.5319489191368219
5.0,fixed,3001,2,766640955,node-var,pca,0.25953111687710634,0.5094419661522854
5.0,proportional,501,2,766640955,edges-corr,sfa,0.2361988214932851,0.4860029027622007
5.0,proportional,501,2,766640955,edges-corr,pca,0.1600746354039172,0.4000932833776608
5.0,proportional,501,2,766640955,edges-cov,sfa,0.18180263904588148,0.42638320680566383
5.0,proportional,501,2,766640955,edges-cov,pca,0.18019039926813582,0.42448839709482733
5.0,proportional,501,2,766640955,node-var,sfa,0.21406055028906742,0.462666781052052
5.0,proportional,501,2,766640955,node-var,pca,0.17783104998737095,0.4217001896933068
5.0,fixed,3001,2,767871931,edges-corr,sfa,0.6735568865368035,0.820705115456705
5.0,fixed,3001,2,767871931,edges-corr,pca,0.6491445173598477,0.8056950523367061
5.0,fixed,3001,2,767871931,edges-cov,sfa,0.664247171474029,0.8150136020178
5.0,fixed,3001,2,767871931,edges-cov,pca,0.5938172036882655,0.7705953566485237
5.0,fixed,3001,2,767871931,node-var,sfa,0.6960791788498913,0.8343135974259867
5.0,fixed,3001,2,767871931,node-var,pca,0.6054917539937588,0.7781335065358378
5.0,proportional,501,2,767871931,edges-corr,sfa,0.6117444670082944,0.7821409508575129
5.0,proportional,501,2,767871931,edges-corr,pca,0.5830937953575468,0.7636057853091127
5.0,proportional,501,2,767871931,edges-cov,sfa,0.5620060903876344,0.7496706546128336
5.0,proportional,501,2,767871931,edges-cov,pca,0.2320368955599624,0.48170208174759055
5.0,proportional,501,2,767871931,node-var,sfa,0.543496696687045,0.7372222844482151
5.0,proportional,501,2,767871931,node-var,pca,0.23962017671186062,0.4895101395393773
5.0,fixed,3001,2,771160300,edges-corr,sfa,0.7994218764008716,0.8941039516750117
5.0,fixed,3001,2,771160300,edges-corr,pca,0.8107291412797697,0.9004049873694446
5.0,fixed,3001,2,771160300,edges-cov,sfa,0.7492778655485756,0.8656083788576538
5.0,fixed,3001,2,771160300,edges-cov,pca,0.7334784328780669,0.856433554269137
5.0,fixed,3001,2,771160300,node-var,sfa,0.7380613117076078,0.8591049480171836
5.0,fixed,3001,2,771160300,node-var,pca,0.7328087881252698,0.8560425153724959
5.0,proportional,501,2,771160300,edges-corr,sfa,0.7774560784998131,0.8817346984778432
5.0,proportional,501,2,771160300,edges-corr,pca,0.7600201809954952,0.8717913632260273
5.0,proportional,501,2,771160300,edges-cov,sfa,0.3739081987560851,0.611480333907874
5.0,proportional,501,2,771160300,edges-cov,pca,0.36780942130487715,0.6064729353440903
5.0,proportional,501,2,771160300,node-var,sfa,0.44120964574896543,0.6642361370393555
5.0,proportional,501,2,771160300,node-var,pca,0.38110828214225484,0.6173396813280796
5.0,fixed,3001,2,771990200,edges-corr,sfa,0.5477985373207024,0.7401341346814795
5.0,fixed,3001,2,771990200,edges-corr,pca,0.7141101623182006,0.8450503904017799
5.0,fixed,3001,2,771990200,edges-cov,sfa,0.46891608396934,0.6847744767215992
5.0,fixed,3001,2,771990200,edges-cov,pca,0.5357694014937001,0.7319627049882392
5.0,fixed,3001,2,771990200,node-var,sfa,0.44503275173648427,0.6671077512190098
5.0,fixed,3001,2,771990200,node-var,pca,0.5212519290132903,0.7219777898337942
5.0,proportional,501,2,771990200,edges-corr,sfa,0.4934677488164413,0.7024725964878924
5.0,proportional,501,2,771990200,edges-corr,pca,0.4882573933710518,0.6987541723460775
5.0,proportional,501,2,771990200,edges-cov,sfa,0.2525774543559909,0.502570845111404
5.0,proportional,501,2,771990200,edges-cov,pca,0.2590318572002072,0.5089517238404908
5.0,proportional,501,2,771990200,node-var,sfa,0.2820233424196744,0.5310586995988997
5.0,proportional,501,2,771990200,node-var,pca,0.3049380666440163,0.5522119761866962
5.0,fixed,3001,2,774875821,edges-corr,sfa,0.6737979313776317,0.8208519546042585
5.0,fixed,3001,2,774875821,edges-corr,pca,0.4295293627969292,0.6553848966805149
5.0,fixed,3001,2,774875821,edges-cov,sfa,0.49393812509587376,0.7028073171900487
5.0,fixed,3001,2,774875821,edges-cov,pca,0.37123996684992044,0.609294646989386
5.0,fixed,3001,2,774875821,node-var,sfa,0.4595114876495549,0.6778727665643125
5.0,fixed,3001,2,774875821,node-var,pca,0.4029946249646996,0.6348185764174672
5.0,proportional,501,2,774875821,edges-corr,sfa,0.648248887350196,0.8051390484569706
5.0,proportional,501,2,774875821,edges-corr,pca,0.29605595113621175,0.544110238036569
5.0,proportional,501,2,774875821,edges-cov,sfa,0.40334547774470936,0.6350948572809493
5.0,proportional,501,2,774875821,edges-cov,pca,0.2506371337781393,0.5006367283551411
5.0,proportional,501,2,774875821,node-var,sfa,0.3657875248850044,0.6048037077308673
5.0,proportional,501,2,774875821,node-var,pca,0.2892012586198018,0.537774356603029
5.0,fixed,3001,2,778240327,edges-corr,sfa,0.4498814154257805,0.6707319997031456
5.0,fixed,3001,2,778240327,edges-corr,pca,0.37553001954506354,0.612805042036261
5.0,fixed,3001,2,778240327,edges-cov,sfa,0.43500770353658874,0.659551137923807
5.0,fixed,3001,2,778240327,edges-cov,pca,0.3722841621750696,0.6101509339295234
5.0,fixed,3001,2,778240327,node-var,sfa,0.3744600710736783,0.6119314267740122
5.0,fixed,3001,2,778240327,node-var,pca,0.38219059233667196,0.6182156519667485
5.0,proportional,501,2,778240327,edges-corr,sfa,0.5448969204791777,0.7381713354494184
5.0,proportional,501,2,778240327,edges-corr,pca,0.3376660456770661,0.5810903937229268
5.0,proportional,501,2,778240327,edges-cov,sfa,0.5474723775244538,0.7399137635727921
5.0,proportional,501,2,778240327,edges-cov,pca,0.39215487103967195,0.6262227008338742
5.0,proportional,501,2,778240327,node-var,sfa,0.4820700938292774,0.69431267727824
5.0,proportional,501,2,778240327,node-var,pca,0.42229687966528767,0.6498437348049819
5.0,fixed,3001,2,778998620,edges-corr,sfa,0.4351472492987093,0.6596569178737606
5.0,fixed,3001,2,778998620,edges-corr,pca,0.349962125514255,0.5915759676611745
5.0,fixed,3001,2,778998620,edges-cov,sfa,0.6209460790696903,0.788001319205552
5.0,fixed,3001,2,778998620,edges-cov,pca,0.5578318534709307,0.7468814186140466
5.0,fixed,3001,2,778998620,node-var,sfa,0.5984019326590427,0.7735644334242899
5.0,fixed,3001,2,778998620,node-var,pca,0.5998938392314987,0.7745281397286342
5.0,proportional,501,2,778998620,edges-corr,sfa,0.5442251060813734,0.7377161419417183
5.0,proportional,501,2,778998620,edges-corr,pca,0.36537174418849994,0.6044598780634658
5.0,proportional,501,2,778998620,edges-cov,sfa,0.6341072286995095,0.7963085009589622
5.0,proportional,501,2,778998620,edges-cov,pca,0.5177794163993026,0.7195689101116741
5.0,proportional,501,2,778998620,node-var,sfa,0.5964832575839529,0.7723232856673123
5.0,proportional,501,2,778998620,node-var,pca,0.6132675101279069,0.7831139828453498
5.0,fixed,3001,2,779839471,edges-corr,sfa,0.2505827527561031,0.5005824135505592
5.0,fixed,3001,2,779839471,edges-corr,pca,0.15162748126025144,0.38939373551747264
5.0,fixed,3001,2,779839471,edges-cov,sfa,0.29085655507005814,0.5393111857453525
5.0,fixed,3001,2,779839471,edges-cov,pca,0.252379856242264,0.5023742193248615
5.0,fixed,3001,2,779839471,node-var,sfa,0.27582803946598433,0.5251933353213694
5.0,fixed,3001,2,779839471,node-var,pca,0.26980357256388127,0.5194261954925659
5.0,proportional,501,2,779839471,edges-corr,sfa,0.0006637268449306863,0.025762896671971618
5.0,proportional,501,2,779839471,edges-corr,pca,0.30088285534810805,0.5485278984227767
5.0,proportional,501,2,779839471,edges-cov,sfa,0.4912209365316625,0.7008715549454568
5.0,proportional,501,2,779839471,edges-cov,pca,0.41412600527853205,0.643526227343169
5.0,proportional,501,2,779839471,node-var,sfa,0.4508115991753482,0.6714250510484012
5.0,proportional,501,2,779839471,node-var,pca,0.46489363433265346,0.6818310892975279
5.0,fixed,3001,2,781842082,edges-corr,sfa,0.5061873798768655,0.7114684672400214
5.0,fixed,3001,2,781842082,edges-corr,pca,0.28530461256517653,0.5341391322166693
5.0,fixed,3001,2,781842082,edges-cov,sfa,0.21231240439707366,0.4607737019373758
5.0,fixed,3001,2,781842082,edges-cov,pca,0.196301266812935,0.4430589879608978
5.0,fixed,3001,2,781842082,node-var,sfa,0.2523103361633711,0.5023050230321922
5.0,fixed,3001,2,781842082,node-var,pca,0.22279107265147968,0.4720074921560882
5.0,proportional,501,2,781842082,edges-corr,sfa,0.6342728970951421,0.79641251691265
5.0,proportional,501,2,781842082,edges-corr,pca,0.5506888258108852,0.7420841096606807
5.0,proportional,501,2,781842082,edges-cov,sfa,0.28512009995575005,0.5339663846683141
5.0,proportional,501,2,781842082,edges-cov,pca,0.2847889291737383,0.5336561900453684
5.0,proportional,501,2,781842082,node-var,sfa,0.33585891635550463,0.5795333608650193
5.0,proportional,501,2,781842082,node-var,pca,0.32227657233515894,0.5676940834068636
5.0,fixed,3001,2,786091066,edges-corr,sfa,0.5044657743620494,0.7102575408695422
5.0,fixed,3001,2,786091066,edges-corr,pca,0.07903017446844661,0.2811230592968969
5.0,fixed,3001,2,786091066,edges-cov,sfa,0.5352429396313512,0.7316029931809678
5.0,fixed,3001,2,786091066,edges-cov,pca,0.11791371574736514,0.3433856661938077
5.0,fixed,3001,2,786091066,node-var,sfa,0.4942229707114413,0.7030099364244017
5.0,fixed,3001,2,786091066,node-var,pca,0.3107049702629307,0.5574091587540796
5.0,proportional,501,2,786091066,edges-corr,sfa,0.3122453677801893,0.5587891979809464
5.0,proportional,501,2,786091066,edges-corr,pca,0.025167172717186548,0.1586416487470631
5.0,proportional,501,2,786091066,edges-cov,sfa,0.5038299659865482,0.709809809728316
5.0,proportional,501,2,786091066,edges-cov,pca,0.022401883834214775,0.14967258878704134
5.0,proportional,501,2,786091066,node-var,sfa,0.4375537189817335,0.6614784342529494
5.0,proportional,501,2,786091066,node-var,pca,0.016454976441513832,0.12827695210564458
5.0,fixed,3001,2,787025148,edges-corr,sfa,0.41486194670842996,0.6440977772888445
5.0,fixed,3001,2,787025148,edges-corr,pca,0.4242312958801487,0.6513304045414652
5.0,fixed,3001,2,787025148,edges-cov,sfa,0.3837934128935834,0.6195106237132527
5.0,fixed,3001,2,787025148,edges-cov,pca,0.4169711659066169,0.6457330453884306
5.0,fixed,3001,2,787025148,node-var,sfa,0.34479963535966707,0.5871964197435702
5.0,fixed,3001,2,787025148,node-var,pca,0.40364156553609715,0.6353279196887991
5.0,proportional,501,2,787025148,edges-corr,sfa,0.27834964313795457,0.5275885168746137
5.0,proportional,501,2,787025148,edges-corr,pca,0.3100589037754668,0.5568293309223813
5.0,proportional,501,2,787025148,edges-cov,sfa,0.2514830564645975,0.5014808635078686
5.0,proportional,501,2,787025148,edges-cov,pca,0.32016335398201456,0.5658297924128903
5.0,proportional,501,2,787025148,node-var,sfa,0.2481669995796384,0.4981636273150002
5.0,proportional,501,2,787025148,node-var,pca,0.32527106849894344,0.5703254057982543
5.0,fixed,3001,2,789848216,edges-corr,sfa,0.6721552524028589,0.8198507500776339
5.0,fixed,3001,2,789848216,edges-corr,pca,0.6402684523166977,0.8001677651072291
5.0,fixed,3001,2,789848216,edges-cov,sfa,0.6553520214492082,0.8095381531769879
5.0,fixed,3001,2,789848216,edges-cov,pca,0.6016491995396029,0.7756604924447312
5.0,fixed,3001,2,789848216,node-var,sfa,0.5847491261975296,0.7646889081172353
5.0,fixed,3001,2,789848216,node-var,pca,0.5853902762260278,0.7651080160513467
5.0,proportional,501,2,789848216,edges-corr,sfa,0.8246165436738312,0.9080839959353051
5.0,proportional,501,2,789848216,edges-corr,pca,0.6281928848410362,0.792586200259023
5.0,proportional,501,2,789848216,edges-cov,sfa,0.6521769224031801,0.8075747162976192
5.0,proportional,501,2,789848216,edges-cov,pca,0.4753188022892498,0.6894336822996464
5.0,proportional,501,2,789848216,node-var,sfa,0.5673793763606729,0.7532458936898846
5.0,proportional,501,2,789848216,node-var,pca,0.42205613141810644,0.649658472905654
5.0,fixed,3001,2,793224716,edges-corr,sfa,0.9172887882481376,0.9577519450505635
5.0,fixed,3001,2,793224716,edges-corr,pca,0.9097465518409724,0.9538063492349862
5.0,fixed,3001,2,793224716,edges-cov,sfa,0.7748515506240561,0.8802565254651942
5.0,fixed,3001,2,793224716,edges-cov,pca,0.7648867380046916,0.8745780342569162
5.0,fixed,3001,2,793224716,node-var,sfa,0.7889980759961716,0.8882556366250492
5.0,fixed,3001,2,793224716,node-var,pca,0.7687620205471261,0.8767907507194211
5.0,proportional,501,2,793224716,edges-corr,sfa,0.8502442012742079,0.922086872954066
5.0,proportional,501,2,793224716,edges-corr,pca,0.851311588516607,0.9226654802888244
5.0,proportional,501,2,793224716,edges-cov,sfa,0.4936717488240561,0.7026177828834509
5.0,proportional,501,2,793224716,edges-cov,pca,0.46763813431592993,0.6838407229142835
5.0,proportional,501,2,793224716,node-var,sfa,0.5119617777309061,0.7155150436789615
5.0,proportional,501,2,793224716,node-var,pca,0.49225716513861717,0.7016104083739189
5.0,fixed,3001,2,794812542,edges-corr,sfa,0.6450210559944819,0.8031320289930429
5.0,fixed,3001,2,794812542,edges-corr,pca,0.6612039054681451,0.8131444554740228
5.0,fixed,3001,2,794812542,edges-cov,sfa,0.5542732579108806,0.7444953041563664
5.0,fixed,3001,2,794812542,edges-cov,pca,0.5068801608828211,0.7119551677478162
5.0,fixed,3001,2,794812542,node-var,sfa,0.5195579078684421,0.7208036541725091
5.0,fixed,3001,2,794812542,node-var,pca,0.5389047926747225,0.7341013504106381
5.0,proportional,501,2,794812542,edges-corr,sfa,0.599685358254893,0.7743935422347561
5.0,proportional,501,2,794812542,edges-corr,pca,0.5097662663571362,0.7139791778176281
5.0,proportional,501,2,794812542,edges-cov,sfa,0.4617244856836348,0.6795031167578518
5.0,proportional,501,2,794812542,edges-cov,pca,0.35958631251204826,0.5996551613319511
5.0,proportional,501,2,794812542,node-var,sfa,0.40775514987264766,0.6385570842709739
5.0,proportional,501,2,794812542,node-var,pca,0.4236298791080126,0.6508685574737902
5.0,fixed,3001,2,816200189,edges-corr,sfa,0.6587937582243475,0.8116611104545711
5.0,fixed,3001,2,816200189,edges-corr,pca,0.5857787610585159,0.7653618497537723
5.0,fixed,3001,2,816200189,edges-cov,sfa,0.4111276034618418,0.6411923295407095
5.0,fixed,3001,2,816200189,edges-cov,pca,0.3956467222981515,0.6290045487102232
5.0,fixed,3001,2,816200189,node-var,sfa,0.40509243868820505,0.6364687256167463
5.0,fixed,3001,2,816200189,node-var,pca,0.4104006278975512,0.6406251851883059
5.0,proportional,501,2,816200189,edges-corr,sfa,0.5013289711031871,0.7080458820607511
5.0,proportional,501,2,816200189,edges-corr,pca,0.4008056069392419,0.6330920998869295
5.0,proportional,501,2,816200189,edges-cov,sfa,0.1948333316994028,0.44139928828601754
5.0,proportional,501,2,816200189,edges-cov,pca,0.19242060493076626,0.43865773095976124
5.0,proportional,501,2,816200189,node-var,sfa,0.19973433412549904,0.4469164733207974
5.0,proportional,501,2,816200189,node-var,pca,0.2004565452778616,0.4477237376752115
5.0,fixed,3001,2,829720705,edges-corr,sfa,0.418379808908742,0.6468228574414652
5.0,fixed,3001,2,829720705,edges-corr,pca,0.3642825704364371,0.6035582576988215
5.0,fixed,3001,2,829720705,edges-cov,sfa,0.2557376191858319,0.5057050713467602
5.0,fixed,3001,2,829720705,edges-cov,pca,0.24068672981421999,0.49059833857670165
5.0,fixed,3001,2,829720705,node-var,sfa,0.25792681374995974,0.5078649562137161
5.0,fixed,3001,2,829720705,node-var,pca,0.2679802625373647,0.5176681007531415
5.0,proportional,501,2,829720705,edges-corr,sfa,0.32001655425036807,0.5657000567883727
5.0,proportional,501,2,829720705,edges-corr,pca,0.29504258384413995,0.5431782247514529
5.0,proportional,501,2,829720705,edges-cov,sfa,0.2263428844010948,0.47575506765676684
5.0,proportional,501,2,829720705,edges-cov,pca,0.21207073484379513,0.46051138405450426
5.0,proportional,501,2,829720705,node-var,sfa,0.22967831058018737,0.4792476505734664
5.0,proportional,501,2,829720705,node-var,pca,0.23947445333045456,0.48936127077084324
5.0,fixed,3001,2,831882777,edges-corr,sfa,0.0008091234026988187,0.02844509452785873
5.0,fixed,3001,2,831882777,edges-corr,pca,0.0006593632774817607,0.02567806997189938
5.0,fixed,3001,2,831882777,edges-cov,sfa,0.003963644313281466,0.06295748020117599
5.0,fixed,3001,2,831882777,edges-cov,pca,0.008097872265739534,0.08998817847772858
5.0,fixed,3001,2,831882777,node-var,sfa,0.004433608578378645,0.06658534807582404
5.0,fixed,3001,2,831882777,node-var,pca,0.004757491545926432,0.06897457173427343
5.0,proportional,501,2,831882777,edges-corr,sfa,7.212701651872893e-05,0.008492762596395175
5.0,proportional,501,2,831882777,edges-corr,pca,0.003368023184047651,0.058034672257605203
5.0,proportional,501,2,831882777,edges-cov,sfa,0.01040037252836935,0.10198221672610058
5.0,proportional,501,2,831882777,edges-cov,pca,0.01378704738068296,0.11741825829351651
5.0,proportional,501,2,831882777,node-var,sfa,0.0071621529816234914,0.08462950420286941
5.0,proportional,501,2,831882777,node-var,pca,0.007782685653557319,0.08821953102095544
5.0,fixed,3001,2,835479236,edges-corr,sfa,0.605021810201138,0.7778314793071427
5.0,fixed,3001,2,835479236,edges-corr,pca,0.5950220389801816,0.7713767166438079
5.0,fixed,3001,2,835479236,edges-cov,sfa,0.6985255379595159,0.8357784024246594
5.0,fixed,3001,2,835479236,edges-cov,pca,0.5883711896791604,0.7670535767983618
5.0,fixed,3001,2,835479236,node-var,sfa,0.6786675284851285,0.8238127994181254
5.0,fixed,3001,2,835479236,node-var,pca,0.23520505120801402,0.48497943379901587
5.0,proportional,501,2,835479236,edges-corr,sfa,0.6145432519231997,0.7839280910410085
5.0,proportional,501,2,835479236,edges-corr,pca,0.5579103757371124,0.746933983520038
5.0,proportional,501,2,835479236,edges-cov,sfa,0.6668181911351294,0.8165893650636955
5.0,proportional,501,2,835479236,edges-cov,pca,0.5015273198446942,0.7081859359269247
5.0,proportional,501,2,835479236,node-var,sfa,0.03762754629367698,0.19397821087348183
5.0,proportional,501,2,835479236,node-var,pca,0.12199085164715225,0.34927188785694196
5.0,fixed,3001,2,839068429,edges-corr,sfa,0.01911605283804696,0.13826081454283046
5.0,fixed,3001,2,839068429,edges-corr,pca,0.019960184420436792,0.1412805167757989
5.0,fixed,3001,2,839068429,edges-cov,sfa,0.006476887149713622,0.08047911002063593
5.0,fixed,3001,2,839068429,edges-cov,pca,0.005656180600994683,0.07520758340084252
5.0,fixed,3001,2,839068429,node-var,sfa,0.014567535871530013,0.12069604745612017
5.0,fixed,3001,2,839068429,node-var,pca,0.004961109142047958,0.07043514138587327
5.0,proportional,501,2,839068429,edges-corr,sfa,0.0007793576139915469,0.02791697716429103
5.0,proportional,501,2,839068429,edges-corr,pca,0.09298960104572426,0.3049419634057016
5.0,proportional,501,2,839068429,edges-cov,sfa,0.0007517683433021995,0.02741839425098048
5.0,proportional,501,2,839068429,edges-cov,pca,0.020468990452748904,0.14306987961394566
5.0,proportional,501,2,839068429,node-var,sfa,0.007553475871547991,0.08691073507655997
5.0,proportional,501,2,839068429,node-var,pca,0.004721558305723632,0.06871359622173498
5.0,fixed,3001,2,847657808,edges-corr,sfa,0.6091056409056969,0.7804522028322406
5.0,fixed,3001,2,847657808,edges-corr,pca,0.623635190607583,0.7897057620453222
5.0,fixed,3001,2,847657808,edges-cov,sfa,0.4367288146599689,0.6608546093203624
5.0,fixed,3001,2,847657808,edges-cov,pca,0.4518455897276336,0.6721946070355174
5.0,fixed,3001,2,847657808,node-var,sfa,0.4797339875756805,0.6926283184910075
5.0,fixed,3001,2,847657808,node-var,pca,0.17754121867206943,0.4213564033832516
5.0,proportional,501,2,847657808,edges-corr,sfa,0.5556754374014001,0.7454364073490106
5.0,proportional,501,2,847657808,edges-corr,pca,0.4664296309514466,0.68295653664889
5.0,proportional,501,2,847657808,edges-cov,sfa,0.1397106087830351,0.3737788233474913
5.0,proportional,501,2,847657808,edges-cov,pca,0.22885843972159534,0.47839151301167054
5.0,proportional,501,2,847657808,node-var,sfa,0.29269136391803646,0.5410095783976809
5.0,proportional,501,2,847657808,node-var,pca,0.09036922676428598,0.30061474808180316
5.0,fixed,3001,3,766640955,edges-corr,sfa,0.294258531674896,0.5424560181940062
5.0,fixed,3001,3,766640955,edges-corr,pca,0.2665931910803328,0.5163266321625612
5.0,fixed,3001,3,766640955,edges-cov,sfa,0.21753194012891602,0.46640319480993697
5.0,fixed,3001,3,766640955,edges-cov,pca,0.21803523235407798,0.46694242937869546
5.0,fixed,3001,3,766640955,node-var,sfa,0.23801389189607774,0.4878666743036234
5.0,fixed,3001,3,766640955,node-var,pca,0.2227490702797148,0.47196299672719555
5.0,proportional,501,3,766640955,edges-corr,sfa,0.21086858265624564,0.45920429294187315
5.0,proportional,501,3,766640955,edges-corr,pca,0.15122820885184898,0.388880712882304
5.0,proportional,501,3,766640955,edges-cov,sfa,0.1624114370915869,0.4030030236754892
5.0,proportional,501,3,766640955,edges-cov,pca,0.16889225827150978,0.4109650329060975
5.0,proportional,501,3,766640955,node-var,sfa,0.19932669284795804,0.4464601805849633
5.0,proportional,501,3,766640955,node-var,pca,0.16632095572479735,0.4078246629677972
5.0,fixed,3001,3,767871931,edges-corr,sfa,0.48675306269579155,0.6976769042298817
5.0,fixed,3001,3,767871931,edges-corr,pca,0.015491670905979145,0.12446554103839
5.0,fixed,3001,3,767871931,edges-cov,sfa,0.6085667208612285,0.7801068650263427
5.0,fixed,3001,3,767871931,edges-cov,pca,0.2557856772967205,0.505752585061827
5.0,fixed,3001,3,767871931,node-var,sfa,0.44620428102910814,0.6679852401281844
5.0,fixed,3001,3,767871931,node-var,pca,0.3775703732326812,0.6144675526280303
5.0,proportional,501,3,767871931,edges-corr,sfa,0.27211697181101313,0.5216483219670252
5.0,proportional,501,3,767871931,edges-corr,pca,0.01644031177967808,0.12821977920616648
5.0,proportional,501,3,767871931,edges-cov,sfa,0.37593967360348585,0.6131391959445146
5.0,proportional,501,3,767871931,edges-cov,pca,0.037405844987000864,0.19340590732188317
5.0,proportional,501,3,767871931,node-var,sfa,0.2332314102685283,0.48294037962105457
5.0,proportional,501,3,767871931,node-var,pca,0.10787352108645853,0.32844104659201556
5.0,fixed,3001,3,771160300,edges-corr,sfa,0.09136097989441243,0.30225978874870607
5.0,fixed,3001,3,771160300,edges-corr,pca,0.05711440881589993,0.23898621051412136
5.0,fixed,3001,3,771160300,edges-cov,sfa,0.07086087053765346,0.26619705208295125
5.0,fixed,3001,3,771160300,edges-cov,pca,0.0725829225640574,0.2694121796876626
5.0,fixed,3001,3,771160300,node-var,sfa,0.0712527702665278,0.26693214543499216
5.0,fixed,3001,3,771160300,node-var,pca,0.07828594646656802,0.2797962588501998
5.0,proportional,501,3,771160300,edges-corr,sfa,0.15425041455709154,0.39274726549919037
5.0,proportional,501,3,771160300,edges-corr,pca,0.19155245645300867,0.43766706119264753
5.0,proportional,501,3,771160300,edges-cov,sfa,0.24635872393773742,0.4963453675997565
5.0,proportional,501,3,771160300,edges-cov,pca,0.2402974898868784,0.4902014788705542
5.0,proportional,501,3,771160300,node-var,sfa,0.23192196998127737,0.48158277583534626
5.0,proportional,501,3,771160300,node-var,pca,0.24096726545855218,0.4908841670481461
5.0,fixed,3001,3,771990200,edges-corr,sfa,0.03945863019895208,0.19864196484869978
5.0,fixed,3001,3,771990200,edges-corr,pca,0.11450950059352988,0.33839252443505585
5.0,fixed,3001,3,771990200,edges-cov,sfa,0.08118721066666722,0.28493369521112666
5.0,fixed,3001,3,771990200,edges-cov,pca,0.2597965681519749,0.509702430984957
5.0,fixed,3001,3,771990200,node-var,sfa,0.10347828590658364,0.32168040957848776
5.0,fixed,3001,3,771990200,node-var,pca,0.23639362242956963,0.48620327274666675
5.0,proportional,501,3,771990200,edges-corr,sfa,0.04663625999507861,0.21595430070984603
5.0,proportional,501,3,771990200,edges-corr,pca,0.1194456678549699,0.34560912582709663
5.0,proportional,501,3,771990200,edges-cov,sfa,0.11938559341768543,0.345522203943083
5.0,proportional,501,3,771990200,edges-cov,pca,0.23051074547008477,0.48011534600560807
5.0,proportional,501,3,771990200,node-var,sfa,0.08923013090219623,0.2987141290635517
5.0,proportional,501,3,771990200,node-var,pca,0.2241360971301756,0.47343013965122205
5.0,fixed,3001,3,774875821,edges-corr,sfa,0.45636127522201114,0.6755451688984321
5.0,fixed,3001,3,774875821,edges-corr,pca,0.37614523856156434,0.6133068062247184
5.0,fixed,3001,3,774875821,edges-cov,sfa,0.44946370921020934,0.6704205465304665
5.0,fixed,3001,3,774875821,edges-cov,pca,0.40139635706762916,0.6335584874876424
5.0,fixed,3001,3,774875821,node-var,sfa,0.45479739443505923,0.6743866802028783
5.0,fixed,3001,3,774875821,node-var,pca,0.41839137508405194,0.6468317981392473
5.0,proportional,501,3,774875821,edges-corr,sfa,0.5303223750558418,0.7282323633675187
5.0,proportional,501,3,774875821,edges-corr,pca,0.2936208352653535,0.5418679131166132
5.0,proportional,501,3,774875821,edges-cov,sfa,0.3715815060945981,0.6095748568425359
5.0,proportional,501,3,774875821,edges-cov,pca,0.2556124632312124,0.5055813121855004
5.0,proportional,501,3,774875821,node-var,sfa,0.35362923956594794,0.5946673352101559
5.0,proportional,501,3,774875821,node-var,pca,0.2927285758644292,0.541043968513123
5.0,fixed,3001,3,778240327,edges-corr,sfa,0.39576697955001583,0.6291001347559988
5.0,fixed,3001,3,778240327,edges-corr,pca,0.40054747273411945,0.6328881992375268
5.0,fixed,3001,3,778240327,edges-cov,sfa,0.3701318559752694,0.6083846283193465
5.0,fixed,3001,3,778240327,edges-cov,pca,0.4090982652991561,0.6396078996534956
5.0,fixed,3001,3,778240327,node-var,sfa,0.36997902810258243,0.6082590139920513
5.0,fixed,3001,3,778240327,node-var,pca,0.40306882009089373,0.634877011783301
5.0,proportional,501,3,778240327,edges-corr,sfa,0.6128082883554331,0.7828207255530688
5.0,proportional,501,3,778240327,edges-corr,pca,0.35790948425154,0.5982553670896233
5.0,proportional,501,3,778240327,edges-cov,sfa,0.562473772824702,0.7499825150126515
5.0,proportional,501,3,778240327,edges-cov,pca,0.527848510520258,0.726531837237886
5.0,proportional,501,3,778240327,node-var,sfa,0.5479552514071315,0.7402399958169861
5.0,proportional,501,3,778240327,node-var,pca,0.5469355153571475,0.7395508876048675
5.0,fixed,3001,3,778998620,edges-corr,sfa,0.3574614723136204,0.59788081781708
5.0,fixed,3001,3,778998620,edges-corr,pca,0.3142348123881044,0.5605665102270242
5.0,fixed,3001,3,778998620,edges-cov,sfa,0.5676781201661787,0.7534441718974132
5.0,fixed,3001,3,778998620,edges-cov,pca,0.5169636793022023,0.719001863211913
5.0,fixed,3001,3,778998620,node-var,sfa,0.5479456888668433,0.7402335367077361
5.0,fixed,3001,3,778998620,node-var,pca,0.5457260967590365,0.7387327641028496
5.0,proportional,501,3,778998620,edges-corr,sfa,0.6137216830200732,0.7834039079683438
5.0,proportional,501,3,778998620,edges-corr,pca,0.3959113368214458,0.6292148574385746
5.0,proportional,501,3,778998620,edges-cov,sfa,0.5928047413079934,0.7699381412217435
5.0,proportional,501,3,778998620,edges-cov,pca,0.477019724907221,0.6906661457659706
5.0,proportional,501,3,778998620,node-var,sfa,0.5506673819479807,0.7420696611154378
5.0,proportional,501,3,778998620,node-var,pca,0.5620364401226534,0.7496908963850725
5.0,fixed,3001,3,779839471,edges-corr,sfa,0.5229125056476152,0.7231268945680386
5.0,fixed,3001,3,779839471,edges-corr,pca,0.470536102814255,0.6859563417698352
5.0,fixed,3001,3,779839471,edges-cov,sfa,0.39460520236094626,0.6281760918412498
5.0,fixed,3001,3,779839471,edges-cov,pca,0.3808299538073256,0.6171142145562081
5.0,fixed,3001,3,779839471,node-var,sfa,0.3994141451050138,0.6319922033577738
5.0,fixed,3001,3,779839471,node-var,pca,0.3947718408639068,0.6283087146171911
5.0,proportional,501,3,779839471,edges-corr,sfa,0.35601804234062684,0.5966724749312866
5.0,proportional,501,3,779839471,edges-corr,pca,0.36453797974514757,0.6037698069174605
5.0,proportional,501,3,779839471,edges-cov,sfa,0.30197542588239923,0.5495229075137807
5.0,proportional,501,3,779839471,edges-cov,pca,0.2723690107796607,0.5218898454460105
5.0,proportional,501,3,779839471,node-var,sfa,0.28685075327861526,0.5355844968617139
5.0,proportional,501,3,779839471,node-var,pca,0.2996310148352339,0.5473856180383568
5.0,fixed,3001,3,781842082,edges-corr,sfa,0.42971240164163205,0.6555245240581256
5.0,fixed,3001,3,781842082,edges-corr,pca,0.3850645680644799,0.6205357105473301
5.0,fixed,3001,3,781842082,edges-cov,sfa,0.44658858496651316,0.6682728372203326
5.0,fixed,3001,3,781842082,edges-cov,pca,0.408998207501244,0.6395296767947865
5.0,fixed,3001,3,781842082,node-var,sfa,0.4410594616085664,0.6641230771540516
5.0,fixed,3001,3,781842082,node-var,pca,0.36611179502237323,0.6050717271715588
5.0,proportional,501,3,781842082,edges-corr,sfa,0.6707922090927008,0.8190190529485262
5.0,proportional,501,3,781842082,edges-corr,pca,0.5658425084350115,0.7522250384260095
5.0,proportional,501,3,781842082,edges-cov,sfa,0.4737915955317144,0.6883252105885084
5.0,proportional,501,3,781842082,edges-cov,pca,0.48380943516968883,0.6955641129110162
5.0,proportional,501,3,781842082,node-var,sfa,0.48453373958259727,0.6960845778945237
5.0,proportional,501,3,781842082,node-var,pca,0.4384594212873656,0.66216268491011
5.0,fixed,3001,3,786091066,edges-corr,sfa,0.3191966258740793,0.5649748895960592
5.0,fixed,3001,3,786091066,edges-corr,pca,0.1012677880746451,0.31822600156908154
5.0,fixed,3001,3,786091066,edges-cov,sfa,0.33498496055998633,0.5787788528963255
5.0,fixed,3001,3,786091066,edges-cov,pca,0.25832110627541555,0.5082529943595173
5.0,fixed,3001,3,786091066,node-var,sfa,0.34440689715283035,0.5868619063739189
5.0,fixed,3001,3,786091066,node-var,pca,0.37439706991438554,0.6118799473053399
5.0,proportional,501,3,786091066,edges-corr,sfa,0.25256315836931487,0.502556622052993
5.0,proportional,501,3,786091066,edges-corr,pca,0.04030634106571122,0.2007643919267339
5.0,proportional,501,3,786091066,edges-cov,sfa,0.4496164032912985,0.6705344161870429
5.0,proportional,501,3,786091066,edges-cov,pca,0.08406837846902127,0.28994547499318085
5.0,proportional,501,3,786091066,node-var,sfa,0.45832755374919193,0.6769989318670983
5.0,proportional,501,3,786091066,node-var,pca,0.3958132530936772,0.6291369112472079
5.0,fixed,3001,3,787025148,edges-corr,sfa,0.2581680797641927,0.5081024303860322
5.0,fixed,3001,3,787025148,edges-corr,pca,0.30811802573472824,0.5550838006416042
5.0,fixed,3001,3,787025148,edges-cov,sfa,0.2757054143956548,0.5250765795535494
5.0,fixed,3001,3,787025148,edges-cov,pca,0.2528657579592694,0.5028575921265079
5.0,fixed,3001,3,787025148,node-var,sfa,0.2605861993348377,0.510476443467118
5.0,fixed,3001,3,787025148,node-var,pca,0.13640240357888475,0.36932696026540596
5.0,proportional,501,3,787025148,edges-corr,sfa,0.007557533413232241,0.08693407509850347
5.0,proportional,501,3,787025148,edges-corr,pca,0.31124539821728575,0.5578937158790066
5.0,proportional,501,3,787025148,edges-cov,sfa,0.010880997670845678,0.10431202073992085
5.0,proportional,501,3,787025148,edges-cov,pca,0.2699809676702355,0.5195969280800604
5.0,proportional,501,3,787025148,node-var,sfa,0.42120455738391477,0.649002740659787
5.0,proportional,501,3,787025148,node-var,pca,0.017141811069890087,0.1309267393235243
5.0,fixed,3001,3,789848216,edges-corr,sfa,0.21729945865102862,0.46615390017785824
5.0,fixed,3001,3,789848216,edges-corr,pca,0.1926086301177082,0.4388719974180492
5.0,fixed,3001,3,789848216,edges-cov,sfa,0.1323108723852027,0.3637456149360466
5.0,fixed,3001,3,789848216,edges-cov,pca,0.12177006377538438,0.3489556759466514
5.0,fixed,3001,3,789848216,node-var,sfa,0.11934490049280269,0.34546331280297
5.0,fixed,3001,3,789848216,node-var,pca,0.07674778266475696,0.2770339016524096
5.0,proportional,501,3,789848216,edges-corr,sfa,0.6678955274209145,0.8172487549216055
5.0,proportional,501,3,789848216,edges-corr,pca,0.47060940881103863,0.6860097731162718
5.0,proportional,501,3,789848216,edges-cov,sfa,0.5015379475923893,0.7081934393881303
5.0,proportional,501,3,789848216,edges-cov,pca,0.32290156097702066,0.568244279317461
5.0,proportional,501,3,789848216,node-var,sfa,0.4486504610524184,0.6698137510177127
5.0,proportional,501,3,789848216,node-var,pca,0.24811399667841083,0.49811042618922446
5.0,fixed,3001,3,793224716,edges-corr,sfa,0.555551493813594,0.7453532677956098
5.0,fixed,3001,3,793224716,edges-corr,pca,0.5429009646963213,0.7368181354284932
5.0,fixed,3001,3,793224716,edges-cov,sfa,0.42081803747585395,0.6487048924402019
5.0,fixed,3001,3,793224716,edges-cov,pca,0.4094634832632602,0.6398933374112128
5.0,fixed,3001,3,793224716,node-var,sfa,0.4106670313118675,0.6408330760126755
5.0,fixed,3001,3,793224716,node-var,pca,0.41552356711435867,0.6446111751392142
5.0,proportional,501,3,793224716,edges-corr,sfa,0.6243712797967791,0.7901716774200269
5.0,proportional,501,3,793224716,edges-corr,pca,0.614637671352985,0.7839883107247103
5.0,proportional,501,3,793224716,edges-cov,sfa,0.471347628517349,0.6865476156227979
5.0,proportional,501,3,793224716,edges-cov,pca,0.4278609686097657,0.6541108228807758
5.0,proportional,501,3,793224716,node-var,sfa,0.48211871992598615,0.6943476938292416
5.0,proportional,501,3,793224716,node-var,pca,0.48645912916567613,0.6974662208061951
5.0,fixed,3001,3,794812542,edges-corr,sfa,0.5522090469478095,0.7431076953899814
5.0,fixed,3001,3,794812542,edges-corr,pca,0.4757155877399536,0.6897213841399682
5.0,fixed,3001,3,794812542,edges-cov,sfa,0.44399548008610484,0.6663298583180142
5.0,fixed,3001,3,794812542,edges-cov,pca,0.38939958431350286,0.6240188974009544
5.0,fixed,3001,3,794812542,node-var,sfa,0.43466026686555714,0.6592876965828781
5.0,fixed,3001,3,794812542,node-var,pca,0.4247778428959068,0.6517498315273329
5.0,proportional,501,3,794812542,edges-corr,sfa,0.7770243853710371,0.8814898668566968
5.0,proportional,501,3,794812542,edges-corr,pca,0.6867691450869243,0.8287153583027916
5.0,proportional,501,3,794812542,edges-cov,sfa,0.41297052374781235,0.6426278267767529
5.0,proportional,501,3,794812542,edges-cov,pca,0.3702004205024786,0.608440975364479
5.0,proportional,501,3,794812542,node-var,sfa,0.3994944905583281,0.6320557653865109
5.0,proportional,501,3,794812542,node-var,pca,0.4078719426613014,0.6386485282698938
5.0,fixed,3001,3,816200189,edges-corr,sfa,0.40706424314073514,0.6380158643331176
5.0,fixed,3001,3,816200189,edges-corr,pca,0.40640079425411657,0.63749572096926
5.0,fixed,3001,3,816200189,edges-cov,sfa,0.3194088336907701,0.5651626612673294
5.0,fixed,3001,3,816200189,edges-cov,pca,0.33228716878026426,0.576443552119602
5.0,fixed,3001,3,816200189,node-var,sfa,0.326888899626165,0.5717419869365595
5.0,fixed,3001,3,816200189,node-var,pca,0.3269367250703721,0.5717838097308913
5.0,proportional,501,3,816200189,edges-corr,sfa,0.34673198053391036,0.588839520186876
5.0,proportional,501,3,816200189,edges-corr,pca,0.32056530360003,0.5661848669825342
5.0,proportional,501,3,816200189,edges-cov,sfa,0.25192923118615723,0.501925523545234
5.0,proportional,501,3,816200189,edges-cov,pca,0.2524445689822296,0.5024386221044612
5.0,proportional,501,3,816200189,node-var,sfa,0.2533169922154838,0.5033060621684223
5.0,proportional,501,3,816200189,node-var,pca,0.25149692239462446,0.5014946883015058
5.0,fixed,3001,3,829720705,edges-corr,sfa,0.410288728344385,0.6405378430228654
5.0,fixed,3001,3,829720705,edges-corr,pca,0.3822379216890454,0.6182539297805113
5.0,fixed,3001,3,829720705,edges-cov,sfa,0.2731060348709157,0.5225954791910429
5.0,fixed,3001,3,829720705,edges-cov,pca,0.26104522970471367,0.510925855388738
5.0,fixed,3001,3,829720705,node-var,sfa,0.2705482760933513,0.520142553626745
5.0,fixed,3001,3,829720705,node-var,pca,0.285340045497099,0.534172299447565
5.0,proportional,501,3,829720705,edges-corr,sfa,0.33281228522227735,0.576898851812237
5.0,proportional,501,3,829720705,edges-corr,pca,0.325599414452831,0.5706131916218122
5.0,proportional,501,3,829720705,edges-cov,sfa,0.22154950227580927,0.47069045271368026
5.0,proportional,501,3,829720705,edges-cov,pca,0.21000741583192362,0.45826566076013553
5.0,proportional,501,3,829720705,node-var,sfa,0.2237122787698098,0.47298232395070516
5.0,proportional,501,3,829720705,node-var,pca,0.2353887687088465,0.4851688043442679
5.0,fixed,3001,3,831882777,edges-corr,sfa,0.001136571836472223,0.033713081088387976
5.0,fixed,3001,3,831882777,edges-corr,pca,0.0002211940935902919,0.014872595388508755
5.0,fixed,3001,3,831882777,edges-cov,sfa,0.003590010469023865,0.0599166960790051
5.0,fixed,3001,3,831882777,edges-cov,pca,0.006443879523013604,0.08027377855198797
5.0,fixed,3001,3,831882777,node-var,sfa,0.004160910633075795,0.0645051209833436
5.0,fixed,3001,3,831882777,node-var,pca,0.004453834182700345,0.06673705254729448
5.0,proportional,501,3,831882777,edges-corr,sfa,0.0006879558726708653,0.02622891291439402
5.0,proportional,501,3,831882777,edges-corr,pca,0.006205024713211076,0.07877197923888339
5.0,proportional,501,3,831882777,edges-cov,sfa,0.00786701149222465,0.08869617518373975
5.0,proportional,501,3,831882777,edges-cov,pca,0.014433826929933712,0.1201408628649458
5.0,proportional,501,3,831882777,node-var,sfa,0.006145482331078381,0.07839312681018905
5.0,proportional,501,3,831882777,node-var,pca,0.006705239295670549,0.08188552555653868
5.0,fixed,3001,3,835479236,edges-corr,sfa,0.00016089574040567222,0.012684468471547092
5.0,fixed,3001,3,835479236,edges-corr,pca,0.00012103013401094286,0.011001369642501013
5.0,fixed,3001,3,835479236,edges-cov,sfa,0.00037894237565601157,0.019466442295807716
5.0,fixed,3001,3,835479236,edges-cov,pca,0.0003854246248764627,0.019632234332252217
5.0,fixed,3001,3,835479236,node-var,sfa,0.00046224745982817374,0.021499940926155443
5.0,fixed,3001,3,835479236,node-var,pca,0.00044024998576832323,0.020982134919219332
5.0,proportional,501,3,835479236,edges-corr,sfa,3.195692938237608e-05,0.005653046026911163
5.0,proportional,501,3,835479236,edges-corr,pca,2.8212255415105017e-06,0.0016796504224125036
5.0,proportional,501,3,835479236,edges-cov,sfa,8.806641092884867e-05,0.009384370566471076
5.0,proportional,501,3,835479236,edges-cov,pca,7.113027013006711e-05,0.008433876340690982
5.0,proportional,501,3,835479236,node-var,sfa,0.00014678707659753184,0.012115571657892657
5.0,proportional,501,3,835479236,node-var,pca,0.00013899826811655642,0.011789752674104594
5.0,fixed,3001,3,839068429,edges-corr,sfa,0.1720776129914387,0.4148223872833272
5.0,fixed,3001,3,839068429,edges-corr,pca,0.0019484033552072627,0.044140722187196516
5.0,fixed,3001,3,839068429,edges-cov,sfa,0.029620191453960637,0.17210517555832142
5.0,fixed,3001,3,839068429,edges-cov,pca,0.0005816413213935922,0.02411724116464386
5.0,fixed,3001,3,839068429,node-var,sfa,0.002072658125329536,0.045526455224732094
5.0,fixed,3001,3,839068429,node-var,pca,0.0002814080104783301,0.016775220132037912
5.0,proportional,501,3,839068429,edges-corr,sfa,3.797649296164805e-05,0.006162507035423818
5.0,proportional,501,3,839068429,edges-corr,pca,0.01996581731575247,0.14130045051503717
5.0,proportional,501,3,839068429,edges-cov,sfa,4.7961510077231474e-05,0.006925424902288052
5.0,proportional,501,3,839068429,edges-cov,pca,0.013076265590347875,0.11435150016658231
5.0,proportional,501,3,839068429,node-var,sfa,0.0005422672656247343,0.02328663276699176
5.0,proportional,501,3,839068429,node-var,pca,0.005052528196716361,0.07108113812198255
5.0,fixed,3001,3,847657808,edges-corr,sfa,0.5066484594306419,0.7117924272079901
5.0,fixed,3001,3,847657808,edges-corr,pca,0.30513409965326893,0.552389445638916
5.0,fixed,3001,3,847657808,edges-cov,sfa,0.3226352252119233,0.5680098812625739
5.0,fixed,3001,3,847657808,edges-cov,pca,0.16270858425933435,0.4033715213786595
5.0,fixed,3001,3,847657808,node-var,sfa,0.12379566944316628,0.35184608771900006
5.0,fixed,3001,3,847657808,node-var,pca,0.03751249596440335,0.19368142906433583
5.0,proportional,501,3,847657808,edges-corr,sfa,0.26590535603724175,0.5156601167796883
5.0,proportional,501,3,847657808,edges-corr,pca,0.1532055800956475,0.39141484398991244
5.0,proportional,501,3,847657808,edges-cov,sfa,0.00261520182333424,0.05113904402053523
5.0,proportional,501,3,847657808,edges-cov,pca,0.08180669719785047,0.2860187007834461
5.0,proportional,501,3,847657808,node-var,sfa,0.08768889583014021,0.2961231092470498
5.0,proportional,501,3,847657808,node-var,pca,0.05385271158640629,0.23206187016915616
5.0,fixed,3001,4,766640955,edges-corr,sfa,0.5785000859716238,0.7605919313085197
5.0,fixed,3001,4,766640955,edges-corr,pca,0.6073490739384502,0.7793260382782358
5.0,fixed,3001,4,766640955,edges-cov,sfa,0.4606728413813605,0.6787288423084439
5.0,fixed,3001,4,766640955,edges-cov,pca,0.474935005068494,0.6891552837122371
5.0,fixed,3001,4,766640955,node-var,sfa,0.44690910037870524,0.6685126030066338
5.0,fixed,3001,4,766640955,node-var,pca,0.47441308112162867,0.6887765102859045
5.0,proportional,501,4,766640955,edges-corr,sfa,0.5254920163303274,0.7249082813227666
5.0,proportional,501,4,766640955,edges-corr,pca,0.3592721569166753,0.5993931572154251
5.0,proportional,501,4,766640955,edges-cov,sfa,0.27664687782176056,0.5259723165925756
5.0,proportional,501,4,766640955,edges-cov,pca,0.27621199910332356,0.5255587494308543
5.0,proportional,501,4,766640955,node-var,sfa,0.34130086854067065,0.5842096101063989
5.0,proportional,501,4,766640955,node-var,pca,0.25374473471840864,0.5037308157323797
5.0,fixed,3001,4,767871931,edges-corr,sfa,0.7450915770027415,0.863186872584808
5.0,fixed,3001,4,767871931,edges-corr,pca,0.7261828572996352,0.8521636329365594
5.0,fixed,3001,4,767871931,edges-cov,sfa,0.764549875482467,0.8743854273044965
5.0,fixed,3001,4,767871931,edges-cov,pca,0.7820688135759188,0.8843465460869505
5.0,fixed,3001,4,767871931,node-var,sfa,0.7830786411548031,0.8849173075235918
5.0,fixed,3001,4,767871931,node-var,pca,0.7946351240495544,0.8914230892508643
5.0,proportional,501,4,767871931,edges-corr,sfa,0.7853628836737774,0.8862070207766227
5.0,proportional,501,4,767871931,edges-corr,pca,0.7281532972655793,0.8533189891626574
5.0,proportional,501,4,767871931,edges-cov,sfa,0.7267350132447109,0.852487544334057
5.0,proportional,501,4,767871931,edges-cov,pca,0.49463264697683995,0.7033012490937578
5.0,proportional,501,4,767871931,node-var,sfa,0.6998881819697352,0.8365931998108371
5.0,proportional,501,4,767871931,node-var,pca,0.5459624559351131,0.7388927228868295
5.0,fixed,3001,4,771160300,edges-corr,sfa,0.037908672730015656,0.19470149647605603
5.0,fixed,3001,4,771160300,edges-corr,pca,0.09438981723140095,0.3072292584234141
5.0,fixed,3001,4,771160300,edges-cov,sfa,0.11897840834348733,0.3449324692508482
5.0,fixed,3001,4,771160300,edges-cov,pca,0.13935035869466691,0.37329660954081395
5.0,fixed,3001,4,771160300,node-var,sfa,0.12220282503168105,0.34957520654600355
5.0,fixed,3001,4,771160300,node-var,pca,0.14440999910164518,0.38001315648493694
5.0,proportional,501,4,771160300,edges-corr,sfa,1.785253349668536e-05,0.004225225851559341
5.0,proportional,501,4,771160300,edges-corr,pca,0.1275349115189601,0.35712030398586986
5.0,proportional,501,4,771160300,edges-cov,sfa,0.2255032494953646,0.4748718242803679
5.0,proportional,501,4,771160300,edges-cov,pca,0.21376520769936586,0.46234749669417036
5.0,proportional,501,4,771160300,node-var,sfa,0.22228908099103695,0.4714754298911418
5.0,proportional,501,4,771160300,node-var,pca,0.21478363255067104,0.4634475510245696
5.0,fixed,3001,4,771990200,edges-corr,sfa,0.5282888223877362,0.726834797177279
5.0,fixed,3001,4,771990200,edges-corr,pca,0.598249888845557,0.7734661523593369
5.0,fixed,3001,4,771990200,edges-cov,sfa,0.41698899584481663,0.6457468512078217
5.0,fixed,3001,4,771990200,edges-cov,pca,0.3446252153635035,0.5870478816617121
5.0,fixed,3001,4,771990200,node-var,sfa,0.36791173274584404,0.6065572790312915
5.0,fixed,3001,4,771990200,node-var,pca,0.3478752739845245,0.5898095234773041
5.0,proportional,501,4,771990200,edges-corr,sfa,0.462275468325794,0.6799084264265255
5.0,proportional,501,4,771990200,edges-corr,pca,0.5273911220404035,0.7262169937700463
5.0,proportional,501,4,771990200,edges-cov,sfa,0.23719068636877494,0.48702226475673055
5.0,proportional,501,4,771990200,edges-cov,pca,0.25341023282713865,0.5033986817892342
5.0,proportional,501,4,771990200,node-var,sfa,0.2270227808872838,0.4764690765278307
5.0,proportional,501,4,771990200,node-var,pca,0.26531239785467586,0.5150848452970402
5.0,fixed,3001,4,774875821,edges-corr,sfa,0.68238926703717,0.8260685607364379
5.0,fixed,3001,4,774875821,edges-corr,pca,0.4614134453651971,0.6792742048430789
5.0,fixed,3001,4,774875821,edges-cov,sfa,0.503269092074507,0.7094146122504857
5.0,fixed,3001,4,774875821,edges-cov,pca,0.4006046033216502,0.6329333324463566
5.0,fixed,3001,4,774875821,node-var,sfa,0.4714927162497052,0.6866532722194697
5.0,fixed,3001,4,774875821,node-var,pca,0.42987717049987095,0.6556501891251698
5.0,proportional,501,4,774875821,edges-corr,sfa,0.6493970046681204,0.8058517262301549
5.0,proportional,501,4,774875821,edges-corr,pca,0.32620108112910995,0.5711401589182028
5.0,proportional,501,4,774875821,edges-cov,sfa,0.42932131951765046,0.6552261590608623
5.0,proportional,501,4,774875821,edges-cov,pca,0.28202027822989073,0.5310558146088702
5.0,proportional,501,4,774875821,node-var,sfa,0.39814845022657785,0.6309900555686895
5.0,proportional,501,4,774875821,node-var,pca,0.32237889030458644,0.5677841934261524
5.0,fixed,3001,4,778240327,edges-corr,sfa,0.24800356807868285,0.49799956634387027
5.0,fixed,3001,4,778240327,edges-corr,pca,0.19427385137318146,0.44076507503791795
5.0,fixed,3001,4,778240327,edges-cov,sfa,0.26529295058948477,0.5150659672211753
5.0,fixed,3001,4,778240327,edges-cov,pca,0.07708204653687495,0.277636536747012
5.0,fixed,3001,4,778240327,node-var,sfa,0.18763097158813763,0.43316390845514546
5.0,fixed,3001,4,778240327,node-var,pca,0.14230823063261683,0.3772376315170808
5.0,proportional,501,4,778240327,edges-corr,sfa,0.2903736269788063,0.5388632729912165
5.0,proportional,501,4,778240327,edges-corr,pca,0.05844854511296038,0.24176133916108336
5.0,proportional,501,4,778240327,edges-cov,sfa,0.5378722078860433,0.7333977146719529
5.0,proportional,501,4,778240327,edges-cov,pca,0.31626763636792293,0.5623767743852185
5.0,proportional,501,4,778240327,node-var,sfa,0.4284167478947477,0.6545355207280562
5.0,proportional,501,4,778240327,node-var,pca,0.408136143650638,0.6388553385944568
5.0,fixed,3001,4,778998620,edges-corr,sfa,0.22465903697495712,0.4739821061759158
5.0,fixed,3001,4,778998620,edges-corr,pca,0.20282678511546406,0.45036294820451656
5.0,fixed,3001,4,778998620,edges-cov,sfa,0.580931939503565,0.7621889132646611
5.0,fixed,3001,4,778998620,edges-cov,pca,0.4550680168273744,0.6745872937043614
5.0,fixed,3001,4,778998620,node-var,sfa,0.5373100156148481,0.7330143352041951
5.0,fixed,3001,4,778998620,node-var,pca,0.5321477002929317,0.7294845442454088
5.0,proportional,501,4,778998620,edges-corr,sfa,0.22475428237068046,0.4740825691487512
5.0,proportional,501,4,778998620,edges-corr,pca,0.15128533079958115,0.38895414999660455
5.0,proportional,501,4,778998620,edges-cov,sfa,0.46328009154200656,0.6806468185057553
5.0,proportional,501,4,778998620,edges-cov,pca,0.32053352035905264,0.5661567983863239
5.0,proportional,501,4,778998620,node-var,sfa,0.4236050995646743,0.6508495214446073
5.0,proportional,501,4,778998620,node-var,pca,0.4262703668638053,0.6528938404241575
5.0,fixed,3001,4,779839471,edges-corr,sfa,0.7032441473607366,0.8385965343123811
5.0,fixed,3001,4,779839471,edges-corr,pca,0.4900941553621308,0.700067250599634
5.0,fixed,3001,4,779839471,edges-cov,sfa,0.3975836022841663,0.6305423080842127
5.0,fixed,3001,4,779839471,edges-cov,pca,0.3796916650250057,0.6161912568553741
5.0,fixed,3001,4,779839471,node-var,sfa,0.40197417252505635,0.6340143314823856
5.0,fixed,3001,4,779839471,node-var,pca,0.39545765526583215,0.6288542400793941
5.0,proportional,501,4,779839471,edges-corr,sfa,0.39929128470285014,0.631894994997468
5.0,proportional,501,4,779839471,edges-corr,pca,0.35195159425948497,0.5932550836356019
5.0,proportional,501,4,779839471,edges-cov,sfa,0.37486866089421167,0.6122651883736423
5.0,proportional,501,4,779839471,edges-cov,pca,0.33123979184533064,0.5755343533146658
5.0,proportional,501,4,779839471,node-var,sfa,0.35511212958256544,0.5959128540168985
5.0,proportional,501,4,779839471,node-var,pca,0.3681967665474834,0.6067921938748746
5.0,fixed,3001,4,781842082,edges-corr,sfa,0.716404502313355,0.8464068184468713
5.0,fixed,3001,4,781842082,edges-corr,pca,0.6517551545458953,0.8073135416589364
5.0,fixed,3001,4,781842082,edges-cov,sfa,0.5668180717427657,0.7528732109344611
5.0,fixed,3001,4,781842082,edges-cov,pca,0.5405113621785226,0.7351947783944895
5.0,fixed,3001,4,781842082,node-var,sfa,0.5951145400655626,0.7714366727512781
5.0,fixed,3001,4,781842082,node-var,pca,0.5716840279439046,0.756097895740958
5.0,proportional,501,4,781842082,edges-corr,sfa,0.5972805990685021,0.7728393099917357
5.0,proportional,501,4,781842082,edges-corr,pca,0.5650949314385293,0.7517279637199412
5.0,proportional,501,4,781842082,edges-cov,sfa,0.41035457662914426,0.6405892417369685
5.0,proportional,501,4,781842082,edges-cov,pca,0.3978449982132771,0.6307495526857527
5.0,proportional,501,4,781842082,node-var,sfa,0.4543850354373078,0.6740808819698922
5.0,proportional,501,4,781842082,node-var,pca,0.43848325683231093,0.6621806829199346
5.0,fixed,3001,4,786091066,edges-corr,sfa,0.37589468575032553,0.6131025083542927
5.0,fixed,3001,4,786091066,edges-corr,pca,0.0055813070301906536,0.07470814567495739
5.0,fixed,3001,4,786091066,edges-cov,sfa,0.41528361080178844,0.6444250234137315
5.0,fixed,3001,4,786091066,edges-cov,pca,0.004778905439720466,0.0691296277996668
5.0,fixed,3001,4,786091066,node-var,sfa,0.3548266663349248,0.5956732882502999
5.0,fixed,3001,4,786091066,node-var,pca,0.01522949228562787,0.12340782910993885
5.0,proportional,501,4,786091066,edges-corr,sfa,0.27832586279507154,0.5275659795656573
5.0,proportional,501,4,786091066,edges-corr,pca,2.3542146032830372e-08,0.0001534345007905014
5.0,proportional,501,4,786091066,edges-cov,sfa,0.45545516119074175,0.6748741817485254
5.0,proportional,501,4,786091066,edges-cov,pca,0.0051084117041242365,0.07147315373008412
5.0,proportional,501,4,786091066,node-var,sfa,0.3048066169045893,0.5520929422702208
5.0,proportional,501,4,786091066,node-var,pca,0.01190151640022595,0.10909407133399115
5.0,fixed,3001,4,787025148,edges-corr,sfa,0.15045309663764886,0.3878828388027097
5.0,fixed,3001,4,787025148,edges-corr,pca,0.1755559272932379,0.41899394660691447
5.0,fixed,3001,4,787025148,edges-cov,sfa,0.21607689688070686,0.46484072205510013
5.0,fixed,3001,4,787025148,edges-cov,pca,0.05616094564578002,0.23698300708232228
5.0,fixed,3001,4,787025148,node-var,sfa,0.16754646803417061,0.40932440439603723
5.0,fixed,3001,4,787025148,node-var,pca,0.02029991605133813,0.14247777388539634
5.0,proportional,501,4,787025148,edges-corr,sfa,0.027226423856458567,0.1650043146601281
5.0,proportional,501,4,787025148,edges-corr,pca,0.45744012494824576,0.6763432005633278
5.0,proportional,501,4,787025148,edges-cov,sfa,0.006766340760826764,0.08225777021550465
5.0,proportional,501,4,787025148,edges-cov,pca,0.015453848454343267,0.12431350873635282
5.0,proportional,501,4,787025148,node-var,sfa,0.0008715982081311407,0.029522842141825382
5.0,proportional,501,4,787025148,node-var,pca,0.00013667969041667106,0.011691008956316433
5.0,fixed,3001,4,789848216,edges-corr,sfa,0.3338825662183712,0.5778257230501003
5.0,fixed,3001,4,789848216,edges-corr,pca,0.2912647709366497,0.5396895134581083
5.0,fixed,3001,4,789848216,edges-cov,sfa,0.29751586639182626,0.5454501502354053
5.0,fixed,3001,4,789848216,edges-cov,pca,0.23865750890449183,0.48852585285171124
5.0,fixed,3001,4,789848216,node-var,sfa,0.24338417934480536,0.49333982136536003
5.0,fixed,3001,4,789848216,node-var,pca,0.19545046963739782,0.44209780551072386
5.0,proportional,501,4,789848216,edges-corr,sfa,0.6223154408388883,0.788869723616573
5.0,proportional,501,4,789848216,edges-corr,pca,0.21130377488396127,0.45967790341059606
5.0,proportional,501,4,789848216,edges-cov,sfa,0.5877396805614409,0.7666418202533963
5.0,proportional,501,4,789848216,edges-cov,pca,0.16062084416532765,0.40077530383661075
5.0,proportional,501,4,789848216,node-var,sfa,0.5131777949132986,0.7163642892504474
5.0,proportional,501,4,789848216,node-var,pca,8.03035857229422e-05,0.008961226797874396
5.0,fixed,3001,4,793224716,edges-corr,sfa,0.6195954050447966,0.7871438274196124
5.0,fixed,3001,4,793224716,edges-corr,pca,0.6328665123486313,0.7955290769975861
5.0,fixed,3001,4,793224716,edges-cov,sfa,0.5331845392938397,0.7301948639191046
5.0,fixed,3001,4,793224716,edges-cov,pca,0.505781675090424,0.7111832921901526
5.0,fixed,3001,4,793224716,node-var,sfa,0.5704717760279758,0.7552958202108468
5.0,fixed,3001,4,793224716,node-var,pca,0.5632662276950219,0.750510644624726
5.0,proportional,501,4,793224716,edges-corr,sfa,0.5914905681416884,0.7690842399514428
5.0,proportional,501,4,793224716,edges-corr,pca,0.534356680774301,0.7309970456672865
5.0,proportional,501,4,793224716,edges-cov,sfa,0.39939762414485713,0.631979132681497
5.0,proportional,501,4,793224716,edges-cov,pca,0.3676893280435722,0.6063739176808087
5.0,proportional,501,4,793224716,node-var,sfa,0.44335426809762996,0.6658485323987956
5.0,proportional,501,4,793224716,node-var,pca,0.44249402558000717,0.6652022441182885
5.0,fixed,3001,4,794812542,edges-corr,sfa,0.4121480563392683,0.6419875826986596
5.0,fixed,3001,4,794812542,edges-corr,pca,0.2737597385325967,0.5232205448303772
5.0,fixed,3001,4,794812542,edges-cov,sfa,0.5176549185952833,0.7194823963067362
5.0,fixed,3001,4,794812542,edges-cov,pca,0.45542351947964843,0.6748507386671874
5.0,fixed,3001,4,794812542,node-var,sfa,0.4818379854785116,0.6941455074251447
5.0,fixed,3001,4,794812542,node-var,pca,0.4872969217821317,0.6980665597076913
5.0,proportional,501,4,794812542,edges-corr,sfa,0.46869398130229006,0.6846122853866194
5.0,proportional,501,4,794812542,edges-corr,pca,0.38620725229555014,0.6214557524840768
5.0,proportional,501,4,794812542,edges-cov,sfa,0.5443887181262206,0.7378270245296119
5.0,proportional,501,4,794812542,edges-cov,pca,0.4147533113581901,0.6440134403552383
5.0,proportional,501,4,794812542,node-var,sfa,0.47211404110147875,0.6871055531004525
5.0,proportional,501,4,794812542,node-var,pca,0.4768624298489996,0.6905522643862662
5.0,fixed,3001,4,816200189,edges-corr,sfa,0.628459385315005,0.7927543032459711
5.0,fixed,3001,4,816200189,edges-corr,pca,0.534291747427274,0.730952630084381
5.0,fixed,3001,4,816200189,edges-cov,sfa,0.3890101233050118,0.6237067606696369
5.0,fixed,3001,4,816200189,edges-cov,pca,0.36734176682926967,0.6060872600783402
5.0,fixed,3001,4,816200189,node-var,sfa,0.37937061201266853,0.6159306876692121
5.0,fixed,3001,4,816200189,node-var,pca,0.38626204194353314,0.6214998326174619
5.0,proportional,501,4,816200189,edges-corr,sfa,0.4006790410390529,0.6329921334732785
5.0,proportional,501,4,816200189,edges-corr,pca,0.30925621239406553,0.5561080941634149
5.0,proportional,501,4,816200189,edges-cov,sfa,0.2061645952247415,0.4540535158158579
5.0,proportional,501,4,816200189,edges-cov,pca,0.19772831380136105,0.4446665197666236
5.0,proportional,501,4,816200189,node-var,sfa,0.21083823506317054,0.45917124807981013
5.0,proportional,501,4,816200189,node-var,pca,0.21551530513469852,0.4642362600386774
5.0,fixed,3001,4,829720705,edges-corr,sfa,0.43799074855794745,0.661808694834049
5.0,fixed,3001,4,829720705,edges-corr,pca,0.42225308715292276,0.6498100392829605
5.0,fixed,3001,4,829720705,edges-cov,sfa,0.5071445514644544,0.7121408227762641
5.0,fixed,3001,4,829720705,edges-cov,pca,0.48918114632015947,0.699414859950916
5.0,fixed,3001,4,829720705,node-var,sfa,0.5042243989102039,0.7100875994623508
5.0,fixed,3001,4,829720705,node-var,pca,0.510460071823028,0.7144648849474885
5.0,proportional,501,4,829720705,edges-corr,sfa,0.43961930872884897,0.6630379391323312
5.0,proportional,501,4,829720705,edges-corr,pca,0.4193175708936163,0.6475473503100884
5.0,proportional,501,4,829720705,edges-cov,sfa,0.5176926017777753,0.7195085835330773
5.0,proportional,501,4,829720705,edges-cov,pca,0.48025905656939305,0.6930072557840885
5.0,proportional,501,4,829720705,node-var,sfa,0.5185537388350655,0.7201067551655557
5.0,proportional,501,4,829720705,node-var,pca,0.5204699891344161,0.7214360603230311
5.0,fixed,3001,4,831882777,edges-corr,sfa,0.0012133911682407597,0.03483376477271384
5.0,fixed,3001,4,831882777,edges-corr,pca,0.1107246232136713,0.3327530964749559
5.0,fixed,3001,4,831882777,edges-cov,sfa,0.09165587184288584,0.3027472078201314
5.0,fixed,3001,4,831882777,edges-cov,pca,0.20503836546230106,0.45281162249030343
5.0,fixed,3001,4,831882777,node-var,sfa,0.05722729041450047,0.23922226153621337
5.0,fixed,3001,4,831882777,node-var,pca,0.06106718192809761,0.24711774911587717
5.0,proportional,501,4,831882777,edges-corr,sfa,0.012631807525898703,0.11239131428139233
5.0,proportional,501,4,831882777,edges-corr,pca,0.10795282830682178,0.3285617572189767
5.0,proportional,501,4,831882777,edges-cov,sfa,0.12594887562462903,0.3548927663740542
5.0,proportional,501,4,831882777,edges-cov,pca,0.17042237573369318,0.4128224506173243
5.0,proportional,501,4,831882777,node-var,sfa,0.08102646562586964,0.2846514809830956
5.0,proportional,501,4,831882777,node-var,pca,0.09275333440612056,0.30455432094475454
5.0,fixed,3001,4,835479236,edges-corr,sfa,0.7543882613648321,0.8685552724869224
5.0,fixed,3001,4,835479236,edges-corr,pca,0.7466136851931604,0.8640681021731796
5.0,fixed,3001,4,835479236,edges-cov,sfa,0.8051916702826075,0.8973247295614936
5.0,fixed,3001,4,835479236,edges-cov,pca,0.7780713891791973,0.8820835499992035
5.0,fixed,3001,4,835479236,node-var,sfa,0.7747370231561145,0.8801914695997198
5.0,fixed,3001,4,835479236,node-var,pca,0.7682454815020687,0.8764961388974105
5.0,proportional,501,4,835479236,edges-corr,sfa,0.7618491149553005,0.8728396845671607
5.0,proportional,501,4,835479236,edges-corr,pca,0.7077456479326688,0.8412762019293478
5.0,proportional,501,4,835479236,edges-cov,sfa,0.7729507016013294,0.8791761493587786
5.0,proportional,501,4,835479236,edges-cov,pca,0.673625829278422,0.8207471165215398
5.0,proportional,501,4,835479236,node-var,sfa,0.6507151797577796,0.8066691885511554
5.0,proportional,501,4,835479236,node-var,pca,0.5808937355842555,0.762163850877392
5.0,fixed,3001,4,839068429,edges-corr,sfa,0.0022302799912043768,0.04722584029114121
5.0,fixed,3001,4,839068429,edges-corr,pca,0.001300325951792566,0.03606003260942183
5.0,fixed,3001,4,839068429,edges-cov,sfa,0.012869462139536002,0.11344365182563546
5.0,fixed,3001,4,839068429,edges-cov,pca,0.026449659427560095,0.16263351262135395
5.0,fixed,3001,4,839068429,node-var,sfa,0.01596512686901032,0.12635318305848223
5.0,fixed,3001,4,839068429,node-var,pca,0.03710093745376494,0.19261603633593166
5.0,proportional,501,4,839068429,edges-corr,sfa,0.0033540521434305467,0.05791417912247869
5.0,proportional,501,4,839068429,edges-corr,pca,0.0011139847262478838,0.03337640972674988
5.0,proportional,501,4,839068429,edges-cov,sfa,0.025990028123133883,0.1612142305230338
5.0,proportional,501,4,839068429,edges-cov,pca,0.030700312159923415,0.1752150454724805
5.0,proportional,501,4,839068429,node-var,sfa,0.03319743903096971,0.18220164387559654
5.0,proportional,501,4,839068429,node-var,pca,0.03902943273470649,0.19755868174976896
5.0,fixed,3001,4,847657808,edges-corr,sfa,0.5149237061524536,0.7175818463091536
5.0,fixed,3001,4,847657808,edges-corr,pca,0.2824610209831885,0.5314706209972367
5.0,fixed,3001,4,847657808,edges-cov,sfa,0.2887676074508838,0.5373710147103989
5.0,fixed,3001,4,847657808,edges-cov,pca,0.19012071663810107,0.43602834384716443
5.0,fixed,3001,4,847657808,node-var,sfa,0.07174673199229793,0.2678558044775172
5.0,fixed,3001,4,847657808,node-var,pca,0.017436608592928955,0.13204775118467166
5.0,proportional,501,4,847657808,edges-corr,sfa,0.29390398565787257,0.5421291226800794
5.0,proportional,501,4,847657808,edges-corr,pca,0.18981064573940107,0.43567263597729095
5.0,proportional,501,4,847657808,edges-cov,sfa,0.007609772060222388,0.08723400747542433
5.0,proportional,501,4,847657808,edges-cov,pca,0.14735894171906716,0.38387360122710595
5.0,proportional,501,4,847657808,node-var,sfa,0.033143330045678356,0.1820530967758537
5.0,proportional,501,4,847657808,node-var,pca,0.014595180059329527,0.12081051303313602
3.0,fixed,3001,0,766640955,edges-corr,sfa,0.24948746921048665,0.49948720625305976
3.0,fixed,3001,0,766640955,edges-corr,pca,0.19383365294277957,0.44026543464457846
3.0,fixed,3001,0,766640955,edges-cov,sfa,0.09779081336499984,0.312715227267557
3.0,fixed,3001,0,766640955,edges-cov,pca,0.02456928512246685,0.15674592537755758
3.0,fixed,3001,0,766640955,node-var,sfa,0.01616960154480435,0.12715974813125555
3.0,fixed,3001,0,766640955,node-var,pca,0.007434024102818248,0.08622078695313705
3.0,proportional,301,0,766640955,edges-corr,sfa,0.1502148738035737,0.3875756362357852
3.0,proportional,301,0,766640955,edges-corr,pca,0.009271283480568566,0.09628750428050654
3.0,proportional,301,0,766640955,edges-cov,sfa,0.11485560759820665,0.3389035373055387
3.0,proportional,301,0,766640955,edges-cov,pca,0.017076880539244978,0.13067853893905065
3.0,proportional,301,0,766640955,node-var,sfa,0.07240185153307728,0.2690759215037222
3.0,proportional,301,0,766640955,node-var,pca,0.05553212540429907,0.23565255229744292
3.0,fixed,3001,0,767871931,edges-corr,sfa,0.8593410004102829,0.927006472690608
3.0,fixed,3001,0,767871931,edges-corr,pca,0.8653055375579152,0.9302180053933138
3.0,fixed,3001,0,767871931,edges-cov,sfa,0.8427171676326008,0.9179962786594512
3.0,fixed,3001,0,767871931,edges-cov,pca,0.8398551116055778,0.9164360924830371
3.0,fixed,3001,0,767871931,node-var,sfa,0.8389075820376773,0.9159189822455245
3.0,fixed,3001,0,767871931,node-var,pca,0.846485414418852,0.9200464197087297
3.0,proportional,301,0,767871931,edges-corr,sfa,0.7498574569114393,0.865943102583212
3.0,proportional,301,0,767871931,edges-corr,pca,0.6949028672803068,0.8336083416571038
3.0,proportional,301,0,767871931,edges-cov,sfa,0.5986116685223768,0.7736999861201865
3.0,proportional,301,0,767871931,edges-cov,pca,0.14887602569474465,0.38584456157207225
3.0,proportional,301,0,767871931,node-var,sfa,0.5413699559938063,0.7357784693736331
3.0,proportional,301,0,767871931,node-var,pca,0.11160934867470759,0.3340798537396525
3.0,fixed,3001,0,771160300,edges-corr,sfa,0.052162490339283274,0.2283910907616216
3.0,fixed,3001,0,771160300,edges-corr,pca,0.05299275287912355,0.2302015483855909
3.0,fixed,3001,0,771160300,edges-cov,sfa,0.08006164315554799,0.2829516622243948
3.0,fixed,3001,0,771160300,edges-cov,pca,0.12945432217129813,0.3597976127926617
3.0,fixed,3001,0,771160300,node-var,sfa,0.09320268396601701,0.3052911462293281
3.0,fixed,3001,0,771160300,node-var,pca,0.14593294375382748,0.38201170630469883
3.0,proportional,301,0,771160300,edges-corr,sfa,0.012157131109671405,0.11025938105064532
3.0,proportional,301,0,771160300,edges-corr,pca,0.12335141341914176,0.35121419877211935
3.0,proportional,301,0,771160300,edges-cov,sfa,0.28775461450148737,0.536427641440565
3.0,proportional,301,0,771160300,edges-cov,pca,0.24981759012817858,0.4998175568426729
3.0,proportional,301,0,771160300,node-var,sfa,0.28696208912197013,0.5356884254134768
3.0,proportional,301,0,771160300,node-var,pca,0.27014309513109086,0.5197529173858391
3.0,fixed,3001,0,771990200,edges-corr,sfa,0.5995335955334775,0.7742955479230638
3.0,fixed,3001,0,771990200,edges-corr,pca,0.5976064211895619,0.7730500767670629
3.0,fixed,3001,0,771990200,edges-cov,sfa,0.5879683322437232,0.7667909312477054
3.0,fixed,3001,0,771990200,edges-cov,pca,0.5346829689704159,0.7312201918508651
3.0,fixed,3001,0,771990200,node-var,sfa,0.5811103242926774,0.7623059256575915
3.0,fixed,3001,0,771990200,node-var,pca,0.44345428024294986,0.6659236294373025
3.0,proportional,301,0,771990200,edges-corr,sfa,0.38177700563302097,0.6178810610732627
3.0,proportional,301,0,771990200,edges-corr,pca,0.2456231264787616,0.4956037999034729
3.0,proportional,301,0,771990200,edges-cov,sfa,0.41427685211799103,0.6436434200067542
3.0,proportional,301,0,771990200,edges-cov,pca,0.15574267473867054,0.39464246443923207
3.0,proportional,301,0,771990200,node-var,sfa,0.43526585948357854,0.6597468146824041
3.0,proportional,301,0,771990200,node-var,pca,0.13285945520929665,0.3644989097504911
3.0,fixed,3001,0,774875821,edges-corr,sfa,0.520033849279204,0.7211337249631333
3.0,fixed,3001,0,774875821,edges-corr,pca,0.4470630835403511,0.6686277615686856
3.0,fixed,3001,0,774875821,edges-cov,sfa,0.43154938416965566,0.6569241844913731
3.0,fixed,3001,0,774875821,edges-cov,pca,0.41986864283105974,0.6479727176595167
3.0,fixed,3001,0,774875821,node-var,sfa,0.4920886953948532,0.7014903387751347
3.0,fixed,3001,0,774875821,node-var,pca,0.4330019872804657,0.6580288650815143
3.0,proportional,301,0,774875821,edges-corr,sfa,0.4169738215986759,0.6457351017241326
3.0,proportional,301,0,774875821,edges-corr,pca,0.0841123286587417,0.2900212555292141
3.0,proportional,301,0,774875821,edges-cov,sfa,0.20247776938028392,0.4499752986334738
3.0,proportional,301,0,774875821,edges-cov,pca,0.0991476283434555,0.31487716389642406
3.0,proportional,301,0,774875821,node-var,sfa,0.206196766477449,0.4540889411529959
3.0,proportional,301,0,774875821,node-var,pca,0.11850735789755049,0.3442489766107526
3.0,fixed,3001,0,778240327,edges-corr,sfa,0.3426189868260901,0.5853366440144424
3.0,fixed,3001,0,778240327,edges-corr,pca,0.2679944605542539,0.5176818140076527
3.0,fixed,3001,0,778240327,edges-cov,sfa,0.2730609458786212,0.5225523379324039
3.0,fixed,3001,0,778240327,edges-cov,pca,0.32635752906434795,0.5712771035708922
3.0,fixed,3001,0,778240327,node-var,sfa,0.2908236723091471,0.5392806989955667
3.0,fixed,3001,0,778240327,node-var,pca,0.30701638996590885,0.5540905972545545
3.0,proportional,301,0,778240327,edges-corr,sfa,0.5066876227048034,0.7118199369958693
3.0,proportional,301,0,778240327,edges-corr,pca,0.2956581768759818,0.5437445879050032
3.0,proportional,301,0,778240327,edges-cov,sfa,0.444768292564563,0.6669095085276285
3.0,proportional,301,0,778240327,edges-cov,pca,0.4142115246675043,0.6435926698366788
3.0,proportional,301,0,778240327,node-var,sfa,0.46790235502909094,0.6840338844158899
3.0,proportional,301,0,778240327,node-var,pca,0.4389663859480989,0.6625453840667059
3.0,fixed,3001,0,778998620,edges-corr,sfa,0.8224357666297744,0.9068824436660875
3.0,fixed,3001,0,778998620,edges-corr,pca,0.70256039847923,0.8381887606495508
3.0,fixed,3001,0,778998620,edges-cov,sfa,0.8273718625053491,0.9095998364695044
3.0,fixed,3001,0,778998620,edges-cov,pca,0.793542274658355,0.8908098981591723
3.0,fixed,3001,0,778998620,node-var,sfa,0.8080755019367842,0.8989301985898484
3.0,fixed,3001,0,778998620,node-var,pca,0.7600828756219903,0.8718273198414869
3.0,proportional,301,0,778998620,edges-corr,sfa,0.5792094315183381,0.7610580999623735
3.0,proportional,301,0,778998620,edges-corr,pca,0.28586274709682374,0.5346613386965844
3.0,proportional,301,0,778998620,edges-cov,sfa,0.5602234098231713,0.74848073443688
3.0,proportional,301,0,778998620,edges-cov,pca,0.2444222039087162,0.4943907401122276
3.0,proportional,301,0,778998620,node-var,sfa,0.5562445012398807,0.7458180081225451
3.0,proportional,301,0,778998620,node-var,pca,0.05441791494803354,0.23327647748547975
3.0,fixed,3001,0,779839471,edges-corr,sfa,0.20902970060912845,0.45719766032770603
3.0,fixed,3001,0,779839471,edges-corr,pca,0.16916275552399346,0.4112940013226469
3.0,fixed,3001,0,779839471,edges-cov,sfa,0.2697964576123441,0.519419346590348
3.0,fixed,3001,0,779839471,edges-cov,pca,0.24524669973153376,0.49522388849038146
3.0,fixed,3001,0,779839471,node-var,sfa,0.25339123562859145,0.5033798124960828
3.0,fixed,3001,0,779839471,node-var,pca,0.2559943133261254,0.505958805957684
3.0,proportional,301,0,779839471,edges-corr,sfa,0.07892041574498182,0.28092777674160635
3.0,proportional,301,0,779839471,edges-corr,pca,0.2116148935277824,0.4600161883323047
3.0,proportional,301,0,779839471,edges-cov,sfa,0.41644863369475105,0.6453283146544486
3.0,proportional,301,0,779839471,edges-cov,pca,0.32256107663225375,0.5679446070104494
3.0,proportional,301,0,779839471,node-var,sfa,0.36417929451638825,0.6034726957505105
3.0,proportional,301,0,779839471,node-var,pca,0.3829047937497111,0.6187930136561911
3.0,fixed,3001,0,781842082,edges-corr,sfa,0.3193084961601847,0.5650738855762003
3.0,fixed,3001,0,781842082,edges-corr,pca,0.3190888808865388,0.5648795277636983
3.0,fixed,3001,0,781842082,edges-cov,sfa,0.3328502933983334,0.5769317926742583
3.0,fixed,3001,0,781842082,edges-cov,pca,0.33106466953782926,0.5753821943176807
3.0,fixed,3001,0,781842082,node-var,sfa,0.3328649631789434,0.5769445061519725
3.0,fixed,3001,0,781842082,node-var,pca,0.3431076301272111,0.5857538989432431
3.0,proportional,301,0,781842082,edges-corr,sfa,0.30229509539662797,0.5498136915325299
3.0,proportional,301,0,781842082,edges-corr,pca,0.2196442576278888,0.4686621999136359
3.0,proportional,301,0,781842082,edges-cov,sfa,0.370763461076249,0.6089034907735782
3.0,proportional,301,0,781842082,edges-cov,pca,0.3003569095266899,0.5480482729894237
3.0,proportional,301,0,781842082,node-var,sfa,0.3470504782295017,0.5891099033537814
3.0,proportional,301,0,781842082,node-var,pca,0.34887596428310197,0.5906572307888069
3.0,fixed,3001,0,786091066,edges-corr,sfa,0.09372856957965905,0.30615122011786766
3.0,fixed,3001,0,786091066,edges-corr,pca,0.19309603851382912,0.4394269433180322
3.0,fixed,3001,0,786091066,edges-cov,sfa,0.3348285621633498,0.5786437264529443
3.0,fixed,3001,0,786091066,edges-cov,pca,0.24853342869140752,0.4985312715280833
3.0,fixed,3001,0,786091066,node-var,sfa,0.34597104171588394,0.5881930309990794
3.0,fixed,3001,0,786091066,node-var,pca,0.3261433744330292,0.5710896378266981
3.0,proportional,301,0,786091066,edges-corr,sfa,0.056382802500592355,0.23745063171234637
3.0,proportional,301,0,786091066,edges-corr,pca,0.12399309082493958,0.3521265267271689
3.0,proportional,301,0,786091066,edges-cov,sfa,0.46025018014953145,0.6784174084953388
3.0,proportional,301,0,786091066,edges-cov,pca,0.22779438168288588,0.4772780967977536
3.0,proportional,301,0,786091066,node-var,sfa,0.516620266081758,0.7187630110695444
3.0,proportional,301,0,786091066,node-var,pca,0.3554407178392104,0.5961884918708263
3.0,fixed,3001,0,787025148,edges-corr,sfa,0.0962012673718734,0.310163291464147
3.0,fixed,3001,0,787025148,edges-corr,pca,0.12108003903935119,0.34796557162936564
3.0,fixed,3001,0,787025148,edges-cov,sfa,0.11833859748228354,0.34400377538957844
3.0,fixed,3001,0,787025148,edges-cov,pca,0.11315874810856974,0.33639076697877685
3.0,fixed,3001,0,787025148,node-var,sfa,0.11367401030706313,0.3371557656441057
3.0,fixed,3001,0,787025148,node-var,pca,0.05760918661608489,0.24001913802046054
3.0,proportional,301,0,787025148,edges-corr,sfa,0.03855173498690051,0.1963459573989251
3.0,proportional,301,0,787025148,edges-corr,pca,0.14682693463625746,0.38318002901541914
3.0,proportional,301,0,787025148,edges-cov,sfa,0.029404321222321637,0.17147688247201615
3.0,proportional,301,0,787025148,edges-cov,pca,0.13413898050401563,0.36624988806007247
3.0,proportional,301,0,787025148,node-var,sfa,0.15956845220757943,0.39946020103081537
3.0,proportional,301,0,787025148,node-var,pca,0.022293530718833915,0.14931018290402673
3.0,fixed,3001,0,789848216,edges-corr,sfa,0.3091155077749471,0.5559815714346539
3.0,fixed,3001,0,789848216,edges-corr,pca,0.333163435692233,0.5772031147631075
3.0,fixed,3001,0,789848216,edges-cov,sfa,0.2982076828991863,0.546083952244695
3.0,fixed,3001,0,789848216,edges-cov,pca,0.26989543779493613,0.5195146174988112
3.0,fixed,3001,0,789848216,node-var,sfa,0.2535241955871188,0.5035118624095353
3.0,fixed,3001,0,789848216,node-var,pca,0.19492204474148137,0.4414997675440853
3.0,proportional,301,0,789848216,edges-corr,sfa,0.5626089905625368,0.7500726568556787
3.0,proportional,301,0,789848216,edges-corr,pca,0.09095741576197186,0.3015914716333535
3.0,proportional,301,0,789848216,edges-cov,sfa,0.5525406365553994,0.7433307719685762
3.0,proportional,301,0,789848216,edges-cov,pca,0.2607668705505475,0.5106533761276307
3.0,proportional,301,0,789848216,node-var,sfa,0.4895401545624895,0.6996714618751357
3.0,proportional,301,0,789848216,node-var,pca,0.01631546294430739,0.12773199655649084
3.0,fixed,3001,0,793224716,edges-corr,sfa,0.8255333122936757,0.9085886375547934
3.0,fixed,3001,0,793224716,edges-corr,pca,0.863110420017241,0.9290373620136281
3.0,fixed,3001,0,793224716,edges-cov,sfa,0.6163080234434342,0.7850528793931235
3.0,fixed,3001,0,793224716,edges-cov,pca,0.6604796242128824,0.8126989751518593
3.0,fixed,3001,0,793224716,node-var,sfa,0.6209569394384651,0.7880082102608228
3.0,fixed,3001,0,793224716,node-var,pca,0.5841284463294735,0.7642829622132588
3.0,proportional,301,0,793224716,edges-corr,sfa,0.7087713558796068,0.8418855954817179
3.0,proportional,301,0,793224716,edges-corr,pca,0.6682128559697093,0.8174428762731432
3.0,proportional,301,0,793224716,edges-cov,sfa,0.41382614794523037,0.643293205268974
3.0,proportional,301,0,793224716,edges-cov,pca,0.37230633381672956,0.6101691026401858
3.0,proportional,301,0,793224716,node-var,sfa,0.4274078616451552,0.6537643777731815
3.0,proportional,301,0,793224716,node-var,pca,0.3967723460604709,0.6298986792020371
3.0,fixed,3001,0,794812542,edges-corr,sfa,0.0035907786966430555,0.059923106533649066
3.0,fixed,3001,0,794812542,edges-corr,pca,0.054884252784247044,0.23427388412763178
3.0,fixed,3001,0,794812542,edges-cov,sfa,0.14553277802114983,0.3814875856710803
3.0,fixed,3001,0,794812542,edges-cov,pca,0.17000776680446522,0.41231998108806855
3.0,fixed,3001,0,794812542,node-var,sfa,0.18458877763739123,0.4296379611223748
3.0,fixed,3001,0,794812542,node-var,pca,0.1869002536955552,0.4323196198364761
3.0,proportional,301,0,794812542,edges-corr,sfa,0.21716680631714996,0.4660115946166468
3.0,proportional,301,0,794812542,edges-corr,pca,0.18985845237426952,0.43572749784041576
3.0,proportional,301,0,794812542,edges-cov,sfa,0.36797550090211817,0.6066098424045873
3.0,proportional,301,0,794812542,edges-cov,pca,0.2591778550216628,0.5090951335670602
3.0,proportional,301,0,794812542,node-var,sfa,0.3176613948790552,0.5636145800802665
3.0,proportional,301,0,794812542,node-var,pca,0.3088100989086941,0.5557068461956305
3.0,fixed,3001,0,816200189,edges-corr,sfa,0.5265903513079548,0.725665454123286
3.0,fixed,3001,0,816200189,edges-corr,pca,0.4507572294462119,0.6713845615191132
3.0,fixed,3001,0,816200189,edges-cov,sfa,0.41203506668427314,0.6418995767908506
3.0,fixed,3001,0,816200189,edges-cov,pca,0.38249505277249385,0.6184618442333317
3.0,fixed,3001,0,816200189,node-var,sfa,0.3956603670756952,0.6290153949433155
3.0,fixed,3001,0,816200189,node-var,pca,0.4035828367685278,0.6352816987514498
3.0,proportional,301,0,816200189,edges-corr,sfa,0.4617254664124355,0.6795038384089052
3.0,proportional,301,0,816200189,edges-corr,pca,0.3024947712219712,0.5499952465448872
3.0,proportional,301,0,816200189,edges-cov,sfa,0.1911726804592334,0.4372329818977903
3.0,proportional,301,0,816200189,edges-cov,pca,0.18707139747022666,0.43251751117177517
3.0,proportional,301,0,816200189,node-var,sfa,0.19531325728599777,0.4419425950120646
3.0,proportional,301,0,816200189,node-var,pca,0.19116382726045225,0.4372228576600865
3.0,fixed,3001,0,829720705,edges-corr,sfa,0.5862892909762664,0.7656952990428153
3.0,fixed,3001,0,829720705,edges-corr,pca,0.6112690448644198,0.7818369682129516
3.0,fixed,3001,0,829720705,edges-cov,sfa,0.5438344571296155,0.7374513252612782
3.0,fixed,3001,0,829720705,edges-cov,pca,0.539345920999083,0.7344017435975237
3.0,fixed,3001,0,829720705,node-var,sfa,0.5510914832847706,0.7423553618616697
3.0,fixed,3001,0,829720705,node-var,pca,0.5504432994961997,0.7419186609704596
3.0,proportional,301,0,829720705,edges-corr,sfa,0.4937751150487268,0.7026913369671828
3.0,proportional,301,0,829720705,edges-corr,pca,0.5175708554744785,0.719423974770426
3.0,proportional,301,0,829720705,edges-cov,sfa,0.33211109737231403,0.5762908097239744
3.0,proportional,301,0,829720705,edges-cov,pca,0.32851141202694756,0.573159150696338
3.0,proportional,301,0,829720705,node-var,sfa,0.35637500811711137,0.5969715304075324
3.0,proportional,301,0,829720705,node-var,pca,0.3530845412047608,0.5942091729389246
3.0,fixed,3001,0,831882777,edges-corr,sfa,0.10171449137869508,0.318927094143309
3.0,fixed,3001,0,831882777,edges-corr,pca,0.0029888389869972016,0.05467027516847891
3.0,fixed,3001,0,831882777,edges-cov,sfa,0.31664778431266105,0.5627146562092203
3.0,fixed,3001,0,831882777,edges-cov,pca,0.24677230174797438,0.4967618159117852
3.0,fixed,3001,0,831882777,node-var,sfa,0.1598093855333023,0.3997616609097254
3.0,fixed,3001,0,831882777,node-var,pca,0.15756682681315992,0.3969468816015059
3.0,proportional,301,0,831882777,edges-corr,sfa,4.916217538648826e-07,0.000701157438714646
3.0,proportional,301,0,831882777,edges-corr,pca,0.0011542742913358314,0.033974612453063116
3.0,proportional,301,0,831882777,edges-cov,sfa,0.013915311357894825,0.11796317797471728
3.0,proportional,301,0,831882777,edges-cov,pca,7.890429639940601e-05,0.008882809037652786
3.0,proportional,301,0,831882777,node-var,sfa,0.06761767411584121,0.26003398646300296
3.0,proportional,301,0,831882777,node-var,pca,0.06359152252940725,0.2521735960195025
3.0,fixed,3001,0,835479236,edges-corr,sfa,0.11531141852514806,0.339575350290842
3.0,fixed,3001,0,835479236,edges-corr,pca,0.11311447945617055,0.3363249610959177
3.0,fixed,3001,0,835479236,edges-cov,sfa,0.10577238324189299,0.32522666440790643
3.0,fixed,3001,0,835479236,edges-cov,pca,0.1088335322305054,0.3298992758866036
3.0,fixed,3001,0,835479236,node-var,sfa,0.10136313342700184,0.31837577393231703
3.0,fixed,3001,0,835479236,node-var,pca,0.09620677441837498,0.31017216899389116
3.0,proportional,301,0,835479236,edges-corr,sfa,0.12012997854074621,0.3465977186029161
3.0,proportional,301,0,835479236,edges-corr,pca,0.11522775125623133,0.3394521339691818
3.0,proportional,301,0,835479236,edges-cov,sfa,0.08618857874039886,0.2935789139914494
3.0,proportional,301,0,835479236,edges-cov,pca,0.07338989045850398,0.2709056855411196
3.0,proportional,301,0,835479236,node-var,sfa,0.0749566615135042,0.2737821424298966
3.0,proportional,301,0,835479236,node-var,pca,0.06531030296197171,0.25555880529140784
3.0,fixed,3001,0,839068429,edges-corr,sfa,0.01613880104216381,0.1270385809199859
3.0,fixed,3001,0,839068429,edges-corr,pca,0.006002339420146746,0.07747476634457665
3.0,fixed,3001,0,839068429,edges-cov,sfa,0.030747106243117044,0.1753485279183063
3.0,fixed,3001,0,839068429,edges-cov,pca,0.010999142027703405,0.10487679451481823
3.0,fixed,3001,0,839068429,node-var,sfa,0.0331848245360923,0.18216702373396865
3.0,fixed,3001,0,839068429,node-var,pca,0.03733658889989398,0.19322678101105442
3.0,proportional,301,0,839068429,edges-corr,sfa,0.005203276535182689,0.07213374061548929
3.0,proportional,301,0,839068429,edges-corr,pca,2.375331145564758e-05,0.0048737369087433905
3.0,proportional,301,0,839068429,edges-cov,sfa,0.0043120134009905125,0.0656659226767622
3.0,proportional,301,0,839068429,edges-cov,pca,0.0053076204792330325,0.0728534177594506
3.0,proportional,301,0,839068429,node-var,sfa,0.006585438968094364,0.0811507176067739
3.0,proportional,301,0,839068429,node-var,pca,0.010236347506381697,0.10117483632989824
3.0,fixed,3001,0,847657808,edges-corr,sfa,0.6781091881876167,0.8234738539793578
3.0,fixed,3001,0,847657808,edges-corr,pca,0.5513290724598444,0.7425153685007768
3.0,fixed,3001,0,847657808,edges-cov,sfa,0.6916130914803951,0.8316327864390599
3.0,fixed,3001,0,847657808,edges-cov,pca,0.5595678747227041,0.7480426957886188
3.0,fixed,3001,0,847657808,node-var,sfa,0.38259262454205034,0.6185407218138919
3.0,fixed,3001,0,847657808,node-var,pca,0.08130727036660611,0.2851442974471103
3.0,proportional,301,0,847657808,edges-corr,sfa,0.5557889630647331,0.745512550574927
3.0,proportional,301,0,847657808,edges-corr,pca,0.4325927418600775,0.6577178284493111
3.0,proportional,301,0,847657808,edges-cov,sfa,0.19919639075252468,0.4463142287139462
3.0,proportional,301,0,847657808,edges-cov,pca,0.23413548759517772,0.48387548769820704
3.0,proportional,301,0,847657808,node-var,sfa,0.2850546284193404,0.5339050743524923
3.0,proportional,301,0,847657808,node-var,pca,0.005926859067974579,0.07698609658876451
3.0,fixed,3001,1,766640955,edges-corr,sfa,0.7779305274730249,0.8820037003737711
3.0,fixed,3001,1,766640955,edges-corr,pca,0.6265744937488789,0.7915645859618019
3.0,fixed,3001,1,766640955,edges-cov,sfa,0.728063466317886,0.8532663513334426
3.0,fixed,3001,1,766640955,edges-cov,pca,0.6544075894765683,0.808954627575965
3.0,fixed,3001,1,766640955,node-var,sfa,0.7404771626648334,0.8605098271750494
3.0,fixed,3001,1,766640955,node-var,pca,0.6360478191486496,0.7975260617363232
3.0,proportional,301,1,766640955,edges-corr,sfa,0.5001285128163699,0.7071976476320958
3.0,proportional,301,1,766640955,edges-corr,pca,0.26534140615375884,0.5151130032854527
3.0,proportional,301,1,766640955,edges-cov,sfa,0.30009142079484225,0.5478060065341035
3.0,proportional,301,1,766640955,edges-cov,pca,0.25091868333004524,0.500917840898131
3.0,proportional,301,1,766640955,node-var,sfa,0.36910830147438656,0.6075428392092088
3.0,proportional,301,1,766640955,node-var,pca,0.18592176793801696,0.4311864653928935
3.0,fixed,3001,1,767871931,edges-corr,sfa,0.8616587015364342,0.9282557306779389
3.0,fixed,3001,1,767871931,edges-corr,pca,0.866105951475087,0.9306481351590874
3.0,fixed,3001,1,767871931,edges-cov,sfa,0.8715394371614201,0.933562765517895
3.0,fixed,3001,1,767871931,edges-cov,pca,0.9065686598367431,0.9521389918686993
3.0,fixed,3001,1,767871931,node-var,sfa,0.8825860762930824,0.9394605240738337
3.0,fixed,3001,1,767871931,node-var,pca,0.9107055740783672,0.9543089510626876
3.0,proportional,301,1,767871931,edges-corr,sfa,0.796615167168722,0.8925330062068977
3.0,proportional,301,1,767871931,edges-corr,pca,0.7662168302421374,0.8753381233798385
3.0,proportional,301,1,767871931,edges-cov,sfa,0.6300512130423458,0.7937576538480405
3.0,proportional,301,1,767871931,edges-cov,pca,0.33729697039092105,0.5807727355781442
3.0,proportional,301,1,767871931,node-var,sfa,0.59013156418477,0.7682002110028153
3.0,proportional,301,1,767871931,node-var,pca,0.389123357891066,0.6237975295647347
3.0,fixed,3001,1,771160300,edges-corr,sfa,0.043306778041012156,0.2081028064227202
3.0,fixed,3001,1,771160300,edges-corr,pca,0.05790431962885981,0.2406331640253683
3.0,fixed,3001,1,771160300,edges-cov,sfa,0.05455384226083859,0.23356763958399415
3.0,fixed,3001,1,771160300,edges-cov,pca,0.04234535093451171,0.20577986037149434
3.0,fixed,3001,1,771160300,node-var,sfa,0.04234201351213432,0.2057717510061435
3.0,fixed,3001,1,771160300,node-var,pca,0.03197297309387066,0.1788098797434601
3.0,proportional,301,1,771160300,edges-corr,sfa,0.011311392605576563,0.10635503093684173
3.0,proportional,301,1,771160300,edges-corr,pca,0.2128041085151754,0.46130695693342344
3.0,proportional,301,1,771160300,edges-cov,sfa,0.2618974426068594,0.511759164653511
3.0,proportional,301,1,771160300,edges-cov,pca,0.26761106162675596,0.5173113778245709
3.0,proportional,301,1,771160300,node-var,sfa,0.26610217696288746,0.5158509251352443
3.0,proportional,301,1,771160300,node-var,pca,0.26135346444689395,0.5112274097179199
3.0,fixed,3001,1,771990200,edges-corr,sfa,0.39793624347287293,0.6308218793549197
3.0,fixed,3001,1,771990200,edges-corr,pca,0.3048370549216275,0.5521205076082825
3.0,fixed,3001,1,771990200,edges-cov,sfa,0.34766516140347864,0.5896313775601487
3.0,fixed,3001,1,771990200,edges-cov,pca,0.1978761474470133,0.44483271849877826
3.0,fixed,3001,1,771990200,node-var,sfa,0.292550418920618,0.5408793016197033
3.0,fixed,3001,1,771990200,node-var,pca,0.16617542342921351,0.40764619884062886
3.0,proportional,301,1,771990200,edges-corr,sfa,0.5329662846841382,0.730045399056893
3.0,proportional,301,1,771990200,edges-corr,pca,0.3100530996215891,0.5568241191090676
3.0,proportional,301,1,771990200,edges-cov,sfa,0.47114277309692,0.6863984069743461
3.0,proportional,301,1,771990200,edges-cov,pca,0.2648718951797581,0.5146570656075345
3.0,proportional,301,1,771990200,node-var,sfa,0.4080026878559602,0.6387508809042538
3.0,proportional,301,1,771990200,node-var,pca,0.2630888628124519,0.5129218876324658
3.0,fixed,3001,1,774875821,edges-corr,sfa,0.7186850483185686,0.847752940613342
3.0,fixed,3001,1,774875821,edges-corr,pca,0.5122826690045237,0.7157392465168608
3.0,fixed,3001,1,774875821,edges-cov,sfa,0.604616317020664,0.777570779428255
3.0,fixed,3001,1,774875821,edges-cov,pca,0.5454173881652228,0.7385237898437821
3.0,fixed,3001,1,774875821,node-var,sfa,0.5763617123707205,0.7591848999886132
3.0,fixed,3001,1,774875821,node-var,pca,0.5801769805818114,0.7616934951683725
3.0,proportional,301,1,774875821,edges-corr,sfa,0.5711309004198728,0.7557320295050838
3.0,proportional,301,1,774875821,edges-corr,pca,0.22100465294443528,0.4701113197365442
3.0,proportional,301,1,774875821,edges-cov,sfa,0.23495239659920486,0.4847188840959313
3.0,proportional,301,1,774875821,edges-cov,pca,0.1855296132376852,0.43073148623903174
3.0,proportional,301,1,774875821,node-var,sfa,0.26528339472465995,0.5150566907871986
3.0,proportional,301,1,774875821,node-var,pca,0.21621609748474263,0.4649904273044152
3.0,fixed,3001,1,778240327,edges-corr,sfa,0.21017360892958672,0.4584469532340538
3.0,fixed,3001,1,778240327,edges-corr,pca,0.19920076555211055,0.4463191297178629
3.0,fixed,3001,1,778240327,edges-cov,sfa,0.29052798110971095,0.5390064759441309
3.0,fixed,3001,1,778240327,edges-cov,pca,0.24444216101238983,0.4944109232332856
3.0,fixed,3001,1,778240327,node-var,sfa,0.2598478746286659,0.5097527583335532
3.0,fixed,3001,1,778240327,node-var,pca,0.26341816341024565,0.5132427918736372
3.0,proportional,301,1,778240327,edges-corr,sfa,0.008076427660615166,0.08986894714313262
3.0,proportional,301,1,778240327,edges-corr,pca,0.09207423065092307,0.30343735869355815
3.0,proportional,301,1,778240327,edges-cov,sfa,0.48601039278314817,0.6971444561804592
3.0,proportional,301,1,778240327,edges-cov,pca,0.4111676400300755,0.6412235491855204
3.0,proportional,301,1,778240327,node-var,sfa,0.4463350383672199,0.6680831073805263
3.0,proportional,301,1,778240327,node-var,pca,0.4593736780536078,0.6777711103710513
3.0,fixed,3001,1,778998620,edges-corr,sfa,0.6879350055163291,0.8294184743037312
3.0,fixed,3001,1,778998620,edges-corr,pca,0.6065329551564816,0.7788022567741324
3.0,fixed,3001,1,778998620,edges-cov,sfa,0.5810057338315345,0.7622373212009069
3.0,fixed,3001,1,778998620,edges-cov,pca,0.32961528779140753,0.5741213180081433
3.0,fixed,3001,1,778998620,node-var,sfa,0.5048365631634419,0.710518517115101
3.0,fixed,3001,1,778998620,node-var,pca,0.1931258036123151,0.4394608100983694
3.0,proportional,301,1,778998620,edges-corr,sfa,0.3890686336453865,0.623753664234036
3.0,proportional,301,1,778998620,edges-corr,pca,0.18422748073803386,0.4292172884892148
3.0,proportional,301,1,778998620,edges-cov,sfa,0.17110502592831855,0.41364843276424795
3.0,proportional,301,1,778998620,edges-cov,pca,0.08751519220594522,0.2958296675554114
3.0,proportional,301,1,778998620,node-var,sfa,0.1975909525389237,0.44451203868840683
3.0,proportional,301,1,778998620,node-var,pca,0.04980830215396767,0.22317773668976856
3.0,fixed,3001,1,779839471,edges-corr,sfa,0.5448454802328503,0.7381364916008761
3.0,fixed,3001,1,779839471,edges-corr,pca,0.36410875265285836,0.6034142463124801
3.0,fixed,3001,1,779839471,edges-cov,sfa,0.32542692694432496,0.5704620293624502
3.0,fixed,3001,1,779839471,edges-cov,pca,0.3115559730996863,0.558171992399911
3.0,fixed,3001,1,779839471,node-var,sfa,0.3190607514089647,0.5648546285629292
3.0,fixed,3001,1,779839471,node-var,pca,0.3312274788818533,0.5755236562313084
3.0,proportional,301,1,779839471,edges-corr,sfa,0.3639815111935789,0.6033088025162395
3.0,proportional,301,1,779839471,edges-corr,pca,0.23960649150334584,0.4894961608668099
3.0,proportional,301,1,779839471,edges-cov,sfa,0.25010268497679833,0.5001026744347588
3.0,proportional,301,1,779839471,edges-cov,pca,0.2176702868796494,0.4665514836324598
3.0,proportional,301,1,779839471,node-var,sfa,0.25229112769878587,0.5022859023492356
3.0,proportional,301,1,779839471,node-var,pca,0.2459683355042948,0.4959519487856609
3.0,fixed,3001,1,781842082,edges-corr,sfa,0.5236752743293095,0.7236541123556954
3.0,fixed,3001,1,781842082,edges-corr,pca,0.29748720593564176,0.5454238773061203
3.0,fixed,3001,1,781842082,edges-cov,sfa,0.33782800256309053,0.5812297330342715
3.0,fixed,3001,1,781842082,edges-cov,pca,0.2696109826064649,0.519240775177051
3.0,fixed,3001,1,781842082,node-var,sfa,0.34231035198713977,0.5850729458684103
3.0,fixed,3001,1,781842082,node-var,pca,0.295932049214161,0.5439963687508962
3.0,proportional,301,1,781842082,edges-corr,sfa,0.7147960206306105,0.8454561021310394
3.0,proportional,301,1,781842082,edges-corr,pca,0.5905777845390112,0.7684905884518113
3.0,proportional,301,1,781842082,edges-cov,sfa,0.2877570835425815,0.5364299428094795
3.0,proportional,301,1,781842082,edges-cov,pca,0.2693519197583567,0.5189912521019566
3.0,proportional,301,1,781842082,node-var,sfa,0.3190048348708097,0.5648051299968952
3.0,proportional,301,1,781842082,node-var,pca,0.30575808272507515,0.5529539607644339
3.0,fixed,3001,1,786091066,edges-corr,sfa,0.0014773595591343696,0.03843643530732747
3.0,fixed,3001,1,786091066,edges-corr,pca,0.009517228636644275,0.09755628445489442
3.0,fixed,3001,1,786091066,edges-cov,sfa,4.4524145216131e-05,0.006672641547103441
3.0,fixed,3001,1,786091066,edges-cov,pca,0.07000645585924359,0.2645873312523553
3.0,fixed,3001,1,786091066,node-var,sfa,0.038780931209003326,0.19692874652778178
3.0,fixed,3001,1,786091066,node-var,pca,0.01533486659602956,0.12383402842526589
3.0,proportional,301,1,786091066,edges-corr,sfa,0.009384343757544867,0.09687282259511626
3.0,proportional,301,1,786091066,edges-corr,pca,0.005043008378086509,0.07101414209920802
3.0,proportional,301,1,786091066,edges-cov,sfa,0.10378643679644829,0.32215902408041946
3.0,proportional,301,1,786091066,edges-cov,pca,0.02580664631757876,0.16064447179277214
3.0,proportional,301,1,786091066,node-var,sfa,0.12871490278685316,0.3587685922525175
3.0,proportional,301,1,786091066,node-var,pca,0.049060571031344286,0.2214962099706094
3.0,fixed,3001,1,787025148,edges-corr,sfa,0.32676026443925693,0.5716294817792876
3.0,fixed,3001,1,787025148,edges-corr,pca,0.37594970068168454,0.6131473727267243
3.0,fixed,3001,1,787025148,edges-cov,sfa,0.33224636811005,0.5764081610369947
3.0,fixed,3001,1,787025148,edges-cov,pca,0.38045624996761973,0.6168113568730879
3.0,fixed,3001,1,787025148,node-var,sfa,0.3195117130298705,0.5652536713988424
3.0,fixed,3001,1,787025148,node-var,pca,0.38454625380246793,0.6201179353981531
3.0,proportional,301,1,787025148,edges-corr,sfa,0.32056132529467846,0.5661813537151135
3.0,proportional,301,1,787025148,edges-corr,pca,0.1799146197335397,0.4241634351680254
3.0,proportional,301,1,787025148,edges-cov,sfa,0.157280552480239,0.3965861223999637
3.0,proportional,301,1,787025148,edges-cov,pca,0.2011243340181538,0.4484688774242353
3.0,proportional,301,1,787025148,node-var,sfa,0.15230774760965238,0.39026625220437955
3.0,proportional,301,1,787025148,node-var,pca,0.22251638909332344,0.4717164286871122
3.0,fixed,3001,1,789848216,edges-corr,sfa,0.13512013771300904,0.3675869117814303
3.0,fixed,3001,1,789848216,edges-corr,pca,0.07928711680070165,0.28157968108636966
3.0,fixed,3001,1,789848216,edges-cov,sfa,0.15367306187863936,0.39201155834827034
3.0,fixed,3001,1,789848216,edges-cov,pca,0.09616756297845824,0.31010895339937905
3.0,fixed,3001,1,789848216,node-var,sfa,0.15838966384271722,0.3979819893446401
3.0,fixed,3001,1,789848216,node-var,pca,0.10287893974439885,0.3207474703632109
3.0,proportional,301,1,789848216,edges-corr,sfa,0.6670736057248016,0.816745741173348
3.0,proportional,301,1,789848216,edges-corr,pca,0.2720786322276078,0.5216115721757022
3.0,proportional,301,1,789848216,edges-cov,sfa,0.6639317008880974,0.8148200420265185
3.0,proportional,301,1,789848216,edges-cov,pca,0.38592660457195543,0.6212299128116381
3.0,proportional,301,1,789848216,node-var,sfa,0.6887431702682286,0.8299055188804498
3.0,proportional,301,1,789848216,node-var,pca,0.49632206076965396,0.7045012851440755
3.0,fixed,3001,1,793224716,edges-corr,sfa,0.8541912895117532,0.9242246964411593
3.0,fixed,3001,1,793224716,edges-corr,pca,0.7940364016279006,0.891087202033505
3.0,fixed,3001,1,793224716,edges-cov,sfa,0.5563423934185066,0.7458836326254294
3.0,fixed,3001,1,793224716,edges-cov,pca,0.5087132637407332,0.7132413783150366
3.0,fixed,3001,1,793224716,node-var,sfa,0.564150762738034,0.7510997022619793
3.0,fixed,3001,1,793224716,node-var,pca,0.5704165770666633,0.7552592780407688
3.0,proportional,301,1,793224716,edges-corr,sfa,0.636495295629986,0.7978065527620001
3.0,proportional,301,1,793224716,edges-corr,pca,0.6599772910855275,0.8123898639726664
3.0,proportional,301,1,793224716,edges-cov,sfa,0.4422441788438808,0.6650144200270253
3.0,proportional,301,1,793224716,edges-cov,pca,0.3905913376622422,0.6249730695495944
3.0,proportional,301,1,793224716,node-var,sfa,0.4624894035774622,0.6800657347473568
3.0,proportional,301,1,793224716,node-var,pca,0.4671191141568714,0.6834611284900345
3.0,fixed,3001,1,794812542,edges-corr,sfa,0.08274257850141722,0.287650097342965
3.0,fixed,3001,1,794812542,edges-corr,pca,0.1509429900277376,0.38851382218363556
3.0,fixed,3001,1,794812542,edges-cov,sfa,0.14138547407007038,0.3760125982863744
3.0,fixed,3001,1,794812542,edges-cov,pca,0.17041595087108313,0.41281466891461494
3.0,fixed,3001,1,794812542,node-var,sfa,0.1591072894022919,0.3988825508872153
3.0,fixed,3001,1,794812542,node-var,pca,0.1614292084933697,0.40178253881094644
3.0,proportional,301,1,794812542,edges-corr,sfa,0.0076564783670202,0.0875013049446704
3.0,proportional,301,1,794812542,edges-corr,pca,0.3387318746023888,0.582006765083009
3.0,proportional,301,1,794812542,edges-cov,sfa,0.40841770424587204,0.6390756639443189
3.0,proportional,301,1,794812542,edges-cov,pca,0.32679674097220035,0.5716613866374047
3.0,proportional,301,1,794812542,node-var,sfa,0.3731673555634091,0.6108742551159028
3.0,proportional,301,1,794812542,node-var,pca,0.3692380354254331,0.60764959921441
3.0,fixed,3001,1,816200189,edges-corr,sfa,0.6516810850293577,0.8072676662850791
3.0,fixed,3001,1,816200189,edges-corr,pca,0.5928101419160611,0.7699416483838636
3.0,fixed,3001,1,816200189,edges-cov,sfa,0.4821894395415034,0.6943986171800052
3.0,fixed,3001,1,816200189,edges-cov,pca,0.4886253957476265,0.699017450245433
3.0,fixed,3001,1,816200189,node-var,sfa,0.5108172069422567,0.7147147731383875
3.0,fixed,3001,1,816200189,node-var,pca,0.5165356140856174,0.7187041213779266
3.0,proportional,301,1,816200189,edges-corr,sfa,0.12289209005736942,0.35055968116337827
3.0,proportional,301,1,816200189,edges-corr,pca,0.34225034961299255,0.5850216659346836
3.0,proportional,301,1,816200189,edges-cov,sfa,0.21238116486457434,0.46084831003766774
3.0,proportional,301,1,816200189,edges-cov,pca,0.2030290996462622,0.45058750498239764
3.0,proportional,301,1,816200189,node-var,sfa,0.20459043703332386,0.4523167441443262
3.0,proportional,301,1,816200189,node-var,pca,0.20443364517803436,0.4521433900634116
3.0,fixed,3001,1,829720705,edges-corr,sfa,0.00011601041490683539,0.010770813103328615
3.0,fixed,3001,1,829720705,edges-corr,pca,0.00010856609348542309,0.010419505433820891
3.0,fixed,3001,1,829720705,edges-cov,sfa,0.007016063484530811,0.08376194532441812
3.0,fixed,3001,1,829720705,edges-cov,pca,0.006202514709506151,0.07875604554258772
3.0,fixed,3001,1,829720705,node-var,sfa,0.007497410159363029,0.08658758663551623
3.0,fixed,3001,1,829720705,node-var,pca,0.010164761592641897,0.1008204423350835
3.0,proportional,301,1,829720705,edges-corr,sfa,0.11589223572595815,0.3404294871569708
3.0,proportional,301,1,829720705,edges-corr,pca,0.12126868495764555,0.3482365359316072
3.0,proportional,301,1,829720705,edges-cov,sfa,0.14734604266820162,0.3838567996899386
3.0,proportional,301,1,829720705,edges-cov,pca,0.1356115498507456,0.36825473500112066
3.0,proportional,301,1,829720705,node-var,sfa,0.16283232086218483,0.403524870190407
3.0,proportional,301,1,829720705,node-var,pca,0.16045335197426872,0.4005662891136356
3.0,fixed,3001,1,831882777,edges-corr,sfa,4.137684383952544e-06,0.00203412988374699
3.0,fixed,3001,1,831882777,edges-corr,pca,0.00419261573250676,0.06475041106052347
3.0,fixed,3001,1,831882777,edges-cov,sfa,0.0019135436013057853,0.04374406932723321
3.0,fixed,3001,1,831882777,edges-cov,pca,0.006508710951552659,0.08067658242360455
3.0,fixed,3001,1,831882777,node-var,sfa,0.00235108557809807,0.048487994164515304
3.0,fixed,3001,1,831882777,node-var,pca,0.0025743333426215408,0.050737888629913845
3.0,proportional,301,1,831882777,edges-corr,sfa,0.003020957526843717,0.054963237958145415
3.0,proportional,301,1,831882777,edges-corr,pca,0.005455517598354648,0.07386147573907963
3.0,proportional,301,1,831882777,edges-cov,sfa,0.005477132119629156,0.07400764906162846
3.0,proportional,301,1,831882777,edges-cov,pca,0.010982120168429168,0.10479561139870872
3.0,proportional,301,1,831882777,node-var,sfa,0.0028313518750493405,0.05321044892734265
3.0,proportional,301,1,831882777,node-var,pca,0.0032146683352691414,0.05669804525086505
3.0,fixed,3001,1,835479236,edges-corr,sfa,0.4957781776665025,0.7041151735806455
3.0,fixed,3001,1,835479236,edges-corr,pca,0.3796276603120079,0.6161393189141624
3.0,fixed,3001,1,835479236,edges-cov,sfa,0.5924556402864399,0.7697114006473075
3.0,fixed,3001,1,835479236,edges-cov,pca,0.532115446128154,0.7294624364065322
3.0,fixed,3001,1,835479236,node-var,sfa,0.5960702934142579,0.7720558874940712
3.0,fixed,3001,1,835479236,node-var,pca,0.6186939287617519,0.7865709941014555
3.0,proportional,301,1,835479236,edges-corr,sfa,0.5239081594159444,0.7238150035858226
3.0,proportional,301,1,835479236,edges-corr,pca,0.42737808306903985,0.653741602675736
3.0,proportional,301,1,835479236,edges-cov,sfa,0.5481830261986377,0.7403938318210368
3.0,proportional,301,1,835479236,edges-cov,pca,0.4901876036737052,0.7001339898003133
3.0,proportional,301,1,835479236,node-var,sfa,0.4554908381905194,0.6749006135650785
3.0,proportional,301,1,835479236,node-var,pca,0.40550976094152785,0.636796483141614
3.0,fixed,3001,1,839068429,edges-corr,sfa,0.33216609801827107,0.5763385272721849
3.0,fixed,3001,1,839068429,edges-corr,pca,0.3330708060528414,0.5771228691126712
3.0,fixed,3001,1,839068429,edges-cov,sfa,0.5111597978649455,0.7149544026474314
3.0,fixed,3001,1,839068429,edges-cov,pca,0.4026185815708907,0.6345223255102146
3.0,fixed,3001,1,839068429,node-var,sfa,0.46990945459325195,0.6854994198343657
3.0,fixed,3001,1,839068429,node-var,pca,0.45076151448447027,0.6713877527066384
3.0,proportional,301,1,839068429,edges-corr,sfa,0.4733249557685335,0.6879861595762908
3.0,proportional,301,1,839068429,edges-corr,pca,0.005812247011077666,0.076238094225116
3.0,proportional,301,1,839068429,edges-cov,sfa,0.4288907704359527,0.6548975266680679
3.0,proportional,301,1,839068429,edges-cov,pca,0.2799427413192347,0.5290961550788615
3.0,proportional,301,1,839068429,node-var,sfa,0.39911103900223277,0.6317523557551905
3.0,proportional,301,1,839068429,node-var,pca,0.3877727564423407,0.6227140246070749
3.0,fixed,3001,1,847657808,edges-corr,sfa,0.6872395758068235,0.8289991410169395
3.0,fixed,3001,1,847657808,edges-corr,pca,0.5629357188222804,0.7502904229845136
3.0,fixed,3001,1,847657808,edges-cov,sfa,0.5323805097215988,0.7296440979831186
3.0,fixed,3001,1,847657808,edges-cov,pca,0.4545004175917738,0.6741664613370898
3.0,fixed,3001,1,847657808,node-var,sfa,0.41890155292240633,0.6472260446879485
3.0,fixed,3001,1,847657808,node-var,pca,0.11813535933265468,0.3437082474027277
3.0,proportional,301,1,847657808,edges-corr,sfa,0.5421032123653108,0.7362765868648213
3.0,proportional,301,1,847657808,edges-corr,pca,0.4226151953524146,0.6500886057703323
3.0,proportional,301,1,847657808,edges-cov,sfa,0.19474681485021494,0.4413012744715507
3.0,proportional,301,1,847657808,edges-cov,pca,0.22392126111331673,0.47320319220533236
3.0,proportional,301,1,847657808,node-var,sfa,0.2712429227761824,0.5208098720033851
3.0,proportional,301,1,847657808,node-var,pca,0.0015729558826934533,0.03966050784714504
3.0,fixed,3001,2,766640955,edges-corr,sfa,0.5675756428932077,0.7533761629446526
3.0,fixed,3001,2,766640955,edges-corr,pca,0.4468209008845904,0.6684466327872334
3.0,fixed,3001,2,766640955,edges-cov,sfa,0.5142671101371814,0.7171241943604897
3.0,fixed,3001,2,766640955,edges-cov,pca,0.21198563734964337,0.46041898022306094
3.0,fixed,3001,2,766640955,node-var,sfa,0.265596952541693,0.5153609924525653
3.0,fixed,3001,2,766640955,node-var,pca,0.22252885317993146,0.47172963992093125
3.0,proportional,301,2,766640955,edges-corr,sfa,0.41946369629850894,0.6476601703814346
3.0,proportional,301,2,766640955,edges-corr,pca,0.07239193744559509,0.26905749840061155
3.0,proportional,301,2,766640955,edges-cov,sfa,0.28343752255345794,0.5323885071575625
3.0,proportional,301,2,766640955,edges-cov,pca,3.2673707955646486e-06,0.0018075870091269876
3.0,proportional,301,2,766640955,node-var,sfa,0.03675366383385914,0.19171245090984346
3.0,proportional,301,2,766640955,node-var,pca,0.027168887798486578,0.16482987532145554
3.0,fixed,3001,2,767871931,edges-corr,sfa,0.582685033601234,0.7633380860413255
3.0,fixed,3001,2,767871931,edges-corr,pca,0.15614556236037977,0.3951525811131439
3.0,fixed,3001,2,767871931,edges-cov,sfa,0.7116359168993474,0.8435851568747208
3.0,fixed,3001,2,767871931,edges-cov,pca,0.421217904249115,0.649013023173738
3.0,fixed,3001,2,767871931,node-var,sfa,0.5359696967352693,0.7320995128637017
3.0,fixed,3001,2,767871931,node-var,pca,0.5275043764660337,0.7262949651939173
3.0,proportional,301,2,767871931,edges-corr,sfa,0.14268505170174764,0.37773674920736483
3.0,proportional,301,2,767871931,edges-corr,pca,0.03976193270266506,0.199403943548429
3.0,proportional,301,2,767871931,edges-cov,sfa,0.22633787954732226,0.4757498077217922
3.0,proportional,301,2,767871931,edges-cov,pca,0.17059133093784537,0.4130270341489106
3.0,proportional,301,2,767871931,node-var,sfa,0.2212956272352173,0.47042069175921386
3.0,proportional,301,2,767871931,node-var,pca,0.21822720221171799,0.4671479446724752
3.0,fixed,3001,2,771160300,edges-corr,sfa,0.6870758934576036,0.8289004122677245
3.0,fixed,3001,2,771160300,edges-corr,pca,0.7499357275167238,0.8659882952538814
3.0,fixed,3001,2,771160300,edges-cov,sfa,0.6814078405695058,0.8254743124831359
3.0,fixed,3001,2,771160300,edges-cov,pca,0.6762250181856357,0.8223290206393277
3.0,fixed,3001,2,771160300,node-var,sfa,0.6828169014739593,0.8263273573311968
3.0,fixed,3001,2,771160300,node-var,pca,0.6420911488696346,0.8013059021807056
3.0,proportional,301,2,771160300,edges-corr,sfa,0.5719067673160496,0.7562451767225029
3.0,proportional,301,2,771160300,edges-corr,pca,0.5626024163617013,0.7500682744668656
3.0,proportional,301,2,771160300,edges-cov,sfa,0.3941875466233941,0.6278435685928415
3.0,proportional,301,2,771160300,edges-cov,pca,0.34697821721081035,0.5890485694837144
3.0,proportional,301,2,771160300,node-var,sfa,0.45371983421748113,0.673587287749317
3.0,proportional,301,2,771160300,node-var,pca,0.29262800845824555,0.5409510222360667
3.0,fixed,3001,2,771990200,edges-corr,sfa,0.47935790183798505,0.6923567735192493
3.0,fixed,3001,2,771990200,edges-corr,pca,0.21572249303516863,0.4644593556331583
3.0,fixed,3001,2,771990200,edges-cov,sfa,0.5044910010714481,0.7102752994941103
3.0,fixed,3001,2,771990200,edges-cov,pca,0.5195965925998864,0.7208304881176201
3.0,fixed,3001,2,771990200,node-var,sfa,0.5130945167281608,0.7163061613082501
3.0,fixed,3001,2,771990200,node-var,pca,0.5048499383149999,0.7105279292997566
3.0,proportional,301,2,771990200,edges-corr,sfa,0.18271880019411724,0.4274561968133311
3.0,proportional,301,2,771990200,edges-corr,pca,0.12140227735436418,0.3484282958577908
3.0,proportional,301,2,771990200,edges-cov,sfa,0.0797111314537426,0.2823315983975981
3.0,proportional,301,2,771990200,edges-cov,pca,0.2579768156598317,0.5079141813927149
3.0,proportional,301,2,771990200,node-var,sfa,0.2668577437057136,0.5165827559120741
3.0,proportional,301,2,771990200,node-var,pca,0.2635760927236244,0.5133966232101886
3.0,fixed,3001,2,774875821,edges-corr,sfa,0.41725605192510323,0.6459535988947683
3.0,fixed,3001,2,774875821,edges-corr,pca,0.33883595988671944,0.5820961775228553
3.0,fixed,3001,2,774875821,edges-cov,sfa,0.4320983356529943,0.6573418712154234
3.0,fixed,3001,2,774875821,edges-cov,pca,0.3913953516928872,0.6256159778113785
3.0,fixed,3001,2,774875821,node-var,sfa,0.4404997371256986,0.6637015422053038
3.0,fixed,3001,2,774875821,node-var,pca,0.414994063228736,0.6442003284916393
3.0,proportional,301,2,774875821,edges-corr,sfa,0.5199746187499882,0.7210926561475912
3.0,proportional,301,2,774875821,edges-corr,pca,0.29472131849702465,0.5428824168243291
3.0,proportional,301,2,774875821,edges-cov,sfa,0.370195709991588,0.60843710438433
3.0,proportional,301,2,774875821,edges-cov,pca,0.23012717889967468,0.4797157271756625
3.0,proportional,301,2,774875821,node-var,sfa,0.332290799557354,0.5764467014020932
3.0,proportional,301,2,774875821,node-var,pca,0.2705427122129,0.5201372051804216
3.0,fixed,3001,2,778240327,edges-corr,sfa,0.28232726236323225,0.5313447678892042
3.0,fixed,3001,2,778240327,edges-corr,pca,0.30434327130017075,0.5516731562258316
3.0,fixed,3001,2,778240327,edges-cov,sfa,0.3720188615059956,0.6099334894117519
3.0,fixed,3001,2,778240327,edges-cov,pca,0.31129190778839544,0.5579353975044024
3.0,fixed,3001,2,778240327,node-var,sfa,0.3503531242292153,0.5919063475155637
3.0,fixed,3001,2,778240327,node-var,pca,0.3413446047678,0.5842470408720954
3.0,proportional,301,2,778240327,edges-corr,sfa,0.03298609081169864,0.18162073343013083
3.0,proportional,301,2,778240327,edges-corr,pca,0.04878411644467791,0.22087126667966095
3.0,proportional,301,2,778240327,edges-cov,sfa,0.4824360014189492,0.6945761307581403
3.0,proportional,301,2,778240327,edges-cov,pca,0.3640533319797904,0.6033683219889742
3.0,proportional,301,2,778240327,node-var,sfa,0.40743016440056723,0.6383025649334078
3.0,proportional,301,2,778240327,node-var,pca,0.4413744366636877,0.6643601708890199
3.0,fixed,3001,2,778998620,edges-corr,sfa,0.2931840914170001,0.5414647647049622
3.0,fixed,3001,2,778998620,edges-corr,pca,0.2626500353049872,0.5124939368470491
3.0,fixed,3001,2,778998620,edges-cov,sfa,0.5488837417639678,0.7408668853201416
3.0,fixed,3001,2,778998620,edges-cov,pca,0.4865013807454335,0.6974965094862006
3.0,fixed,3001,2,778998620,node-var,sfa,0.5203891853778505,0.7213800561270394
3.0,fixed,3001,2,778998620,node-var,pca,0.5364300609295372,0.732413859050699
3.0,proportional,301,2,778998620,edges-corr,sfa,0.5042764579547919,0.7101242552925452
3.0,proportional,301,2,778998620,edges-corr,pca,0.36841656405412065,0.6069732811698721
3.0,proportional,301,2,778998620,edges-cov,sfa,0.5684433573030004,0.7539518269113753
3.0,proportional,301,2,778998620,edges-cov,pca,0.4755894720955283,0.6896299530150415
3.0,proportional,301,2,778998620,node-var,sfa,0.5424686302706292,0.7365246976650743
3.0,proportional,301,2,778998620,node-var,pca,0.5717893632675376,0.7561675497318948
3.0,fixed,3001,2,779839471,edges-corr,sfa,0.7686437809576112,0.8767233206420434
3.0,fixed,3001,2,779839471,edges-corr,pca,0.6076528252964247,0.7795208947144552
3.0,fixed,3001,2,779839471,edges-cov,sfa,0.48209298533691086,0.6943291620959837
3.0,fixed,3001,2,779839471,edges-cov,pca,0.4678459722899522,0.6839926697633186
3.0,fixed,3001,2,779839471,node-var,sfa,0.4859281165865513,0.697085444250955
3.0,fixed,3001,2,779839471,node-var,pca,0.48358322121058517,0.6954014820307656
3.0,proportional,301,2,779839471,edges-corr,sfa,0.47844573284931874,0.6916977178286182
3.0,proportional,301,2,779839471,edges-corr,pca,0.3328481431919211,0.576929929187177
3.0,proportional,301,2,779839471,edges-cov,sfa,0.35539580467104814,0.5961508237611084
3.0,proportional,301,2,779839471,edges-cov,pca,0.3205773369608983,0.5661954935893594
3.0,proportional,301,2,779839471,node-var,sfa,0.345554107419247,0.5878385045395096
3.0,proportional,301,2,779839471,node-var,pca,0.35599103329947646,0.5966498414476253
3.0,fixed,3001,2,781842082,edges-corr,sfa,0.5028658977049646,0.7091303813157103
3.0,fixed,3001,2,781842082,edges-corr,pca,0.22020056673115082,0.46925533212862997
3.0,fixed,3001,2,781842082,edges-cov,sfa,0.12516505799974342,0.3537867408478495
3.0,fixed,3001,2,781842082,edges-cov,pca,0.14099924027659888,0.37549865549239836
3.0,fixed,3001,2,781842082,node-var,sfa,0.2406310158146029,0.4905415536064227
3.0,fixed,3001,2,781842082,node-var,pca,0.1927039800119995,0.43898061461982524
3.0,proportional,301,2,781842082,edges-corr,sfa,0.6139130298486527,0.7835260237213904
3.0,proportional,301,2,781842082,edges-corr,pca,0.575749883536365,0.7587818418599414
3.0,proportional,301,2,781842082,edges-cov,sfa,0.23840914367514646,0.4882715880277558
3.0,proportional,301,2,781842082,edges-cov,pca,0.25779823472790525,0.5077383526265327
3.0,proportional,301,2,781842082,node-var,sfa,0.31933951346860656,0.5651013302661803
3.0,proportional,301,2,781842082,node-var,pca,0.2980210678122181,0.5459130588401583
3.0,fixed,3001,2,786091066,edges-corr,sfa,0.6402456962557407,0.8001535454247145
3.0,fixed,3001,2,786091066,edges-corr,pca,0.36452315670233454,0.6037575313835303
3.0,fixed,3001,2,786091066,edges-cov,sfa,0.618165929916657,0.7862352891575505
3.0,fixed,3001,2,786091066,edges-cov,pca,0.30912358936223927,0.5559888392425151
3.0,fixed,3001,2,786091066,node-var,sfa,0.6107002970292202,0.7814731582269606
3.0,fixed,3001,2,786091066,node-var,pca,0.5011910191240553,0.707948457957255
3.0,proportional,301,2,786091066,edges-corr,sfa,0.20824053479746765,0.4563337975621219
3.0,proportional,301,2,786091066,edges-corr,pca,0.045672307686745614,0.21371080386060415
3.0,proportional,301,2,786091066,edges-cov,sfa,0.40934354188283584,0.6397996107241984
3.0,proportional,301,2,786091066,edges-cov,pca,0.029305267842182594,0.1711878145259837
3.0,proportional,301,2,786091066,node-var,sfa,0.3436251260625241,0.5861954674530707
3.0,proportional,301,2,786091066,node-var,pca,0.02012899968058284,0.14187670591250293
3.0,fixed,3001,2,787025148,edges-corr,sfa,0.68695900029304,0.8288298982861562
3.0,fixed,3001,2,787025148,edges-corr,pca,0.6176366338597384,0.7858986155094934
3.0,fixed,3001,2,787025148,edges-cov,sfa,0.7622863361541566,0.8730901076945934
3.0,fixed,3001,2,787025148,edges-cov,pca,0.6425789111411019,0.801610199000176
3.0,fixed,3001,2,787025148,node-var,sfa,0.7285096390525945,0.8535277611493339
3.0,fixed,3001,2,787025148,node-var,pca,0.6350715916272524,0.7969137918415343
3.0,proportional,301,2,787025148,edges-corr,sfa,0.641376902826269,0.8008601019068617
3.0,proportional,301,2,787025148,edges-corr,pca,0.4552971787667799,0.6747571257621366
3.0,proportional,301,2,787025148,edges-cov,sfa,0.5857440809029741,0.7653391933665583
3.0,proportional,301,2,787025148,edges-cov,pca,0.4475371831234616,0.6689821994070257
3.0,proportional,301,2,787025148,node-var,sfa,0.5247319917762542,0.7243838704556129
3.0,proportional,301,2,787025148,node-var,pca,0.4070035760133271,0.6379683189730718
3.0,fixed,3001,2,789848216,edges-corr,sfa,0.27144203022716107,0.521000988700752
3.0,fixed,3001,2,789848216,edges-corr,pca,0.21692210696083622,0.46574897419193123
3.0,fixed,3001,2,789848216,edges-cov,sfa,0.2250566812818067,0.47440139257996145
3.0,fixed,3001,2,789848216,edges-cov,pca,0.2049110445493325,0.4526710113861197
3.0,fixed,3001,2,789848216,node-var,sfa,0.18326168092064973,0.42809073912039924
3.0,fixed,3001,2,789848216,node-var,pca,0.1888394191678383,0.4345565776372949
3.0,proportional,301,2,789848216,edges-corr,sfa,0.5417400455022587,0.7360299216079865
3.0,proportional,301,2,789848216,edges-corr,pca,0.13772854925396782,0.37111797215167014
3.0,proportional,301,2,789848216,edges-cov,sfa,0.515407546080584,0.7179188993755381
3.0,proportional,301,2,789848216,edges-cov,pca,0.31891620090869716,0.5647266603487896
3.0,proportional,301,2,789848216,node-var,sfa,0.4872665496731732,0.6980448049181178
3.0,proportional,301,2,789848216,node-var,pca,0.3849752553272938,0.6204637421536361
3.0,fixed,3001,2,793224716,edges-corr,sfa,0.8272143756049962,0.9095132630176408
3.0,fixed,3001,2,793224716,edges-corr,pca,0.7760327724057744,0.8809272231040283
3.0,fixed,3001,2,793224716,edges-cov,sfa,0.558375314729288,0.7472451503551482
3.0,fixed,3001,2,793224716,edges-cov,pca,0.5158457698780395,0.7182240387776223
3.0,fixed,3001,2,793224716,node-var,sfa,0.5652856796157371,0.7518548261571093
3.0,fixed,3001,2,793224716,node-var,pca,0.5708970322973245,0.7555772841326852
3.0,proportional,301,2,793224716,edges-corr,sfa,0.6361466445709618,0.7975880168175559
3.0,proportional,301,2,793224716,edges-corr,pca,0.6559299626510291,0.8098950318720501
3.0,proportional,301,2,793224716,edges-cov,sfa,0.4457973923505847,0.6676806065407207
3.0,proportional,301,2,793224716,edges-cov,pca,0.3917082905531886,0.6258660324328111
3.0,proportional,301,2,793224716,node-var,sfa,0.45934713171435515,0.6777515265304499
3.0,proportional,301,2,793224716,node-var,pca,0.46535702672877716,0.682170819317843
3.0,fixed,3001,2,794812542,edges-corr,sfa,0.7920475681439993,0.8899705434136567
3.0,fixed,3001,2,794812542,edges-corr,pca,0.7369958538869176,0.8584846264709215
3.0,fixed,3001,2,794812542,edges-cov,sfa,0.45950994254977323,0.6778716268953682
3.0,fixed,3001,2,794812542,edges-cov,pca,0.4169861961664908,0.6457446834210026
3.0,fixed,3001,2,794812542,node-var,sfa,0.4445314354950424,0.6667319067624126
3.0,fixed,3001,2,794812542,node-var,pca,0.45433012664271294,0.6740401520997936
3.0,proportional,301,2,794812542,edges-corr,sfa,0.7104806254323847,0.8429001277923647
3.0,proportional,301,2,794812542,edges-corr,pca,0.5570931983182427,0.7463867618857147
3.0,proportional,301,2,794812542,edges-cov,sfa,0.32239684118691236,0.5678000010451852
3.0,proportional,301,2,794812542,edges-cov,pca,0.26673916781005186,0.5164679736537899
3.0,proportional,301,2,794812542,node-var,sfa,0.29569943040205926,0.543782521236256
3.0,proportional,301,2,794812542,node-var,pca,0.3133129072274098,0.5597436084739242
3.0,fixed,3001,2,816200189,edges-corr,sfa,0.3190467462714975,0.5648422313102106
3.0,fixed,3001,2,816200189,edges-corr,pca,0.30097934770045326,0.5486158471102099
3.0,fixed,3001,2,816200189,edges-cov,sfa,0.22757693313641764,0.4770502417318512
3.0,fixed,3001,2,816200189,edges-cov,pca,0.23509626985248372,0.4848672703456934
3.0,fixed,3001,2,816200189,node-var,sfa,0.2446371083342853,0.49460803504824435
3.0,fixed,3001,2,816200189,node-var,pca,0.23703981911879338,0.4868673526935169
3.0,proportional,301,2,816200189,edges-corr,sfa,0.22374836842618914,0.47302047358036114
3.0,proportional,301,2,816200189,edges-corr,pca,0.21064487929264192,0.45896065113759144
3.0,proportional,301,2,816200189,edges-cov,sfa,0.09484382683417597,0.30796724961296773
3.0,proportional,301,2,816200189,edges-cov,pca,0.12084497146963445,0.3476276333516
3.0,proportional,301,2,816200189,node-var,sfa,0.11246864991649827,0.3353634594235011
3.0,proportional,301,2,816200189,node-var,pca,0.10874416497054884,0.3297638017893244
3.0,fixed,3001,2,829720705,edges-corr,sfa,0.08777302726540259,0.29626513001938415
3.0,fixed,3001,2,829720705,edges-corr,pca,0.24852199035508798,0.49851979936115676
3.0,fixed,3001,2,829720705,edges-cov,sfa,0.1935705496605297,0.43996653243233136
3.0,fixed,3001,2,829720705,edges-cov,pca,0.22200557940889254,0.471174680356333
3.0,fixed,3001,2,829720705,node-var,sfa,0.21701334846077133,0.4658469152637713
3.0,fixed,3001,2,829720705,node-var,pca,0.2207909844062089,0.4698840116520341
3.0,proportional,301,2,829720705,edges-corr,sfa,0.26120620153950963,0.511083360656077
3.0,proportional,301,2,829720705,edges-corr,pca,0.23673086405324373,0.48654996049043486
3.0,proportional,301,2,829720705,edges-cov,sfa,0.1931507133104715,0.43948915038994024
3.0,proportional,301,2,829720705,edges-cov,pca,0.19712822899537788,0.44399124878242574
3.0,proportional,301,2,829720705,node-var,sfa,0.21929521716950062,0.46828967228575585
3.0,proportional,301,2,829720705,node-var,pca,0.2144643868048632,0.46310299805212146
3.0,fixed,3001,2,831882777,edges-corr,sfa,0.007530576894852978,0.08677889659849898
3.0,fixed,3001,2,831882777,edges-corr,pca,0.0006392810327424587,0.025284007450213638
3.0,fixed,3001,2,831882777,edges-cov,sfa,0.08083370441374779,0.28431268774669166
3.0,fixed,3001,2,831882777,edges-cov,pca,0.022852976027259386,0.15117200808105774
3.0,fixed,3001,2,831882777,node-var,sfa,0.12418050750119919,0.35239254745411286
3.0,fixed,3001,2,831882777,node-var,pca,0.1236315246979681,0.3516127482017228
3.0,proportional,301,2,831882777,edges-corr,sfa,0.0018767145816995566,0.0433210639493025
3.0,proportional,301,2,831882777,edges-corr,pca,0.001157785748178418,0.03402625086868105
3.0,proportional,301,2,831882777,edges-cov,sfa,0.05100802967059626,0.2258495731025327
3.0,proportional,301,2,831882777,edges-cov,pca,0.0003804542025958566,0.019505235261228115
3.0,proportional,301,2,831882777,node-var,sfa,0.0464398186567168,0.21549899920119536
3.0,proportional,301,2,831882777,node-var,pca,0.04537720145814952,0.2130192513791876
3.0,fixed,3001,2,835479236,edges-corr,sfa,0.0035690092575066936,0.05974118560513085
3.0,fixed,3001,2,835479236,edges-corr,pca,0.00221401195019181,0.047053288409969925
3.0,fixed,3001,2,835479236,edges-cov,sfa,0.0031068863650580325,0.05573945070646133
3.0,fixed,3001,2,835479236,edges-cov,pca,0.002959884946921903,0.054404824665850206
3.0,fixed,3001,2,835479236,node-var,sfa,0.0032178176181568152,0.05672581086381062
3.0,fixed,3001,2,835479236,node-var,pca,0.003332663718417573,0.057729227592421266
3.0,proportional,301,2,835479236,edges-corr,sfa,0.0003500962235426626,0.01871085843949076
3.0,proportional,301,2,835479236,edges-corr,pca,5.07389113284245e-05,0.007123125109699008
3.0,proportional,301,2,835479236,edges-cov,sfa,0.00013604694555390833,0.011663916390042769
3.0,proportional,301,2,835479236,edges-cov,pca,7.075087898560952e-05,0.008411354170739068
3.0,proportional,301,2,835479236,node-var,sfa,9.939050089007082e-05,0.009969478466302579
3.0,proportional,301,2,835479236,node-var,pca,9.616197068450205e-05,0.009806221019562125
3.0,fixed,3001,2,839068429,edges-corr,sfa,0.03330322220694881,0.18249170448803642
3.0,fixed,3001,2,839068429,edges-corr,pca,0.00332995915662058,0.05770579829289757
3.0,fixed,3001,2,839068429,edges-cov,sfa,0.0015776581342879742,0.03971974489203039
3.0,fixed,3001,2,839068429,edges-cov,pca,0.011093548018571401,0.1053259133289211
3.0,fixed,3001,2,839068429,node-var,sfa,0.007106553109805824,0.08430037431592949
3.0,fixed,3001,2,839068429,node-var,pca,0.011477899466717678,0.10713495912501053
3.0,proportional,301,2,839068429,edges-corr,sfa,0.003159110954059056,0.056205969025176106
3.0,proportional,301,2,839068429,edges-corr,pca,0.014608510614559271,0.12086567177887719
3.0,proportional,301,2,839068429,edges-cov,sfa,0.01409469754797721,0.11872109142008934
3.0,proportional,301,2,839068429,edges-cov,pca,0.031131284936232843,0.17644059888878422
3.0,proportional,301,2,839068429,node-var,sfa,0.03734788377872533,0.19325600580247262
3.0,proportional,301,2,839068429,node-var,pca,0.028077546221231,0.16756355875079462
3.0,fixed,3001,2,847657808,edges-corr,sfa,0.19264487846730163,0.4389132926527763
3.0,fixed,3001,2,847657808,edges-corr,pca,0.08501601659744827,0.2915750616864348
3.0,fixed,3001,2,847657808,edges-cov,sfa,0.1879656121029818,0.43355001107482605
3.0,fixed,3001,2,847657808,edges-cov,pca,0.12026628530278138,0.3467942982558701
3.0,fixed,3001,2,847657808,node-var,sfa,0.21557278248410755,0.46429816118966866
3.0,fixed,3001,2,847657808,node-var,pca,0.23803073775915906,0.4878839388206575
3.0,proportional,301,2,847657808,edges-corr,sfa,0.2455002880752537,0.4954798563768801
3.0,proportional,301,2,847657808,edges-corr,pca,0.14636291572900254,0.38257406567748753
3.0,proportional,301,2,847657808,edges-cov,sfa,0.19280669760526278,0.4390975946247745
3.0,proportional,301,2,847657808,edges-cov,pca,0.1750472995204325,0.4183865431875558
3.0,proportional,301,2,847657808,node-var,sfa,0.2914697925636234,0.5398794240972917
3.0,proportional,301,2,847657808,node-var,pca,0.02726968558010687,0.16513535533042847
3.0,fixed,3001,3,766640955,edges-corr,sfa,0.6776545687598355,0.8231977701377935
3.0,fixed,3001,3,766640955,edges-corr,pca,0.7650168323922093,0.8746524066120263
3.0,fixed,3001,3,766640955,edges-cov,sfa,0.7325747661472078,0.8559058161662461
3.0,fixed,3001,3,766640955,edges-cov,pca,0.47729937182984844,0.6908685633532969
3.0,fixed,3001,3,766640955,node-var,sfa,0.7825496454467188,0.8846183614682203
3.0,fixed,3001,3,766640955,node-var,pca,0.34663800022123625,0.5887597134835537
3.0,proportional,301,3,766640955,edges-corr,sfa,0.16112490440177846,0.4014036676486383
3.0,proportional,301,3,766640955,edges-corr,pca,0.1018677844514737,0.3191673298623681
3.0,proportional,301,3,766640955,edges-cov,sfa,0.1671891271845343,0.40888767061936987
3.0,proportional,301,3,766640955,edges-cov,pca,0.13197901209913487,0.36328915769553993
3.0,proportional,301,3,766640955,node-var,sfa,0.30338485913203317,0.5508038299903453
3.0,proportional,301,3,766640955,node-var,pca,0.12011304422613639,0.34657328839097856
3.0,fixed,3001,3,767871931,edges-corr,sfa,0.04558802252148395,0.21351351835770013
3.0,fixed,3001,3,767871931,edges-corr,pca,0.01975724972972484,0.1405604842397921
3.0,fixed,3001,3,767871931,edges-cov,sfa,0.047210277340352935,0.21727926118328214
3.0,fixed,3001,3,767871931,edges-cov,pca,0.04576469959219052,0.21392685570584755
3.0,fixed,3001,3,767871931,node-var,sfa,0.16463063713363915,0.40574701124424706
3.0,fixed,3001,3,767871931,node-var,pca,0.09578932112113046,0.309498499384295
3.0,proportional,301,3,767871931,edges-corr,sfa,0.044006009154810274,0.20977609290577007
3.0,proportional,301,3,767871931,edges-corr,pca,0.009472695490326878,0.09732777347872948
3.0,proportional,301,3,767871931,edges-cov,sfa,0.06599410978082454,0.25689318749399437
3.0,proportional,301,3,767871931,edges-cov,pca,0.034368259851707085,0.18538678445808127
3.0,proportional,301,3,767871931,node-var,sfa,0.07910873603319761,0.2812627526587863
3.0,proportional,301,3,767871931,node-var,pca,0.05389675384439305,0.2321567441286017
3.0,fixed,3001,3,771160300,edges-corr,sfa,0.6255869717929781,0.7909405614791658
3.0,fixed,3001,3,771160300,edges-corr,pca,0.5964945943773617,0.772330625041738
3.0,fixed,3001,3,771160300,edges-cov,sfa,0.5843898595903889,0.7644539617206447
3.0,fixed,3001,3,771160300,edges-cov,pca,0.5322993687028975,0.7295884927155153
3.0,fixed,3001,3,771160300,node-var,sfa,0.5522643066260766,0.7431448759334055
3.0,fixed,3001,3,771160300,node-var,pca,0.5047214267677678,0.7104374896975579
3.0,proportional,301,3,771160300,edges-corr,sfa,0.7267729026054685,0.8525097668680802
3.0,proportional,301,3,771160300,edges-corr,pca,0.6430617641725599,0.8019113193942082
3.0,proportional,301,3,771160300,edges-cov,sfa,0.4996364234342283,0.7068496469789232
3.0,proportional,301,3,771160300,edges-cov,pca,0.4209595890988676,0.6488139865160643
3.0,proportional,301,3,771160300,node-var,sfa,0.4569330175170101,0.6759682074750336
3.0,proportional,301,3,771160300,node-var,pca,0.3508737526609665,0.5923459737864067
3.0,fixed,3001,3,771990200,edges-corr,sfa,0.5318749786336987,0.7292975926421934
3.0,fixed,3001,3,771990200,edges-corr,pca,0.5631507224800848,0.750433689595613
3.0,fixed,3001,3,771990200,edges-cov,sfa,0.5963445013841251,0.7722334500551793
3.0,fixed,3001,3,771990200,edges-cov,pca,0.4580133472853029,0.6767668337657387
3.0,fixed,3001,3,771990200,node-var,sfa,0.5757530452053118,0.7587839252417725
3.0,fixed,3001,3,771990200,node-var,pca,0.4410326263319481,0.6641028733049934
3.0,proportional,301,3,771990200,edges-corr,sfa,0.4836537303820802,0.6954521769195062
3.0,proportional,301,3,771990200,edges-corr,pca,0.4264992219183855,0.6530690789789282
3.0,proportional,301,3,771990200,edges-cov,sfa,0.21709416314349753,0.46593364671753157
3.0,proportional,301,3,771990200,edges-cov,pca,0.2282473529731667,0.47775239714015744
3.0,proportional,301,3,771990200,node-var,sfa,0.25728736026978427,0.5072350148301912
3.0,proportional,301,3,771990200,node-var,pca,0.2202555556319816,0.46931392013446777
3.0,fixed,3001,3,774875821,edges-corr,sfa,0.6667765667927676,0.8165638779622618
3.0,fixed,3001,3,774875821,edges-corr,pca,0.5286926628468325,0.7271125517049148
3.0,fixed,3001,3,774875821,edges-cov,sfa,0.49347246075012574,0.7024759503001692
3.0,fixed,3001,3,774875821,edges-cov,pca,0.4021727680220589,0.6341709296570278
3.0,fixed,3001,3,774875821,node-var,sfa,0.4926013399662101,0.7018556404035021
3.0,fixed,3001,3,774875821,node-var,pca,0.4099311817069678,0.6402586834295712
3.0,proportional,301,3,774875821,edges-corr,sfa,0.5597337734831159,0.7481535761346837
3.0,proportional,301,3,774875821,edges-corr,pca,0.20733243773200102,0.4553377183278374
3.0,proportional,301,3,774875821,edges-cov,sfa,0.3270597505525124,0.5718913800299078
3.0,proportional,301,3,774875821,edges-cov,pca,0.2251809703126618,0.4745323701420819
3.0,proportional,301,3,774875821,node-var,sfa,0.31766503116841527,0.5636178059362703
3.0,proportional,301,3,774875821,node-var,pca,0.26137528961872725,0.511248755126824
3.0,fixed,3001,3,778240327,edges-corr,sfa,0.016359990033576702,0.12790617668266338
3.0,fixed,3001,3,778240327,edges-corr,pca,0.008214333330894694,0.09063295940713122
3.0,fixed,3001,3,778240327,edges-cov,sfa,0.036477473280621356,0.1909907675271801
3.0,fixed,3001,3,778240327,edges-cov,pca,0.0077300167708733315,0.08792051393658554
3.0,fixed,3001,3,778240327,node-var,sfa,0.014966463032055522,0.12233749642711969
3.0,fixed,3001,3,778240327,node-var,pca,0.03368526822014403,0.18353546856164896
3.0,proportional,301,3,778240327,edges-corr,sfa,0.0026590478034272426,0.05156595585681742
3.0,proportional,301,3,778240327,edges-corr,pca,0.00488259202982235,0.0698755467228869
3.0,proportional,301,3,778240327,edges-cov,sfa,0.01311582727169204,0.11452435230854632
3.0,proportional,301,3,778240327,edges-cov,pca,0.0030807562314525867,0.05550456045634977
3.0,proportional,301,3,778240327,node-var,sfa,0.019800096238781484,0.14071281476390657
3.0,proportional,301,3,778240327,node-var,pca,6.219912075108342e-06,0.0024939751552708663
3.0,fixed,3001,3,778998620,edges-corr,sfa,0.7390462570445706,0.8596779961384208
3.0,fixed,3001,3,778998620,edges-corr,pca,0.5619085310355602,0.749605583647534
3.0,fixed,3001,3,778998620,edges-cov,sfa,0.6916304285573531,0.8316432098907278
3.0,fixed,3001,3,778998620,edges-cov,pca,0.33061412011025204,0.5749905391484733
3.0,fixed,3001,3,778998620,node-var,sfa,0.676505007928492,0.8224992449409859
3.0,fixed,3001,3,778998620,node-var,pca,0.03890872644743074,0.19725295041502103
3.0,proportional,301,3,778998620,edges-corr,sfa,0.4259063503649971,0.6526150093010404
3.0,proportional,301,3,778998620,edges-corr,pca,0.145509464459511,0.38145702832627293
3.0,proportional,301,3,778998620,edges-cov,sfa,0.17503325137723974,0.41836975437672325
3.0,proportional,301,3,778998620,edges-cov,pca,0.059049033185448276,0.2430000682828058
3.0,proportional,301,3,778998620,node-var,sfa,0.2634920171073037,0.513314734940761
3.0,proportional,301,3,778998620,node-var,pca,0.012725933133121366,0.11280927769080594
3.0,fixed,3001,3,779839471,edges-corr,sfa,0.5590413694094578,0.7476906910009364
3.0,fixed,3001,3,779839471,edges-corr,pca,0.5403321345239908,0.7350728770155995
3.0,fixed,3001,3,779839471,edges-cov,sfa,0.5184114496213245,0.7200079510820172
3.0,fixed,3001,3,779839471,edges-cov,pca,0.5006190945701936,0.7075444117298882
3.0,fixed,3001,3,779839471,node-var,sfa,0.5054689036040916,0.7109633630533233
3.0,fixed,3001,3,779839471,node-var,pca,0.5065946406113933,0.7117546210678181
3.0,proportional,301,3,779839471,edges-corr,sfa,0.4097409354597006,0.6401100963581973
3.0,proportional,301,3,779839471,edges-corr,pca,0.5207120823453704,0.7216038264486756
3.0,proportional,301,3,779839471,edges-cov,sfa,0.41964471496368827,0.6477999034915707
3.0,proportional,301,3,779839471,edges-cov,pca,0.406100603275584,0.6372602319897139
3.0,proportional,301,3,779839471,node-var,sfa,0.4211421434506262,0.6489546543870582
3.0,proportional,301,3,779839471,node-var,pca,0.4380072162660717,0.6618211361584576
3.0,fixed,3001,3,781842082,edges-corr,sfa,0.07952260144482859,0.2819975202813468
3.0,fixed,3001,3,781842082,edges-corr,pca,0.006778880646928851,0.08233395804240709
3.0,fixed,3001,3,781842082,edges-cov,sfa,0.01445148061799442,0.120214311202928
3.0,fixed,3001,3,781842082,edges-cov,pca,0.026266746699454672,0.16207019065656297
3.0,fixed,3001,3,781842082,node-var,sfa,0.052886650271803046,0.22997097702058633
3.0,fixed,3001,3,781842082,node-var,pca,0.05035166835611278,0.22439177426125223
3.0,proportional,301,3,781842082,edges-corr,sfa,0.18898659447163282,0.4347258842898969
3.0,proportional,301,3,781842082,edges-corr,pca,0.362268482674632,0.6018874335576645
3.0,proportional,301,3,781842082,edges-cov,sfa,0.2871802951073956,0.5358920554621011
3.0,proportional,301,3,781842082,edges-cov,pca,0.27475630891317543,0.5241720222533586
3.0,proportional,301,3,781842082,node-var,sfa,0.33994259514793185,0.5830459631520759
3.0,proportional,301,3,781842082,node-var,pca,0.3305601261128732,0.5749435851567293
3.0,fixed,3001,3,786091066,edges-corr,sfa,0.02190700752253924,0.14801016020037017
3.0,fixed,3001,3,786091066,edges-corr,pca,0.0027431006946608367,0.052374618802057515
3.0,fixed,3001,3,786091066,edges-cov,sfa,0.002122758046901828,0.0460733984735425
3.0,fixed,3001,3,786091066,edges-cov,pca,0.04524431669326783,0.2127071148158139
3.0,fixed,3001,3,786091066,node-var,sfa,0.06638904382560602,0.2576607145561892
3.0,fixed,3001,3,786091066,node-var,pca,0.039343665780924776,0.19835237780506887
3.0,proportional,301,3,786091066,edges-corr,sfa,0.0008855392561523691,0.029758011629683345
3.0,proportional,301,3,786091066,edges-corr,pca,0.007537358061304594,0.08681795932469615
3.0,proportional,301,3,786091066,edges-cov,sfa,0.09771054923421135,0.31258686670142005
3.0,proportional,301,3,786091066,edges-cov,pca,0.03497958052642476,0.18702828803799912
3.0,proportional,301,3,786091066,node-var,sfa,0.1273594576790052,0.3568745685517605
3.0,proportional,301,3,786091066,node-var,pca,0.06549622658925647,0.2559223057673099
3.0,fixed,3001,3,787025148,edges-corr,sfa,0.07748979110306206,0.27836988181745176
3.0,fixed,3001,3,787025148,edges-corr,pca,0.12621040745174245,0.3552610412805525
3.0,fixed,3001,3,787025148,edges-cov,sfa,0.07717665990822875,0.2778068751997127
3.0,fixed,3001,3,787025148,edges-cov,pca,0.07897234264080577,0.2810201819101357
3.0,fixed,3001,3,787025148,node-var,sfa,0.06946856604345683,0.2635689018899173
3.0,fixed,3001,3,787025148,node-var,pca,0.07958064970814178,0.28210042486345493
3.0,proportional,301,3,787025148,edges-corr,sfa,0.39302892265010914,0.6269201884212289
3.0,proportional,301,3,787025148,edges-corr,pca,0.3235768966859903,0.5688381990390504
3.0,proportional,301,3,787025148,edges-cov,sfa,0.3907042352092302,0.6250633849532623
3.0,proportional,301,3,787025148,edges-cov,pca,0.40139336197678505,0.6335561237781425
3.0,proportional,301,3,787025148,node-var,sfa,0.31158287325666745,0.5581960885358007
3.0,proportional,301,3,787025148,node-var,pca,0.3090310498372549,0.5559056123455266
3.0,fixed,3001,3,789848216,edges-corr,sfa,0.3375721102470513,0.5810095612354854
3.0,fixed,3001,3,789848216,edges-corr,pca,0.3810322322973383,0.6172780834416027
3.0,fixed,3001,3,789848216,edges-cov,sfa,0.3131507549941937,0.5595987446324319
3.0,fixed,3001,3,789848216,edges-cov,pca,0.2398229459725634,0.48971721020662873
3.0,fixed,3001,3,789848216,node-var,sfa,0.23262486985639577,0.48231200467788043
3.0,fixed,3001,3,789848216,node-var,pca,0.2076626854891259,0.4557002144931752
3.0,proportional,301,3,789848216,edges-corr,sfa,0.5957356387669723,0.7718391275174978
3.0,proportional,301,3,789848216,edges-corr,pca,0.05028463194270699,0.22424235091237113
3.0,proportional,301,3,789848216,edges-cov,sfa,0.618834085749872,0.786660082723073
3.0,proportional,301,3,789848216,edges-cov,pca,0.1316228736592905,0.36279866821598244
3.0,proportional,301,3,789848216,node-var,sfa,0.5033691984604902,0.709485164369552
3.0,proportional,301,3,789848216,node-var,pca,0.15660258803481678,0.39573044870822965
3.0,fixed,3001,3,793224716,edges-corr,sfa,0.9122513310186872,0.9551184905647504
3.0,fixed,3001,3,793224716,edges-corr,pca,0.9036716127971751,0.9506164383163038
3.0,fixed,3001,3,793224716,edges-cov,sfa,0.9104047404126911,0.9541513194523661
3.0,fixed,3001,3,793224716,edges-cov,pca,0.8965958741134838,0.9468874664465065
3.0,fixed,3001,3,793224716,node-var,sfa,0.9060894592018909,0.9518873143402484
3.0,fixed,3001,3,793224716,node-var,pca,0.9010640086463618,0.9492439142003292
3.0,proportional,301,3,793224716,edges-corr,sfa,0.7748331668578184,0.8802460831255192
3.0,proportional,301,3,793224716,edges-corr,pca,0.791093567209179,0.8894344086042427
3.0,proportional,301,3,793224716,edges-cov,sfa,0.4827748187310192,0.6948199901636533
3.0,proportional,301,3,793224716,edges-cov,pca,0.4996089501748008,0.7068302131168424
3.0,proportional,301,3,793224716,node-var,sfa,0.5176517723427643,0.7194802098339914
3.0,proportional,301,3,793224716,node-var,pca,0.5056436007564324,0.7110862119015052
3.0,fixed,3001,3,794812542,edges-corr,sfa,0.324695311847849,0.5698204207009863
3.0,fixed,3001,3,794812542,edges-corr,pca,0.30537285184823204,0.5526055119596909
3.0,fixed,3001,3,794812542,edges-cov,sfa,0.42310339364104743,0.6504639833542265
3.0,fixed,3001,3,794812542,edges-cov,pca,0.40414659265023256,0.6357252493414373
3.0,fixed,3001,3,794812542,node-var,sfa,0.4113325609516732,0.6413521349084863
3.0,fixed,3001,3,794812542,node-var,pca,0.4142448022842959,0.6436185223284798
3.0,proportional,301,3,794812542,edges-corr,sfa,0.579615414712268,0.7613247761056171
3.0,proportional,301,3,794812542,edges-corr,pca,0.46064629543564134,0.6787092863926656
3.0,proportional,301,3,794812542,edges-cov,sfa,0.49141711942620225,0.7010114973566427
3.0,proportional,301,3,794812542,edges-cov,pca,0.431274420393805,0.6567148699350465
3.0,proportional,301,3,794812542,node-var,sfa,0.46898150738884803,0.6848222451036824
3.0,proportional,301,3,794812542,node-var,pca,0.4691380419685813,0.6849365240433462
3.0,fixed,3001,3,816200189,edges-corr,sfa,0.4915997431551606,0.7011417425564966
3.0,fixed,3001,3,816200189,edges-corr,pca,0.504777651878938,0.7104770593614814
3.0,fixed,3001,3,816200189,edges-cov,sfa,0.4698232051453372,0.6854365070123835
3.0,fixed,3001,3,816200189,edges-cov,pca,0.46559425038766755,0.682344671253222
3.0,fixed,3001,3,816200189,node-var,sfa,0.4656949244528705,0.682418437949086
3.0,fixed,3001,3,816200189,node-var,pca,0.4739800138795664,0.6884620642269016
3.0,proportional,301,3,816200189,edges-corr,sfa,0.2689767480042127,0.5186296829185664
3.0,proportional,301,3,816200189,edges-corr,pca,0.25179921873415373,0.5017959931427848
3.0,proportional,301,3,816200189,edges-cov,sfa,0.2494952867498472,0.49949503175692067
3.0,proportional,301,3,816200189,edges-cov,pca,0.22570308854566518,0.4750821913581535
3.0,proportional,301,3,816200189,node-var,sfa,0.2521343847666665,0.5021298485119825
3.0,proportional,301,3,816200189,node-var,pca,0.24747210572668063,0.49746568296384086
3.0,fixed,3001,3,829720705,edges-corr,sfa,0.5273873205096057,0.7262143764134704
3.0,fixed,3001,3,829720705,edges-corr,pca,0.5218198743000584,0.7223710087621584
3.0,fixed,3001,3,829720705,edges-cov,sfa,0.4607930110138735,0.6788173620451038
3.0,fixed,3001,3,829720705,edges-cov,pca,0.4659566000797808,0.6826101376919191
3.0,fixed,3001,3,829720705,node-var,sfa,0.47175381107437564,0.6868433672056357
3.0,fixed,3001,3,829720705,node-var,pca,0.4737011291267026,0.6882594925801624
3.0,proportional,301,3,829720705,edges-corr,sfa,0.4494207876973955,0.6703885348791367
3.0,proportional,301,3,829720705,edges-corr,pca,0.347339402705654,0.5893550735385706
3.0,proportional,301,3,829720705,edges-cov,sfa,0.34466764798946004,0.5870840212350018
3.0,proportional,301,3,829720705,edges-cov,pca,0.33995419876820315,0.5830559139295332
3.0,proportional,301,3,829720705,node-var,sfa,0.37310392453856955,0.6108223346756154
3.0,proportional,301,3,829720705,node-var,pca,0.3698680265521534,0.6081677618487792
3.0,fixed,3001,3,831882777,edges-corr,sfa,0.14783445525890046,0.3844924645021024
3.0,fixed,3001,3,831882777,edges-corr,pca,0.17100390238427102,0.4135261810142993
3.0,fixed,3001,3,831882777,edges-cov,sfa,0.0005180759887095387,0.022761282668372157
3.0,fixed,3001,3,831882777,edges-cov,pca,0.005127662188657432,0.07160769643451347
3.0,fixed,3001,3,831882777,node-var,sfa,0.013929737875268102,0.11802431052655254
3.0,fixed,3001,3,831882777,node-var,pca,0.012041487021138084,0.109733709593443
3.0,proportional,301,3,831882777,edges-corr,sfa,0.09654757599969643,0.3107210581851453
3.0,proportional,301,3,831882777,edges-corr,pca,0.09472712106444531,0.30777771372281865
3.0,proportional,301,3,831882777,edges-cov,sfa,0.007549932839331476,0.0868903495178347
3.0,proportional,301,3,831882777,edges-cov,pca,0.0669536848713697,0.2587541011682128
3.0,proportional,301,3,831882777,node-var,sfa,0.008677341139817652,0.093152247100205
3.0,proportional,301,3,831882777,node-var,pca,0.0030119186494563764,0.054880949786391055
3.0,fixed,3001,3,835479236,edges-corr,sfa,0.13416646370576724,0.36628740587927294
3.0,fixed,3001,3,835479236,edges-corr,pca,0.12561036168600995,0.354415521226159
3.0,fixed,3001,3,835479236,edges-cov,sfa,0.09337860838975713,0.30557913605113346
3.0,fixed,3001,3,835479236,edges-cov,pca,0.08186567629576534,0.2861217857762064
3.0,fixed,3001,3,835479236,node-var,sfa,0.08065291208231073,0.28399456347316004
3.0,fixed,3001,3,835479236,node-var,pca,0.06719959305757167,0.25922884302787697
3.0,proportional,301,3,835479236,edges-corr,sfa,0.09695431775164856,0.31137488298134863
3.0,proportional,301,3,835479236,edges-corr,pca,0.08950131123000273,0.29916769750426386
3.0,proportional,301,3,835479236,edges-cov,sfa,0.04480236023074707,0.21166568033279998
3.0,proportional,301,3,835479236,edges-cov,pca,0.036554670721568955,0.19119275802594865
3.0,proportional,301,3,835479236,node-var,sfa,0.033644437696232335,0.18342420150087158
3.0,proportional,301,3,835479236,node-var,pca,0.023194455683151958,0.1522972609180873
3.0,fixed,3001,3,839068429,edges-corr,sfa,0.0035227187429302297,0.059352495675668346
3.0,fixed,3001,3,839068429,edges-corr,pca,0.02884430571168716,0.16983611427398815
3.0,fixed,3001,3,839068429,edges-cov,sfa,0.000286274750494512,0.016919655743971626
3.0,fixed,3001,3,839068429,edges-cov,pca,0.0017699887105457415,0.042071233765433376
3.0,fixed,3001,3,839068429,node-var,sfa,0.00370810847484001,0.060894240079337636
3.0,fixed,3001,3,839068429,node-var,pca,1.5402173577975115e-08,0.00012410549374614773
3.0,proportional,301,3,839068429,edges-corr,sfa,0.0015699505129333237,0.03962260103695016
3.0,proportional,301,3,839068429,edges-corr,pca,0.0032974147814359826,0.057423120617360934
3.0,proportional,301,3,839068429,edges-cov,sfa,0.024320200988417542,0.15594935392112896
3.0,proportional,301,3,839068429,edges-cov,pca,0.030494843812594596,0.17462772922017453
3.0,proportional,301,3,839068429,node-var,sfa,0.016217742501004266,0.12734890066664992
3.0,proportional,301,3,839068429,node-var,pca,0.023225464708624476,0.15239903119319517
3.0,fixed,3001,3,847657808,edges-corr,sfa,0.7493686458645796,0.8656608145599405
3.0,fixed,3001,3,847657808,edges-corr,pca,0.6605838032919706,0.8127630671308648
3.0,fixed,3001,3,847657808,edges-cov,sfa,0.3948945787448912,0.6284063802547609
3.0,fixed,3001,3,847657808,edges-cov,pca,0.5038289263193385,0.7098090773717525
3.0,fixed,3001,3,847657808,node-var,sfa,0.7457700835037134,0.8635798072579705
3.0,fixed,3001,3,847657808,node-var,pca,0.5890432932363068,0.767491559065184
3.0,proportional,301,3,847657808,edges-corr,sfa,0.3496479768046874,0.5913103895626115
3.0,proportional,301,3,847657808,edges-corr,pca,0.2820497477891987,0.5310835600818375
3.0,proportional,301,3,847657808,edges-cov,sfa,0.02252016157078944,0.15006719018756046
3.0,proportional,301,3,847657808,edges-cov,pca,0.13967401810657776,0.3737298731792493
3.0,proportional,301,3,847657808,node-var,sfa,0.4197253269670863,0.6478621203366395
3.0,proportional,301,3,847657808,node-var,pca,0.21144851218713098,0.4598353098524851
3.0,fixed,3001,4,766640955,edges-corr,sfa,0.8379849279907281,0.9154151670093347
3.0,fixed,3001,4,766640955,edges-corr,pca,0.4127641996630789,0.6424672751689995
3.0,fixed,3001,4,766640955,edges-cov,sfa,0.8333335604982648,0.9128710535986256
3.0,fixed,3001,4,766640955,edges-cov,pca,0.13769930452709508,0.37107856921020793
3.0,fixed,3001,4,766640955,node-var,sfa,0.7386922887911447,0.8594720989020788
3.0,fixed,3001,4,766640955,node-var,pca,0.0017019556446560041,0.04125476511454167
3.0,proportional,301,4,766640955,edges-corr,sfa,0.4279140000621043,0.6541513586793994
3.0,proportional,301,4,766640955,edges-corr,pca,0.13204086054288264,0.3633742706121096
3.0,proportional,301,4,766640955,edges-cov,sfa,0.18151873004947905,0.42605014968836596
3.0,proportional,301,4,766640955,edges-cov,pca,0.0700167461540843,0.26460677647045305
3.0,proportional,301,4,766640955,node-var,sfa,0.11333627972407066,0.33665454062595185
3.0,proportional,301,4,766640955,node-var,pca,0.017442775452355768,0.13207109998919433
3.0,fixed,3001,4,767871931,edges-corr,sfa,0.8332804345967733,0.9128419548841811
3.0,fixed,3001,4,767871931,edges-corr,pca,0.8374379456673823,0.9151163563544159
3.0,fixed,3001,4,767871931,edges-cov,sfa,0.854603617808131,0.9244477366558539
3.0,fixed,3001,4,767871931,edges-cov,pca,0.8944613910913009,0.9457596899272568
3.0,fixed,3001,4,767871931,node-var,sfa,0.8680212095399075,0.9316765584364068
3.0,fixed,3001,4,767871931,node-var,pca,0.9023721225015021,0.9499326936691368
3.0,proportional,301,4,767871931,edges-corr,sfa,0.7884437060967769,0.8879435264118867
3.0,proportional,301,4,767871931,edges-corr,pca,0.7372890140047413,0.8586553522832903
3.0,proportional,301,4,767871931,edges-cov,sfa,0.6165589455330747,0.785212675351764
3.0,proportional,301,4,767871931,edges-cov,pca,0.33838456284600466,0.581708314231458
3.0,proportional,301,4,767871931,node-var,sfa,0.5776267875420906,0.7600176231786278
3.0,proportional,301,4,767871931,node-var,pca,0.37845657922892206,0.6151882469853615
3.0,fixed,3001,4,771160300,edges-corr,sfa,0.4694596342435782,0.6851712444663584
3.0,fixed,3001,4,771160300,edges-corr,pca,0.5692785477273432,0.7545054988052394
3.0,fixed,3001,4,771160300,edges-cov,sfa,0.5399456866686726,0.734809966364551
3.0,fixed,3001,4,771160300,edges-cov,pca,0.5471046332791596,0.739665217026703
3.0,fixed,3001,4,771160300,node-var,sfa,0.5318263611138824,0.7292642601374911
3.0,fixed,3001,4,771160300,node-var,pca,0.5223068748506938,0.7227080149345888
3.0,proportional,301,4,771160300,edges-corr,sfa,0.494494930234284,0.7032033349140802
3.0,proportional,301,4,771160300,edges-corr,pca,0.4779889139662463,0.691367423275241
3.0,proportional,301,4,771160300,edges-cov,sfa,0.35215590376191774,0.5934272522912288
3.0,proportional,301,4,771160300,edges-cov,pca,0.31751494911057493,0.5634846485136706
3.0,proportional,301,4,771160300,node-var,sfa,0.40163245062518577,0.6337447835092497
3.0,proportional,301,4,771160300,node-var,pca,0.2757201791220801,0.5250906389587231
3.0,fixed,3001,4,771990200,edges-corr,sfa,0.5856245011614507,0.7652610673237276
3.0,fixed,3001,4,771990200,edges-corr,pca,0.7542342276069774,0.8684665955619579
3.0,fixed,3001,4,771990200,edges-cov,sfa,0.5157696910767454,0.7181710736842201
3.0,fixed,3001,4,771990200,edges-cov,pca,0.5956085327739739,0.771756783432432
3.0,fixed,3001,4,771990200,node-var,sfa,0.5518618815755997,0.7428740684500972
3.0,fixed,3001,4,771990200,node-var,pca,0.6020487607081971,0.7759180115889804
3.0,proportional,301,4,771990200,edges-corr,sfa,0.5055837981724488,0.7110441604938815
3.0,proportional,301,4,771990200,edges-corr,pca,0.47503861240915046,0.6892304494210557
3.0,proportional,301,4,771990200,edges-cov,sfa,0.2487274267084106,0.498725803130749
3.0,proportional,301,4,771990200,edges-cov,pca,0.26264778708803127,0.5124917434340102
3.0,proportional,301,4,771990200,node-var,sfa,0.2913766175304357,0.5397931247528406
3.0,proportional,301,4,771990200,node-var,pca,0.2986257173112011,0.5464665747428666
3.0,fixed,3001,4,774875821,edges-corr,sfa,0.7213862634046307,0.8493446081565661
3.0,fixed,3001,4,774875821,edges-corr,pca,0.544560159035394,0.7379431949922663
3.0,fixed,3001,4,774875821,edges-cov,sfa,0.5861083223741984,0.7655771171960395
3.0,fixed,3001,4,774875821,edges-cov,pca,0.5044196375401095,0.7102250611884303
3.0,fixed,3001,4,774875821,node-var,sfa,0.5481401002414177,0.7403648426562526
3.0,fixed,3001,4,774875821,node-var,pca,0.5164515251445245,0.7186456186080344
3.0,proportional,301,4,774875821,edges-corr,sfa,0.596195817309344,0.7721371751893209
3.0,proportional,301,4,774875821,edges-corr,pca,0.21316449550304994,0.46169740686195104
3.0,proportional,301,4,774875821,edges-cov,sfa,0.2568453916606255,0.5067991630425464
3.0,proportional,301,4,774875821,edges-cov,pca,0.19068129348301796,0.43667069226479804
3.0,proportional,301,4,774875821,node-var,sfa,0.25046167244899165,0.5004614595041177
3.0,proportional,301,4,774875821,node-var,pca,0.21003962049945732,0.45830079696576714
3.0,fixed,3001,4,778240327,edges-corr,sfa,0.3264924564345107,0.5713951841191092
3.0,fixed,3001,4,778240327,edges-corr,pca,0.26210487700473645,0.511961792524341
3.0,fixed,3001,4,778240327,edges-cov,sfa,0.3908756340696905,0.6252004751035387
3.0,fixed,3001,4,778240327,edges-cov,pca,0.3893185661367937,0.623953977579111
3.0,fixed,3001,4,778240327,node-var,sfa,0.3972505114849948,0.6302781223277505
3.0,fixed,3001,4,778240327,node-var,pca,0.39307503488632106,0.626956964142134
3.0,proportional,301,4,778240327,edges-corr,sfa,0.12407132531035467,0.3522375978091417
3.0,proportional,301,4,778240327,edges-corr,pca,0.07866884500764344,0.2804796695085821
3.0,proportional,301,4,778240327,edges-cov,sfa,0.4332689067571406,0.6582316512878582
3.0,proportional,301,4,778240327,edges-cov,pca,0.26978716602711733,0.5194104023093081
3.0,proportional,301,4,778240327,node-var,sfa,0.44861108758635737,0.669784359018899
3.0,proportional,301,4,778240327,node-var,pca,0.36376811862916414,0.6031319247305387
3.0,fixed,3001,4,778998620,edges-corr,sfa,0.7592663110944549,0.8713588876544812
3.0,fixed,3001,4,778998620,edges-corr,pca,0.7259230216368756,0.8520111628593111
3.0,fixed,3001,4,778998620,edges-cov,sfa,0.7563549126110404,0.8696866749646337
3.0,fixed,3001,4,778998620,edges-cov,pca,0.7508411414770803,0.8665109009568663
3.0,fixed,3001,4,778998620,node-var,sfa,0.746870538678024,0.864216719739918
3.0,fixed,3001,4,778998620,node-var,pca,0.7007261315341494,0.8370938606477468
3.0,proportional,301,4,778998620,edges-corr,sfa,0.5725922587727351,0.7566982613781633
3.0,proportional,301,4,778998620,edges-corr,pca,0.41061566166183944,0.6407929943919795
3.0,proportional,301,4,778998620,edges-cov,sfa,0.5070011296767545,0.7120401180247883
3.0,proportional,301,4,778998620,edges-cov,pca,0.37172472177879357,0.6096923173034031
3.0,proportional,301,4,778998620,node-var,sfa,0.5093671206627284,0.7136996011367306
3.0,proportional,301,4,778998620,node-var,pca,0.11567857040006471,0.34011552507944226
3.0,fixed,3001,4,779839471,edges-corr,sfa,0.011289065221647817,0.10625001280775366
3.0,fixed,3001,4,779839471,edges-corr,pca,0.02757308272379401,0.166051446015366
3.0,fixed,3001,4,779839471,edges-cov,sfa,0.16037682103356551,0.40047074928584425
3.0,fixed,3001,4,779839471,edges-cov,pca,0.15444713117717773,0.3929976223556292
3.0,fixed,3001,4,779839471,node-var,sfa,0.1703104073654582,0.4126868151097854
3.0,fixed,3001,4,779839471,node-var,pca,0.17169493392486973,0.41436087402754346
3.0,proportional,301,4,779839471,edges-corr,sfa,0.14901884978476637,0.3860295970321011
3.0,proportional,301,4,779839471,edges-corr,pca,0.2230660291280785,0.47229866517710856
3.0,proportional,301,4,779839471,edges-cov,sfa,0.27172357482432685,0.5212711145117547
3.0,proportional,301,4,779839471,edges-cov,pca,0.25994828759389077,0.5098512406515167
3.0,proportional,301,4,779839471,node-var,sfa,0.2825050203345994,0.5315120133492746
3.0,proportional,301,4,779839471,node-var,pca,0.2810519182806663,0.5301432997602311
3.0,fixed,3001,4,781842082,edges-corr,sfa,0.7183771509019015,0.8475713249643958
3.0,fixed,3001,4,781842082,edges-corr,pca,0.6752985303415134,0.8217654959546022
3.0,fixed,3001,4,781842082,edges-cov,sfa,0.47143939644272437,0.6866144452622042
3.0,fixed,3001,4,781842082,edges-cov,pca,0.39648735716122435,0.6296724205181805
3.0,fixed,3001,4,781842082,node-var,sfa,0.5001148525211351,0.7071879895198554
3.0,fixed,3001,4,781842082,node-var,pca,0.39629495117461255,0.6295196193722739
3.0,proportional,301,4,781842082,edges-corr,sfa,0.7231644422447063,0.850390758560267
3.0,proportional,301,4,781842082,edges-corr,pca,0.5451326427019254,0.738330984519765
3.0,proportional,301,4,781842082,edges-cov,sfa,0.20392776664311288,0.4515836208755947
3.0,proportional,301,4,781842082,edges-cov,pca,0.21562688099014704,0.4643564159028569
3.0,proportional,301,4,781842082,node-var,sfa,0.27234535983489566,0.521867186010862
3.0,proportional,301,4,781842082,node-var,pca,0.2162953727458014,0.46507566346327067
3.0,fixed,3001,4,786091066,edges-corr,sfa,0.3184233527285174,0.5642901316951391
3.0,fixed,3001,4,786091066,edges-corr,pca,0.2563104134419539,0.5062710869109097
3.0,fixed,3001,4,786091066,edges-cov,sfa,0.28531995275754984,0.5341534917582678
3.0,fixed,3001,4,786091066,edges-cov,pca,0.15427583261585173,0.39277962347333106
3.0,fixed,3001,4,786091066,node-var,sfa,0.3202620701750632,0.5659170170396568
3.0,fixed,3001,4,786091066,node-var,pca,0.06381583988441152,0.2526179722118193
3.0,proportional,301,4,786091066,edges-corr,sfa,0.1725608227228656,0.4154044086464004
3.0,proportional,301,4,786091066,edges-corr,pca,0.0609214063775912,0.24682262128417484
3.0,proportional,301,4,786091066,edges-cov,sfa,0.2586039295460076,0.5085311490420302
3.0,proportional,301,4,786091066,edges-cov,pca,0.015253901737195125,0.12350668701408489
3.0,proportional,301,4,786091066,node-var,sfa,0.26799172722262266,0.5176791740282998
3.0,proportional,301,4,786091066,node-var,pca,0.0019085658996914627,0.04368713654717442
3.0,fixed,3001,4,787025148,edges-corr,sfa,0.003718048806210164,0.060975805088659255
3.0,fixed,3001,4,787025148,edges-corr,pca,0.01209149311100533,0.10996132552404654
3.0,fixed,3001,4,787025148,edges-cov,sfa,0.002368744666099381,0.04866975103798437
3.0,fixed,3001,4,787025148,edges-cov,pca,0.00128160475210135,0.035799507707527906
3.0,fixed,3001,4,787025148,node-var,sfa,0.00027810898144466843,0.01667659981664933
3.0,fixed,3001,4,787025148,node-var,pca,0.009111390802493525,0.09545360549761085
3.0,proportional,301,4,787025148,edges-corr,sfa,0.042608532882579035,0.20641834434608528
3.0,proportional,301,4,787025148,edges-corr,pca,0.06697479017718522,0.25879488050806804
3.0,proportional,301,4,787025148,edges-cov,sfa,0.12556578380192232,0.35435262635110004
3.0,proportional,301,4,787025148,edges-cov,pca,0.10703637505680533,0.3271641408479929
3.0,proportional,301,4,787025148,node-var,sfa,0.13577319827063478,0.3684741487141734
3.0,proportional,301,4,787025148,node-var,pca,0.10113289511368469,0.31801398572025835
3.0,fixed,3001,4,789848216,edges-corr,sfa,0.3222095360701394,0.5676350377400424
3.0,fixed,3001,4,789848216,edges-corr,pca,0.3381918981266379,0.5815426881378855
3.0,fixed,3001,4,789848216,edges-cov,sfa,0.31079347197738816,0.5574885397722433
3.0,fixed,3001,4,789848216,edges-cov,pca,0.2852137609045848,0.5340540805055091
3.0,fixed,3001,4,789848216,node-var,sfa,0.2641914458787833,0.5139955699019042
3.0,fixed,3001,4,789848216,node-var,pca,0.20619440886825477,0.45408634516824525
3.0,proportional,301,4,789848216,edges-corr,sfa,0.5614546825938594,0.7493027976685123
3.0,proportional,301,4,789848216,edges-corr,pca,0.09555232427752222,0.30911538990726783
3.0,proportional,301,4,789848216,edges-cov,sfa,0.552337000577814,0.7431937840010598
3.0,proportional,301,4,789848216,edges-cov,pca,0.2720743298028634,0.5216074479940479
3.0,proportional,301,4,789848216,node-var,sfa,0.4943131126526403,0.7030740449288683
3.0,proportional,301,4,789848216,node-var,pca,0.01435092632943692,0.11979535186908097
3.0,fixed,3001,4,793224716,edges-corr,sfa,0.10562780490601131,0.32500431521136963
3.0,fixed,3001,4,793224716,edges-corr,pca,0.020536487502933836,0.1433055738725254
3.0,fixed,3001,4,793224716,edges-cov,sfa,0.09837947948137771,0.31365503260967725
3.0,fixed,3001,4,793224716,edges-cov,pca,0.0764748843455922,0.27654092707154976
3.0,fixed,3001,4,793224716,node-var,sfa,0.09467288869235704,0.30768959795930223
3.0,fixed,3001,4,793224716,node-var,pca,0.0900442013854503,0.30007365993277435
3.0,proportional,301,4,793224716,edges-corr,sfa,0.32754025763861905,0.5723113292943091
3.0,proportional,301,4,793224716,edges-corr,pca,0.19117205966712253,0.4372322719872385
3.0,proportional,301,4,793224716,edges-cov,sfa,0.38008039287278916,0.6165066040788121
3.0,proportional,301,4,793224716,edges-cov,pca,0.30824777464361264,0.5552006616022829
3.0,proportional,301,4,793224716,node-var,sfa,0.3775769765168774,0.6144729257801985
3.0,proportional,301,4,793224716,node-var,pca,0.3608341461981422,0.6006947196356417
3.0,fixed,3001,4,794812542,edges-corr,sfa,0.5021581867265847,0.708631206430104
3.0,fixed,3001,4,794812542,edges-corr,pca,0.5675559109892839,0.7533630671789558
3.0,fixed,3001,4,794812542,edges-cov,sfa,0.4748738607737769,0.6891109205155415
3.0,fixed,3001,4,794812542,edges-cov,pca,0.4431719675167504,0.6657116248923031
3.0,fixed,3001,4,794812542,node-var,sfa,0.4623349477921051,0.6799521658117614
3.0,fixed,3001,4,794812542,node-var,pca,0.47765358677625774,0.6911248706104113
3.0,proportional,301,4,794812542,edges-corr,sfa,0.40191811019860285,0.6339701177489384
3.0,proportional,301,4,794812542,edges-corr,pca,0.4575961709465488,0.6764585507971267
3.0,proportional,301,4,794812542,edges-cov,sfa,0.3583754322030994,0.598644662719964
3.0,proportional,301,4,794812542,edges-cov,pca,0.2937075882695013,0.5419479571596347
3.0,proportional,301,4,794812542,node-var,sfa,0.33633910801626593,0.579947504534907
3.0,proportional,301,4,794812542,node-var,pca,0.3471643186787804,0.5892065161543789
3.0,fixed,3001,4,816200189,edges-corr,sfa,0.5263957843281897,0.7255313806639859
3.0,fixed,3001,4,816200189,edges-corr,pca,0.4573683081783984,0.6762901065211574
3.0,fixed,3001,4,816200189,edges-cov,sfa,0.27503930836865376,0.5244419018048174
3.0,fixed,3001,4,816200189,edges-cov,pca,0.2654187768523828,0.5151880985158555
3.0,fixed,3001,4,816200189,node-var,sfa,0.28102273962701435,0.5301157794548417
3.0,fixed,3001,4,816200189,node-var,pca,0.273845520713243,0.5233025135743598
3.0,proportional,301,4,816200189,edges-corr,sfa,0.38176839752186287,0.6178740952021398
3.0,proportional,301,4,816200189,edges-corr,pca,0.29109831570699424,0.5395352775370618
3.0,proportional,301,4,816200189,edges-cov,sfa,0.11827246010720686,0.34390763310401656
3.0,proportional,301,4,816200189,edges-cov,pca,0.12521866988383074,0.35386250138130027
3.0,proportional,301,4,816200189,node-var,sfa,0.135671507033969,0.36833613321797387
3.0,proportional,301,4,816200189,node-var,pca,0.12348577313931676,0.3514054255974383
3.0,fixed,3001,4,829720705,edges-corr,sfa,0.5261355250146464,0.7253520007655914
3.0,fixed,3001,4,829720705,edges-corr,pca,0.43938999266259543,0.6628649882612563
3.0,fixed,3001,4,829720705,edges-cov,sfa,0.3190703330998421,0.5648631100539688
3.0,fixed,3001,4,829720705,edges-cov,pca,0.3082159228613161,0.5551719759329681
3.0,fixed,3001,4,829720705,node-var,sfa,0.3188918027990108,0.5647050582374934
3.0,fixed,3001,4,829720705,node-var,pca,0.32035718367632304,0.5660010456494962
3.0,proportional,301,4,829720705,edges-corr,sfa,0.26625736647144943,0.5160013240985428
3.0,proportional,301,4,829720705,edges-corr,pca,0.2693903357779343,0.5190282610590047
3.0,proportional,301,4,829720705,edges-cov,sfa,0.14708695976095204,0.38351917782680967
3.0,proportional,301,4,829720705,edges-cov,pca,0.15347170791855566,0.39175465270824245
3.0,proportional,301,4,829720705,node-var,sfa,0.16536866253776197,0.4066554592499183
3.0,proportional,301,4,829720705,node-var,pca,0.18013017968728035,0.42441745921590024
3.0,fixed,3001,4,831882777,edges-corr,sfa,0.39924707138050813,0.6318600093220872
3.0,fixed,3001,4,831882777,edges-corr,pca,0.03342999992756622,0.182838726553119
3.0,fixed,3001,4,831882777,edges-cov,sfa,0.4825555304253818,0.6946621699973173
3.0,fixed,3001,4,831882777,edges-cov,pca,0.41203841703571936,0.6419021865017437
3.0,fixed,3001,4,831882777,node-var,sfa,0.4044417615365601,0.6359573582690589
3.0,fixed,3001,4,831882777,node-var,pca,0.39894496963488457,0.6316209065847049
3.0,proportional,301,4,831882777,edges-corr,sfa,0.22810446272556947,0.4776028294781863
3.0,proportional,301,4,831882777,edges-corr,pca,0.0014720715557586517,0.0383675847006122
3.0,proportional,301,4,831882777,edges-cov,sfa,0.393373917032886,0.6271952782291063
3.0,proportional,301,4,831882777,edges-cov,pca,0.12688821293168936,0.35621371805657537
3.0,proportional,301,4,831882777,node-var,sfa,0.38071875608524747,0.6170241130500878
3.0,proportional,301,4,831882777,node-var,pca,0.3756277541498785,0.6128847804847812
3.0,fixed,3001,4,835479236,edges-corr,sfa,0.4166655782914348,0.6454963813155228
3.0,fixed,3001,4,835479236,edges-corr,pca,0.4320883680392025,0.6573342894138434
3.0,fixed,3001,4,835479236,edges-cov,sfa,0.2776338700224086,0.5269097361241378
3.0,fixed,3001,4,835479236,edges-cov,pca,0.2878445921297686,0.5365115023275536
3.0,fixed,3001,4,835479236,node-var,sfa,0.25505527174174325,0.505029971132153
3.0,fixed,3001,4,835479236,node-var,pca,0.2632978266729178,0.5131255466968272
3.0,proportional,301,4,835479236,edges-corr,sfa,0.3729073961004604,0.6106614414718359
3.0,proportional,301,4,835479236,edges-corr,pca,0.22931404997453808,0.47886746598045066
3.0,proportional,301,4,835479236,edges-cov,sfa,0.18743250122647684,0.43293475400627845
3.0,proportional,301,4,835479236,edges-cov,pca,0.17607848434318524,0.41961706869857573
3.0,proportional,301,4,835479236,node-var,sfa,0.21195854691524876,0.4603895599546636
3.0,proportional,301,4,835479236,node-var,pca,0.21775249304863406,0.466639575099063
3.0,fixed,3001,4,839068429,edges-corr,sfa,0.08983308047450368,0.2997216716797497
3.0,fixed,3001,4,839068429,edges-corr,pca,0.11700889676432571,0.342065632246687
3.0,fixed,3001,4,839068429,edges-cov,sfa,0.0965647517032045,0.31074869541673783
3.0,fixed,3001,4,839068429,edges-cov,pca,0.10745915494923748,0.32780963217885695
3.0,fixed,3001,4,839068429,node-var,sfa,0.09340962547104618,0.30562988314470524
3.0,fixed,3001,4,839068429,node-var,pca,0.06843070867783209,0.2615926388066608
3.0,proportional,301,4,839068429,edges-corr,sfa,0.01826964852715742,0.13516526375943422
3.0,proportional,301,4,839068429,edges-corr,pca,2.6595509078210894e-06,0.0016308129591774433
3.0,proportional,301,4,839068429,edges-cov,sfa,0.002153087736990599,0.04640137645577552
3.0,proportional,301,4,839068429,edges-cov,pca,0.0007823801536897963,0.027971059216443633
3.0,proportional,301,4,839068429,node-var,sfa,0.00045020524728427044,0.02121804060897873
3.0,proportional,301,4,839068429,node-var,pca,0.0017084158568205859,0.04133298751385612
3.0,fixed,3001,4,847657808,edges-corr,sfa,0.018460947579407676,0.13587106969258642
3.0,fixed,3001,4,847657808,edges-corr,pca,0.025943559962114504,0.16107004675641745
3.0,fixed,3001,4,847657808,edges-cov,sfa,0.029202322985246873,0.1708868718926263
3.0,fixed,3001,4,847657808,edges-cov,pca,0.021973211723196093,0.14823363897306202
3.0,fixed,3001,4,847657808,node-var,sfa,0.02968140365557714,0.17228291748045463
3.0,fixed,3001,4,847657808,node-var,pca,0.02318597577469546,0.15226941838299463
3.0,proportional,301,4,847657808,edges-corr,sfa,0.17522100899170284,0.4185940861881625
3.0,proportional,301,4,847657808,edges-corr,pca,0.14982391902861686,0.38707094831389355
3.0,proportional,301,4,847657808,edges-cov,sfa,2.5168077450558303e-05,0.005016779589593139
3.0,proportional,301,4,847657808,edges-cov,pca,0.1633212282487523,0.40413021199701504
3.0,proportional,301,4,847657808,node-var,sfa,0.04678863949709124,0.21630681796256734
3.0,proportional,301,4,847657808,node-var,pca,0.1175799062336249,0.3428992654317371
1.0,fixed,3001,0,766640955,edges-corr,sfa,0.10352186366604947,0.32174813700478433
1.0,fixed,3001,0,766640955,edges-corr,pca,0.14660473475334204,0.3828899773477259
1.0,fixed,3001,0,766640955,edges-cov,sfa,0.09977766184128162,0.31587602289708794
1.0,fixed,3001,0,766640955,edges-cov,pca,0.11485660779835732,0.3389050129436821
1.0,fixed,3001,0,766640955,node-var,sfa,0.09070282325299085,0.30116909411988285
1.0,fixed,3001,0,766640955,node-var,pca,0.0869615471675985,0.29489243321522934
1.0,proportional,101,0,766640955,edges-corr,sfa,0.0027378194670628652,0.05232417669742034
1.0,proportional,101,0,766640955,edges-corr,pca,0.016376333933579314,0.12797005092434446
1.0,proportional,101,0,766640955,edges-cov,sfa,0.03317043609749927,0.18212752701747
1.0,proportional,101,0,766640955,edges-cov,pca,0.06687633598755417,0.25860459390264934
1.0,proportional,101,0,766640955,node-var,sfa,0.03751261443212107,0.19368173489547502
1.0,proportional,101,0,766640955,node-var,pca,0.08928939031319846,0.2988133034407914
1.0,fixed,3001,0,767871931,edges-corr,sfa,0.08328201103482243,0.28858622807546175
1.0,fixed,3001,0,767871931,edges-corr,pca,0.17295165986802663,0.415874572278742
1.0,fixed,3001,0,767871931,edges-cov,sfa,0.05668606543639992,0.23808835636460662
1.0,fixed,3001,0,767871931,edges-cov,pca,0.037548967844065105,0.19377556049219702
1.0,fixed,3001,0,767871931,node-var,sfa,0.009569915092899568,0.09782594284186362
1.0,fixed,3001,0,767871931,node-var,pca,0.0015978170928574115,0.03997270434755962
1.0,proportional,101,0,767871931,edges-corr,sfa,0.0007283588462621354,0.026988124170866996
1.0,proportional,101,0,767871931,edges-corr,pca,0.09712598863974771,0.311650426984703
1.0,proportional,101,0,767871931,edges-cov,sfa,0.13642796513907882,0.3693615642417045
1.0,proportional,101,0,767871931,edges-cov,pca,0.11709790511587945,0.34219571171462604
1.0,proportional,101,0,767871931,node-var,sfa,0.11742589485765441,0.3426746195119423
1.0,proportional,101,0,767871931,node-var,pca,0.13056810058459217,0.36134208249883126
1.0,fixed,3001,0,771160300,edges-corr,sfa,0.7631043548545996,0.8735584438688688
1.0,fixed,3001,0,771160300,edges-corr,pca,0.7641265376572078,0.8741433164288381
1.0,fixed,3001,0,771160300,edges-cov,sfa,0.7607194167694517,0.8721923049244654
1.0,fixed,3001,0,771160300,edges-cov,pca,0.765683565040714,0.8750334650976007
1.0,fixed,3001,0,771160300,node-var,sfa,0.7377116976822539,0.8589014481779932
1.0,fixed,3001,0,771160300,node-var,pca,0.7449800103850784,0.863122245330914
1.0,proportional,101,0,771160300,edges-corr,sfa,0.6049188611188226,0.7777652995080345
1.0,proportional,101,0,771160300,edges-corr,pca,0.6326654862473122,0.7954027195372871
1.0,proportional,101,0,771160300,edges-cov,sfa,0.28657601229899493,0.535327948363426
1.0,proportional,101,0,771160300,edges-cov,pca,0.2942919916582295,0.54248685851201
1.0,proportional,101,0,771160300,node-var,sfa,0.33347293411540424,0.5774711543578642
1.0,proportional,101,0,771160300,node-var,pca,0.2898347112372496,0.5383629920762102
1.0,fixed,3001,0,771990200,edges-corr,sfa,0.10220850805022506,0.319700653815761
1.0,fixed,3001,0,771990200,edges-corr,pca,0.04073305550314579,0.20182431841367826
1.0,fixed,3001,0,771990200,edges-cov,sfa,0.14130424097902136,0.3759045636581463
1.0,fixed,3001,0,771990200,edges-cov,pca,0.26334818698471457,0.5131746164656964
1.0,fixed,3001,0,771990200,node-var,sfa,0.2121755715956006,0.46062519644023014
1.0,fixed,3001,0,771990200,node-var,pca,0.24493779431280133,0.4949119056082621
1.0,proportional,101,0,771990200,edges-corr,sfa,8.574279609864203e-05,0.009259740606444763
1.0,proportional,101,0,771990200,edges-corr,pca,0.0025891625669962584,0.05088381439118198
1.0,proportional,101,0,771990200,edges-cov,sfa,0.0003684246617502945,0.019194391413907722
1.0,proportional,101,0,771990200,edges-cov,pca,0.0017956959676026336,0.04237565300502912
1.0,proportional,101,0,771990200,node-var,sfa,0.007099160028948221,0.08425651327314833
1.0,proportional,101,0,771990200,node-var,pca,0.0032868518159573402,0.05733107199379182
1.0,fixed,3001,0,774875821,edges-corr,sfa,0.6054361191660799,0.7780977568185632
1.0,fixed,3001,0,774875821,edges-corr,pca,0.5346096717542792,0.7311700703354037
1.0,fixed,3001,0,774875821,edges-cov,sfa,0.5779951308622809,0.7602599100717339
1.0,fixed,3001,0,774875821,edges-cov,pca,0.49858776887768275,0.7061074768600618
1.0,fixed,3001,0,774875821,node-var,sfa,0.5611337322273573,0.7490886010528777
1.0,fixed,3001,0,774875821,node-var,pca,0.4789393898240621,0.692054470272436
1.0,proportional,101,0,774875821,edges-corr,sfa,0.6892313162471222,0.8301995641092099
1.0,proportional,101,0,774875821,edges-corr,pca,0.14808803802994047,0.38482208620340447
1.0,proportional,101,0,774875821,edges-cov,sfa,0.21396864030928925,0.46256744406549977
1.0,proportional,101,0,774875821,edges-cov,pca,0.14712271595942386,0.38356579091392373
1.0,proportional,101,0,774875821,node-var,sfa,0.20713814204035716,0.45512431492984107
1.0,proportional,101,0,774875821,node-var,pca,0.15302580534157828,0.39118512924391474
1.0,fixed,3001,0,778240327,edges-corr,sfa,0.015681137348775506,0.12522434806688157
1.0,fixed,3001,0,778240327,edges-corr,pca,0.06027791910047826,0.24551561885240267
1.0,fixed,3001,0,778240327,edges-cov,sfa,0.011984540354022868,0.10947392545269795
1.0,fixed,3001,0,778240327,edges-cov,pca,0.06012574677361714,0.24520551945993618
1.0,fixed,3001,0,778240327,node-var,sfa,0.006223797732172607,0.07889104975960586
1.0,fixed,3001,0,778240327,node-var,pca,0.02255311925860037,0.15017695981275014
1.0,proportional,101,0,778240327,edges-corr,sfa,0.1280129888988079,0.3577890284774086
1.0,proportional,101,0,778240327,edges-corr,pca,0.00013860106324008125,0.011772895278565985
1.0,proportional,101,0,778240327,edges-cov,sfa,0.10313306394288758,0.32114336976323765
1.0,proportional,101,0,778240327,edges-cov,pca,0.009897131584030928,0.09948432833381812
1.0,proportional,101,0,778240327,node-var,sfa,0.07327418274099953,0.27069204410362624
1.0,proportional,101,0,778240327,node-var,pca,0.027689805801202474,0.1664025414505514
1.0,fixed,3001,0,778998620,edges-corr,sfa,0.2729389461013699,0.5224355903854272
1.0,fixed,3001,0,778998620,edges-corr,pca,0.22998171108798962,0.47956408444335114
1.0,fixed,3001,0,778998620,edges-cov,sfa,0.2399749808164193,0.4898724127938001
1.0,fixed,3001,0,778998620,edges-cov,pca,0.2219256612062331,0.4710898653189571
1.0,fixed,3001,0,778998620,node-var,sfa,0.23588611347184035,0.4856810820608935
1.0,fixed,3001,0,778998620,node-var,pca,0.2217812338121121,0.4709365496668443
1.0,proportional,101,0,778998620,edges-corr,sfa,0.14684215011855128,0.38319988272251765
1.0,proportional,101,0,778998620,edges-corr,pca,0.09923579012662585,0.3150171267195259
1.0,proportional,101,0,778998620,edges-cov,sfa,0.2925961849477172,0.5409216070261172
1.0,proportional,101,0,778998620,edges-cov,pca,0.28049582675036616,0.5296185672258538
1.0,proportional,101,0,778998620,node-var,sfa,0.3389670466458534,0.5822087655178797
1.0,proportional,101,0,778998620,node-var,pca,0.3406569534615714,0.5836582505726886
1.0,fixed,3001,0,779839471,edges-corr,sfa,0.5286376658799952,0.7270747319773911
1.0,fixed,3001,0,779839471,edges-corr,pca,0.48568867302697094,0.6969136768832787
1.0,fixed,3001,0,779839471,edges-cov,sfa,0.6301955294300243,0.7938485557271137
1.0,fixed,3001,0,779839471,edges-cov,pca,0.6249083644950529,0.7905114575355964
1.0,fixed,3001,0,779839471,node-var,sfa,0.6290981500747349,0.7931570778066189
1.0,fixed,3001,0,779839471,node-var,pca,0.6310278089767315,0.7943725882586404
1.0,proportional,101,0,779839471,edges-corr,sfa,0.06079069407508702,0.24655768914208906
1.0,proportional,101,0,779839471,edges-corr,pca,0.3096499187074069,0.5564619651938548
1.0,proportional,101,0,779839471,edges-cov,sfa,0.20729826350762912,0.4553001905420523
1.0,proportional,101,0,779839471,edges-cov,pca,0.33806477673282564,0.5814333811648809
1.0,proportional,101,0,779839471,node-var,sfa,0.30866865844988106,0.5555795698636524
1.0,proportional,101,0,779839471,node-var,pca,0.34483013891938286,0.5872223930670414
1.0,fixed,3001,0,781842082,edges-corr,sfa,0.3302686672676038,0.5746900619182516
1.0,fixed,3001,0,781842082,edges-corr,pca,0.2572398234558536,0.5071881538993726
1.0,fixed,3001,0,781842082,edges-cov,sfa,0.32102546834485474,0.5665910944807152
1.0,fixed,3001,0,781842082,edges-cov,pca,0.30006760819976597,0.5477842715885205
1.0,fixed,3001,0,781842082,node-var,sfa,0.3060552500600043,0.553222604436952
1.0,fixed,3001,0,781842082,node-var,pca,0.33061504676601844,0.57499134494879
1.0,proportional,101,0,781842082,edges-corr,sfa,0.016220150637421247,0.12735835519282293
1.0,proportional,101,0,781842082,edges-corr,pca,0.04294601127633839,0.20723419427386588
1.0,proportional,101,0,781842082,edges-cov,sfa,0.0928081513329221,0.3046443029713868
1.0,proportional,101,0,781842082,edges-cov,pca,0.017849470080662226,0.13360190897087595
1.0,proportional,101,0,781842082,node-var,sfa,0.09409230021255283,0.30674468245195846
1.0,proportional,101,0,781842082,node-var,pca,0.0017383631171567905,0.04169368198128813
1.0,fixed,3001,0,786091066,edges-corr,sfa,8.777298546003489e-05,0.009368723790358796
1.0,fixed,3001,0,786091066,edges-corr,pca,0.018122094622773817,0.13461832944578467
1.0,fixed,3001,0,786091066,edges-cov,sfa,3.432950896211469e-05,0.005859138926678108
1.0,fixed,3001,0,786091066,edges-cov,pca,0.0008045610075943334,0.028364784638603084
1.0,fixed,3001,0,786091066,node-var,sfa,0.03232716699425439,0.17979757227019055
1.0,fixed,3001,0,786091066,node-var,pca,0.048471075178847085,0.2201614752377152
1.0,proportional,101,0,786091066,edges-corr,sfa,0.043879601900479896,0.2094745853331136
1.0,proportional,101,0,786091066,edges-corr,pca,0.028649481710183056,0.1692615777729342
1.0,proportional,101,0,786091066,edges-cov,sfa,0.05821776606725983,0.24128358018576362
1.0,proportional,101,0,786091066,edges-cov,pca,0.01699202164631582,0.13035344892374662
1.0,proportional,101,0,786091066,node-var,sfa,0.014479439062935869,0.12033054085699053
1.0,proportional,101,0,786091066,node-var,pca,0.004064065789410351,0.06375002579929165
1.0,fixed,3001,0,787025148,edges-corr,sfa,0.07196574415729176,0.26826431771164005
1.0,fixed,3001,0,787025148,edges-corr,pca,0.05387300326452826,0.2321055864569577
1.0,fixed,3001,0,787025148,edges-cov,sfa,0.08636568001718063,0.29388038385911475
1.0,fixed,3001,0,787025148,edges-cov,pca,0.08305163596496182,0.28818680740964153
1.0,fixed,3001,0,787025148,node-var,sfa,0.09021513097910899,0.30035833762209596
1.0,fixed,3001,0,787025148,node-var,pca,0.08204765838454076,0.286439624326909
1.0,proportional,101,0,787025148,edges-corr,sfa,0.06367734680788953,0.2523437076843596
1.0,proportional,101,0,787025148,edges-corr,pca,0.19592972833324152,0.4426395015509139
1.0,proportional,101,0,787025148,edges-cov,sfa,0.21013642921349246,0.4584064018024753
1.0,proportional,101,0,787025148,edges-cov,pca,0.2097276176380996,0.4579602795419048
1.0,proportional,101,0,787025148,node-var,sfa,0.20282251643269292,0.45035820902110013
1.0,proportional,101,0,787025148,node-var,pca,0.13087616816509526,0.36176811380371166
1.0,fixed,3001,0,789848216,edges-corr,sfa,0.13809858914539458,0.37161618525757806
1.0,fixed,3001,0,789848216,edges-corr,pca,0.13050022397271455,0.3612481473623284
1.0,fixed,3001,0,789848216,edges-cov,sfa,0.17293526083360544,0.41585485548879364
1.0,fixed,3001,0,789848216,edges-cov,pca,0.1353857189354238,0.3679479840078266
1.0,fixed,3001,0,789848216,node-var,sfa,0.13578824792522978,0.36849456973642064
1.0,fixed,3001,0,789848216,node-var,pca,0.12099314495471593,0.3478406890441599
1.0,proportional,101,0,789848216,edges-corr,sfa,0.4031532434455118,0.6349434962620782
1.0,proportional,101,0,789848216,edges-corr,pca,0.2395634217918797,0.4894521649680178
1.0,proportional,101,0,789848216,edges-cov,sfa,0.1418846408945538,0.37667577688849835
1.0,proportional,101,0,789848216,edges-cov,pca,0.20612425001288587,0.4540090858263586
1.0,proportional,101,0,789848216,node-var,sfa,0.31369763607245826,0.5600871682804903
1.0,proportional,101,0,789848216,node-var,pca,0.1776930340820042,0.4215365157160222
1.0,fixed,3001,0,793224716,edges-corr,sfa,0.004680643813768988,0.06841523086103699
1.0,fixed,3001,0,793224716,edges-corr,pca,0.0031489169405548596,0.05611521131168321
1.0,fixed,3001,0,793224716,edges-cov,sfa,0.010446763151761298,0.10220940833289907
1.0,fixed,3001,0,793224716,edges-cov,pca,0.010399606916982204,0.1019784630055886
1.0,fixed,3001,0,793224716,node-var,sfa,0.0066130430272853535,0.08132061870943527
1.0,fixed,3001,0,793224716,node-var,pca,0.008327279648467233,0.09125392949603449
1.0,proportional,101,0,793224716,edges-corr,sfa,0.07204468177576064,0.2684114039599671
1.0,proportional,101,0,793224716,edges-corr,pca,0.10159515480918803,0.3187399485618143
1.0,proportional,101,0,793224716,edges-cov,sfa,0.1171291996344017,0.342241434712984
1.0,proportional,101,0,793224716,edges-cov,pca,0.1225209111392474,0.3500298717813201
1.0,proportional,101,0,793224716,node-var,sfa,0.11470311694246282,0.3386784860933195
1.0,proportional,101,0,793224716,node-var,pca,0.11504620737293339,0.33918462136856
1.0,fixed,3001,0,794812542,edges-corr,sfa,0.035717191533158374,0.18898992442233098
1.0,fixed,3001,0,794812542,edges-corr,pca,0.0040378623625501086,0.06354417646448893
1.0,fixed,3001,0,794812542,edges-cov,sfa,0.029257328775816296,0.17104773829494588
1.0,fixed,3001,0,794812542,edges-cov,pca,0.0012525851276284194,0.0353918794023208
1.0,fixed,3001,0,794812542,node-var,sfa,0.025720085419747775,0.16037482788688434
1.0,fixed,3001,0,794812542,node-var,pca,3.89591667750748e-05,0.00624172786775223
1.0,proportional,101,0,794812542,edges-corr,sfa,0.2744846916543286,0.5239128664714473
1.0,proportional,101,0,794812542,edges-corr,pca,0.11623508801718772,0.3409326737307349
1.0,proportional,101,0,794812542,edges-cov,sfa,0.1761432274613967,0.41969420708582184
1.0,proportional,101,0,794812542,edges-cov,pca,0.16342725225997165,0.4042613662718361
1.0,proportional,101,0,794812542,node-var,sfa,0.15673192963377816,0.39589383631698305
1.0,proportional,101,0,794812542,node-var,pca,0.16880385856962674,0.41085746746241175
1.0,fixed,3001,0,816200189,edges-corr,sfa,0.3502795089686463,0.5918441593600855
1.0,fixed,3001,0,816200189,edges-corr,pca,0.1581238985662228,0.39764795808129433
1.0,fixed,3001,0,816200189,edges-cov,sfa,0.36053430062514524,0.6004450854367493
1.0,fixed,3001,0,816200189,edges-cov,pca,0.2978858621716331,0.5457892103840393
1.0,fixed,3001,0,816200189,node-var,sfa,0.326398601631108,0.5713130504645487
1.0,fixed,3001,0,816200189,node-var,pca,0.32453503295152164,0.5696797635088696
1.0,proportional,101,0,816200189,edges-corr,sfa,0.016119031789176518,0.12696074900998544
1.0,proportional,101,0,816200189,edges-corr,pca,0.010381271749480185,0.10188852609337415
1.0,proportional,101,0,816200189,edges-cov,sfa,0.004786554965890602,0.06918493308438335
1.0,proportional,101,0,816200189,edges-cov,pca,0.0033031837942759713,0.057473331156945924
1.0,proportional,101,0,816200189,node-var,sfa,0.003994959805978144,0.06320569441101129
1.0,proportional,101,0,816200189,node-var,pca,0.00044866867232102974,0.021181800497621295
1.0,fixed,3001,0,829720705,edges-corr,sfa,0.27589875817633014,0.5252606573657789
1.0,fixed,3001,0,829720705,edges-corr,pca,0.256709282873274,0.5066648624813783
1.0,fixed,3001,0,829720705,edges-cov,sfa,0.27745671554592777,0.5267416022547752
1.0,fixed,3001,0,829720705,edges-cov,pca,0.2705941761635943,0.5201866743425809
1.0,fixed,3001,0,829720705,node-var,sfa,0.26854061625397946,0.5182090468662038
1.0,fixed,3001,0,829720705,node-var,pca,0.2676933489281601,0.5173909053396282
1.0,proportional,101,0,829720705,edges-corr,sfa,0.10099989443015699,0.31780480554918766
1.0,proportional,101,0,829720705,edges-corr,pca,0.27069948736908167,0.5202878889317737
1.0,proportional,101,0,829720705,edges-cov,sfa,0.32086207612799306,0.5664468872965877
1.0,proportional,101,0,829720705,edges-cov,pca,0.30846514530669555,0.5553963857522801
1.0,proportional,101,0,829720705,node-var,sfa,0.32533863174057787,0.570384634909267
1.0,proportional,101,0,829720705,node-var,pca,0.31335725254450886,0.5597832192416176
1.0,fixed,3001,0,831882777,edges-corr,sfa,0.046923544299023144,0.216618430192408
1.0,fixed,3001,0,831882777,edges-corr,pca,0.06030282410729186,0.24556633341582446
1.0,fixed,3001,0,831882777,edges-cov,sfa,0.003920549131540339,0.06261428855732802
1.0,fixed,3001,0,831882777,edges-cov,pca,0.0601586337988552,0.24527257041678183
1.0,fixed,3001,0,831882777,node-var,sfa,0.06284098905097178,0.250681050442533
1.0,fixed,3001,0,831882777,node-var,pca,0.09317419060613157,0.30524447678235156
1.0,proportional,101,0,831882777,edges-corr,sfa,0.018383098848850907,0.1355842868803421
1.0,proportional,101,0,831882777,edges-corr,pca,0.00017439585703889147,0.013205902356101664
1.0,proportional,101,0,831882777,edges-cov,sfa,0.004496669121854553,0.06705720782924497
1.0,proportional,101,0,831882777,edges-cov,pca,0.0004348850448375636,0.020853897593437146
1.0,proportional,101,0,831882777,node-var,sfa,0.0004057633600846578,0.02014356870280581
1.0,proportional,101,0,831882777,node-var,pca,0.0008536140253955215,0.029216673756530216
1.0,fixed,3001,0,835479236,edges-corr,sfa,0.13016990382796964,0.3607906648293019
1.0,fixed,3001,0,835479236,edges-corr,pca,0.10673121390873683,0.32669743480587177
1.0,fixed,3001,0,835479236,edges-cov,sfa,0.1286954914224959,0.35874153846815104
1.0,fixed,3001,0,835479236,edges-cov,pca,0.11582386417992747,0.3403290528002678
1.0,fixed,3001,0,835479236,node-var,sfa,0.10570774271582133,0.3251272715657998
1.0,fixed,3001,0,835479236,node-var,pca,0.10813136853248355,0.32883334461773117
1.0,proportional,101,0,835479236,edges-corr,sfa,0.018966359183104527,0.1377184053897827
1.0,proportional,101,0,835479236,edges-corr,pca,0.0063657568873964005,0.07978569350075489
1.0,proportional,101,0,835479236,edges-cov,sfa,0.0017968227229424167,0.042388945763517365
1.0,proportional,101,0,835479236,edges-cov,pca,0.017668977189261706,0.1329247049621014
1.0,proportional,101,0,835479236,node-var,sfa,0.00945829497966174,0.09725376588935639
1.0,proportional,101,0,835479236,node-var,pca,0.05205613676105964,0.22815813980890456
1.0,fixed,3001,0,839068429,edges-corr,sfa,0.022938728640386107,0.1514553684766113
1.0,fixed,3001,0,839068429,edges-corr,pca,0.02654665632584871,0.16293144670642531
1.0,fixed,3001,0,839068429,edges-cov,sfa,0.05747883816024018,0.23974744661881214
1.0,fixed,3001,0,839068429,edges-cov,pca,0.04231948215463504,0.20571699529848048
1.0,fixed,3001,0,839068429,node-var,sfa,0.0590006614942369,0.24290051769034354
1.0,fixed,3001,0,839068429,node-var,pca,0.05554666663686037,0.23568340339714286
1.0,proportional,101,0,839068429,edges-corr,sfa,0.0019798183711131007,0.04449514997292515
1.0,proportional,101,0,839068429,edges-corr,pca,0.0007433596799315228,0.027264623231057546
1.0,proportional,101,0,839068429,edges-cov,sfa,0.0016212319934883663,0.0402645252485158
1.0,proportional,101,0,839068429,edges-cov,pca,0.0004683155813724198,0.02164060030064831
1.0,proportional,101,0,839068429,node-var,sfa,0.002944747072980324,0.054265523797161715
1.0,proportional,101,0,839068429,node-var,pca,0.00017916062405088024,0.013385089616841579
1.0,fixed,3001,0,847657808,edges-corr,sfa,0.0965866265467562,0.31078389042348414
1.0,fixed,3001,0,847657808,edges-corr,pca,0.0004272770204693629,0.020670680213030312
1.0,fixed,3001,0,847657808,edges-cov,sfa,0.13083451278096783,0.3617105372821862
1.0,fixed,3001,0,847657808,edges-cov,pca,0.16206851154063312,0.40257733609908186
1.0,fixed,3001,0,847657808,node-var,sfa,0.15545765637876893,0.39428118948127483
1.0,fixed,3001,0,847657808,node-var,pca,0.10225488730514941,0.3197731810285994
1.0,proportional,101,0,847657808,edges-corr,sfa,0.24523678393203074,0.4952138769582601
1.0,proportional,101,0,847657808,edges-corr,pca,0.044107330938233304,0.210017453889512
1.0,proportional,101,0,847657808,edges-cov,sfa,0.009486042589872186,0.09739631712684102
1.0,proportional,101,0,847657808,edges-cov,pca,0.06762275360417956,0.26004375324967827
1.0,proportional,101,0,847657808,node-var,sfa,3.18902882517503e-05,0.005647148683340142
1.0,proportional,101,0,847657808,node-var,pca,0.049460483259405164,0.22239712961143443
1.0,fixed,3001,1,766640955,edges-corr,sfa,0.27326855803794503,0.5227509522114188
1.0,fixed,3001,1,766640955,edges-corr,pca,0.19928706490137738,0.44641579822109495
1.0,fixed,3001,1,766640955,edges-cov,sfa,0.21473651288106663,0.46339671220355744
1.0,fixed,3001,1,766640955,edges-cov,pca,0.18642956899272276,0.43177490546895236
1.0,fixed,3001,1,766640955,node-var,sfa,0.08510305581363974,0.2917242804664016
1.0,fixed,3001,1,766640955,node-var,pca,0.1892665959548475,0.43504780881513183
1.0,proportional,101,1,766640955,edges-corr,sfa,0.007304014771310276,0.08546352889572414
1.0,proportional,101,1,766640955,edges-corr,pca,0.0001556624704679652,0.012476476684864408
1.0,proportional,101,1,766640955,edges-cov,sfa,0.06295216438036155,0.25090269902964685
1.0,proportional,101,1,766640955,edges-cov,pca,0.0048112251714885566,0.06936299569286607
1.0,proportional,101,1,766640955,node-var,sfa,0.018116824336700806,0.1345987531023256
1.0,proportional,101,1,766640955,node-var,pca,0.0199902561912733,0.14138690247428615
1.0,fixed,3001,1,767871931,edges-corr,sfa,0.2815853540844084,0.5306461665596091
1.0,fixed,3001,1,767871931,edges-corr,pca,0.1657983762029057,0.407183467497031
1.0,fixed,3001,1,767871931,edges-cov,sfa,0.22456778023354637,0.47388583037852733
1.0,fixed,3001,1,767871931,edges-cov,pca,0.20020421717207432,0.447441858985136
1.0,fixed,3001,1,767871931,node-var,sfa,0.17299771636114725,0.4159299416502102
1.0,fixed,3001,1,767871931,node-var,pca,0.16917661657289904,0.4113108515136685
1.0,proportional,101,1,767871931,edges-corr,sfa,0.20247633314931468,0.4499737027308537
1.0,proportional,101,1,767871931,edges-corr,pca,0.027050382419320815,0.16447000461883868
1.0,proportional,101,1,767871931,edges-cov,sfa,0.07159501168087677,0.2675724419309223
1.0,proportional,101,1,767871931,edges-cov,pca,0.00036888955863103,0.019206497823159484
1.0,proportional,101,1,767871931,node-var,sfa,0.026109059560872245,0.16158298041833566
1.0,proportional,101,1,767871931,node-var,pca,0.003274073584730956,0.05721952101102347
1.0,fixed,3001,1,771160300,edges-corr,sfa,0.27246714523308035,0.5219838553375769
1.0,fixed,3001,1,771160300,edges-corr,pca,0.23695855000089458,0.4867838842863377
1.0,fixed,3001,1,771160300,edges-cov,sfa,0.23933702048576797,0.4892208299794357
1.0,fixed,3001,1,771160300,edges-cov,pca,0.10354114790404481,0.3217781035186279
1.0,fixed,3001,1,771160300,node-var,sfa,0.10966055112974434,0.331150345205534
1.0,fixed,3001,1,771160300,node-var,pca,0.06348529260376257,0.2519628794163191
1.0,proportional,101,1,771160300,edges-corr,sfa,0.04298004824318666,0.2073162999939625
1.0,proportional,101,1,771160300,edges-corr,pca,0.04521784067566707,0.2126448698550404
1.0,proportional,101,1,771160300,edges-cov,sfa,0.18521582292887084,0.4303670792810143
1.0,proportional,101,1,771160300,edges-cov,pca,0.13083740080490674,0.3617145294357233
1.0,proportional,101,1,771160300,node-var,sfa,0.164117792670832,0.4051145426553236
1.0,proportional,101,1,771160300,node-var,pca,0.12666972791432166,0.35590690905673866
1.0,fixed,3001,1,771990200,edges-corr,sfa,0.523613840841432,0.7236116643901147
1.0,fixed,3001,1,771990200,edges-corr,pca,0.015029370382579092,0.12259433258751846
1.0,fixed,3001,1,771990200,edges-cov,sfa,0.47935645139439936,0.6923557260501276
1.0,fixed,3001,1,771990200,edges-cov,pca,0.4945201902689314,0.7032212953750273
1.0,fixed,3001,1,771990200,node-var,sfa,0.39228442293884347,0.6263261314513737
1.0,fixed,3001,1,771990200,node-var,pca,0.48142898010697993,0.6938508341905917
1.0,proportional,101,1,771990200,edges-corr,sfa,0.002203370511982526,0.046940073625661535
1.0,proportional,101,1,771990200,edges-corr,pca,0.005409384577007967,0.07354851852354313
1.0,proportional,101,1,771990200,edges-cov,sfa,0.004820859562659415,0.06943241003061477
1.0,proportional,101,1,771990200,edges-cov,pca,0.018220646016869485,0.13498387317331462
1.0,proportional,101,1,771990200,node-var,sfa,0.0024258947783183655,0.04925337326842057
1.0,proportional,101,1,771990200,node-var,pca,0.028371181938971424,0.16843747189675884
1.0,fixed,3001,1,774875821,edges-corr,sfa,0.3578252397743273,0.5981849544867601
1.0,fixed,3001,1,774875821,edges-corr,pca,0.3655411300825605,0.6045999752584849
1.0,fixed,3001,1,774875821,edges-cov,sfa,0.39031396402075064,0.6247511216642597
1.0,fixed,3001,1,774875821,edges-cov,pca,0.029133435477803355,0.17068519407905114
1.0,fixed,3001,1,774875821,node-var,sfa,0.01352658781122095,0.11630385982941817
1.0,fixed,3001,1,774875821,node-var,pca,0.03123679732715021,0.17673934855359802
1.0,proportional,101,1,774875821,edges-corr,sfa,0.24744769075416176,0.4974411430050411
1.0,proportional,101,1,774875821,edges-corr,pca,0.005851472733189311,0.07649491965607462
1.0,proportional,101,1,774875821,edges-cov,sfa,0.2281011548358541,0.4775993664525259
1.0,proportional,101,1,774875821,edges-cov,pca,0.06376270502739756,0.2525127819089512
1.0,proportional,101,1,774875821,node-var,sfa,0.2050135723713288,0.4527842448355826
1.0,proportional,101,1,774875821,node-var,pca,0.085124078114558,0.29176030935437053
1.0,fixed,3001,1,778240327,edges-corr,sfa,0.33621026640154617,0.5798364134836188
1.0,fixed,3001,1,778240327,edges-corr,pca,0.30688848720228373,0.5539751683986239
1.0,fixed,3001,1,778240327,edges-cov,sfa,0.3298294234398311,0.5743077776243598
1.0,fixed,3001,1,778240327,edges-cov,pca,0.04874046610102699,0.22077243057281176
1.0,fixed,3001,1,778240327,node-var,sfa,0.14274662105794086,0.3778182381224348
1.0,fixed,3001,1,778240327,node-var,pca,0.162446193964543,0.40304614371625364
1.0,proportional,101,1,778240327,edges-corr,sfa,0.007174189526140445,0.08470058751945257
1.0,proportional,101,1,778240327,edges-corr,pca,0.002087152033422736,0.04568535907074318
1.0,proportional,101,1,778240327,edges-cov,sfa,0.09192408959440881,0.3031898573409223
1.0,proportional,101,1,778240327,edges-cov,pca,0.04916273594734266,0.22172671455497342
1.0,proportional,101,1,778240327,node-var,sfa,0.052718689298876756,0.22960550798897825
1.0,proportional,101,1,778240327,node-var,pca,0.05636566557441122,0.2374145437297623
1.0,fixed,3001,1,778998620,edges-corr,sfa,0.19025176976788985,0.43617859847531476
1.0,fixed,3001,1,778998620,edges-corr,pca,0.16764684039905156,0.40944699339359125
1.0,fixed,3001,1,778998620,edges-cov,sfa,0.18529542400952942,0.4304595497947855
1.0,fixed,3001,1,778998620,edges-cov,pca,0.12734173350462538,0.3568497351892325
1.0,fixed,3001,1,778998620,node-var,sfa,0.20103478463905966,0.4483690272967789
1.0,fixed,3001,1,778998620,node-var,pca,0.11192056529165288,0.33454531126837345
1.0,proportional,101,1,778998620,edges-corr,sfa,9.396600490766042e-06,0.003065387494390561
1.0,proportional,101,1,778998620,edges-corr,pca,0.10230962271765558,0.319858754323929
1.0,proportional,101,1,778998620,edges-cov,sfa,0.06013828969593085,0.24523109447199157
1.0,proportional,101,1,778998620,edges-cov,pca,0.08597469742964947,0.2932144222742965
1.0,proportional,101,1,778998620,node-var,sfa,0.10209967273400833,0.3195303940691845
1.0,proportional,101,1,778998620,node-var,pca,0.07412660486333959,0.2722620150945401
1.0,fixed,3001,1,779839471,edges-corr,sfa,0.15114636851597182,0.38877547314095295
1.0,fixed,3001,1,779839471,edges-corr,pca,0.19326747218127668,0.4396219650805413
1.0,fixed,3001,1,779839471,edges-cov,sfa,0.13510795103498066,0.3675703348135982
1.0,fixed,3001,1,779839471,edges-cov,pca,0.09969744137873976,0.3157490164335271
1.0,fixed,3001,1,779839471,node-var,sfa,0.10202028370709895,0.31940614225011227
1.0,fixed,3001,1,779839471,node-var,pca,0.08502921083667922,0.2915976866106438
1.0,proportional,101,1,779839471,edges-corr,sfa,0.00803304268260589,0.08962724297112953
1.0,proportional,101,1,779839471,edges-corr,pca,0.03572406427557017,0.18900810637528268
1.0,proportional,101,1,779839471,edges-cov,sfa,0.3013539165491135,0.5489571172223869
1.0,proportional,101,1,779839471,edges-cov,pca,0.2497955661729546,0.49979552436266833
1.0,proportional,101,1,779839471,node-var,sfa,0.31678873520149353,0.5628398841602232
1.0,proportional,101,1,779839471,node-var,pca,0.3303836639680684,0.5747901042711752
1.0,fixed,3001,1,781842082,edges-corr,sfa,0.2337587030887312,0.48348599058166225
1.0,fixed,3001,1,781842082,edges-corr,pca,0.21623400303885737,0.4650096805861759
1.0,fixed,3001,1,781842082,edges-cov,sfa,0.197793504331092,0.444739816444505
1.0,fixed,3001,1,781842082,edges-cov,pca,0.22920642143624487,0.4787550745801499
1.0,fixed,3001,1,781842082,node-var,sfa,0.17388135044342715,0.41699082776894164
1.0,fixed,3001,1,781842082,node-var,pca,0.2350300483495677,0.4847989772571387
1.0,proportional,101,1,781842082,edges-corr,sfa,0.0019075621792373374,0.04367564743924625
1.0,proportional,101,1,781842082,edges-corr,pca,0.10289739988856314,0.3207762458296486
1.0,proportional,101,1,781842082,edges-cov,sfa,0.232126434587076,0.48179501303674366
1.0,proportional,101,1,781842082,edges-cov,pca,0.1509427383359726,0.38851349826739945
1.0,proportional,101,1,781842082,node-var,sfa,0.16559897364962567,0.40693853792633805
1.0,proportional,101,1,781842082,node-var,pca,0.15622467117523836,0.3952526675118567
1.0,fixed,3001,1,786091066,edges-corr,sfa,0.49849591707479085,0.7060424329137668
1.0,fixed,3001,1,786091066,edges-corr,pca,0.496064556770904,0.7043185052026562
1.0,fixed,3001,1,786091066,edges-cov,sfa,0.5464354612217726,0.7392127306951447
1.0,fixed,3001,1,786091066,edges-cov,pca,0.28744600123876857,0.5361399082690717
1.0,fixed,3001,1,786091066,node-var,sfa,0.1896436728635017,0.4354809672804332
1.0,fixed,3001,1,786091066,node-var,pca,0.23192668148325102,0.48158766749497545
1.0,proportional,101,1,786091066,edges-corr,sfa,0.0021201621176906377,0.04604521818485213
1.0,proportional,101,1,786091066,edges-corr,pca,0.005182576644604795,0.07199011490895674
1.0,proportional,101,1,786091066,edges-cov,sfa,0.0009362295240533863,0.030597867965813996
1.0,proportional,101,1,786091066,edges-cov,pca,1.816439376625603e-07,0.000426197064352349
1.0,proportional,101,1,786091066,node-var,sfa,0.0916860810876707,0.30279709557337353
1.0,proportional,101,1,786091066,node-var,pca,1.5023603147286144e-05,0.0038760293016547416
1.0,fixed,3001,1,787025148,edges-corr,sfa,0.7599847873077092,0.8717710635870574
1.0,fixed,3001,1,787025148,edges-corr,pca,0.7076514230831151,0.8412201989271983
1.0,fixed,3001,1,787025148,edges-cov,sfa,0.6965600216925661,0.8346017144078762
1.0,fixed,3001,1,787025148,edges-cov,pca,0.6682678982819227,0.8174765429551619
1.0,fixed,3001,1,787025148,node-var,sfa,0.6960134074363749,0.8342741800130068
1.0,fixed,3001,1,787025148,node-var,pca,0.6663338015238496,0.8162927180392151
1.0,proportional,101,1,787025148,edges-corr,sfa,0.48267345165096937,0.6947470414841429
1.0,proportional,101,1,787025148,edges-corr,pca,0.37172732343902304,0.6096944508842302
1.0,proportional,101,1,787025148,edges-cov,sfa,0.32135619099053436,0.5668828723735921
1.0,proportional,101,1,787025148,edges-cov,pca,0.293528001887584,0.5417822458216807
1.0,proportional,101,1,787025148,node-var,sfa,0.29453522787491226,0.5427109984834583
1.0,proportional,101,1,787025148,node-var,pca,0.22700701150793465,0.47645252807382044
1.0,fixed,3001,1,789848216,edges-corr,sfa,0.04087137058575376,0.20216669009941712
1.0,fixed,3001,1,789848216,edges-corr,pca,0.057833830606792404,0.24048665369785577
1.0,fixed,3001,1,789848216,edges-cov,sfa,0.07408985135665966,0.27219451015158197
1.0,fixed,3001,1,789848216,edges-cov,pca,0.06956923564302539,0.263759806723893
1.0,fixed,3001,1,789848216,node-var,sfa,0.051773150974435286,0.22753714196683425
1.0,fixed,3001,1,789848216,node-var,pca,0.0604456148515157,0.2458568991334506
1.0,proportional,101,1,789848216,edges-corr,sfa,0.4625635652154726,0.6801202579069915
1.0,proportional,101,1,789848216,edges-corr,pca,0.1585470551091824,0.3981796769163168
1.0,proportional,101,1,789848216,edges-cov,sfa,0.1336107967812191,0.3655281066911532
1.0,proportional,101,1,789848216,edges-cov,pca,0.15336317073959718,0.3916161012261845
1.0,proportional,101,1,789848216,node-var,sfa,0.2860726700313715,0.5348576165965775
1.0,proportional,101,1,789848216,node-var,pca,0.1285712098012953,0.3585682777398125
1.0,fixed,3001,1,793224716,edges-corr,sfa,0.023045342651025397,0.15180692557003253
1.0,fixed,3001,1,793224716,edges-corr,pca,0.0035440303227183257,0.05953175894191541
1.0,fixed,3001,1,793224716,edges-cov,sfa,0.0865172064858,0.2941380738459406
1.0,fixed,3001,1,793224716,edges-cov,pca,0.03346347862954438,0.18293025618946795
1.0,fixed,3001,1,793224716,node-var,sfa,0.1324955970102237,0.36399944644219406
1.0,fixed,3001,1,793224716,node-var,pca,0.13549712751122558,0.3680993446221082
1.0,proportional,101,1,793224716,edges-corr,sfa,0.22919561361470436,0.478743787024651
1.0,proportional,101,1,793224716,edges-corr,pca,0.18506279894811473,0.43018925945229586
1.0,proportional,101,1,793224716,edges-cov,sfa,0.2842842731784382,0.5331831516265665
1.0,proportional,101,1,793224716,edges-cov,pca,0.3041465629548285,0.5514948439965949
1.0,proportional,101,1,793224716,node-var,sfa,0.3366803718173231,0.5802416495024492
1.0,proportional,101,1,793224716,node-var,pca,0.3433324275029976,0.5859457547444111
1.0,fixed,3001,1,794812542,edges-corr,sfa,0.11630520602153482,0.3410354908532759
1.0,fixed,3001,1,794812542,edges-corr,pca,0.045991795976589,0.21445697931424149
1.0,fixed,3001,1,794812542,edges-cov,sfa,0.16383534642671574,0.4047657920658757
1.0,fixed,3001,1,794812542,edges-cov,pca,0.01225769120868839,0.1107144579930209
1.0,fixed,3001,1,794812542,node-var,sfa,0.07410907603103921,0.2722298220824442
1.0,fixed,3001,1,794812542,node-var,pca,0.03623598036313615,0.19035750671601093
1.0,proportional,101,1,794812542,edges-corr,sfa,0.0004574671495125076,0.021388481701899918
1.0,proportional,101,1,794812542,edges-corr,pca,0.015548717624486046,0.1246944971700277
1.0,proportional,101,1,794812542,edges-cov,sfa,0.061169366123002104,0.24732441473296182
1.0,proportional,101,1,794812542,edges-cov,pca,0.023177450253229752,0.15224142095116477
1.0,proportional,101,1,794812542,node-var,sfa,0.04961780541931048,0.2227505452727568
1.0,proportional,101,1,794812542,node-var,pca,0.04292721448191318,0.20718883773483837
1.0,fixed,3001,1,816200189,edges-corr,sfa,0.6997496742949822,0.8365104149351532
1.0,fixed,3001,1,816200189,edges-corr,pca,0.5677888917115005,0.7535176784332936
1.0,fixed,3001,1,816200189,edges-cov,sfa,0.4104214179677831,0.6406414113743999
1.0,fixed,3001,1,816200189,edges-cov,pca,0.3499553785969846,0.5915702651393024
1.0,fixed,3001,1,816200189,node-var,sfa,0.3898864415391147,0.6244088736870375
1.0,fixed,3001,1,816200189,node-var,pca,0.37635931077744494,0.6134813043422309
1.0,proportional,101,1,816200189,edges-corr,sfa,0.5055562479368652,0.7110247871465981
1.0,proportional,101,1,816200189,edges-corr,pca,0.25899653036441783,0.5089170171692217
1.0,proportional,101,1,816200189,edges-cov,sfa,0.14581169967269705,0.3818529817517431
1.0,proportional,101,1,816200189,edges-cov,pca,0.15050842781211937,0.38795415684345924
1.0,proportional,101,1,816200189,node-var,sfa,0.1512064467000325,0.3888527313778733
1.0,proportional,101,1,816200189,node-var,pca,0.1618730240812086,0.4023344679258895
1.0,fixed,3001,1,829720705,edges-corr,sfa,0.29962968250273375,0.5473844010407437
1.0,fixed,3001,1,829720705,edges-corr,pca,0.021553701868977516,0.14681179063337357
1.0,fixed,3001,1,829720705,edges-cov,sfa,0.2613841687625451,0.5112574388334561
1.0,fixed,3001,1,829720705,edges-cov,pca,0.1973773686884715,0.44427172843708107
1.0,fixed,3001,1,829720705,node-var,sfa,0.21301009887379885,0.46153017114138795
1.0,fixed,3001,1,829720705,node-var,pca,0.21632682336355702,0.46510947460093416
1.0,proportional,101,1,829720705,edges-corr,sfa,0.18858763540060278,0.43426677906628175
1.0,proportional,101,1,829720705,edges-corr,pca,0.1333674947067232,0.3651951460612849
1.0,proportional,101,1,829720705,edges-cov,sfa,0.27543268033431606,0.5248168064518476
1.0,proportional,101,1,829720705,edges-cov,pca,0.2696843646960761,0.5193114332422079
1.0,proportional,101,1,829720705,node-var,sfa,0.278828752695885,0.5280423777462231
1.0,proportional,101,1,829720705,node-var,pca,0.28793326245618384,0.5365941319621226
1.0,fixed,3001,1,831882777,edges-corr,sfa,0.7808881572892504,0.8836787636292107
1.0,fixed,3001,1,831882777,edges-corr,pca,0.7812908385183666,0.8839065779359075
1.0,fixed,3001,1,831882777,edges-cov,sfa,0.7447640168970614,0.8629971129135146
1.0,fixed,3001,1,831882777,edges-cov,pca,0.747593358446874,0.8646348121877085
1.0,fixed,3001,1,831882777,node-var,sfa,0.7354726319251743,0.8575970102123575
1.0,fixed,3001,1,831882777,node-var,pca,0.5834012817871977,0.7638070972354196
1.0,proportional,101,1,831882777,edges-corr,sfa,0.20947754171866545,0.4576871657788379
1.0,proportional,101,1,831882777,edges-corr,pca,0.14370061658587432,0.379078641690447
1.0,proportional,101,1,831882777,edges-cov,sfa,5.418007166529787e-05,0.00736071135592871
1.0,proportional,101,1,831882777,edges-cov,pca,0.06563392985606299,0.25619119785047845
1.0,proportional,101,1,831882777,node-var,sfa,0.04988203261351465,0.22334285888184258
1.0,proportional,101,1,831882777,node-var,pca,0.025324179079503212,0.15913572534004805
1.0,fixed,3001,1,835479236,edges-corr,sfa,0.10312118893818556,0.3211248805966077
1.0,fixed,3001,1,835479236,edges-corr,pca,0.09872494496756508,0.31420525929329235
1.0,fixed,3001,1,835479236,edges-cov,sfa,0.060107600771450866,0.24516851504924295
1.0,fixed,3001,1,835479236,edges-cov,pca,0.0758922688545964,0.27548551478180555
1.0,fixed,3001,1,835479236,node-var,sfa,0.07406263878037044,0.27214451818908725
1.0,fixed,3001,1,835479236,node-var,pca,0.07372478893066996,0.27152309097141253
1.0,proportional,101,1,835479236,edges-corr,sfa,0.027594564052756978,0.16611611617406957
1.0,proportional,101,1,835479236,edges-corr,pca,0.00029213682075203813,0.017092010436225404
1.0,proportional,101,1,835479236,edges-cov,sfa,0.04411276473112918,0.21003039001803805
1.0,proportional,101,1,835479236,edges-cov,pca,0.0036111734897199925,0.06009304027689057
1.0,proportional,101,1,835479236,node-var,sfa,0.010791300988979012,0.10388118688664956
1.0,proportional,101,1,835479236,node-var,pca,0.010472356509486974,0.10233453234117491
1.0,fixed,3001,1,839068429,edges-corr,sfa,0.7366742262592972,0.8582972831480344
1.0,fixed,3001,1,839068429,edges-corr,pca,0.7066020716369522,0.8405962595901508
1.0,fixed,3001,1,839068429,edges-cov,sfa,0.7784198469708092,0.882281047609439
1.0,fixed,3001,1,839068429,edges-cov,pca,0.7780883893832218,0.882093186337601
1.0,fixed,3001,1,839068429,node-var,sfa,0.7791017492320852,0.8826674057832232
1.0,fixed,3001,1,839068429,node-var,pca,0.7816972740460617,0.8841364566887069
1.0,proportional,101,1,839068429,edges-corr,sfa,0.5530458986565121,0.7436705578793019
1.0,proportional,101,1,839068429,edges-corr,pca,0.1380186128469461,0.37150856362531687
1.0,proportional,101,1,839068429,edges-cov,sfa,0.41020118233590236,0.6404695014876995
1.0,proportional,101,1,839068429,edges-cov,pca,0.36502087031475805,0.6041695708282221
1.0,proportional,101,1,839068429,node-var,sfa,0.5441214692463984,0.7376458969223637
1.0,proportional,101,1,839068429,node-var,pca,0.44067222243706494,0.6638314714120331
1.0,fixed,3001,1,847657808,edges-corr,sfa,0.5115747002077276,0.7152445037941414
1.0,fixed,3001,1,847657808,edges-corr,pca,0.5517489992931175,0.7427980878362016
1.0,fixed,3001,1,847657808,edges-cov,sfa,0.37005563972325944,0.6083219868813385
1.0,fixed,3001,1,847657808,edges-cov,pca,0.049241994553717985,0.2219053729717196
1.0,fixed,3001,1,847657808,node-var,sfa,0.02925739309892812,0.1710479263216252
1.0,fixed,3001,1,847657808,node-var,pca,0.04360823685669145,0.20882585294137182
1.0,proportional,101,1,847657808,edges-corr,sfa,0.36362134833955073,0.6030102390005917
1.0,proportional,101,1,847657808,edges-corr,pca,0.2936677707337811,0.5419112203431307
1.0,proportional,101,1,847657808,edges-cov,sfa,0.12989367417673955,0.3604076499975265
1.0,proportional,101,1,847657808,edges-cov,pca,0.3787445877244604,0.6154222840655516
1.0,proportional,101,1,847657808,node-var,sfa,0.3881014941842638,0.6229779243153515
1.0,proportional,101,1,847657808,node-var,pca,0.18566716971818675,0.43089113441586
1.0,fixed,3001,2,766640955,edges-corr,sfa,0.6894024535661795,0.8303026277003942
1.0,fixed,3001,2,766640955,edges-corr,pca,0.7046002934485581,0.8394047256529821
1.0,fixed,3001,2,766640955,edges-cov,sfa,0.6868833584398528,0.8287842653186973
1.0,fixed,3001,2,766640955,edges-cov,pca,0.6034748618421402,0.7768364447180244
1.0,fixed,3001,2,766640955,node-var,sfa,0.6524982525284699,0.807773639411729
1.0,fixed,3001,2,766640955,node-var,pca,0.5842690640181225,0.7643749498892036
1.0,proportional,101,2,766640955,edges-corr,sfa,0.1784085223471785,0.42238433013924476
1.0,proportional,101,2,766640955,edges-corr,pca,0.1369378739971657,0.37005117753787203
1.0,proportional,101,2,766640955,edges-cov,sfa,0.10282902083661238,0.3206696443953066
1.0,proportional,101,2,766640955,edges-cov,pca,0.1641170667634798,0.40511364672580435
1.0,proportional,101,2,766640955,node-var,sfa,0.1482017988454364,0.38496986745125444
1.0,proportional,101,2,766640955,node-var,pca,0.13886694349133152,0.37264855224639143
1.0,fixed,3001,2,767871931,edges-corr,sfa,0.14692890176215415,0.3833130597333649
1.0,fixed,3001,2,767871931,edges-corr,pca,0.1635809149208092,0.4044513752242774
1.0,fixed,3001,2,767871931,edges-cov,sfa,0.07588737484492156,0.27547663212134993
1.0,fixed,3001,2,767871931,edges-cov,pca,0.0020289986555212564,0.04504440759429806
1.0,fixed,3001,2,767871931,node-var,sfa,0.07252815798443406,0.2693105233451416
1.0,fixed,3001,2,767871931,node-var,pca,0.0038292362973226667,0.06188082334069794
1.0,proportional,101,2,767871931,edges-corr,sfa,0.21156455084397985,0.45996146669474375
1.0,proportional,101,2,767871931,edges-corr,pca,0.06329527703277792,0.25158552627839686
1.0,proportional,101,2,767871931,edges-cov,sfa,0.0074583617378239115,0.08636180717090114
1.0,proportional,101,2,767871931,edges-cov,pca,0.09322361653439785,0.305325427264743
1.0,proportional,101,2,767871931,node-var,sfa,0.12721421416142353,0.3566710167106707
1.0,proportional,101,2,767871931,node-var,pca,0.09058567867074038,0.3009745482108751
1.0,fixed,3001,2,771160300,edges-corr,sfa,0.00497147116500981,0.0705086602128406
1.0,fixed,3001,2,771160300,edges-corr,pca,0.010749154841096276,0.10367813096837865
1.0,fixed,3001,2,771160300,edges-cov,sfa,0.026996775995758344,0.1643069566261829
1.0,fixed,3001,2,771160300,edges-cov,pca,0.03675555023709577,0.1917173707234057
1.0,fixed,3001,2,771160300,node-var,sfa,0.028247186275240397,0.16806899260494304
1.0,fixed,3001,2,771160300,node-var,pca,0.039611224325860034,0.19902568760303288
1.0,proportional,101,2,771160300,edges-corr,sfa,0.515160420903838,0.7177467665575638
1.0,proportional,101,2,771160300,edges-corr,pca,0.36196547857923117,0.6016356693042985
1.0,proportional,101,2,771160300,edges-cov,sfa,0.09766109757710714,0.3125077560271219
1.0,proportional,101,2,771160300,edges-cov,pca,0.11746694044804086,0.3427345043149885
1.0,proportional,101,2,771160300,node-var,sfa,0.10771045980297474,0.3281927174740091
1.0,proportional,101,2,771160300,node-var,pca,0.10678597811643666,0.32678123892971067
1.0,fixed,3001,2,771990200,edges-corr,sfa,0.21724897923606995,0.46609975245227275
1.0,fixed,3001,2,771990200,edges-corr,pca,0.07358783460666884,0.27127077728105703
1.0,fixed,3001,2,771990200,edges-cov,sfa,0.18587733783854699,0.4311349415653375
1.0,fixed,3001,2,771990200,edges-cov,pca,0.11508873138990211,0.33924730122714625
1.0,fixed,3001,2,771990200,node-var,sfa,0.1383891478151033,0.372006919041976
1.0,fixed,3001,2,771990200,node-var,pca,0.11557769974631148,0.3399672039275428
1.0,proportional,101,2,771990200,edges-corr,sfa,0.0020912905942369045,0.04573063080952311
1.0,proportional,101,2,771990200,edges-corr,pca,0.235117803594906,0.48488947564873586
1.0,proportional,101,2,771990200,edges-cov,sfa,0.07196355449061329,0.2682602365066677
1.0,proportional,101,2,771990200,edges-cov,pca,0.12796846882648186,0.35772680753122466
1.0,proportional,101,2,771990200,node-var,sfa,0.09552993252174505,0.30907916869589425
1.0,proportional,101,2,771990200,node-var,pca,0.13737794453664354,0.3706453082620142
1.0,fixed,3001,2,774875821,edges-corr,sfa,0.25450338905959885,0.5044832891777475
1.0,fixed,3001,2,774875821,edges-corr,pca,0.1515361779823738,0.3892764801299634
1.0,fixed,3001,2,774875821,edges-cov,sfa,0.046792267373042935,0.21631520374916538
1.0,fixed,3001,2,774875821,edges-cov,pca,0.06733586547492047,0.25949155183728134
1.0,fixed,3001,2,774875821,node-var,sfa,0.23489107811977447,0.4846556283793416
1.0,fixed,3001,2,774875821,node-var,pca,0.06514022447396847,0.2552258303424018
1.0,proportional,101,2,774875821,edges-corr,sfa,0.06852364096773012,0.26177020641725085
1.0,proportional,101,2,774875821,edges-corr,pca,0.007547998906201039,0.0868792202209541
1.0,proportional,101,2,774875821,edges-cov,sfa,0.10234990024043819,0.3199217095485053
1.0,proportional,101,2,774875821,edges-cov,pca,0.0024639685931030315,0.04963837822797026
1.0,proportional,101,2,774875821,node-var,sfa,0.08020293350920314,0.28320122441331913
1.0,proportional,101,2,774875821,node-var,pca,0.0005510160079961037,0.023473730167915444
1.0,fixed,3001,2,778240327,edges-corr,sfa,0.06558023817279764,0.2560863881052596
1.0,fixed,3001,2,778240327,edges-corr,pca,0.022997782695540703,0.15165019846851735
1.0,fixed,3001,2,778240327,edges-cov,sfa,0.009335772388407678,0.0966218007926145
1.0,fixed,3001,2,778240327,edges-cov,pca,0.005106659116803551,0.0714608922194759
1.0,fixed,3001,2,778240327,node-var,sfa,0.0261909761186587,0.1618362632992331
1.0,fixed,3001,2,778240327,node-var,pca,0.013568234862013692,0.1164827663734584
1.0,proportional,101,2,778240327,edges-corr,sfa,0.2611639283775881,0.5110420025571167
1.0,proportional,101,2,778240327,edges-corr,pca,0.14680742102719305,0.3831545654526291
1.0,proportional,101,2,778240327,edges-cov,sfa,0.3353256502439899,0.5790730957694287
1.0,proportional,101,2,778240327,edges-cov,pca,0.30253251249778446,0.5500295560220236
1.0,proportional,101,2,778240327,node-var,sfa,0.3246145904120759,0.5697495857059274
1.0,proportional,101,2,778240327,node-var,pca,0.3308753761768662,0.5752176772117371
1.0,fixed,3001,2,778998620,edges-corr,sfa,0.6280766880636511,0.7925128945724802
1.0,fixed,3001,2,778998620,edges-corr,pca,0.4482770487296095,0.6695349495953213
1.0,fixed,3001,2,778998620,edges-cov,sfa,0.5753442847135949,0.7585145250511653
1.0,fixed,3001,2,778998620,edges-cov,pca,0.5708896114592554,0.755572373409229
1.0,fixed,3001,2,778998620,node-var,sfa,0.5621498475921272,0.7497665287221931
1.0,fixed,3001,2,778998620,node-var,pca,0.5776452982700786,0.7600298009092002
1.0,proportional,101,2,778998620,edges-corr,sfa,0.15004825742710495,0.3873606296813151
1.0,proportional,101,2,778998620,edges-corr,pca,0.07418806634085606,0.27237486363623215
1.0,proportional,101,2,778998620,edges-cov,sfa,0.45576175077232745,0.6751012892687492
1.0,proportional,101,2,778998620,edges-cov,pca,0.2644989384216646,0.5142946027537764
1.0,proportional,101,2,778998620,node-var,sfa,0.3704295451161555,0.6086292345230843
1.0,proportional,101,2,778998620,node-var,pca,0.3567110305224514,0.5972529033185618
1.0,fixed,3001,2,779839471,edges-corr,sfa,0.686001690486416,0.8282521901488797
1.0,fixed,3001,2,779839471,edges-corr,pca,0.5821357664341139,0.7629782214677651
1.0,fixed,3001,2,779839471,edges-cov,sfa,0.6391870390766105,0.7994917379664473
1.0,fixed,3001,2,779839471,edges-cov,pca,0.6104439381146937,0.7813091181566318
1.0,fixed,3001,2,779839471,node-var,sfa,0.6214685116975572,0.7883327417388911
1.0,fixed,3001,2,779839471,node-var,pca,0.6228290371445925,0.7891951831737143
1.0,proportional,101,2,779839471,edges-corr,sfa,0.18671405055712684,0.4321042126121045
1.0,proportional,101,2,779839471,edges-corr,pca,0.14588802521985444,0.381952909688949
1.0,proportional,101,2,779839471,edges-cov,sfa,0.24316657326784907,0.4931192282479452
1.0,proportional,101,2,779839471,edges-cov,pca,0.1941234786014816,0.44059446047525563
1.0,proportional,101,2,779839471,node-var,sfa,0.2394249413714823,0.48931067980525655
1.0,proportional,101,2,779839471,node-var,pca,0.2339147601316795,0.48364735100244216
1.0,fixed,3001,2,781842082,edges-corr,sfa,0.5486370388317799,0.7407003704817353
1.0,fixed,3001,2,781842082,edges-corr,pca,0.12539283089151781,0.35410850158040236
1.0,fixed,3001,2,781842082,edges-cov,sfa,0.516386862890636,0.7186006282286678
1.0,fixed,3001,2,781842082,edges-cov,pca,0.38825608638814485,0.6231019871482877
1.0,fixed,3001,2,781842082,node-var,sfa,0.47619169020664975,0.6900664389800809
1.0,fixed,3001,2,781842082,node-var,pca,0.4186959757673988,0.647067211166969
1.0,proportional,101,2,781842082,edges-corr,sfa,0.7657549727828473,0.875074267009862
1.0,proportional,101,2,781842082,edges-corr,pca,0.6208626289343191,0.7879483669215382
1.0,proportional,101,2,781842082,edges-cov,sfa,0.3370964678558223,0.5806000928830638
1.0,proportional,101,2,781842082,edges-cov,pca,0.3230413705749763,0.5683672849267244
1.0,proportional,101,2,781842082,node-var,sfa,0.38473272112598955,0.6202682654513203
1.0,proportional,101,2,781842082,node-var,pca,0.3722333580964039,0.6101093001228582
1.0,fixed,3001,2,786091066,edges-corr,sfa,0.4735445561109311,0.6881457375519601
1.0,fixed,3001,2,786091066,edges-corr,pca,0.5011332480358538,0.7079076550199566
1.0,fixed,3001,2,786091066,edges-cov,sfa,0.4227427595550197,0.650186711303007
1.0,fixed,3001,2,786091066,edges-cov,pca,0.45737033764972995,0.6762916069638377
1.0,fixed,3001,2,786091066,node-var,sfa,0.43199209454159515,0.6572610550927197
1.0,fixed,3001,2,786091066,node-var,pca,0.4229056214280529,0.650311941631132
1.0,proportional,101,2,786091066,edges-corr,sfa,0.0004193668869735596,0.020478449330297438
1.0,proportional,101,2,786091066,edges-corr,pca,0.0495756421994423,0.22265588292125205
1.0,proportional,101,2,786091066,edges-cov,sfa,0.02100815474748792,0.14494190128285167
1.0,proportional,101,2,786091066,edges-cov,pca,0.003569326001725656,0.05974383651662869
1.0,proportional,101,2,786091066,node-var,sfa,0.04522746403750764,0.21266749642930308
1.0,proportional,101,2,786091066,node-var,pca,0.0030878235582814683,0.05556818836601989
1.0,fixed,3001,2,787025148,edges-corr,sfa,0.6182456383729311,0.7862859774744372
1.0,fixed,3001,2,787025148,edges-corr,pca,0.6022071501567536,0.7760200707177319
1.0,fixed,3001,2,787025148,edges-cov,sfa,0.6590393537691847,0.8118123882826528
1.0,fixed,3001,2,787025148,edges-cov,pca,0.6375124282131509,0.7984437539446038
1.0,fixed,3001,2,787025148,node-var,sfa,0.6328820525115698,0.7955388441248924
1.0,fixed,3001,2,787025148,node-var,pca,0.6340105240019732,0.7962477780201168
1.0,proportional,101,2,787025148,edges-corr,sfa,0.27534747796224096,0.5247356267323965
1.0,proportional,101,2,787025148,edges-corr,pca,0.15745902297989192,0.39681106710863284
1.0,proportional,101,2,787025148,edges-cov,sfa,0.3337511457723087,0.5777119920620557
1.0,proportional,101,2,787025148,edges-cov,pca,0.1771504744168461,0.4208924736994546
1.0,proportional,101,2,787025148,node-var,sfa,0.2588270173056769,0.5087504469832699
1.0,proportional,101,2,787025148,node-var,pca,0.13175551256488227,0.362981421790265
1.0,fixed,3001,2,789848216,edges-corr,sfa,0.05657903013711597,0.23786346953056067
1.0,fixed,3001,2,789848216,edges-corr,pca,0.023568827235745497,0.15352142272577302
1.0,fixed,3001,2,789848216,edges-cov,sfa,0.01898247165673893,0.1377768908661352
1.0,fixed,3001,2,789848216,edges-cov,pca,0.012359961439428371,0.1111753634553464
1.0,fixed,3001,2,789848216,node-var,sfa,0.013093352220741367,0.11442618677881986
1.0,fixed,3001,2,789848216,node-var,pca,0.005154420051818148,0.07179428982738215
1.0,proportional,101,2,789848216,edges-corr,sfa,0.4425550187042352,0.665248088087621
1.0,proportional,101,2,789848216,edges-corr,pca,0.10057267199069975,0.317131947288033
1.0,proportional,101,2,789848216,edges-cov,sfa,0.49033682936959305,0.7002405510748382
1.0,proportional,101,2,789848216,edges-cov,pca,0.06900274298840926,0.26268373186858995
1.0,proportional,101,2,789848216,node-var,sfa,0.41278907140518356,0.6424866313046393
1.0,proportional,101,2,789848216,node-var,pca,0.1333289379225453,0.36514235295641245
1.0,fixed,3001,2,793224716,edges-corr,sfa,0.03838270284252224,0.1959150398578992
1.0,fixed,3001,2,793224716,edges-corr,pca,0.04917903580460812,0.22176346814705103
1.0,fixed,3001,2,793224716,edges-cov,sfa,1.1529014582364409e-05,0.0033954402634068545
1.0,fixed,3001,2,793224716,edges-cov,pca,0.004877782413954505,0.06984112265674504
1.0,fixed,3001,2,793224716,node-var,sfa,0.0026190318394247454,0.05117647740343942
1.0,fixed,3001,2,793224716,node-var,pca,0.0018268577988182118,0.04274175708622906
1.0,proportional,101,2,793224716,edges-corr,sfa,0.019544763924596992,0.1398025891197906
1.0,proportional,101,2,793224716,edges-corr,pca,0.04842067161161885,0.22004697592018585
1.0,proportional,101,2,793224716,edges-cov,sfa,0.08158682566228123,0.2856340765074805
1.0,proportional,101,2,793224716,edges-cov,pca,0.04961672992691638,0.22274813114124298
1.0,proportional,101,2,793224716,node-var,sfa,0.07240698752533667,0.26908546509489634
1.0,proportional,101,2,793224716,node-var,pca,0.07861048989043402,0.2803756228534036
1.0,fixed,3001,2,794812542,edges-corr,sfa,0.23416017575591905,0.48390099788688085
1.0,fixed,3001,2,794812542,edges-corr,pca,0.6284009027271054,0.7927174166921687
1.0,fixed,3001,2,794812542,edges-cov,sfa,0.33925670618889203,0.5824574715710084
1.0,fixed,3001,2,794812542,edges-cov,pca,0.6651557971632719,0.8155708412904865
1.0,fixed,3001,2,794812542,node-var,sfa,0.5066981773012119,0.7118273507678754
1.0,fixed,3001,2,794812542,node-var,pca,0.6535771806323581,0.8084412041901119
1.0,proportional,101,2,794812542,edges-corr,sfa,0.11492022656944975,0.3389988592450567
1.0,proportional,101,2,794812542,edges-corr,pca,0.1254747313913585,0.35422412593068603
1.0,proportional,101,2,794812542,edges-cov,sfa,0.2823851723087872,0.5313992588523127
1.0,proportional,101,2,794812542,edges-cov,pca,0.19887356516371424,0.4459524247761349
1.0,proportional,101,2,794812542,node-var,sfa,0.21999770434651386,0.46903912880112025
1.0,proportional,101,2,794812542,node-var,pca,0.21484789057456016,0.46351687194163727
1.0,fixed,3001,2,816200189,edges-corr,sfa,0.3059787185390761,0.5531534312820233
1.0,fixed,3001,2,816200189,edges-corr,pca,0.2762676432982401,0.5256116848950755
1.0,fixed,3001,2,816200189,edges-cov,sfa,0.39331388770057885,0.62714742102681
1.0,fixed,3001,2,816200189,edges-cov,pca,0.34161663707933587,0.5844798004031755
1.0,fixed,3001,2,816200189,node-var,sfa,0.34945261224676005,0.591145170196594
1.0,fixed,3001,2,816200189,node-var,pca,0.33971005328908516,0.5828465092021099
1.0,proportional,101,2,816200189,edges-corr,sfa,0.11381836458482551,0.3373697742608628
1.0,proportional,101,2,816200189,edges-corr,pca,0.10031177628675782,0.31672034397360366
1.0,proportional,101,2,816200189,edges-cov,sfa,0.15039023145343275,0.38780179403070425
1.0,proportional,101,2,816200189,edges-cov,pca,0.13758651478967768,0.3709265625291315
1.0,proportional,101,2,816200189,node-var,sfa,0.17010972506998592,0.4124436022900415
1.0,proportional,101,2,816200189,node-var,pca,0.14941196702967852,0.3865384418523965
1.0,fixed,3001,2,829720705,edges-corr,sfa,0.02574977465292864,0.1604673632017696
1.0,fixed,3001,2,829720705,edges-corr,pca,0.019240223572167366,0.13870913298037504
1.0,fixed,3001,2,829720705,edges-cov,sfa,0.09836595951359525,0.31363347958021837
1.0,fixed,3001,2,829720705,edges-cov,pca,0.08923817762167932,0.29872759769006835
1.0,fixed,3001,2,829720705,node-var,sfa,0.09443009264473864,0.30729479762068646
1.0,fixed,3001,2,829720705,node-var,pca,0.09639502879814447,0.31047548824044785
1.0,proportional,101,2,829720705,edges-corr,sfa,0.024976534161492977,0.15803966009041204
1.0,proportional,101,2,829720705,edges-corr,pca,0.08870112077458057,0.29782733382713644
1.0,proportional,101,2,829720705,edges-cov,sfa,0.051616654518903016,0.22719298959013462
1.0,proportional,101,2,829720705,edges-cov,pca,0.08354382432922491,0.2890394857614179
1.0,proportional,101,2,829720705,node-var,sfa,0.06813956987079814,0.2610355720410499
1.0,proportional,101,2,829720705,node-var,pca,0.06916141149900121,0.2629855727963061
1.0,fixed,3001,2,831882777,edges-corr,sfa,0.5861621631376642,0.7656122799026046
1.0,fixed,3001,2,831882777,edges-corr,pca,0.281518303413012,0.5305829844736938
1.0,fixed,3001,2,831882777,edges-cov,sfa,0.6530586321401126,0.8081204317056416
1.0,fixed,3001,2,831882777,edges-cov,pca,0.6254453359792388,0.7908510200911666
1.0,fixed,3001,2,831882777,node-var,sfa,0.581445085771893,0.7625254656546843
1.0,fixed,3001,2,831882777,node-var,pca,0.5827436942677847,0.7633765088524697
1.0,proportional,101,2,831882777,edges-corr,sfa,0.0016397031808553103,0.04049324858362577
1.0,proportional,101,2,831882777,edges-corr,pca,0.004411864961590071,0.06642187110877013
1.0,proportional,101,2,831882777,edges-cov,sfa,0.03798313432470771,0.1948926225507464
1.0,proportional,101,2,831882777,edges-cov,pca,0.0010174898532939764,0.03189811676720079
1.0,proportional,101,2,831882777,node-var,sfa,0.03400006331688448,0.18439106083778703
1.0,proportional,101,2,831882777,node-var,pca,0.03370188994069813,0.18358074501618662
1.0,fixed,3001,2,835479236,edges-corr,sfa,0.22721943279163626,0.4766753956222581
1.0,fixed,3001,2,835479236,edges-corr,pca,0.1903637684303233,0.43630696582832973
1.0,fixed,3001,2,835479236,edges-cov,sfa,0.2151082476268074,0.46379763650411954
1.0,fixed,3001,2,835479236,edges-cov,pca,0.2431759545804755,0.49312874037159454
1.0,fixed,3001,2,835479236,node-var,sfa,0.19850897305149737,0.44554345809527646
1.0,fixed,3001,2,835479236,node-var,pca,0.1709652664943976,0.41347946320754264
1.0,proportional,101,2,835479236,edges-corr,sfa,0.0016043391482159508,0.04005420262863749
1.0,proportional,101,2,835479236,edges-corr,pca,0.005321558237921439,0.07294901121962818
1.0,proportional,101,2,835479236,edges-cov,sfa,0.0122106215943142,0.11050168140944372
1.0,proportional,101,2,835479236,edges-cov,pca,2.47185103857427e-05,0.004971771352922688
1.0,proportional,101,2,835479236,node-var,sfa,0.013627763726038302,0.11673801320066357
1.0,proportional,101,2,835479236,node-var,pca,0.00739907529204559,0.0860178777466963
1.0,fixed,3001,2,839068429,edges-corr,sfa,0.015253250426761912,0.12350405024436208
1.0,fixed,3001,2,839068429,edges-corr,pca,0.015997443283464856,0.12648099969349094
1.0,fixed,3001,2,839068429,edges-cov,sfa,0.01629159432335081,0.1276385299325827
1.0,fixed,3001,2,839068429,edges-cov,pca,0.013141375080668271,0.11463583680799068
1.0,fixed,3001,2,839068429,node-var,sfa,0.009608935160246697,0.09802517615514239
1.0,fixed,3001,2,839068429,node-var,pca,0.012243054652592062,0.11064833777600123
1.0,proportional,101,2,839068429,edges-corr,sfa,0.0209824777498833,0.14485329733866364
1.0,proportional,101,2,839068429,edges-corr,pca,0.000694075275365398,0.026345308412797107
1.0,proportional,101,2,839068429,edges-cov,sfa,0.009869030299998444,0.09934299321038421
1.0,proportional,101,2,839068429,edges-cov,pca,0.00783665677174459,0.08852489351444931
1.0,proportional,101,2,839068429,node-var,sfa,0.000849186962419766,0.029140812658877
1.0,proportional,101,2,839068429,node-var,pca,0.012824499074389383,0.11324530486686582
1.0,fixed,3001,2,847657808,edges-corr,sfa,0.0017277289859719408,0.04156595946170304
1.0,fixed,3001,2,847657808,edges-corr,pca,0.0004110542733528883,0.02027447344206227
1.0,fixed,3001,2,847657808,edges-cov,sfa,0.0003591886449797221,0.018952272818311848
1.0,fixed,3001,2,847657808,edges-cov,pca,0.013045493076176085,0.11421686861482451
1.0,fixed,3001,2,847657808,node-var,sfa,2.5225471665523097e-06,0.0015882528660614184
1.0,fixed,3001,2,847657808,node-var,pca,0.0021945967811314742,0.04684652368246201
1.0,proportional,101,2,847657808,edges-corr,sfa,0.17856710425255226,0.4225720107301858
1.0,proportional,101,2,847657808,edges-corr,pca,0.11823549919825195,0.34385389222495644
1.0,proportional,101,2,847657808,edges-cov,sfa,0.045991316215811956,0.21445586076349593
1.0,proportional,101,2,847657808,edges-cov,pca,0.061865362030257075,0.24872748547407678
1.0,proportional,101,2,847657808,node-var,sfa,0.00559817274513755,0.07482093787929653
1.0,proportional,101,2,847657808,node-var,pca,0.014311972723924116,0.11963265743067031
1.0,fixed,3001,3,766640955,edges-corr,sfa,0.06106029383144433,0.24710381185130337
1.0,fixed,3001,3,766640955,edges-corr,pca,0.005870837644240303,0.07662139155771254
1.0,fixed,3001,3,766640955,edges-cov,sfa,0.03447581968600597,0.18567665358360477
1.0,fixed,3001,3,766640955,edges-cov,pca,0.004284115425287406,0.0654531544334374
1.0,fixed,3001,3,766640955,node-var,sfa,0.00537029095015224,0.07328226900248272
1.0,fixed,3001,3,766640955,node-var,pca,0.01108430018843504,0.10528200315550156
1.0,proportional,101,3,766640955,edges-corr,sfa,0.024513902894361454,0.15656916329329174
1.0,proportional,101,3,766640955,edges-corr,pca,0.011862654980710352,0.10891581602646308
1.0,proportional,101,3,766640955,edges-cov,sfa,0.07327456761336479,0.2706927550071571
1.0,proportional,101,3,766640955,edges-cov,pca,0.10599751202441772,0.325572591021446
1.0,proportional,101,3,766640955,node-var,sfa,0.1267294852261407,0.3559908499191246
1.0,proportional,101,3,766640955,node-var,pca,0.12462959022116814,0.3530291634145374
1.0,fixed,3001,3,767871931,edges-corr,sfa,0.6574612340700189,0.8108398325625221
1.0,fixed,3001,3,767871931,edges-corr,pca,0.6564580424540407,0.8102209837161962
1.0,fixed,3001,3,767871931,edges-cov,sfa,0.7589391799508646,0.8711711542233619
1.0,fixed,3001,3,767871931,edges-cov,pca,0.7336042713639574,0.8565070176968531
1.0,fixed,3001,3,767871931,node-var,sfa,0.7600460635846717,0.8718062075855343
1.0,fixed,3001,3,767871931,node-var,pca,0.7806789169048711,0.8835603640413433
1.0,proportional,101,3,767871931,edges-corr,sfa,0.3507273627561415,0.5922223929877538
1.0,proportional,101,3,767871931,edges-corr,pca,0.16117849527357853,0.4014704164363528
1.0,proportional,101,3,767871931,edges-cov,sfa,0.32118548092461285,0.5667322832913375
1.0,proportional,101,3,767871931,edges-cov,pca,0.24570147714676838,0.49568283926999973
1.0,proportional,101,3,767871931,node-var,sfa,0.35676152553057655,0.597295174541513
1.0,proportional,101,3,767871931,node-var,pca,0.1645381425721565,0.40563301464766954
1.0,fixed,3001,3,771160300,edges-corr,sfa,0.5783198442683498,0.7604734342949462
1.0,fixed,3001,3,771160300,edges-corr,pca,0.7151906618694065,0.8456894594763532
1.0,fixed,3001,3,771160300,edges-cov,sfa,0.45141776774316594,0.6718763039006257
1.0,fixed,3001,3,771160300,edges-cov,pca,0.5264072882642081,0.7255393085589561
1.0,fixed,3001,3,771160300,node-var,sfa,0.4863423887034485,0.6973825268125439
1.0,fixed,3001,3,771160300,node-var,pca,0.4898974956779854,0.6999267787976007
1.0,proportional,101,3,771160300,edges-corr,sfa,0.5773976099218343,0.7598668369667374
1.0,proportional,101,3,771160300,edges-corr,pca,0.5999843369712283,0.7745865587339018
1.0,proportional,101,3,771160300,edges-cov,sfa,0.22281279560260803,0.4720305028307048
1.0,proportional,101,3,771160300,edges-cov,pca,0.24890384614737013,0.49890264195268613
1.0,proportional,101,3,771160300,node-var,sfa,0.28553810633466425,0.5343576576925461
1.0,proportional,101,3,771160300,node-var,pca,0.2590579399248378,0.5089773471627571
1.0,fixed,3001,3,771990200,edges-corr,sfa,0.5671629006873764,0.7531021847580688
1.0,fixed,3001,3,771990200,edges-corr,pca,0.5733844517773666,0.7572215341479445
1.0,fixed,3001,3,771990200,edges-cov,sfa,0.5647507528342643,0.7514990038810859
1.0,fixed,3001,3,771990200,edges-cov,pca,0.5527910846765534,0.7434992163254467
1.0,fixed,3001,3,771990200,node-var,sfa,0.574754690645359,0.7581257749512009
1.0,fixed,3001,3,771990200,node-var,pca,0.5317730171498425,0.7292276853972581
1.0,proportional,101,3,771990200,edges-corr,sfa,0.5563775061651657,0.7459071699381671
1.0,proportional,101,3,771990200,edges-corr,pca,0.5291616194426457,0.7274349589087987
1.0,proportional,101,3,771990200,edges-cov,sfa,0.15783336048133348,0.3972824693858684
1.0,proportional,101,3,771990200,edges-cov,pca,0.2674823484792724,0.5171869569887396
1.0,proportional,101,3,771990200,node-var,sfa,0.20402405887918992,0.4516902244671562
1.0,proportional,101,3,771990200,node-var,pca,0.2268285639980969,0.4762652244265761
1.0,fixed,3001,3,774875821,edges-corr,sfa,0.0686865790184051,0.26208124507183855
1.0,fixed,3001,3,774875821,edges-corr,pca,0.01166092767168247,0.10798577532102305
1.0,fixed,3001,3,774875821,edges-cov,sfa,0.0684807171592601,0.2616882059995446
1.0,fixed,3001,3,774875821,edges-cov,pca,0.035433929159807954,0.18823902135266204
1.0,fixed,3001,3,774875821,node-var,sfa,0.04937837877984256,0.2222124631514681
1.0,fixed,3001,3,774875821,node-var,pca,0.041999712192717566,0.20493831314011923
1.0,proportional,101,3,774875821,edges-corr,sfa,0.027930204435750908,0.16712332104093344
1.0,proportional,101,3,774875821,edges-corr,pca,0.04199667860037111,0.2049309117736295
1.0,proportional,101,3,774875821,edges-cov,sfa,0.12627514633695172,0.3553521441288229
1.0,proportional,101,3,774875821,edges-cov,pca,0.1068085152247482,0.3268157205899805
1.0,proportional,101,3,774875821,node-var,sfa,0.1136839215711335,0.33717046366954134
1.0,proportional,101,3,774875821,node-var,pca,0.12335327364703388,0.35121684704329587
1.0,fixed,3001,3,778240327,edges-corr,sfa,0.024621791166046122,0.15691332373653336
1.0,fixed,3001,3,778240327,edges-corr,pca,0.002166197226930367,0.04654242394773146
1.0,fixed,3001,3,778240327,edges-cov,sfa,0.07349805028091716,0.2711052383870831
1.0,fixed,3001,3,778240327,edges-cov,pca,0.1033313502643357,0.32145194083149614
1.0,fixed,3001,3,778240327,node-var,sfa,0.10408613009526901,0.32262382133882955
1.0,fixed,3001,3,778240327,node-var,pca,0.1123418464841324,0.33517435236624593
1.0,proportional,101,3,778240327,edges-corr,sfa,0.19195778635073257,0.4381298738396328
1.0,proportional,101,3,778240327,edges-corr,pca,0.05600791396161757,0.236659912029092
1.0,proportional,101,3,778240327,edges-cov,sfa,0.2022293499309148,0.4496991771516986
1.0,proportional,101,3,778240327,edges-cov,pca,0.08515498303421225,0.2918132674060798
1.0,proportional,101,3,778240327,node-var,sfa,0.12355362587986075,0.351501957149403
1.0,proportional,101,3,778240327,node-var,pca,0.06012008936646459,0.24519398313674948
1.0,fixed,3001,3,778998620,edges-corr,sfa,0.20204799227870537,0.4494974886233575
1.0,fixed,3001,3,778998620,edges-corr,pca,0.4000044874720735,0.6324590796818981
1.0,fixed,3001,3,778998620,edges-cov,sfa,0.6674262224350459,0.8169615795342189
1.0,fixed,3001,3,778998620,edges-cov,pca,0.7105501493179915,0.8429413676632507
1.0,fixed,3001,3,778998620,node-var,sfa,0.7489216721475892,0.8654026069683343
1.0,fixed,3001,3,778998620,node-var,pca,0.7373108575503659,0.8586680718125985
1.0,proportional,101,3,778998620,edges-corr,sfa,0.34483387146550937,0.5872255711951834
1.0,proportional,101,3,778998620,edges-corr,pca,0.2689428445527599,0.5185969962820455
1.0,proportional,101,3,778998620,edges-cov,sfa,0.36465458827485797,0.6038663662391357
1.0,proportional,101,3,778998620,edges-cov,pca,0.3071528421257043,0.5542137152089475
1.0,proportional,101,3,778998620,node-var,sfa,0.3137983367607719,0.5601770584027624
1.0,proportional,101,3,778998620,node-var,pca,0.3484486303187226,0.5902953754847844
1.0,fixed,3001,3,779839471,edges-corr,sfa,0.4307160345509865,0.6562895965585517
1.0,fixed,3001,3,779839471,edges-corr,pca,0.45269750849175,0.6728279932432583
1.0,fixed,3001,3,779839471,edges-cov,sfa,0.5149653296791243,0.7176108483566315
1.0,fixed,3001,3,779839471,edges-cov,pca,0.516821219885196,0.7189027888979121
1.0,fixed,3001,3,779839471,node-var,sfa,0.5078109731663728,0.7126085693888145
1.0,fixed,3001,3,779839471,node-var,pca,0.5048506814249856,0.7105284522276258
1.0,proportional,101,3,779839471,edges-corr,sfa,0.18540320689173495,0.43058472672835824
1.0,proportional,101,3,779839471,edges-corr,pca,0.18285771862547753,0.42761866028679985
1.0,proportional,101,3,779839471,edges-cov,sfa,0.24319890124330695,0.49315200622455846
1.0,proportional,101,3,779839471,edges-cov,pca,0.19325559695507605,0.439608458693729
1.0,proportional,101,3,779839471,node-var,sfa,0.23915967055523607,0.48903953884653956
1.0,proportional,101,3,779839471,node-var,pca,0.224559946308448,0.4738775646814776
1.0,fixed,3001,3,781842082,edges-corr,sfa,0.010437754821087324,0.1021653308176865
1.0,fixed,3001,3,781842082,edges-corr,pca,0.002760789072080347,0.05254321147475045
1.0,fixed,3001,3,781842082,edges-cov,sfa,0.00010348918172229122,0.01017296327145101
1.0,fixed,3001,3,781842082,edges-cov,pca,0.0028722990934763873,0.05359383447259943
1.0,fixed,3001,3,781842082,node-var,sfa,0.006547958490144015,0.08091945680826099
1.0,fixed,3001,3,781842082,node-var,pca,0.005610813727795861,0.07490536514693631
1.0,proportional,101,3,781842082,edges-corr,sfa,0.38390844692841775,0.6196034594225711
1.0,proportional,101,3,781842082,edges-corr,pca,0.37076795351715514,0.6089071797221274
1.0,proportional,101,3,781842082,edges-cov,sfa,0.2248722873360362,0.4742070089486618
1.0,proportional,101,3,781842082,edges-cov,pca,0.1980246856495676,0.4449996467971268
1.0,proportional,101,3,781842082,node-var,sfa,0.2298545940626395,0.47943153219478535
1.0,proportional,101,3,781842082,node-var,pca,0.22802239352269704,0.47751690391304163
1.0,fixed,3001,3,786091066,edges-corr,sfa,0.21185251711673467,0.46027439328810665
1.0,fixed,3001,3,786091066,edges-corr,pca,0.2232015595181813,0.47244212292955134
1.0,fixed,3001,3,786091066,edges-cov,sfa,0.15308243604339122,0.3912575060537385
1.0,fixed,3001,3,786091066,edges-cov,pca,0.16277293504252982,0.4034512796392271
1.0,fixed,3001,3,786091066,node-var,sfa,0.1339620967473734,0.3660083287950882
1.0,fixed,3001,3,786091066,node-var,pca,0.11768895027424399,0.3430582316083437
1.0,proportional,101,3,786091066,edges-corr,sfa,0.007425694086786655,0.08617246710398081
1.0,proportional,101,3,786091066,edges-corr,pca,0.0024249470656139732,0.04924375153878889
1.0,proportional,101,3,786091066,edges-cov,sfa,0.035964643145096155,0.18964346322796405
1.0,proportional,101,3,786091066,edges-cov,pca,0.021978208994265416,0.1482504940776435
1.0,proportional,101,3,786091066,node-var,sfa,0.05712931463455134,0.23901739400000022
1.0,proportional,101,3,786091066,node-var,pca,0.034330639335729045,0.18528529174148994
1.0,fixed,3001,3,787025148,edges-corr,sfa,0.003442660242853302,0.05867418719380186
1.0,fixed,3001,3,787025148,edges-corr,pca,2.5149774718469477e-07,0.0005014955106326424
1.0,fixed,3001,3,787025148,edges-cov,sfa,0.0017214202036809087,0.04149000124946863
1.0,fixed,3001,3,787025148,edges-cov,pca,6.751734862760988e-07,0.0008216894098600144
1.0,fixed,3001,3,787025148,node-var,sfa,0.00013591803332524432,0.011658388967831033
1.0,fixed,3001,3,787025148,node-var,pca,1.0413229761293977e-05,0.003226953634822474
1.0,proportional,101,3,787025148,edges-corr,sfa,0.002277022649851053,0.047718158491826285
1.0,proportional,101,3,787025148,edges-corr,pca,0.19411804464978122,0.4405882938183687
1.0,proportional,101,3,787025148,edges-cov,sfa,8.000822510810979e-05,0.008944731695702772
1.0,proportional,101,3,787025148,edges-cov,pca,0.005565996230929821,0.07460560455441549
1.0,proportional,101,3,787025148,node-var,sfa,0.0020643011775859565,0.04543458129647457
1.0,proportional,101,3,787025148,node-var,pca,0.0011126912833042397,0.033357027495030785
1.0,fixed,3001,3,789848216,edges-corr,sfa,0.00014959423795760974,0.012230872330198274
1.0,fixed,3001,3,789848216,edges-corr,pca,0.12180933458339331,0.3490119404596257
1.0,fixed,3001,3,789848216,edges-cov,sfa,0.06596623558286406,0.25683892925891133
1.0,fixed,3001,3,789848216,edges-cov,pca,0.15984357229825355,0.39980441755720203
1.0,fixed,3001,3,789848216,node-var,sfa,0.15290589971785762,0.39103183977504646
1.0,fixed,3001,3,789848216,node-var,pca,0.15370211887490814,0.39204861799897744
1.0,proportional,101,3,789848216,edges-corr,sfa,0.5243124403302157,0.7240942206164994
1.0,proportional,101,3,789848216,edges-corr,pca,0.15360758399330582,0.3919280342018236
1.0,proportional,101,3,789848216,edges-cov,sfa,0.5115876897689033,0.7152535842405149
1.0,proportional,101,3,789848216,edges-cov,pca,0.37294680437463906,0.6106937074955325
1.0,proportional,101,3,789848216,node-var,sfa,0.453233464125635,0.6732261612011486
1.0,proportional,101,3,789848216,node-var,pca,0.44710416998167746,0.6686584853134502
1.0,fixed,3001,3,793224716,edges-corr,sfa,0.3132638233198496,0.5596997617650463
1.0,fixed,3001,3,793224716,edges-corr,pca,0.2944841480816969,0.5426639365958428
1.0,fixed,3001,3,793224716,edges-cov,sfa,0.37403382338909724,0.6115830470092326
1.0,fixed,3001,3,793224716,edges-cov,pca,0.3537678787149762,0.5947838924474806
1.0,fixed,3001,3,793224716,node-var,sfa,0.37176463890047223,0.6097250518885313
1.0,fixed,3001,3,793224716,node-var,pca,0.36606012967255114,0.605029032090652
1.0,proportional,101,3,793224716,edges-corr,sfa,0.0036330577463811447,0.06027485169107548
1.0,proportional,101,3,793224716,edges-corr,pca,0.19743302390075715,0.4443343604772842
1.0,proportional,101,3,793224716,edges-cov,sfa,0.24007925786040907,0.4899788340942995
1.0,proportional,101,3,793224716,edges-cov,pca,0.22988675745077625,0.4794650742762983
1.0,proportional,101,3,793224716,node-var,sfa,0.255769393341224,0.5057364860688064
1.0,proportional,101,3,793224716,node-var,pca,0.2644964857903072,0.5142922182867511
1.0,fixed,3001,3,794812542,edges-corr,sfa,0.42954708573114375,0.6553984175531276
1.0,fixed,3001,3,794812542,edges-corr,pca,0.4105989687753878,0.6407799690809536
1.0,fixed,3001,3,794812542,edges-cov,sfa,0.5171304952449741,0.7191178590780333
1.0,fixed,3001,3,794812542,edges-cov,pca,0.505871826323063,0.7112466705180862
1.0,fixed,3001,3,794812542,node-var,sfa,0.5083228282577194,0.7129676207638881
1.0,fixed,3001,3,794812542,node-var,pca,0.47871210473524595,0.691890240381555
1.0,proportional,101,3,794812542,edges-corr,sfa,0.24542955138398562,0.4954084692291661
1.0,proportional,101,3,794812542,edges-corr,pca,0.1058612843253377,0.32536331127731305
1.0,proportional,101,3,794812542,edges-cov,sfa,0.3355437972087744,0.579261423891471
1.0,proportional,101,3,794812542,edges-cov,pca,0.21557539315599997,0.4643009725985936
1.0,proportional,101,3,794812542,node-var,sfa,0.17857027406983084,0.422575761337338
1.0,proportional,101,3,794812542,node-var,pca,0.17627173831628906,0.41984727975335157
1.0,fixed,3001,3,816200189,edges-corr,sfa,0.23763111230354172,0.48747421706541744
1.0,fixed,3001,3,816200189,edges-corr,pca,0.13685190785832285,0.3699350049107584
1.0,fixed,3001,3,816200189,edges-cov,sfa,0.20082221046250756,0.4481319118992839
1.0,fixed,3001,3,816200189,edges-cov,pca,0.08674410268962203,0.2945235180586128
1.0,fixed,3001,3,816200189,node-var,sfa,0.1505969187645022,0.3880681882923441
1.0,fixed,3001,3,816200189,node-var,pca,0.10130892698109112,0.3182906328830478
1.0,proportional,101,3,816200189,edges-corr,sfa,0.0003974711466380346,0.019936678425405637
1.0,proportional,101,3,816200189,edges-corr,pca,0.04192731842053276,0.20476161364018589
1.0,proportional,101,3,816200189,edges-cov,sfa,0.11320371799631986,0.33645760207835973
1.0,proportional,101,3,816200189,edges-cov,pca,0.12178181168353283,0.3489725084924783
1.0,proportional,101,3,816200189,node-var,sfa,0.12889834905036385,0.3590241622096817
1.0,proportional,101,3,816200189,node-var,pca,0.14441432481419061,0.38001884797229546
1.0,fixed,3001,3,829720705,edges-corr,sfa,0.4705511444594523,0.6859673056782315
1.0,fixed,3001,3,829720705,edges-corr,pca,0.26285070944907246,0.5126896814341717
1.0,fixed,3001,3,829720705,edges-cov,sfa,0.16434020633787483,0.4053889568523973
1.0,fixed,3001,3,829720705,edges-cov,pca,0.15862985601888582,0.3982836376489572
1.0,fixed,3001,3,829720705,node-var,sfa,0.14123232115130654,0.37580888913290295
1.0,fixed,3001,3,829720705,node-var,pca,0.148566592985498,0.3854433719568907
1.0,proportional,101,3,829720705,edges-corr,sfa,0.13266221282722332,0.3642282427643734
1.0,proportional,101,3,829720705,edges-corr,pca,0.1273418286104262,0.35684986844669875
1.0,proportional,101,3,829720705,edges-cov,sfa,0.10594294692523197,0.3254887815658659
1.0,proportional,101,3,829720705,edges-cov,pca,0.12985377403247933,0.36035229155991133
1.0,proportional,101,3,829720705,node-var,sfa,0.17397425145209036,0.4171022074409225
1.0,proportional,101,3,829720705,node-var,pca,0.14005359984349705,0.3742373576268102
1.0,fixed,3001,3,831882777,edges-corr,sfa,0.0003309236912333494,0.018191308123204044
1.0,fixed,3001,3,831882777,edges-corr,pca,4.6999288075576436e-05,0.006855602677779426
1.0,fixed,3001,3,831882777,edges-cov,sfa,6.259461827070611e-05,0.007911676072154756
1.0,fixed,3001,3,831882777,edges-cov,pca,0.0003016369704413101,0.01736769905431661
1.0,fixed,3001,3,831882777,node-var,sfa,0.00021969440384644838,0.014822091750034756
1.0,fixed,3001,3,831882777,node-var,pca,0.0002283320652504544,0.01511066064904028
1.0,proportional,101,3,831882777,edges-corr,sfa,0.0002490002611291298,0.015779742112250434
1.0,proportional,101,3,831882777,edges-corr,pca,0.0005010254433497772,0.022383597640901635
1.0,proportional,101,3,831882777,edges-cov,sfa,0.002804744853414751,0.052959841893785435
1.0,proportional,101,3,831882777,edges-cov,pca,0.0019114928969584547,0.0437206232453113
1.0,proportional,101,3,831882777,node-var,sfa,0.0013297757719358619,0.03646609071364604
1.0,proportional,101,3,831882777,node-var,pca,0.0011866167189928149,0.03444730350829822
1.0,fixed,3001,3,835479236,edges-corr,sfa,0.00861394689407479,0.09281135110574994
1.0,fixed,3001,3,835479236,edges-corr,pca,0.013641359736670605,0.11679623168865769
1.0,fixed,3001,3,835479236,edges-cov,sfa,0.011378522434387943,0.10667015718741556
1.0,fixed,3001,3,835479236,edges-cov,pca,0.014955148977173432,0.12229124652718784
1.0,fixed,3001,3,835479236,node-var,sfa,0.01609488185540329,0.12686560548629125
1.0,fixed,3001,3,835479236,node-var,pca,0.012209560489284928,0.11049687999796613
1.0,proportional,101,3,835479236,edges-corr,sfa,0.00024595730244880877,0.01568302593407308
1.0,proportional,101,3,835479236,edges-corr,pca,0.0014726900691020288,0.03837564421742036
1.0,proportional,101,3,835479236,edges-cov,sfa,0.0002848739851659665,0.01687821036620786
1.0,proportional,101,3,835479236,edges-cov,pca,0.0014017133499345405,0.0374394624685577
1.0,proportional,101,3,835479236,node-var,sfa,0.0004938606584712716,0.02222297591393357
1.0,proportional,101,3,835479236,node-var,pca,0.001285236152401981,0.03585019040956381
1.0,fixed,3001,3,839068429,edges-corr,sfa,0.03818894377713645,0.1954199165313926
1.0,fixed,3001,3,839068429,edges-corr,pca,0.0481658240275071,0.21946713655467212
1.0,fixed,3001,3,839068429,edges-cov,sfa,0.01163572451413082,0.10786901554260528
1.0,fixed,3001,3,839068429,edges-cov,pca,0.04819578000821971,0.21953537302270837
1.0,fixed,3001,3,839068429,node-var,sfa,0.014951312516715103,0.12227555976856169
1.0,fixed,3001,3,839068429,node-var,pca,0.02469358886550016,0.1571419385953354
1.0,proportional,101,3,839068429,edges-corr,sfa,0.0023565942239172485,0.04854476515462042
1.0,proportional,101,3,839068429,edges-corr,pca,0.013866300468302593,0.11775525664828128
1.0,proportional,101,3,839068429,edges-cov,sfa,0.050760678705129174,0.22530130648784347
1.0,proportional,101,3,839068429,edges-cov,pca,0.05399647889001703,0.23237142442653536
1.0,proportional,101,3,839068429,node-var,sfa,0.0022044254999663048,0.04695130988552188
1.0,proportional,101,3,839068429,node-var,pca,0.05311112607567608,0.23045851269952272
1.0,fixed,3001,3,847657808,edges-corr,sfa,0.1473700339967604,0.38388804878083976
1.0,fixed,3001,3,847657808,edges-corr,pca,0.1899248371055128,0.4358036680725769
1.0,fixed,3001,3,847657808,edges-cov,sfa,0.07536634809045706,0.2745293210031618
1.0,fixed,3001,3,847657808,edges-cov,pca,0.20555777825134972,0.4533848015222276
1.0,fixed,3001,3,847657808,node-var,sfa,0.10809302419339904,0.3287750358427462
1.0,fixed,3001,3,847657808,node-var,pca,0.055264850497350665,0.2350847730018911
1.0,proportional,101,3,847657808,edges-corr,sfa,0.31094895994941313,0.5576279762972919
1.0,proportional,101,3,847657808,edges-corr,pca,0.14107290625523422,0.3755967335524022
1.0,proportional,101,3,847657808,edges-cov,sfa,0.18743391184250083,0.4329363831355605
1.0,proportional,101,3,847657808,edges-cov,pca,0.1491826759823331,0.386241732574735
1.0,proportional,101,3,847657808,node-var,sfa,0.10338558725538144,0.3215362922834395
1.0,proportional,101,3,847657808,node-var,pca,0.12446923341388832,0.3528019747873987
1.0,fixed,3001,4,766640955,edges-corr,sfa,0.07773962494281692,0.2788182650810684
1.0,fixed,3001,4,766640955,edges-corr,pca,0.3027996423240693,0.5502723346889877
1.0,fixed,3001,4,766640955,edges-cov,sfa,0.11848316838829948,0.3442138410760083
1.0,fixed,3001,4,766640955,edges-cov,pca,0.32186451100066915,0.5673310418095145
1.0,fixed,3001,4,766640955,node-var,sfa,0.14471690339345186,0.3804167496226367
1.0,fixed,3001,4,766640955,node-var,pca,0.33086710778000444,0.5752104899773686
1.0,proportional,101,4,766640955,edges-corr,sfa,0.36233313199142775,0.601941136649945
1.0,proportional,101,4,766640955,edges-corr,pca,0.26548507126000587,0.5152524345017749
1.0,proportional,101,4,766640955,edges-cov,sfa,0.16666052257314018,0.40824076544747484
1.0,proportional,101,4,766640955,edges-cov,pca,0.2370426970826681,0.4868703082779521
1.0,proportional,101,4,766640955,node-var,sfa,0.2480707153157809,0.4980669787446071
1.0,proportional,101,4,766640955,node-var,pca,0.21705104553244192,0.4658873743003151
1.0,fixed,3001,4,767871931,edges-corr,sfa,0.014519633793491879,0.12049744309939477
1.0,fixed,3001,4,767871931,edges-corr,pca,0.03662203537628871,0.19136884640998575
1.0,fixed,3001,4,767871931,edges-cov,sfa,0.00639906563841724,0.07999416002694971
1.0,fixed,3001,4,767871931,edges-cov,pca,0.051909265763128,0.22783605018330177
1.0,fixed,3001,4,767871931,node-var,sfa,0.08423501080836844,0.29023268390787493
1.0,fixed,3001,4,767871931,node-var,pca,0.04933026769119078,0.22210418206596377
1.0,proportional,101,4,767871931,edges-corr,sfa,0.028194301718727433,0.16791158899470707
1.0,proportional,101,4,767871931,edges-corr,pca,0.06477756709869277,0.2545143750334994
1.0,proportional,101,4,767871931,edges-cov,sfa,0.21212204191405806,0.4605670873109129
1.0,proportional,101,4,767871931,edges-cov,pca,0.1785756059462342,0.4225820700718787
1.0,proportional,101,4,767871931,node-var,sfa,0.1594310958402925,0.39928823654133927
1.0,proportional,101,4,767871931,node-var,pca,0.19149759183250037,0.4376043782145014
1.0,fixed,3001,4,771160300,edges-corr,sfa,0.01564743456897674,0.12508970608717865
1.0,fixed,3001,4,771160300,edges-corr,pca,0.013225643336130622,0.11500279707959551
1.0,fixed,3001,4,771160300,edges-cov,sfa,0.0013299066475685067,0.036467885153495076
1.0,fixed,3001,4,771160300,edges-cov,pca,0.001172847083211209,0.03424685508497399
1.0,fixed,3001,4,771160300,node-var,sfa,0.002332909872935983,0.04830020572353686
1.0,fixed,3001,4,771160300,node-var,pca,0.007612778981902714,0.08725124057515007
1.0,proportional,101,4,771160300,edges-corr,sfa,0.006600011874984006,0.08124045713180106
1.0,proportional,101,4,771160300,edges-corr,pca,0.10916025820507222,0.3303940952938963
1.0,proportional,101,4,771160300,edges-cov,sfa,0.2368085083658699,0.486629744637409
1.0,proportional,101,4,771160300,edges-cov,pca,0.21141235204658862,0.4597959895938509
1.0,proportional,101,4,771160300,node-var,sfa,0.2017248655758473,0.4491379137590672
1.0,proportional,101,4,771160300,node-var,pca,0.20805536806167235,0.4561308672537656
1.0,fixed,3001,4,771990200,edges-corr,sfa,0.05890990813632162,0.24271363401408175
1.0,fixed,3001,4,771990200,edges-corr,pca,0.007701418126074677,0.08775772402515164
1.0,fixed,3001,4,771990200,edges-cov,sfa,0.06345483312609612,0.25190242778920596
1.0,fixed,3001,4,771990200,edges-cov,pca,0.07411743184644463,0.2722451686374703
1.0,fixed,3001,4,771990200,node-var,sfa,0.03116853965282162,0.17654614029431973
1.0,fixed,3001,4,771990200,node-var,pca,0.053724746924533495,0.23178599380578088
1.0,proportional,101,4,771990200,edges-corr,sfa,0.136554530896632,0.3695328549623592
1.0,proportional,101,4,771990200,edges-corr,pca,0.004690787091062137,0.06848932100015401
1.0,proportional,101,4,771990200,edges-cov,sfa,0.20353236797158708,0.4511456172585378
1.0,proportional,101,4,771990200,edges-cov,pca,0.13142037107341656,0.362519476819407
1.0,proportional,101,4,771990200,node-var,sfa,0.008107501543220852,0.09004166559554999
1.0,proportional,101,4,771990200,node-var,pca,0.0075157701129553,0.08669354135663913
1.0,fixed,3001,4,774875821,edges-corr,sfa,0.7570005083137549,0.8700577614812449
1.0,fixed,3001,4,774875821,edges-corr,pca,0.5996805616775293,0.7743904452390469
1.0,fixed,3001,4,774875821,edges-cov,sfa,0.5056529477600908,0.7110927842132072
1.0,fixed,3001,4,774875821,edges-cov,pca,0.44671279227264965,0.668365762343232
1.0,fixed,3001,4,774875821,node-var,sfa,0.483563199937059,0.695387086403723
1.0,fixed,3001,4,774875821,node-var,pca,0.4435155332962082,0.6659696188987965
1.0,proportional,101,4,774875821,edges-corr,sfa,0.25526046199610525,0.5052330769022405
1.0,proportional,101,4,774875821,edges-corr,pca,0.0657014639862298,0.2563229681207476
1.0,proportional,101,4,774875821,edges-cov,sfa,0.16195542569404373,0.4024368592637157
1.0,proportional,101,4,774875821,edges-cov,pca,0.09953678493950653,0.31549450857266365
1.0,proportional,101,4,774875821,node-var,sfa,0.14146501396577701,0.3761183510090634
1.0,proportional,101,4,774875821,node-var,pca,0.11530094368169166,0.33955992649559175
1.0,fixed,3001,4,778240327,edges-corr,sfa,0.21856941976981162,0.4675140851031246
1.0,fixed,3001,4,778240327,edges-corr,pca,0.2295693847941489,0.4791339946133533
1.0,fixed,3001,4,778240327,edges-cov,sfa,0.17906700945118492,0.4231631002948921
1.0,fixed,3001,4,778240327,edges-cov,pca,0.20133124303330316,0.4486995019311958
1.0,fixed,3001,4,778240327,node-var,sfa,0.09282949644824731,0.3046793338056379
1.0,fixed,3001,4,778240327,node-var,pca,0.07801278799203953,0.27930769411536005
1.0,proportional,101,4,778240327,edges-corr,sfa,0.04246169121562125,0.20606234788437516
1.0,proportional,101,4,778240327,edges-corr,pca,0.01245298637585263,0.11159294948988771
1.0,proportional,101,4,778240327,edges-cov,sfa,0.07872654279537353,0.28058250621764275
1.0,proportional,101,4,778240327,edges-cov,pca,0.03999900608652164,0.19999751520086853
1.0,proportional,101,4,778240327,node-var,sfa,0.04033696389969434,0.20084064304740298
1.0,proportional,101,4,778240327,node-var,pca,0.05180462822191467,0.22760630092753292
1.0,fixed,3001,4,778998620,edges-corr,sfa,0.740094584319172,0.860287500966492
1.0,fixed,3001,4,778998620,edges-corr,pca,0.672045415334571,0.8197837613264677
1.0,fixed,3001,4,778998620,edges-cov,sfa,0.7013541841976176,0.8374689153620077
1.0,fixed,3001,4,778998620,edges-cov,pca,0.7112337114742286,0.8433467326516589
1.0,fixed,3001,4,778998620,node-var,sfa,0.7047459317541869,0.8394914721152246
1.0,fixed,3001,4,778998620,node-var,pca,0.7063873512916753,0.8404685308158035
1.0,proportional,101,4,778998620,edges-corr,sfa,0.3918944007540978,0.6260146969154141
1.0,proportional,101,4,778998620,edges-corr,pca,0.33091402285301397,0.5752512693189072
1.0,proportional,101,4,778998620,edges-cov,sfa,0.582871752010263,0.7634603801182239
1.0,proportional,101,4,778998620,edges-cov,pca,0.5173867104133253,0.7192959824810127
1.0,proportional,101,4,778998620,node-var,sfa,0.5854085735789987,0.765119973323791
1.0,proportional,101,4,778998620,node-var,pca,0.5719604304784633,0.7562806558933418
1.0,fixed,3001,4,779839471,edges-corr,sfa,0.2450750114202884,0.4950505140087104
1.0,fixed,3001,4,779839471,edges-corr,pca,0.36079273005060636,0.6006602451058388
1.0,fixed,3001,4,779839471,edges-cov,sfa,0.6705648860966568,0.8188802635896513
1.0,fixed,3001,4,779839471,edges-cov,pca,0.6613307441148946,0.8132224444239685
1.0,fixed,3001,4,779839471,node-var,sfa,0.6646169021418527,0.8152403953079439
1.0,fixed,3001,4,779839471,node-var,pca,0.6664633545668557,0.8163720687081691
1.0,proportional,101,4,779839471,edges-corr,sfa,0.06991215492166075,0.2644090673968288
1.0,proportional,101,4,779839471,edges-corr,pca,0.13518037636213315,0.3676688406190184
1.0,proportional,101,4,779839471,edges-cov,sfa,0.36499008706859937,0.6041440946236248
1.0,proportional,101,4,779839471,edges-cov,pca,0.3821691521280663,0.618198311327414
1.0,proportional,101,4,779839471,node-var,sfa,0.416688275063597,0.6455139619431922
1.0,proportional,101,4,779839471,node-var,pca,0.4583592774175221,0.6770223610912139
1.0,fixed,3001,4,781842082,edges-corr,sfa,0.08728863059879766,0.29544649363090714
1.0,fixed,3001,4,781842082,edges-corr,pca,0.2203982441399617,0.4694659137146825
1.0,fixed,3001,4,781842082,edges-cov,sfa,0.07501530191992056,0.27388921468345656
1.0,fixed,3001,4,781842082,edges-cov,pca,0.17094396984368054,0.4134537094327254
1.0,fixed,3001,4,781842082,node-var,sfa,0.0477013145298718,0.21840630606709094
1.0,fixed,3001,4,781842082,node-var,pca,0.12633272294290185,0.35543314834565143
1.0,proportional,101,4,781842082,edges-corr,sfa,0.029188089142181364,0.17084521984001005
1.0,proportional,101,4,781842082,edges-corr,pca,0.04196821746835901,0.20486145920684792
1.0,proportional,101,4,781842082,edges-cov,sfa,0.12058224628129433,0.3472495446811908
1.0,proportional,101,4,781842082,edges-cov,pca,0.08782765456645097,0.2963573089472419
1.0,proportional,101,4,781842082,node-var,sfa,0.10761642691702601,0.3280494275517426
1.0,proportional,101,4,781842082,node-var,pca,0.10853446327498818,0.32944569093401144
1.0,fixed,3001,4,786091066,edges-corr,sfa,0.00872489122475287,0.09340712619898371
1.0,fixed,3001,4,786091066,edges-corr,pca,0.010752883951336537,0.10369611348231204
1.0,fixed,3001,4,786091066,edges-cov,sfa,7.992509910823826e-05,0.008940083842349482
1.0,fixed,3001,4,786091066,edges-cov,pca,0.00012980473355464684,0.01139318803297158
1.0,fixed,3001,4,786091066,node-var,sfa,0.015101494699212367,0.12288813896878888
1.0,fixed,3001,4,786091066,node-var,pca,0.013508350532292141,0.11622542980041907
1.0,proportional,101,4,786091066,edges-corr,sfa,0.00029907967601751833,0.017293920203861193
1.0,proportional,101,4,786091066,edges-corr,pca,0.004735457938416072,0.06881466368744435
1.0,proportional,101,4,786091066,edges-cov,sfa,0.0030018556891910782,0.05478919317886583
1.0,proportional,101,4,786091066,edges-cov,pca,0.002049282724752054,0.04526900401767255
1.0,proportional,101,4,786091066,node-var,sfa,0.042092767013769634,0.2051652188207583
1.0,proportional,101,4,786091066,node-var,pca,0.0065272921335405186,0.0807916588116652
1.0,fixed,3001,4,787025148,edges-corr,sfa,0.07401255892439089,0.27205249295750056
1.0,fixed,3001,4,787025148,edges-corr,pca,0.0918503357564824,0.30306820314325683
1.0,fixed,3001,4,787025148,edges-cov,sfa,0.0872884572234195,0.29544620021827916
1.0,fixed,3001,4,787025148,edges-cov,pca,0.09888019552946853,0.3144522150175898
1.0,fixed,3001,4,787025148,node-var,sfa,0.10569155167404992,0.3251023710680221
1.0,fixed,3001,4,787025148,node-var,pca,0.10249188492507556,0.3201435380029957
1.0,proportional,101,4,787025148,edges-corr,sfa,0.23621502938129857,0.4860195771584706
1.0,proportional,101,4,787025148,edges-corr,pca,0.07390081566495733,0.27184704461324816
1.0,proportional,101,4,787025148,edges-cov,sfa,0.07169020560018441,0.26775026722710177
1.0,proportional,101,4,787025148,edges-cov,pca,0.08437899750273539,0.2904806318891767
1.0,proportional,101,4,787025148,node-var,sfa,0.08942183997838506,0.29903484743150766
1.0,proportional,101,4,787025148,node-var,pca,0.1266736777694605,0.35591245801384996
1.0,fixed,3001,4,789848216,edges-corr,sfa,0.706582898576921,0.8405848550723009
1.0,fixed,3001,4,789848216,edges-corr,pca,0.6363764451628359,0.7977320635168401
1.0,fixed,3001,4,789848216,edges-cov,sfa,0.6951549395972136,0.8337595214432119
1.0,fixed,3001,4,789848216,edges-cov,pca,0.6638893052676705,0.8147940262837415
1.0,fixed,3001,4,789848216,node-var,sfa,0.6853820220373387,0.8278780236468043
1.0,fixed,3001,4,789848216,node-var,pca,0.6723827021176958,0.8199894524429542
1.0,proportional,101,4,789848216,edges-corr,sfa,0.16578615886119846,0.40716846496407166
1.0,proportional,101,4,789848216,edges-corr,pca,0.027509695389606993,0.1658604696412228
1.0,proportional,101,4,789848216,edges-cov,sfa,0.15047763436274303,0.3879144678440636
1.0,proportional,101,4,789848216,edges-cov,pca,0.05815435849083304,0.24115214801206528
1.0,proportional,101,4,789848216,node-var,sfa,0.14797673691113952,0.38467744528518893
1.0,proportional,101,4,789848216,node-var,pca,1.2335661002441486e-05,0.003512215967511321
1.0,fixed,3001,4,793224716,edges-corr,sfa,0.5250458067876337,0.7246004463065377
1.0,fixed,3001,4,793224716,edges-corr,pca,0.6683127321768569,0.8175039646245497
1.0,fixed,3001,4,793224716,edges-cov,sfa,0.6109548924301792,0.7816360357801956
1.0,fixed,3001,4,793224716,edges-cov,pca,0.7155318268480321,0.8458911436160282
1.0,fixed,3001,4,793224716,node-var,sfa,0.5973414462415497,0.7728786749817527
1.0,fixed,3001,4,793224716,node-var,pca,0.5633578373416075,0.7505716736872019
1.0,proportional,101,4,793224716,edges-corr,sfa,0.3975848881022259,0.6305433276962226
1.0,proportional,101,4,793224716,edges-corr,pca,0.2877228910770914,0.536398071470332
1.0,proportional,101,4,793224716,edges-cov,sfa,0.2251615922406261,0.47451195163096377
1.0,proportional,101,4,793224716,edges-cov,pca,0.1880703232369733,0.433670754417419
1.0,proportional,101,4,793224716,node-var,sfa,0.20436275716108163,0.4520649921870545
1.0,proportional,101,4,793224716,node-var,pca,0.17921956617483306,0.42334331951128396
1.0,fixed,3001,4,794812542,edges-corr,sfa,0.4310078529053586,0.6565118832933328
1.0,fixed,3001,4,794812542,edges-corr,pca,0.49835933992661746,0.7059457060756283
1.0,fixed,3001,4,794812542,edges-cov,sfa,0.7318979230563906,0.8555103290179439
1.0,fixed,3001,4,794812542,edges-cov,pca,0.7313895470974251,0.8552131588659199
1.0,fixed,3001,4,794812542,node-var,sfa,0.7305915716579524,0.8547464955517234
1.0,fixed,3001,4,794812542,node-var,pca,0.7315548821659111,0.8553098164793335
1.0,proportional,101,4,794812542,edges-corr,sfa,0.22483284005432524,0.4741654142325495
1.0,proportional,101,4,794812542,edges-corr,pca,0.3015109493597827,0.5491001268983488
1.0,proportional,101,4,794812542,edges-cov,sfa,0.5411229697022626,0.7356106101071834
1.0,proportional,101,4,794812542,edges-cov,pca,0.3977059725237145,0.6306393363275989
1.0,proportional,101,4,794812542,node-var,sfa,0.4539440566234973,0.6737537062039045
1.0,proportional,101,4,794812542,node-var,pca,0.4555382050140737,0.6749357043556621
1.0,fixed,3001,4,816200189,edges-corr,sfa,0.0031995025404007536,0.056564145360826885
1.0,fixed,3001,4,816200189,edges-corr,pca,0.00356153769994474,0.05967862012433548
1.0,fixed,3001,4,816200189,edges-cov,sfa,0.02122493779755526,0.14568780936494055
1.0,fixed,3001,4,816200189,edges-cov,pca,0.028965351194411768,0.17019210085785935
1.0,fixed,3001,4,816200189,node-var,sfa,0.03593541004049183,0.18956637370718424
1.0,fixed,3001,4,816200189,node-var,pca,0.03297298105338952,0.18158463881449202
1.0,proportional,101,4,816200189,edges-corr,sfa,0.03028439608397961,0.17402412500564285
1.0,proportional,101,4,816200189,edges-corr,pca,0.09308997745721938,0.30510650182718063
1.0,proportional,101,4,816200189,edges-cov,sfa,0.19612006637544405,0.44285445281203173
1.0,proportional,101,4,816200189,edges-cov,pca,0.21513627591229592,0.4638278515918335
1.0,proportional,101,4,816200189,node-var,sfa,0.2239692851890723,0.47325393309413955
1.0,proportional,101,4,816200189,node-var,pca,0.23033879163347848,0.47993623704975485
1.0,fixed,3001,4,829720705,edges-corr,sfa,0.7072002640378344,0.8409519986526189
1.0,fixed,3001,4,829720705,edges-corr,pca,0.7047396806669597,0.8394877489677617
1.0,fixed,3001,4,829720705,edges-cov,sfa,0.6120928151649921,0.7823636080269788
1.0,fixed,3001,4,829720705,edges-cov,pca,0.6043394082943495,0.7773926988944194
1.0,fixed,3001,4,829720705,node-var,sfa,0.570545136583493,0.755344382770861
1.0,fixed,3001,4,829720705,node-var,pca,0.5625588823455766,0.7500392538698069
1.0,proportional,101,4,829720705,edges-corr,sfa,0.18815412862286024,0.4337673669409217
1.0,proportional,101,4,829720705,edges-corr,pca,0.2232951913822143,0.4725412060151096
1.0,proportional,101,4,829720705,edges-cov,sfa,0.08508039206668427,0.29168543341532205
1.0,proportional,101,4,829720705,edges-cov,pca,0.0917230334587823,0.30285810779766537
1.0,proportional,101,4,829720705,node-var,sfa,0.08496114330743695,0.29148094844678435
1.0,proportional,101,4,829720705,node-var,pca,0.07351827033872169,0.27114252772060987
1.0,fixed,3001,4,831882777,edges-corr,sfa,0.4418169285913634,0.6646931085782095
1.0,fixed,3001,4,831882777,edges-corr,pca,0.5447856041199906,0.738095931515674
1.0,fixed,3001,4,831882777,edges-cov,sfa,0.439902532977811,0.6632514854697357
1.0,fixed,3001,4,831882777,edges-cov,pca,0.5836820588313916,0.7639908761440751
1.0,fixed,3001,4,831882777,node-var,sfa,0.4623610357949836,0.6799713492456749
1.0,fixed,3001,4,831882777,node-var,pca,0.48471801703028455,0.6962169324501413
1.0,proportional,101,4,831882777,edges-corr,sfa,0.009593977143688592,0.09794884962922532
1.0,proportional,101,4,831882777,edges-corr,pca,8.947596254767134e-05,0.009459173460068873
1.0,proportional,101,4,831882777,edges-cov,sfa,0.024057130782183803,0.15510361305328707
1.0,proportional,101,4,831882777,edges-cov,pca,0.0002707052891033293,0.016453123992218904
1.0,proportional,101,4,831882777,node-var,sfa,0.02678298156983581,0.16365506887913925
1.0,proportional,101,4,831882777,node-var,pca,0.0270191792149399,0.1643751173838057
1.0,fixed,3001,4,835479236,edges-corr,sfa,0.005453933037735518,0.07385074838981334
1.0,fixed,3001,4,835479236,edges-corr,pca,0.007141395480914179,0.08450677772175542
1.0,fixed,3001,4,835479236,edges-cov,sfa,0.006132347588661037,0.0783093071649918
1.0,fixed,3001,4,835479236,edges-cov,pca,0.006504395584494962,0.0806498331337081
1.0,fixed,3001,4,835479236,node-var,sfa,0.005985749889913928,0.07736762817815943
1.0,fixed,3001,4,835479236,node-var,pca,0.005804317768129917,0.07618607332137493
1.0,proportional,101,4,835479236,edges-corr,sfa,0.00022215892989309015,0.014904996809563233
1.0,proportional,101,4,835479236,edges-corr,pca,0.00043908400121307555,0.020954331323453763
1.0,proportional,101,4,835479236,edges-cov,sfa,2.628001843758583e-05,0.0051264040454870345
1.0,proportional,101,4,835479236,edges-cov,pca,3.494690062104414e-05,0.005911590363095547
1.0,proportional,101,4,835479236,node-var,sfa,1.8751013967941757e-05,0.0043302441002721495
1.0,proportional,101,4,835479236,node-var,pca,3.5518553593438276e-05,0.00595974442349991
1.0,fixed,3001,4,839068429,edges-corr,sfa,0.1598539806921994,0.39981743420241117
1.0,fixed,3001,4,839068429,edges-corr,pca,0.1572934924346474,0.39660243624396385
1.0,fixed,3001,4,839068429,edges-cov,sfa,0.14105541584678294,0.37557344933685466
1.0,fixed,3001,4,839068429,edges-cov,pca,0.05609252901599266,0.23683861386182925
1.0,fixed,3001,4,839068429,node-var,sfa,0.015364593527250541,0.12395399762512922
1.0,fixed,3001,4,839068429,node-var,pca,0.015704632337225095,0.1253181245360187
1.0,proportional,101,4,839068429,edges-corr,sfa,0.03055730919108236,0.17480649070066695
1.0,proportional,101,4,839068429,edges-corr,pca,0.023923774562374014,0.15467312165458488
1.0,proportional,101,4,839068429,edges-cov,sfa,0.042778657988522345,0.20683002197099518
1.0,proportional,101,4,839068429,edges-cov,pca,0.06456744774320296,0.2541012549028496
1.0,proportional,101,4,839068429,node-var,sfa,0.005641020083104697,0.07510672461973493
1.0,proportional,101,4,839068429,node-var,pca,0.015329336747258802,0.12381169874958829
1.0,fixed,3001,4,847657808,edges-corr,sfa,0.040348345194741904,0.20086897519214336
1.0,fixed,3001,4,847657808,edges-corr,pca,0.038862928427412416,0.19713682666466054
1.0,fixed,3001,4,847657808,edges-cov,sfa,0.024023627970680164,0.15499557403577743
1.0,fixed,3001,4,847657808,edges-cov,pca,0.010129643464160957,0.10064612990155636
1.0,fixed,3001,4,847657808,node-var,sfa,0.015178828313053198,0.12320238761100857
1.0,fixed,3001,4,847657808,node-var,pca,0.015206213558673829,0.12331347679257863
1.0,proportional,101,4,847657808,edges-corr,sfa,0.146570366250402,0.38284509432719915
1.0,proportional,101,4,847657808,edges-corr,pca,0.1270021590473232,0.35637362282767676
1.0,proportional,101,4,847657808,edges-cov,sfa,0.13618163168837474,0.3690279551583792
1.0,proportional,101,4,847657808,edges-cov,pca,0.13789458093791343,0.3713415960243525
1.0,proportional,101,4,847657808,node-var,sfa,0.09328282673850473,0.3054223743253017
1.0,proportional,101,4,847657808,node-var,pca,0.1181804726735854,0.3437738685147337
0.5,fixed,3001,0,766640955,edges-corr,sfa,0.6116876254626171,0.7821046128636611
0.5,fixed,3001,0,766640955,edges-corr,pca,0.35833955677045226,0.5986146980908941
0.5,fixed,3001,0,766640955,edges-cov,sfa,0.6061992784018642,0.7785880029912252
0.5,fixed,3001,0,766640955,edges-cov,pca,0.4929758971412084,0.7021224231864471
0.5,fixed,3001,0,766640955,node-var,sfa,0.6210660786255909,0.788077457249978
0.5,fixed,3001,0,766640955,node-var,pca,0.5350563519121777,0.7314754622761981
0.5,proportional,51,0,766640955,edges-corr,sfa,0.004752826601228671,0.06894074703126353
0.5,proportional,51,0,766640955,edges-corr,pca,0.0033733041618237325,0.05808015290806088
0.5,proportional,51,0,766640955,edges-cov,sfa,0.07075482180645397,0.265997785341258
0.5,proportional,51,0,766640955,edges-cov,pca,0.054431051806417156,0.23330463305819102
0.5,proportional,51,0,766640955,node-var,sfa,0.10155211512291779,0.318672426047372
0.5,proportional,51,0,766640955,node-var,pca,0.09643846647391358,0.31054543383201366
0.5,fixed,3001,0,767871931,edges-corr,sfa,0.580281238538877,0.7617619303554602
0.5,fixed,3001,0,767871931,edges-corr,pca,0.44392086156233274,0.6662738637845047
0.5,fixed,3001,0,767871931,edges-cov,sfa,0.6327151820191931,0.7954339583015004
0.5,fixed,3001,0,767871931,edges-cov,pca,0.625955956160149,0.7911737837922519
0.5,fixed,3001,0,767871931,node-var,sfa,0.6056946938663973,0.7782638973165833
0.5,fixed,3001,0,767871931,node-var,pca,0.5571351542231268,0.7464148673647429
0.5,proportional,51,0,767871931,edges-corr,sfa,0.011693993098570579,0.10813876778736929
0.5,proportional,51,0,767871931,edges-corr,pca,0.0007152535569585525,0.026744224740279023
0.5,proportional,51,0,767871931,edges-cov,sfa,0.04584924074120295,0.2141243581221038
0.5,proportional,51,0,767871931,edges-cov,pca,3.950561345498407e-06,0.0019876019082045596
0.5,proportional,51,0,767871931,node-var,sfa,0.007473793375341251,0.08645110395675264
0.5,proportional,51,0,767871931,node-var,pca,0.0011985986195980508,0.03462078305870696
0.5,fixed,3001,0,771160300,edges-corr,sfa,1.0976239680977713e-06,0.0010476755070620728
0.5,fixed,3001,0,771160300,edges-corr,pca,0.001885022674813278,0.043416847822167814
0.5,fixed,3001,0,771160300,edges-cov,sfa,1.7075643823474933e-06,0.0013067380695256006
0.5,fixed,3001,0,771160300,edges-cov,pca,0.0011894035189409574,0.0344877299766302
0.5,fixed,3001,0,771160300,node-var,sfa,0.0009491151626900463,0.030807712714352006
0.5,fixed,3001,0,771160300,node-var,pca,0.001020481795988336,0.031944980763624446
0.5,proportional,51,0,771160300,edges-corr,sfa,0.08445142389486869,0.29060527162264055
0.5,proportional,51,0,771160300,edges-corr,pca,0.07437099199765085,0.2727104545074333
0.5,proportional,51,0,771160300,edges-cov,sfa,0.2169469218342646,0.46577561318113747
0.5,proportional,51,0,771160300,edges-cov,pca,0.19439340427182641,0.4409006739298846
0.5,proportional,51,0,771160300,node-var,sfa,0.234157590882546,0.48389832700945146
0.5,proportional,51,0,771160300,node-var,pca,0.20817961148870992,0.45626703966943516
0.5,fixed,3001,0,771990200,edges-corr,sfa,0.7428664505683521,0.8618970069378081
0.5,fixed,3001,0,771990200,edges-corr,pca,0.8188610894650594,0.904909437162117
0.5,fixed,3001,0,771990200,edges-cov,sfa,0.7568055105625145,0.869945694030676
0.5,fixed,3001,0,771990200,edges-cov,pca,0.8355999202428085,0.9141115469365916
0.5,fixed,3001,0,771990200,node-var,sfa,0.7801584121897887,0.8832657653219605
0.5,fixed,3001,0,771990200,node-var,pca,0.8436663059949996,0.9185130951679457
0.5,proportional,51,0,771990200,edges-corr,sfa,0.00026692644465040445,0.016337883726186952
0.5,proportional,51,0,771990200,edges-corr,pca,0.0045658469074804356,0.06757105080935501
0.5,proportional,51,0,771990200,edges-cov,sfa,0.03526236368078334,0.1877827566119513
0.5,proportional,51,0,771990200,edges-cov,pca,0.04221668766497109,0.20546699896813378
0.5,proportional,51,0,771990200,node-var,sfa,0.050085806722895095,0.22379858516732204
0.5,proportional,51,0,771990200,node-var,pca,0.04736508172601424,0.2176352033243111
0.5,fixed,3001,0,774875821,edges-corr,sfa,0.6682467045565619,0.8174635799572736
0.5,fixed,3001,0,774875821,edges-corr,pca,0.8389669399892925,0.9159513851669708
0.5,fixed,3001,0,774875821,edges-cov,sfa,0.822409256120621,0.9068678272607431
0.5,fixed,3001,0,774875821,edges-cov,pca,0.6188955298440957,0.7866991355302837
0.5,fixed,3001,0,774875821,node-var,sfa,0.7883840844179897,0.8879099528769737
0.5,fixed,3001,0,774875821,node-var,pca,0.6547361712218766,0.8091576924319984
0.5,proportional,51,0,774875821,edges-corr,sfa,0.004288681730436293,0.06548802738238718
0.5,proportional,51,0,774875821,edges-corr,pca,0.0023004992548208004,0.04796352004201527
0.5,proportional,51,0,774875821,edges-cov,sfa,0.004323367964193429,0.06575232288059053
0.5,proportional,51,0,774875821,edges-cov,pca,0.001899815723409964,0.04358687558669426
0.5,proportional,51,0,774875821,node-var,sfa,0.00470823708860519,0.06861659484851453
0.5,proportional,51,0,774875821,node-var,pca,0.010097850942084072,0.10048806367964343
0.5,fixed,3001,0,778240327,edges-corr,sfa,0.2754369375977115,0.5248208623880262
0.5,fixed,3001,0,778240327,edges-corr,pca,0.5282622198357066,0.7268164966727892
0.5,fixed,3001,0,778240327,edges-cov,sfa,0.2839583091860621,0.5328773866341694
0.5,fixed,3001,0,778240327,edges-cov,pca,0.5672753145304238,0.7531768149182659
0.5,fixed,3001,0,778240327,node-var,sfa,0.23949408347512607,0.4893813272644616
0.5,fixed,3001,0,778240327,node-var,pca,0.37654622219943357,0.6136336221227073
0.5,proportional,51,0,778240327,edges-corr,sfa,0.015819858723987695,0.12577701985652107
0.5,proportional,51,0,778240327,edges-corr,pca,0.008968430351766152,0.09470179698277194
0.5,proportional,51,0,778240327,edges-cov,sfa,0.02347266408525579,0.15320791130113284
0.5,proportional,51,0,778240327,edges-cov,pca,0.00031114771207438086,0.017639379583034683
0.5,proportional,51,0,778240327,node-var,sfa,0.002834491533957082,0.05323994303112168
0.5,proportional,51,0,778240327,node-var,pca,0.0008834379187921751,0.029722683573193305
0.5,fixed,3001,0,778998620,edges-corr,sfa,0.06560240220800793,0.2561296589776513
0.5,fixed,3001,0,778998620,edges-corr,pca,0.055429115904961766,0.2354338886077401
0.5,fixed,3001,0,778998620,edges-cov,sfa,0.06814200006616192,0.26104022691179596
0.5,fixed,3001,0,778998620,edges-cov,pca,0.07724875924275819,0.27793661011597265
0.5,fixed,3001,0,778998620,node-var,sfa,0.07460676456641191,0.2731423888128899
0.5,fixed,3001,0,778998620,node-var,pca,0.07826152390743286,0.2797526119760687
0.5,proportional,51,0,778998620,edges-corr,sfa,0.07911542619063949,0.2812746454813151
0.5,proportional,51,0,778998620,edges-corr,pca,0.12793045156562252,0.3576736663015919
0.5,proportional,51,0,778998620,edges-cov,sfa,0.05099486303031959,0.22582042208427383
0.5,proportional,51,0,778998620,edges-cov,pca,0.07466202732729729,0.273243531171915
0.5,proportional,51,0,778998620,node-var,sfa,0.08192404309858498,0.28622376403538713
0.5,proportional,51,0,778998620,node-var,pca,0.10029266585890768,0.31669017329072224
0.5,fixed,3001,0,779839471,edges-corr,sfa,0.8443073054780015,0.918861962145567
0.5,fixed,3001,0,779839471,edges-corr,pca,0.7075400664023123,0.8411540087298593
0.5,fixed,3001,0,779839471,edges-cov,sfa,0.8047376630822536,0.8970717156851249
0.5,fixed,3001,0,779839471,edges-cov,pca,0.2174691735977756,0.4663359021111023
0.5,fixed,3001,0,779839471,node-var,sfa,0.742520984074157,0.861696573089482
0.5,fixed,3001,0,779839471,node-var,pca,0.3334953332380432,0.5774905481806981
0.5,proportional,51,0,779839471,edges-corr,sfa,0.01231631755917989,0.11097890591990844
0.5,proportional,51,0,779839471,edges-corr,pca,0.010011452073196961,0.10005724398161765
0.5,proportional,51,0,779839471,edges-cov,sfa,0.10956147331591522,0.3310007149779517
0.5,proportional,51,0,779839471,edges-cov,pca,0.09599475208421271,0.3098301987931659
0.5,proportional,51,0,779839471,node-var,sfa,0.11805175174840407,0.3435866000710797
0.5,proportional,51,0,779839471,node-var,pca,0.10359400462426636,0.3218602252908339
0.5,fixed,3001,0,781842082,edges-corr,sfa,0.6333829157558976,0.7958535768317546
0.5,fixed,3001,0,781842082,edges-corr,pca,0.48979744787153223,0.6998553049534827
0.5,fixed,3001,0,781842082,edges-cov,sfa,0.6179921387418656,0.7861247602905442
0.5,fixed,3001,0,781842082,edges-cov,pca,0.4251811744121538,0.6520591801456014
0.5,fixed,3001,0,781842082,node-var,sfa,0.5970754642570002,0.7727065835470798
0.5,fixed,3001,0,781842082,node-var,pca,0.49582037630204456,0.7041451386625094
0.5,proportional,51,0,781842082,edges-corr,sfa,0.04071241872852232,0.201773186346755
0.5,proportional,51,0,781842082,edges-corr,pca,0.02225629877742678,0.14918545095761443
0.5,proportional,51,0,781842082,edges-cov,sfa,0.07559962521139153,0.2749538601500105
0.5,proportional,51,0,781842082,edges-cov,pca,0.0530169295362451,0.23025405433182952
0.5,proportional,51,0,781842082,node-var,sfa,0.05812471657350327,0.2410906812249351
0.5,proportional,51,0,781842082,node-var,pca,0.056063344724488914,0.23677699365539912
0.5,fixed,3001,0,786091066,edges-corr,sfa,0.006149244136134398,0.07841711634671603
0.5,fixed,3001,0,786091066,edges-corr,pca,0.005992723526932608,0.07741268324333299
0.5,fixed,3001,0,786091066,edges-cov,sfa,0.008257600959488309,0.09087134289471191
0.5,fixed,3001,0,786091066,edges-cov,pca,1.9504139388620653e-05,0.004416349101760486
0.5,fixed,3001,0,786091066,node-var,sfa,0.0034796195642189435,0.05898830023164715
0.5,fixed,3001,0,786091066,node-var,pca,0.031976587520833946,0.17881998635732513
0.5,proportional,51,0,786091066,edges-corr,sfa,0.0005020188521733883,0.02240577720529659
0.5,proportional,51,0,786091066,edges-corr,pca,0.0007725501966110585,0.02779478722010763
0.5,proportional,51,0,786091066,edges-cov,sfa,0.00030022450177124275,0.017326987671584543
0.5,proportional,51,0,786091066,edges-cov,pca,0.011272219008312526,0.1061707069219779
0.5,proportional,51,0,786091066,node-var,sfa,0.05149248768107913,0.22691956213839107
0.5,proportional,51,0,786091066,node-var,pca,0.04369695382411115,0.20903816355898067
0.5,fixed,3001,0,787025148,edges-corr,sfa,0.0011554832187607503,0.03399239942635339
0.5,fixed,3001,0,787025148,edges-corr,pca,0.0045926281834420615,0.06776893228790064
0.5,fixed,3001,0,787025148,edges-cov,sfa,1.3422056565757396e-05,0.0036636125021292025
0.5,fixed,3001,0,787025148,edges-cov,pca,0.0005674626468016489,0.023821474488403292
0.5,fixed,3001,0,787025148,node-var,sfa,0.0015148551594490352,0.038921140263988095
0.5,fixed,3001,0,787025148,node-var,pca,0.001966399036127825,0.04434409809803132
0.5,proportional,51,0,787025148,edges-corr,sfa,0.0618625672854173,0.24872186732456256
0.5,proportional,51,0,787025148,edges-corr,pca,1.1289103101469009e-05,0.0033599260559525725
0.5,proportional,51,0,787025148,edges-cov,sfa,0.08105403855244704,0.2846999096460114
0.5,proportional,51,0,787025148,edges-cov,pca,0.06127353392087891,0.24753491454919832
0.5,proportional,51,0,787025148,node-var,sfa,0.04164268625263094,0.20406539699966514
0.5,proportional,51,0,787025148,node-var,pca,0.07450851749750206,0.27296248368136977
0.5,fixed,3001,0,789848216,edges-corr,sfa,0.28153716081589747,0.5306007546318583
0.5,fixed,3001,0,789848216,edges-corr,pca,0.2216924628979354,0.4708422908978498
0.5,fixed,3001,0,789848216,edges-cov,sfa,0.25717211642149657,0.5071214020542779
0.5,fixed,3001,0,789848216,edges-cov,pca,0.10920505076408672,0.3304618749025169
0.5,fixed,3001,0,789848216,node-var,sfa,0.23518489294011094,0.48495865075293887
0.5,fixed,3001,0,789848216,node-var,pca,0.06088328955819106,0.24674539419853628
0.5,proportional,51,0,789848216,edges-corr,sfa,0.04855888974876772,0.22036081718120334
0.5,proportional,51,0,789848216,edges-corr,pca,0.013791041601026342,0.11743526557651386
0.5,proportional,51,0,789848216,edges-cov,sfa,0.04336020567360518,0.20823113521662695
0.5,proportional,51,0,789848216,edges-cov,pca,0.0534365330774735,0.23116343369459086
0.5,proportional,51,0,789848216,node-var,sfa,0.04856185436213164,0.22036754380382706
0.5,proportional,51,0,789848216,node-var,pca,0.060929333047365926,0.2468386781834766
0.5,fixed,3001,0,793224716,edges-corr,sfa,0.5948325180956818,0.7712538609923985
0.5,fixed,3001,0,793224716,edges-corr,pca,0.6574870612186553,0.8108557585777234
0.5,fixed,3001,0,793224716,edges-cov,sfa,0.5868808148714155,0.7660814675159656
0.5,fixed,3001,0,793224716,edges-cov,pca,0.6544819106222171,0.8090005628071077
0.5,fixed,3001,0,793224716,node-var,sfa,0.6295811397555099,0.793461492295316
0.5,fixed,3001,0,793224716,node-var,pca,0.6259039681315267,0.7911409281104895
0.5,proportional,51,0,793224716,edges-corr,sfa,0.0989839976313136,0.31461722399022213
0.5,proportional,51,0,793224716,edges-corr,pca,0.16136055897551027,0.40169709854006946
0.5,proportional,51,0,793224716,edges-cov,sfa,0.5680819441919485,0.7537121096227315
0.5,proportional,51,0,793224716,edges-cov,pca,0.34215327674946866,0.5849386948642299
0.5,proportional,51,0,793224716,node-var,sfa,0.5699995378084448,0.7549831374331779
0.5,proportional,51,0,793224716,node-var,pca,0.5545719870223703,0.7446959023805424
0.5,fixed,3001,0,794812542,edges-corr,sfa,0.9280649887232919,0.9633612970860371
0.5,fixed,3001,0,794812542,edges-corr,pca,0.9280583202436986,0.9633578360317098
0.5,fixed,3001,0,794812542,edges-cov,sfa,0.8703424816062191,0.9329214766561112
0.5,fixed,3001,0,794812542,edges-cov,pca,0.774025676068346,0.8797872902402865
0.5,fixed,3001,0,794812542,node-var,sfa,0.8239619089816933,0.9077234760551769
0.5,fixed,3001,0,794812542,node-var,pca,0.7570232046990625,0.8700708044171247
0.5,proportional,51,0,794812542,edges-corr,sfa,0.045092554496029495,0.21235007533794165
0.5,proportional,51,0,794812542,edges-corr,pca,0.022612794996882204,0.15037551328884036
0.5,proportional,51,0,794812542,edges-cov,sfa,0.0002613960634772394,0.01616774763154223
0.5,proportional,51,0,794812542,edges-cov,pca,0.00022334097352179385,0.01494459680024168
0.5,proportional,51,0,794812542,node-var,sfa,0.0037455290591036573,0.06120072760273081
0.5,proportional,51,0,794812542,node-var,pca,0.0038815080162433483,0.06230174970450949
0.5,fixed,3001,0,816200189,edges-corr,sfa,0.2701811963680214,0.519789569314373
0.5,fixed,3001,0,816200189,edges-corr,pca,0.016678113381388776,0.12914377019968395
0.5,fixed,3001,0,816200189,edges-cov,sfa,0.2518454511835764,0.5018420580058793
0.5,fixed,3001,0,816200189,edges-cov,pca,0.34567833105166657,0.5879441564057479
0.5,fixed,3001,0,816200189,node-var,sfa,0.30792140203744206,0.5549066606533409
0.5,fixed,3001,0,816200189,node-var,pca,0.4553235412372504,0.6747766602641576
0.5,proportional,51,0,816200189,edges-corr,sfa,0.1574805786713304,0.39683822733115115
0.5,proportional,51,0,816200189,edges-corr,pca,0.14855939126779044,0.385434029722066
0.5,proportional,51,0,816200189,edges-cov,sfa,0.20972023344680077,0.4579522174275399
0.5,proportional,51,0,816200189,edges-cov,pca,0.18898255068686526,0.43472123330574186
0.5,proportional,51,0,816200189,node-var,sfa,0.14040028479990982,0.37470025994107586
0.5,proportional,51,0,816200189,node-var,pca,0.13490367844460932,0.3672923609940851
0.5,fixed,3001,0,829720705,edges-corr,sfa,0.06702438922267925,0.2588906897180338
0.5,fixed,3001,0,829720705,edges-corr,pca,0.030942288043511436,0.1759042013242192
0.5,fixed,3001,0,829720705,edges-cov,sfa,0.06992161809815275,0.2644269617458718
0.5,fixed,3001,0,829720705,edges-cov,pca,0.007269690070925393,0.0852624775087224
0.5,fixed,3001,0,829720705,node-var,sfa,0.05665367893083901,0.23802033301976327
0.5,fixed,3001,0,829720705,node-var,pca,0.009379517349504301,0.0968479083383028
0.5,proportional,51,0,829720705,edges-corr,sfa,0.006377550712868873,0.07985956869949194
0.5,proportional,51,0,829720705,edges-corr,pca,0.01107069240228039,0.10521735789441013
0.5,proportional,51,0,829720705,edges-cov,sfa,0.0001360169469564355,0.011662630361819562
0.5,proportional,51,0,829720705,edges-cov,pca,0.015023256021735815,0.1225693926791506
0.5,proportional,51,0,829720705,node-var,sfa,0.005830466961539682,0.07635749446871395
0.5,proportional,51,0,829720705,node-var,pca,0.011874858831785122,0.10897182586239951
0.5,fixed,3001,0,831882777,edges-corr,sfa,0.17936564895224796,0.42351581901063384
0.5,fixed,3001,0,831882777,edges-corr,pca,0.11663760761649072,0.3415224847890556
0.5,fixed,3001,0,831882777,edges-cov,sfa,0.14806420028153422,0.38479111252929715
0.5,fixed,3001,0,831882777,edges-cov,pca,0.056850896050773446,0.2384342593898231
0.5,fixed,3001,0,831882777,node-var,sfa,0.10765529428719274,0.32810866231660624
0.5,fixed,3001,0,831882777,node-var,pca,0.09543988447549835,0.30893346286133905
0.5,proportional,51,0,831882777,edges-corr,sfa,0.017061370137967033,0.13061917982427784
0.5,proportional,51,0,831882777,edges-corr,pca,0.019729762626505665,0.1404626734278743
0.5,proportional,51,0,831882777,edges-cov,sfa,0.05675218725153594,0.23822717572001717
0.5,proportional,51,0,831882777,edges-cov,pca,0.03768448479830203,0.19412492060089048
0.5,proportional,51,0,831882777,node-var,sfa,0.07212401756724116,0.2685591509653714
0.5,proportional,51,0,831882777,node-var,pca,0.07744304757570347,0.27828590976853906
0.5,fixed,3001,0,835479236,edges-corr,sfa,0.08843414645454603,0.29737879287963026
0.5,fixed,3001,0,835479236,edges-corr,pca,0.06345426502333137,0.2519013001620503
0.5,fixed,3001,0,835479236,edges-cov,sfa,0.11574091571191153,0.34020716587384153
0.5,fixed,3001,0,835479236,edges-cov,pca,0.12056890167443829,0.3472303294276557
0.5,fixed,3001,0,835479236,node-var,sfa,0.16003176222316864,0.40003970080876805
0.5,fixed,3001,0,835479236,node-var,pca,0.15533857249741764,0.39413014664881657
0.5,proportional,51,0,835479236,edges-corr,sfa,0.03591103892520295,0.18950208158540885
0.5,proportional,51,0,835479236,edges-corr,pca,0.02988231160164095,0.17286500976669902
0.5,proportional,51,0,835479236,edges-cov,sfa,0.006515092565239264,0.08071612332885707
0.5,proportional,51,0,835479236,edges-cov,pca,0.0010997516840145908,0.03316250418793175
0.5,proportional,51,0,835479236,node-var,sfa,0.011431163166763823,0.10691661782325432
0.5,proportional,51,0,835479236,node-var,pca,9.959871324981257e-05,0.009979915493119797
0.5,fixed,3001,0,839068429,edges-corr,sfa,0.6541845794474841,0.8088167774270537
0.5,fixed,3001,0,839068429,edges-corr,pca,0.6370928895546963,0.798180987968704
0.5,fixed,3001,0,839068429,edges-cov,sfa,0.7021996219675314,0.8379735210420025
0.5,fixed,3001,0,839068429,edges-cov,pca,0.6459739888605371,0.8037250704442018
0.5,fixed,3001,0,839068429,node-var,sfa,0.6450840323190168,0.8031712347432625
0.5,fixed,3001,0,839068429,node-var,pca,0.5992400938187425,0.7741059965009589
0.5,proportional,51,0,839068429,edges-corr,sfa,0.1706251693008758,0.4130679959775095
0.5,proportional,51,0,839068429,edges-corr,pca,0.060619236086553265,0.24620974003185428
0.5,proportional,51,0,839068429,edges-cov,sfa,0.13245065421185162,0.3639377064991365
0.5,proportional,51,0,839068429,edges-cov,pca,0.18172627009383818,0.426293643037095
0.5,proportional,51,0,839068429,node-var,sfa,0.09572744801298007,0.3093985261971687
0.5,proportional,51,0,839068429,node-var,pca,0.09772294422491971,0.31260669254659235
0.5,fixed,3001,0,847657808,edges-corr,sfa,0.016392849297143817,0.12803456290058485
0.5,fixed,3001,0,847657808,edges-corr,pca,0.002272997324191605,0.0476759617018011
0.5,fixed,3001,0,847657808,edges-cov,sfa,0.20550633823335906,0.45332806909936546
0.5,fixed,3001,0,847657808,edges-cov,pca,0.0014346197121151481,0.03787637406240397
0.5,fixed,3001,0,847657808,node-var,sfa,0.10658470746534672,0.32647313436996117
0.5,fixed,3001,0,847657808,node-var,pca,0.10811650491612658,0.32881074331007887
0.5,proportional,51,0,847657808,edges-corr,sfa,0.05380431793753319,0.23195757788339916
0.5,proportional,51,0,847657808,edges-corr,pca,0.06159144396235566,0.2481762356922106
0.5,proportional,51,0,847657808,edges-cov,sfa,0.08496840414235304,0.2914934032570086
0.5,proportional,51,0,847657808,edges-cov,pca,0.08273302988082683,0.28763349923266385
0.5,proportional,51,0,847657808,node-var,sfa,0.1793858327826905,0.4235396472382373
0.5,proportional,51,0,847657808,node-var,pca,0.18578475638650613,0.43102755873204457
0.5,fixed,3001,1,766640955,edges-corr,sfa,0.7902363515106992,0.8889523899009998
0.5,fixed,3001,1,766640955,edges-corr,pca,0.5875917094793759,0.7665453081712625
0.5,fixed,3001,1,766640955,edges-cov,sfa,0.8049177374852454,0.8971720779679032
0.5,fixed,3001,1,766640955,edges-cov,pca,0.8136939320767823,0.9020498501062911
0.5,fixed,3001,1,766640955,node-var,sfa,0.8462016458471572,0.9198921925134256
0.5,fixed,3001,1,766640955,node-var,pca,0.7997688551136721,0.8942979677454669
0.5,proportional,51,1,766640955,edges-corr,sfa,0.002434119907420761,0.04933680074164478
0.5,proportional,51,1,766640955,edges-corr,pca,0.051214275626995306,0.22630571275819641
0.5,proportional,51,1,766640955,edges-cov,sfa,0.046087329284153336,0.2146795968045248
0.5,proportional,51,1,766640955,edges-cov,pca,0.051477294352402746,0.22688608232415391
0.5,proportional,51,1,766640955,node-var,sfa,0.04442837400848235,0.21078039284639916
0.5,proportional,51,1,766640955,node-var,pca,0.06654489804740753,0.25796297805578133
0.5,fixed,3001,1,767871931,edges-corr,sfa,0.44688090684080534,0.6684915159078725
0.5,fixed,3001,1,767871931,edges-corr,pca,0.14261474067279542,0.3776436689166064
0.5,fixed,3001,1,767871931,edges-cov,sfa,0.3759802005632334,0.6131722437971515
0.5,fixed,3001,1,767871931,edges-cov,pca,0.059644709963019085,0.24422266472016696
0.5,fixed,3001,1,767871931,node-var,sfa,0.17234950662985746,0.4151499808862545
0.5,fixed,3001,1,767871931,node-var,pca,0.0341113560310564,0.18469259874466112
0.5,proportional,51,1,767871931,edges-corr,sfa,0.004261586627266474,0.06528082894132453
0.5,proportional,51,1,767871931,edges-corr,pca,0.07982926875454657,0.2825407382211397
0.5,proportional,51,1,767871931,edges-cov,sfa,0.07231948392451724,0.26892282150185254
0.5,proportional,51,1,767871931,edges-cov,pca,0.0888088054302239,0.2980080626933169
0.5,proportional,51,1,767871931,node-var,sfa,0.058783743777660144,0.24245359097703656
0.5,proportional,51,1,767871931,node-var,pca,0.07097536749347697,0.26641202580491175
0.5,fixed,3001,1,771160300,edges-corr,sfa,0.12182190851961663,0.3490299536137502
0.5,fixed,3001,1,771160300,edges-corr,pca,0.02299078704942583,0.15162713164017128
0.5,fixed,3001,1,771160300,edges-cov,sfa,0.0857297917483858,0.2927965022816799
0.5,fixed,3001,1,771160300,edges-cov,pca,0.0050296266532658205,0.07091986078148928
0.5,fixed,3001,1,771160300,node-var,sfa,0.000577024503652295,0.024021334343709864
0.5,fixed,3001,1,771160300,node-var,pca,0.010200468056019348,0.10099736657962596
0.5,proportional,51,1,771160300,edges-corr,sfa,0.0012185452671830018,0.034907667741958956
0.5,proportional,51,1,771160300,edges-corr,pca,0.03209647076365269,0.17915487926275603
0.5,proportional,51,1,771160300,edges-cov,sfa,0.01213188554102899,0.11014483892143558
0.5,proportional,51,1,771160300,edges-cov,pca,0.03526482179780526,0.18778930160636217
0.5,proportional,51,1,771160300,node-var,sfa,0.0025982954942771895,0.05097347834194945
0.5,proportional,51,1,771160300,node-var,pca,0.008172362943553717,0.09040112246843905
0.5,fixed,3001,1,771990200,edges-corr,sfa,0.10896876838357288,0.33010417807651704
0.5,fixed,3001,1,771990200,edges-corr,pca,0.027702943864856097,0.16644201352079377
0.5,fixed,3001,1,771990200,edges-cov,sfa,0.12488778470567796,0.3533946585698176
0.5,fixed,3001,1,771990200,edges-cov,pca,0.06277046688875808,0.2505403498216566
0.5,fixed,3001,1,771990200,node-var,sfa,0.14160448833615702,0.37630371820665953
0.5,fixed,3001,1,771990200,node-var,pca,0.07625794930387325,0.2761484189776817
0.5,proportional,51,1,771990200,edges-corr,sfa,0.3423547956051146,0.5851109258979144
0.5,proportional,51,1,771990200,edges-corr,pca,0.1883025043642941,0.4339383647066644
0.5,proportional,51,1,771990200,edges-cov,sfa,0.16423922731490387,0.40526439186647506
0.5,proportional,51,1,771990200,edges-cov,pca,0.14452310675403182,0.38016194806165415
0.5,proportional,51,1,771990200,node-var,sfa,0.15952322491785834,0.3994035865110106
0.5,proportional,51,1,771990200,node-var,pca,0.13299476188773787,0.3646844689423144
0.5,fixed,3001,1,774875821,edges-corr,sfa,0.4803014507067127,0.6930378421895248
0.5,fixed,3001,1,774875821,edges-corr,pca,0.5032546936853857,0.709404464100266
0.5,fixed,3001,1,774875821,edges-cov,sfa,0.4868100725924258,0.6977177599806571
0.5,fixed,3001,1,774875821,edges-cov,pca,0.3697376640009943,0.6080605759305517
0.5,fixed,3001,1,774875821,node-var,sfa,0.6537681161320407,0.8085592842408283
0.5,fixed,3001,1,774875821,node-var,pca,0.6023067531301164,0.7760842435780515
0.5,proportional,51,1,774875821,edges-corr,sfa,0.0008773261802424791,0.02961969244003859
0.5,proportional,51,1,774875821,edges-corr,pca,0.014543538348511843,0.12059659343659689
0.5,proportional,51,1,774875821,edges-cov,sfa,0.027766273977387804,0.16663215169164625
0.5,proportional,51,1,774875821,edges-cov,pca,0.06386226529732861,0.25270984408473013
0.5,proportional,51,1,774875821,node-var,sfa,0.07345685667003966,0.2710292542697922
0.5,proportional,51,1,774875821,node-var,pca,0.07962588970283634,0.2821805976725479
0.5,fixed,3001,1,778240327,edges-corr,sfa,0.1276892474553348,0.3573363226084564
0.5,fixed,3001,1,778240327,edges-corr,pca,0.013427429830616804,0.11587678728121868
0.5,fixed,3001,1,778240327,edges-cov,sfa,0.11509038210669384,0.33924973412914244
0.5,fixed,3001,1,778240327,edges-cov,pca,0.19650808432982933,0.4432923237885237
0.5,fixed,3001,1,778240327,node-var,sfa,0.15704716802643545,0.39629177133323806
0.5,fixed,3001,1,778240327,node-var,pca,0.20729012730975366,0.4552912554725312
0.5,proportional,51,1,778240327,edges-corr,sfa,0.0811002428844717,0.2847810437590109
0.5,proportional,51,1,778240327,edges-corr,pca,0.0025628921088277153,0.050625014655086426
0.5,proportional,51,1,778240327,edges-cov,sfa,0.06433496252120922,0.2536433766555106
0.5,proportional,51,1,778240327,edges-cov,pca,7.832452932352386e-06,0.0027986519848584935
0.5,proportional,51,1,778240327,node-var,sfa,0.02840449790551467,0.1685363400145935
0.5,proportional,51,1,778240327,node-var,pca,0.0005712152507056284,0.023900109847145648
0.5,fixed,3001,1,778998620,edges-corr,sfa,0.6668265766939873,0.8165944995491871
0.5,fixed,3001,1,778998620,edges-corr,pca,0.16610224842723056,0.407556435880027
0.5,fixed,3001,1,778998620,edges-cov,sfa,0.698282279290891,0.8356328615432085
0.5,fixed,3001,1,778998620,edges-cov,pca,0.3207333032478714,0.5663332086747795
0.5,fixed,3001,1,778998620,node-var,sfa,0.44898368409036876,0.6700624479034538
0.5,fixed,3001,1,778998620,node-var,pca,0.36048376867170084,0.6004030052154143
0.5,proportional,51,1,778998620,edges-corr,sfa,0.02732695377686845,0.16530866213501472
0.5,proportional,51,1,778998620,edges-corr,pca,2.5528871819564475e-05,0.0050526103965736835
0.5,proportional,51,1,778998620,edges-cov,sfa,0.16765054655927245,0.4094515191805648
0.5,proportional,51,1,778998620,edges-cov,pca,0.03925712401630656,0.19813410614103408
0.5,proportional,51,1,778998620,node-var,sfa,0.09703341927714329,0.311501876843693
0.5,proportional,51,1,778998620,node-var,pca,0.08632384717340469,0.29380920198898586
0.5,fixed,3001,1,779839471,edges-corr,sfa,0.12105094994867553,0.3479237703128022
0.5,fixed,3001,1,779839471,edges-corr,pca,0.03396567829045062,0.1842977978448213
0.5,fixed,3001,1,779839471,edges-cov,sfa,0.2431396074465706,0.49309188539923327
0.5,fixed,3001,1,779839471,edges-cov,pca,0.23623865586439705,0.48604388265299364
0.5,fixed,3001,1,779839471,node-var,sfa,0.2722001342321329,0.5217280270717042
0.5,fixed,3001,1,779839471,node-var,pca,0.2603385889860464,0.510233857153802
0.5,proportional,51,1,779839471,edges-corr,sfa,0.08366231897097368,0.28924439315391004
0.5,proportional,51,1,779839471,edges-corr,pca,0.06181573256865381,0.24862769871567772
0.5,proportional,51,1,779839471,edges-cov,sfa,0.26754902287714344,0.517251411672451
0.5,proportional,51,1,779839471,edges-cov,pca,0.18924959485551404,0.4350282690303172
0.5,proportional,51,1,779839471,node-var,sfa,0.18954235307508085,0.43536462083531874
0.5,proportional,51,1,779839471,node-var,pca,0.22018718680052396,0.46924107535522075
0.5,fixed,3001,1,781842082,edges-corr,sfa,0.6307019839568937,0.7941674785313824
0.5,fixed,3001,1,781842082,edges-corr,pca,0.7126910518637022,0.8442103125783895
0.5,fixed,3001,1,781842082,edges-cov,sfa,0.7034650986869487,0.8387282627209773
0.5,fixed,3001,1,781842082,edges-cov,pca,0.678859794510745,0.8239294839431012
0.5,fixed,3001,1,781842082,node-var,sfa,0.6830060494826272,0.8264418004207116
0.5,fixed,3001,1,781842082,node-var,pca,0.6614640537526727,0.8133044041148878
0.5,proportional,51,1,781842082,edges-corr,sfa,0.13483676161616223,0.3672012549218238
0.5,proportional,51,1,781842082,edges-corr,pca,0.004171716345592593,0.06458882523774986
0.5,proportional,51,1,781842082,edges-cov,sfa,0.06245489265749615,0.24990976903173703
0.5,proportional,51,1,781842082,edges-cov,pca,0.05380082739654159,0.23195005366789978
0.5,proportional,51,1,781842082,node-var,sfa,0.08076274399517644,0.2841878674313463
0.5,proportional,51,1,781842082,node-var,pca,0.09690100667538525,0.3112892652748971
0.5,fixed,3001,1,786091066,edges-corr,sfa,0.03627122268566302,0.19045005299464482
0.5,fixed,3001,1,786091066,edges-corr,pca,0.022407613043852283,0.14969172670475908
0.5,fixed,3001,1,786091066,edges-cov,sfa,0.02989016946047597,0.17288773658208373
0.5,fixed,3001,1,786091066,edges-cov,pca,0.020928137062545853,0.14466560428293193
0.5,fixed,3001,1,786091066,node-var,sfa,0.030779755570614662,0.17544160159612845
0.5,fixed,3001,1,786091066,node-var,pca,0.02192979210961155,0.14808710986987203
0.5,proportional,51,1,786091066,edges-corr,sfa,0.027400746752215058,0.1655317092046568
0.5,proportional,51,1,786091066,edges-corr,pca,0.001947370762063738,0.044129024032531446
0.5,proportional,51,1,786091066,edges-cov,sfa,0.035896873349142495,0.18946470211926678
0.5,proportional,51,1,786091066,edges-cov,pca,0.0001570742595970055,0.012532927016344007
0.5,proportional,51,1,786091066,node-var,sfa,1.5755849403251136e-05,0.003969363853724062
0.5,proportional,51,1,786091066,node-var,pca,0.0018648796892842476,0.04318425279293654
0.5,fixed,3001,1,787025148,edges-corr,sfa,0.8147935506026999,0.9026591552755114
0.5,fixed,3001,1,787025148,edges-corr,pca,0.7265994498590318,0.8524080301469665
0.5,fixed,3001,1,787025148,edges-cov,sfa,0.7924254194237482,0.8901828011278067
0.5,fixed,3001,1,787025148,edges-cov,pca,0.7631033786463451,0.873557885114859
0.5,fixed,3001,1,787025148,node-var,sfa,0.7532900437875337,0.8679228328529753
0.5,fixed,3001,1,787025148,node-var,pca,0.790222704495918,0.888944713970401
0.5,proportional,51,1,787025148,edges-corr,sfa,0.074230099926963,0.27245201398955193
0.5,proportional,51,1,787025148,edges-corr,pca,0.007482334787849244,0.08650049010178638
0.5,proportional,51,1,787025148,edges-cov,sfa,0.28893594518559923,0.5375276227186834
0.5,proportional,51,1,787025148,edges-cov,pca,0.04205000293933647,0.20506097371108056
0.5,proportional,51,1,787025148,node-var,sfa,0.15140767806459207,0.3891113954442764
0.5,proportional,51,1,787025148,node-var,pca,0.11496648259891079,0.3390670768430795
0.5,fixed,3001,1,789848216,edges-corr,sfa,0.5289331525998421,0.7272779060303166
0.5,fixed,3001,1,789848216,edges-corr,pca,0.5125923776761595,0.7159555696243723
0.5,fixed,3001,1,789848216,edges-cov,sfa,0.5069442810311019,0.7120001973532746
0.5,fixed,3001,1,789848216,edges-cov,pca,0.5775535438440946,0.7599694361249633
0.5,fixed,3001,1,789848216,node-var,sfa,0.6159244554483351,0.7848085470026018
0.5,fixed,3001,1,789848216,node-var,pca,0.6623825054952197,0.8138688503040399
0.5,proportional,51,1,789848216,edges-corr,sfa,0.18755233292850998,0.4330731265369741
0.5,proportional,51,1,789848216,edges-corr,pca,0.013886486514331959,0.11784093734493102
0.5,proportional,51,1,789848216,edges-cov,sfa,0.08053899403408159,0.2837939288182212
0.5,proportional,51,1,789848216,edges-cov,pca,0.07142388547976145,0.26725247516115064
0.5,proportional,51,1,789848216,node-var,sfa,0.11170596373259022,0.33422442120914836
0.5,proportional,51,1,789848216,node-var,pca,0.05933374509314839,0.2435851906277317
0.5,fixed,3001,1,793224716,edges-corr,sfa,0.025712412817497428,0.16035090525936369
0.5,fixed,3001,1,793224716,edges-corr,pca,0.07812719709273484,0.2795124274388079
0.5,fixed,3001,1,793224716,edges-cov,sfa,0.008299207229121657,0.09109998479210442
0.5,fixed,3001,1,793224716,edges-cov,pca,0.09038805503486584,0.3006460627296919
0.5,fixed,3001,1,793224716,node-var,sfa,0.0050369838399585976,0.07097171154733833
0.5,fixed,3001,1,793224716,node-var,pca,0.007779866066622555,0.08820354905910847
0.5,proportional,51,1,793224716,edges-corr,sfa,0.1049181774276125,0.3239107553441418
0.5,proportional,51,1,793224716,edges-corr,pca,0.13420501680703817,0.36634002894447415
0.5,proportional,51,1,793224716,edges-cov,sfa,0.1328861379505537,0.3645355098622817
0.5,proportional,51,1,793224716,edges-cov,pca,0.11758462001992959,0.34290613879009163
0.5,proportional,51,1,793224716,node-var,sfa,0.12893038395323392,0.35906877329173853
0.5,proportional,51,1,793224716,node-var,pca,0.13623385649000577,0.3690987083288233
0.5,fixed,3001,1,794812542,edges-corr,sfa,0.9608200986491102,0.9802143126118442
0.5,fixed,3001,1,794812542,edges-corr,pca,0.9033898120948161,0.9504682067774892
0.5,fixed,3001,1,794812542,edges-cov,sfa,0.9904186157200912,0.9951977771880779
0.5,fixed,3001,1,794812542,edges-cov,pca,0.9584265413148939,0.9789926155568763
0.5,fixed,3001,1,794812542,node-var,sfa,0.9828038841188094,0.9913646574892658
0.5,fixed,3001,1,794812542,node-var,pca,0.9748650961051551,0.9873525693009337
0.5,proportional,51,1,794812542,edges-corr,sfa,0.06384033498758414,0.25266645006328825
0.5,proportional,51,1,794812542,edges-corr,pca,0.1984377413498567,0.44546351292766584
0.5,proportional,51,1,794812542,edges-cov,sfa,0.3807683298017713,0.6170642833625775
0.5,proportional,51,1,794812542,edges-cov,pca,0.39381380576744784,0.6275458594935097
0.5,proportional,51,1,794812542,node-var,sfa,0.44062545410855364,0.6637962444218509
0.5,proportional,51,1,794812542,node-var,pca,0.4292268801649917,0.6551540888714591
0.5,fixed,3001,1,816200189,edges-corr,sfa,0.1571553144065617,0.3964281957764378
0.5,fixed,3001,1,816200189,edges-corr,pca,0.11020684194508301,0.33197415855015433
0.5,fixed,3001,1,816200189,edges-cov,sfa,0.1490203951657182,0.3860315986622315
0.5,fixed,3001,1,816200189,edges-cov,pca,0.15399536043311135,0.39242242600686233
0.5,fixed,3001,1,816200189,node-var,sfa,0.15342110428207084,0.3916900615053576
0.5,fixed,3001,1,816200189,node-var,pca,0.172344419000178,0.415143853381184
0.5,proportional,51,1,816200189,edges-corr,sfa,0.06586850400297824,0.2566486002357664
0.5,proportional,51,1,816200189,edges-corr,pca,0.22354218551143004,0.47280248044128326
0.5,proportional,51,1,816200189,edges-cov,sfa,0.08976439711170314,0.29960707119776586
0.5,proportional,51,1,816200189,edges-cov,pca,0.11272541355145538,0.33574605515397404
0.5,proportional,51,1,816200189,node-var,sfa,0.05335004343399664,0.2309762832716741
0.5,proportional,51,1,816200189,node-var,pca,0.07005561359004925,0.2646802100461031
0.5,fixed,3001,1,829720705,edges-corr,sfa,0.8682540823950994,0.9318015252161264
0.5,fixed,3001,1,829720705,edges-corr,pca,0.44050156978749666,0.6637029228408571
0.5,fixed,3001,1,829720705,edges-cov,sfa,0.8615093063085231,0.9281752562466439
0.5,fixed,3001,1,829720705,edges-cov,pca,0.4694013424393976,0.6851287050178219
0.5,fixed,3001,1,829720705,node-var,sfa,0.8556655774292479,0.9250219334854973
0.5,fixed,3001,1,829720705,node-var,pca,0.46254288485627937,0.6801050542793219
0.5,proportional,51,1,829720705,edges-corr,sfa,0.2036052333726483,0.45122636599898314
0.5,proportional,51,1,829720705,edges-corr,pca,0.20059297204478652,0.44787606772944066
0.5,proportional,51,1,829720705,edges-cov,sfa,0.2206283469185532,0.46971091845788854
0.5,proportional,51,1,829720705,edges-cov,pca,0.22274283657341665,0.4719563926608227
0.5,proportional,51,1,829720705,node-var,sfa,0.2425584719928993,0.49250225582518836
0.5,proportional,51,1,829720705,node-var,pca,0.2501414167273277,0.5001413967342913
0.5,fixed,3001,1,831882777,edges-corr,sfa,0.24702312573283572,0.497014210795663
0.5,fixed,3001,1,831882777,edges-corr,pca,0.16225336410463548,0.40280685707251246
0.5,fixed,3001,1,831882777,edges-cov,sfa,0.22047282614224095,0.4695453398152738
0.5,fixed,3001,1,831882777,edges-cov,pca,0.13287216153794246,0.3645163391920072
0.5,fixed,3001,1,831882777,node-var,sfa,0.1083558603432649,0.3291745135080553
0.5,fixed,3001,1,831882777,node-var,pca,0.00880413862678654,0.09383037155839542
0.5,proportional,51,1,831882777,edges-corr,sfa,0.00591105075189821,0.07688335809457213
0.5,proportional,51,1,831882777,edges-corr,pca,0.010993634593691109,0.1048505345417519
0.5,proportional,51,1,831882777,edges-cov,sfa,0.0050885168064064385,0.07133384054154408
0.5,proportional,51,1,831882777,edges-cov,pca,0.016847355375128773,0.12979736274334996
0.5,proportional,51,1,831882777,node-var,sfa,0.005389494378794645,0.07341317578469579
0.5,proportional,51,1,831882777,node-var,pca,0.008736340581127358,0.09346839348746376
0.5,fixed,3001,1,835479236,edges-corr,sfa,0.1098452473298174,0.33142909849591873
0.5,fixed,3001,1,835479236,edges-corr,pca,0.11916881552176808,0.34520836537049343
0.5,fixed,3001,1,835479236,edges-cov,sfa,0.07637356480269313,0.2763576754908268
0.5,fixed,3001,1,835479236,edges-cov,pca,0.04061611210521958,0.20153439434801093
0.5,fixed,3001,1,835479236,node-var,sfa,0.050547770032264384,0.2248283123458084
0.5,fixed,3001,1,835479236,node-var,pca,0.014812878435092873,0.1217081691386937
0.5,proportional,51,1,835479236,edges-corr,sfa,0.08744652793931662,0.29571359106290096
0.5,proportional,51,1,835479236,edges-corr,pca,0.05378162921518388,0.2319086656750538
0.5,proportional,51,1,835479236,edges-cov,sfa,0.1479475549328134,0.3846395129635194
0.5,proportional,51,1,835479236,edges-cov,pca,0.1374971537863022,0.3708060865011552
0.5,proportional,51,1,835479236,node-var,sfa,0.1420193185922623,0.3768545058670021
0.5,proportional,51,1,835479236,node-var,pca,0.1537261661244304,0.39207928550795745
0.5,fixed,3001,1,839068429,edges-corr,sfa,0.31379319779756865,0.5601724714742493
0.5,fixed,3001,1,839068429,edges-corr,pca,0.30628007090867737,0.5534257591661933
0.5,fixed,3001,1,839068429,edges-cov,sfa,0.3580863391597316,0.5984031577120325
0.5,fixed,3001,1,839068429,edges-cov,pca,0.444035657657745,0.6663600060460899
0.5,fixed,3001,1,839068429,node-var,sfa,0.2942988913523889,0.5424932177939084
0.5,fixed,3001,1,839068429,node-var,pca,0.28207752212030635,0.531109708177422
0.5,proportional,51,1,839068429,edges-corr,sfa,0.012184639220104347,0.11038405328716801
0.5,proportional,51,1,839068429,edges-corr,pca,0.0002758244476862517,0.016607963381650735
0.5,proportional,51,1,839068429,edges-cov,sfa,0.06221045912231718,0.24942024601526874
0.5,proportional,51,1,839068429,edges-cov,pca,0.031430321399451074,0.17728598760040534
0.5,proportional,51,1,839068429,node-var,sfa,0.0155443092178502,0.12467681908779274
0.5,proportional,51,1,839068429,node-var,pca,0.04178386010125346,0.2044110077790662
0.5,fixed,3001,1,847657808,edges-corr,sfa,0.1954852386437023,0.4421371265158608
0.5,fixed,3001,1,847657808,edges-corr,pca,0.04535679704023686,0.21297135262808672
0.5,fixed,3001,1,847657808,edges-cov,sfa,0.16621686505766592,0.40769702605938385
0.5,fixed,3001,1,847657808,edges-cov,pca,0.0737855561494722,0.27163496856898267
0.5,fixed,3001,1,847657808,node-var,sfa,0.16017860720107768,0.40022319673037154
0.5,fixed,3001,1,847657808,node-var,pca,0.122198581006541,0.349569136232793
0.5,proportional,51,1,847657808,edges-corr,sfa,0.15895087526183285,0.398686437268479
0.5,proportional,51,1,847657808,edges-corr,pca,0.17060130153296535,0.4130391041208633
0.5,proportional,51,1,847657808,edges-cov,sfa,0.0001218498507493416,0.011038561987385023
0.5,proportional,51,1,847657808,edges-cov,pca,0.11540906352572775,0.3397190950266525
0.5,proportional,51,1,847657808,node-var,sfa,0.06261369005923353,0.2502272768089713
0.5,proportional,51,1,847657808,node-var,pca,0.08180973616446956,0.2860240132654417
0.5,fixed,3001,2,766640955,edges-corr,sfa,0.04148759774524886,0.2036850454629619
0.5,fixed,3001,2,766640955,edges-corr,pca,0.06535990265502839,0.2556558285176154
0.5,fixed,3001,2,766640955,edges-cov,sfa,0.026895656563548604,0.16399895293430566
0.5,fixed,3001,2,766640955,edges-cov,pca,0.0048001768052928755,0.06928330827329823
0.5,fixed,3001,2,766640955,node-var,sfa,0.0008108285918113264,0.028475052094971247
0.5,fixed,3001,2,766640955,node-var,pca,1.3130496701409206e-05,0.0036236027240039996
0.5,proportional,51,2,766640955,edges-corr,sfa,0.00022036481870219352,0.014844689916000048
0.5,proportional,51,2,766640955,edges-corr,pca,0.0010012904195830265,0.031643173348812954
0.5,proportional,51,2,766640955,edges-cov,sfa,0.0005691973386247663,0.023857856957924077
0.5,proportional,51,2,766640955,edges-cov,pca,0.028027701329176553,0.16741475839715134
0.5,proportional,51,2,766640955,node-var,sfa,0.024293772893263184,0.15586459794726698
0.5,proportional,51,2,766640955,node-var,pca,0.024909981701402593,0.1578289634427173
0.5,fixed,3001,2,767871931,edges-corr,sfa,0.6378349127058045,0.7986456740669197
0.5,fixed,3001,2,767871931,edges-corr,pca,0.37819216446431886,0.614973303863118
0.5,fixed,3001,2,767871931,edges-cov,sfa,0.6043379297427841,0.7773917479255772
0.5,fixed,3001,2,767871931,edges-cov,pca,0.22146094274986236,0.4705963692484913
0.5,fixed,3001,2,767871931,node-var,sfa,0.10735100741238192,0.32764463586694337
0.5,fixed,3001,2,767871931,node-var,pca,0.04193433128679018,0.2047787373893837
0.5,proportional,51,2,767871931,edges-corr,sfa,0.01564726274688167,0.12508901928979085
0.5,proportional,51,2,767871931,edges-corr,pca,0.004127422085288877,0.06424501603462231
0.5,proportional,51,2,767871931,edges-cov,sfa,0.040777693273460675,0.2019348738416935
0.5,proportional,51,2,767871931,edges-cov,pca,0.023788342542979478,0.15423469954254612
0.5,proportional,51,2,767871931,node-var,sfa,0.009925931197592117,0.09962896766298503
0.5,proportional,51,2,767871931,node-var,pca,0.01062915467253853,0.10309779179273691
0.5,fixed,3001,2,771160300,edges-corr,sfa,0.5518470911984785,0.7428641135486883
0.5,fixed,3001,2,771160300,edges-corr,pca,0.6263754049936586,0.7914388194886947
0.5,fixed,3001,2,771160300,edges-cov,sfa,0.6005742117978943,0.7749672327252903
0.5,fixed,3001,2,771160300,edges-cov,pca,0.5439648480862116,0.737539726446116
0.5,fixed,3001,2,771160300,node-var,sfa,0.22474698367619184,0.47407487138235016
0.5,fixed,3001,2,771160300,node-var,pca,0.31253578372356544,0.5590489993941188
0.5,proportional,51,2,771160300,edges-corr,sfa,0.006982565675932904,0.08356174768357172
0.5,proportional,51,2,771160300,edges-corr,pca,0.06443117557473374,0.2538329678641719
0.5,proportional,51,2,771160300,edges-cov,sfa,1.1083721988511804e-05,0.003329222430014523
0.5,proportional,51,2,771160300,edges-cov,pca,0.07550467343671059,0.2747811373379013
0.5,proportional,51,2,771160300,node-var,sfa,0.0014226277284623051,0.037717737584090395
0.5,proportional,51,2,771160300,node-var,pca,0.023923040942402034,0.15467075011909018
0.5,fixed,3001,2,771990200,edges-corr,sfa,0.04967569002573458,0.22288043885844847
0.5,fixed,3001,2,771990200,edges-corr,pca,0.01566432957211943,0.12515721941669777
0.5,fixed,3001,2,771990200,edges-cov,sfa,0.05263521393096029,0.22942365599684852
0.5,fixed,3001,2,771990200,edges-cov,pca,0.09107784634990154,0.30179106406569023
0.5,fixed,3001,2,771990200,node-var,sfa,0.04336550730839865,0.20824386499582323
0.5,fixed,3001,2,771990200,node-var,pca,0.08448486439504967,0.2906628018771058
0.5,proportional,51,2,771990200,edges-corr,sfa,0.14157110695212116,0.37625936128171106
0.5,proportional,51,2,771990200,edges-corr,pca,0.1306058686004657,0.3613943394693194
0.5,proportional,51,2,771990200,edges-cov,sfa,0.11416412147030525,0.33788181583255594
0.5,proportional,51,2,771990200,edges-cov,pca,0.08845566441414272,0.2974149700572295
0.5,proportional,51,2,771990200,node-var,sfa,0.11791895694142968,0.3433932977526348
0.5,proportional,51,2,771990200,node-var,pca,0.0907844320837639,0.30130455038675386
0.5,fixed,3001,2,774875821,edges-corr,sfa,0.5128712381582059,0.7161502902032547
0.5,fixed,3001,2,774875821,edges-corr,pca,0.31617444058115174,0.5622939094291808
0.5,fixed,3001,2,774875821,edges-cov,sfa,0.3847258535571323,0.6202627294599703
0.5,fixed,3001,2,774875821,edges-cov,pca,0.10865040869558407,0.3296216144241516
0.5,fixed,3001,2,774875821,node-var,sfa,0.2678849026153878,0.5175759872862996
0.5,fixed,3001,2,774875821,node-var,pca,0.04276032058013668,0.2067856875611479
0.5,proportional,51,2,774875821,edges-corr,sfa,0.1743035812855231,0.41749680392252475
0.5,proportional,51,2,774875821,edges-corr,pca,0.00587640601397223,0.0766577198589433
0.5,proportional,51,2,774875821,edges-cov,sfa,0.09998878316745397,0.3162100301499843
0.5,proportional,51,2,774875821,edges-cov,pca,0.027963593076772257,0.1672231834309234
0.5,proportional,51,2,774875821,node-var,sfa,0.1374312285011051,0.37071718128663134
0.5,proportional,51,2,774875821,node-var,pca,0.04982341115157256,0.22321158382031286
0.5,fixed,3001,2,778240327,edges-corr,sfa,0.21513427562830115,0.4638256953083789
0.5,fixed,3001,2,778240327,edges-corr,pca,0.26295432589987094,0.5127907232974003
0.5,fixed,3001,2,778240327,edges-cov,sfa,0.24104564872133943,0.49096399941476304
0.5,fixed,3001,2,778240327,edges-cov,pca,0.26127800462082584,0.511153601787981
0.5,fixed,3001,2,778240327,node-var,sfa,0.2520302318186803,0.5020261266295613
0.5,fixed,3001,2,778240327,node-var,pca,0.24114067232723455,0.49106076235760737
0.5,proportional,51,2,778240327,edges-corr,sfa,0.052468632006138244,0.22906032394576378
0.5,proportional,51,2,778240327,edges-corr,pca,0.05672047832506019,0.2381606145546744
0.5,proportional,51,2,778240327,edges-cov,sfa,0.05179379595313731,0.2275825036182204
0.5,proportional,51,2,778240327,edges-cov,pca,0.10155567564561836,0.3186780124916345
0.5,proportional,51,2,778240327,node-var,sfa,0.021876501991315217,0.14790707214773477
0.5,proportional,51,2,778240327,node-var,pca,0.04756906145618766,0.2181033274761934
0.5,fixed,3001,2,778998620,edges-corr,sfa,0.0009885891542913668,0.031441837641769076
0.5,fixed,3001,2,778998620,edges-corr,pca,0.18316860642491398,0.42798201647372286
0.5,fixed,3001,2,778998620,edges-cov,sfa,0.0755885168600791,0.27493365901627814
0.5,fixed,3001,2,778998620,edges-cov,pca,0.07227837039051083,0.26884636949475593
0.5,fixed,3001,2,778998620,node-var,sfa,0.0005826412232704867,0.024137962284966945
0.5,fixed,3001,2,778998620,node-var,pca,0.013424224845102955,0.11586295717399481
0.5,proportional,51,2,778998620,edges-corr,sfa,0.08688484148471935,0.29476234746778524
0.5,proportional,51,2,778998620,edges-corr,pca,0.01062058553005576,0.10305622509123726
0.5,proportional,51,2,778998620,edges-cov,sfa,0.11217747752015596,0.33492906341515954
0.5,proportional,51,2,778998620,edges-cov,pca,0.06552057322918477,0.25596986781491443
0.5,proportional,51,2,778998620,node-var,sfa,0.09254029268997367,0.30420436007719165
0.5,proportional,51,2,778998620,node-var,pca,0.03510613861500521,0.18736632198718425
0.5,fixed,3001,2,779839471,edges-corr,sfa,0.006773825169166543,0.08230325126728921
0.5,fixed,3001,2,779839471,edges-corr,pca,0.10946673801243405,0.3308575796508734
0.5,fixed,3001,2,779839471,edges-cov,sfa,0.004084122031369817,0.0639071359972407
0.5,fixed,3001,2,779839471,edges-cov,pca,0.024851612393084935,0.15764394182170444
0.5,fixed,3001,2,779839471,node-var,sfa,0.0005161583144894529,0.022719117819348815
0.5,fixed,3001,2,779839471,node-var,pca,0.006498760897598606,0.08061489252984591
0.5,proportional,51,2,779839471,edges-corr,sfa,0.09887849224760598,0.31444950667413357
0.5,proportional,51,2,779839471,edges-corr,pca,0.0010661422075826416,0.03265183314276002
0.5,proportional,51,2,779839471,edges-cov,sfa,0.1429912450134861,0.37814183187461037
0.5,proportional,51,2,779839471,edges-cov,pca,0.0031215623122077076,0.05587094336242863
0.5,proportional,51,2,779839471,node-var,sfa,0.013392076002186006,0.11572413750893115
0.5,proportional,51,2,779839471,node-var,pca,0.012349504660471411,0.11112832519421595
0.5,fixed,3001,2,781842082,edges-corr,sfa,0.0769531236207279,0.2774042602786192
0.5,fixed,3001,2,781842082,edges-corr,pca,0.005841823372793701,0.07643182172886959
0.5,fixed,3001,2,781842082,edges-cov,sfa,0.015424250138642542,0.12419440461889796
0.5,fixed,3001,2,781842082,edges-cov,pca,0.02801609592078774,0.16738009415933466
0.5,fixed,3001,2,781842082,node-var,sfa,0.19678818550697982,0.4436081440945148
0.5,fixed,3001,2,781842082,node-var,pca,0.16292625371000122,0.40364124381683447
0.5,proportional,51,2,781842082,edges-corr,sfa,0.23924931003414945,0.4891311787589802
0.5,proportional,51,2,781842082,edges-corr,pca,0.18944899472363355,0.4352573890511608
0.5,proportional,51,2,781842082,edges-cov,sfa,0.25325855569979305,0.5032480061558049
0.5,proportional,51,2,781842082,edges-cov,pca,0.29546455343277206,0.5435665124276624
0.5,proportional,51,2,781842082,node-var,sfa,0.46853704939361684,0.6844976620804609
0.5,proportional,51,2,781842082,node-var,pca,0.2562930159043678,0.5062539045818489
0.5,fixed,3001,2,786091066,edges-corr,sfa,0.7040935285946067,0.8391028116950906
0.5,fixed,3001,2,786091066,edges-corr,pca,0.2095617836494284,0.45777918656206773
0.5,fixed,3001,2,786091066,edges-cov,sfa,0.6810930997094071,0.825283648032243
0.5,fixed,3001,2,786091066,edges-cov,pca,0.16895805355892762,0.4110450748505906
0.5,fixed,3001,2,786091066,node-var,sfa,0.4115177582984004,0.6414964990538923
0.5,fixed,3001,2,786091066,node-var,pca,0.2646663024693402,0.5144572892566887
0.5,proportional,51,2,786091066,edges-corr,sfa,0.13357826794813718,0.3654836083166209
0.5,proportional,51,2,786091066,edges-corr,pca,0.04834989167374805,0.2198860879495291
0.5,proportional,51,2,786091066,edges-cov,sfa,0.26734381591867656,0.5170530107432666
0.5,proportional,51,2,786091066,edges-cov,pca,0.001340490191943485,0.03661270533494466
0.5,proportional,51,2,786091066,node-var,sfa,0.19913516653495178,0.44624563475170465
0.5,proportional,51,2,786091066,node-var,pca,0.07340231702225107,0.27092861979172866
0.5,fixed,3001,2,787025148,edges-corr,sfa,0.4455429843504519,0.6674900631098952
0.5,fixed,3001,2,787025148,edges-corr,pca,0.617429415759678,0.7857667693149654
0.5,fixed,3001,2,787025148,edges-cov,sfa,0.5633269254263568,0.7505510811572765
0.5,fixed,3001,2,787025148,edges-cov,pca,0.6331732817936438,0.7957218620809936
0.5,fixed,3001,2,787025148,node-var,sfa,0.6798412560832603,0.8245248668677375
0.5,fixed,3001,2,787025148,node-var,pca,0.6566524931127473,0.8103409733641433
0.5,proportional,51,2,787025148,edges-corr,sfa,0.007251316738073433,0.0851546636307926
0.5,proportional,51,2,787025148,edges-corr,pca,0.09719557205861364,0.3117620439672117
0.5,proportional,51,2,787025148,edges-cov,sfa,0.2640767683068896,0.5138840027738649
0.5,proportional,51,2,787025148,edges-cov,pca,0.08245170071211524,0.2871440417492852
0.5,proportional,51,2,787025148,node-var,sfa,0.15885949660930648,0.3985718211430739
0.5,proportional,51,2,787025148,node-var,pca,0.03232938240911977,0.17980373302331565
0.5,fixed,3001,2,789848216,edges-corr,sfa,0.6698491817042281,0.8184431450652074
0.5,fixed,3001,2,789848216,edges-corr,pca,0.49689387674163893,0.7049069986470832
0.5,fixed,3001,2,789848216,edges-cov,sfa,0.5439163047439783,0.7375068167440748
0.5,fixed,3001,2,789848216,edges-cov,pca,0.3546782831723173,0.5955487244317775
0.5,fixed,3001,2,789848216,node-var,sfa,0.46677616237740965,0.6832101890175597
0.5,fixed,3001,2,789848216,node-var,pca,0.32944138500464837,0.5739698467730238
0.5,proportional,51,2,789848216,edges-corr,sfa,0.14203528084432748,0.37687568354077644
0.5,proportional,51,2,789848216,edges-corr,pca,0.13497818893323799,0.3673937791161385
0.5,proportional,51,2,789848216,edges-cov,sfa,0.1545572226428331,0.39313766372968273
0.5,proportional,51,2,789848216,edges-cov,pca,0.1846606692388939,0.42972161830526273
0.5,proportional,51,2,789848216,node-var,sfa,0.12045195239012854,0.34706188553358686
0.5,proportional,51,2,789848216,node-var,pca,0.13031688847267686,0.3609943053189023
0.5,fixed,3001,2,793224716,edges-corr,sfa,0.08931393794851429,0.298854375822932
0.5,fixed,3001,2,793224716,edges-corr,pca,0.10987819232411308,0.3314787961908168
0.5,fixed,3001,2,793224716,edges-cov,sfa,0.01734761419062743,0.13171034200330448
0.5,fixed,3001,2,793224716,edges-cov,pca,0.051316463448866284,0.22653137409389076
0.5,fixed,3001,2,793224716,node-var,sfa,0.03444070144016333,0.1855820612024862
0.5,fixed,3001,2,793224716,node-var,pca,0.01936845353906543,0.1391705915021756
0.5,proportional,51,2,793224716,edges-corr,sfa,0.12774084344303802,0.3574085105912253
0.5,proportional,51,2,793224716,edges-corr,pca,0.1395600939869128,0.3735774270307466
0.5,proportional,51,2,793224716,edges-cov,sfa,0.04049197082560942,0.20122616834201615
0.5,proportional,51,2,793224716,edges-cov,pca,0.12018998454322798,0.34668427213132696
0.5,proportional,51,2,793224716,node-var,sfa,0.0843959110569931,0.29050974348030584
0.5,proportional,51,2,793224716,node-var,pca,0.09533171143019586,0.3087583382359023
0.5,fixed,3001,2,794812542,edges-corr,sfa,0.35784676789146797,0.5982029487485564
0.5,fixed,3001,2,794812542,edges-corr,pca,0.3571502906667783,0.5976205239671561
0.5,fixed,3001,2,794812542,edges-cov,sfa,0.3721606581552848,0.6100497177733015
0.5,fixed,3001,2,794812542,edges-cov,pca,0.3963982251893983,0.6296016400783898
0.5,fixed,3001,2,794812542,node-var,sfa,0.43982930027300443,0.6631962758286603
0.5,fixed,3001,2,794812542,node-var,pca,0.44874362782447047,0.6698832941822557
0.5,proportional,51,2,794812542,edges-corr,sfa,0.03770274296715139,0.1941719417607791
0.5,proportional,51,2,794812542,edges-corr,pca,0.03220908273022187,0.17946889070315744
0.5,proportional,51,2,794812542,edges-cov,sfa,0.02693064828407071,0.1641056010137092
0.5,proportional,51,2,794812542,edges-cov,pca,0.043850470343409984,0.2094050389637508
0.5,proportional,51,2,794812542,node-var,sfa,0.0341492396392232,0.18479512882980223
0.5,proportional,51,2,794812542,node-var,pca,0.03139739090623169,0.17719308932978084
0.5,fixed,3001,2,816200189,edges-corr,sfa,0.005666537909379482,0.07527641004577384
0.5,fixed,3001,2,816200189,edges-corr,pca,0.0546815641970146,0.23384089504835248
0.5,fixed,3001,2,816200189,edges-cov,sfa,0.019866072978694017,0.14094705736089
0.5,fixed,3001,2,816200189,edges-cov,pca,0.14086346864115423,0.37531782350583115
0.5,fixed,3001,2,816200189,node-var,sfa,0.17922463862143118,0.4233493104062308
0.5,fixed,3001,2,816200189,node-var,pca,0.14070342715580092,0.3751045549654135
0.5,proportional,51,2,816200189,edges-corr,sfa,0.001627897932992853,0.04034721716541121
0.5,proportional,51,2,816200189,edges-corr,pca,0.09922652677681534,0.3150024234459401
0.5,proportional,51,2,816200189,edges-cov,sfa,0.07874825780470678,0.2806211998490256
0.5,proportional,51,2,816200189,edges-cov,pca,0.10175867693805274,0.31899635881629235
0.5,proportional,51,2,816200189,node-var,sfa,0.10476140925072915,0.32366867202546673
0.5,proportional,51,2,816200189,node-var,pca,0.10456389371238671,0.3233634081221725
0.5,fixed,3001,2,829720705,edges-corr,sfa,0.6288283574321885,0.7929869844027634
0.5,fixed,3001,2,829720705,edges-corr,pca,0.037224079506711576,0.19293542833474514
0.5,fixed,3001,2,829720705,edges-cov,sfa,0.49068247247553487,0.700487310717
0.5,fixed,3001,2,829720705,edges-cov,pca,0.4440045048944035,0.666336630311139
0.5,fixed,3001,2,829720705,node-var,sfa,0.6878149431758399,0.829346093724351
0.5,fixed,3001,2,829720705,node-var,pca,0.6097767832869567,0.7808820546580365
0.5,proportional,51,2,829720705,edges-corr,sfa,0.11180158277750098,0.33436743677801667
0.5,proportional,51,2,829720705,edges-corr,pca,0.1659869933791893,0.407415013688977
0.5,proportional,51,2,829720705,edges-cov,sfa,0.27362119236006954,0.5230881305861084
0.5,proportional,51,2,829720705,edges-cov,pca,0.20532122933254285,0.453123856503432
0.5,proportional,51,2,829720705,node-var,sfa,0.28155522575605946,0.5306177774595
0.5,proportional,51,2,829720705,node-var,pca,0.2151426908894873,0.463834766796849
0.5,fixed,3001,2,831882777,edges-corr,sfa,0.32641619421896095,0.5713284468840677
0.5,fixed,3001,2,831882777,edges-corr,pca,0.2685521543967566,0.5182201794573004
0.5,fixed,3001,2,831882777,edges-cov,sfa,0.29036765868449776,0.5388577351068626
0.5,fixed,3001,2,831882777,edges-cov,pca,0.31343023439725143,0.5598484030496572
0.5,fixed,3001,2,831882777,node-var,sfa,0.39524739497316225,0.6286870405640331
0.5,fixed,3001,2,831882777,node-var,pca,0.12145056365397462,0.34849758055684493
0.5,proportional,51,2,831882777,edges-corr,sfa,0.0005888810481230917,0.024266871411928893
0.5,proportional,51,2,831882777,edges-corr,pca,0.005082424659991513,0.07129112609568959
0.5,proportional,51,2,831882777,edges-cov,sfa,0.008347208532944086,0.091363058907548
0.5,proportional,51,2,831882777,edges-cov,pca,0.014853543284687335,0.12187511347558752
0.5,proportional,51,2,831882777,node-var,sfa,0.01193524366980721,0.10924854081317155
0.5,proportional,51,2,831882777,node-var,pca,0.012588818655606578,0.11219990488234194
0.5,fixed,3001,2,835479236,edges-corr,sfa,0.010398618731895348,0.10197361782292197
0.5,fixed,3001,2,835479236,edges-corr,pca,0.00900842110119036,0.09491270252811454
0.5,fixed,3001,2,835479236,edges-cov,sfa,0.008011587893264152,0.08950747395197874
0.5,fixed,3001,2,835479236,edges-cov,pca,0.009093179941861134,0.09535816662384577
0.5,fixed,3001,2,835479236,node-var,sfa,0.014036362816622763,0.11847515695968823
0.5,fixed,3001,2,835479236,node-var,pca,0.03266162527078265,0.18072527568323876
0.5,proportional,51,2,835479236,edges-corr,sfa,0.0005956722669297128,0.024406398073655047
0.5,proportional,51,2,835479236,edges-corr,pca,0.008659100599248916,0.09305428845168241
0.5,proportional,51,2,835479236,edges-cov,sfa,0.008808639207890708,0.09385435103334692
0.5,proportional,51,2,835479236,edges-cov,pca,0.032611597201228776,0.1805868134754827
0.5,proportional,51,2,835479236,node-var,sfa,0.0018093806369930195,0.04253681507815341
0.5,proportional,51,2,835479236,node-var,pca,0.03705612830984631,0.19249968392141922
0.5,fixed,3001,2,839068429,edges-corr,sfa,0.156765340401023,0.39593603069311967
0.5,fixed,3001,2,839068429,edges-corr,pca,0.07019028524786529,0.2649344923709733
0.5,fixed,3001,2,839068429,edges-cov,sfa,0.18811859248504037,0.4337264027990922
0.5,fixed,3001,2,839068429,edges-cov,pca,0.1342934242504051,0.3664606721742527
0.5,fixed,3001,2,839068429,node-var,sfa,0.21739682669998026,0.46625832614547513
0.5,fixed,3001,2,839068429,node-var,pca,0.16737911014016596,0.40911992146577997
0.5,proportional,51,2,839068429,edges-corr,sfa,0.011217732873766924,0.10591379926037459
0.5,proportional,51,2,839068429,edges-corr,pca,0.001971580729570965,0.04440248562379098
0.5,proportional,51,2,839068429,edges-cov,sfa,0.0003628795147304117,0.019049396702531335
0.5,proportional,51,2,839068429,edges-cov,pca,0.007384861369004435,0.08593521611658654
0.5,proportional,51,2,839068429,node-var,sfa,0.004410357874034296,0.06641052532569137
0.5,proportional,51,2,839068429,node-var,pca,0.023317744621805064,0.15270148860376268
0.5,fixed,3001,2,847657808,edges-corr,sfa,0.007874856394836812,0.08874038761937438
0.5,fixed,3001,2,847657808,edges-corr,pca,0.023936677802056636,0.15471482735037595
0.5,fixed,3001,2,847657808,edges-cov,sfa,0.03961032890425934,0.19902343807767803
0.5,fixed,3001,2,847657808,edges-cov,pca,0.0025129733287686425,0.05012956541571693
0.5,fixed,3001,2,847657808,node-var,sfa,0.01952190619652094,0.13972081518700405
0.5,fixed,3001,2,847657808,node-var,pca,0.029935974129072934,0.17302015526831818
0.5,proportional,51,2,847657808,edges-corr,sfa,0.0002082782903604928,0.014431849859269352
0.5,proportional,51,2,847657808,edges-corr,pca,0.003785034732614275,0.061522635936818205
0.5,proportional,51,2,847657808,edges-cov,sfa,0.19224117768175011,0.4384531647528047
0.5,proportional,51,2,847657808,edges-cov,pca,0.1147295236735244,0.33871746880479076
0.5,proportional,51,2,847657808,node-var,sfa,0.049053872726995865,0.22148108886989848
0.5,proportional,51,2,847657808,node-var,pca,0.07196536925915707,0.26826361896305856
0.5,fixed,3001,3,766640955,edges-corr,sfa,0.005279988546905107,0.0726635296892816
0.5,fixed,3001,3,766640955,edges-corr,pca,0.03466514047744716,0.18618576872964046
0.5,fixed,3001,3,766640955,edges-cov,sfa,0.029563218444470865,0.17193957788848635
0.5,fixed,3001,3,766640955,edges-cov,pca,0.09347597007632277,0.30573840137660624
0.5,fixed,3001,3,766640955,node-var,sfa,0.03782290273226345,0.19448111150511108
0.5,fixed,3001,3,766640955,node-var,pca,0.126887169080342,0.35621225284981706
0.5,proportional,51,3,766640955,edges-corr,sfa,0.0036504993835820986,0.06041936265455056
0.5,proportional,51,3,766640955,edges-corr,pca,0.0002928165511045182,0.017111883330145697
0.5,proportional,51,3,766640955,edges-cov,sfa,0.11671748951740936,0.3416394144670801
0.5,proportional,51,3,766640955,edges-cov,pca,0.07945894248825375,0.2818846262006031
0.5,proportional,51,3,766640955,node-var,sfa,0.10494616596226454,0.32395395654670517
0.5,proportional,51,3,766640955,node-var,pca,0.11194929382831606,0.33458824520343816
0.5,fixed,3001,3,767871931,edges-corr,sfa,0.03895978126984596,0.19738232258701882
0.5,fixed,3001,3,767871931,edges-corr,pca,0.01594351464203139,0.12626763101456917
0.5,fixed,3001,3,767871931,edges-cov,sfa,0.03797255313482515,0.1948654744556489
0.5,fixed,3001,3,767871931,edges-cov,pca,0.02393961346215727,0.1547243143858045
0.5,fixed,3001,3,767871931,node-var,sfa,0.02743195147231902,0.1656259384043424
0.5,fixed,3001,3,767871931,node-var,pca,0.032887238325029114,0.18134838936430925
0.5,proportional,51,3,767871931,edges-corr,sfa,0.07458098667881556,0.2730951970995015
0.5,proportional,51,3,767871931,edges-corr,pca,0.005093196086674187,0.07136663146509149
0.5,proportional,51,3,767871931,edges-cov,sfa,0.00027984092846477967,0.01672844668415988
0.5,proportional,51,3,767871931,edges-cov,pca,0.005639800411518265,0.0750986045910193
0.5,proportional,51,3,767871931,node-var,sfa,0.06650381604770052,0.25788333805754204
0.5,proportional,51,3,767871931,node-var,pca,0.02067522289011679,0.14378881350827258
0.5,fixed,3001,3,771160300,edges-corr,sfa,0.026171083117475482,0.1617747913535217
0.5,fixed,3001,3,771160300,edges-corr,pca,0.040620056073319886,0.20154417896163582
0.5,fixed,3001,3,771160300,edges-cov,sfa,0.023137863782243327,0.15211135323256883
0.5,fixed,3001,3,771160300,edges-cov,pca,0.045326512852607075,0.21290024155131218
0.5,fixed,3001,3,771160300,node-var,sfa,0.022769811070461773,0.1508966900580055
0.5,fixed,3001,3,771160300,node-var,pca,0.07187588165441416,0.26809677665800863
0.5,proportional,51,3,771160300,edges-corr,sfa,0.11117757303438097,0.33343301131468817
0.5,proportional,51,3,771160300,edges-corr,pca,0.0468692126400813,0.216492985198323
0.5,proportional,51,3,771160300,edges-cov,sfa,0.07036463930539047,0.2652633395427843
0.5,proportional,51,3,771160300,edges-cov,pca,0.0008653530239570461,0.029416883314808285
0.5,proportional,51,3,771160300,node-var,sfa,0.08817688425602598,0.296945928168793
0.5,proportional,51,3,771160300,node-var,pca,0.005523288461744134,0.07431882979261806
0.5,fixed,3001,3,771990200,edges-corr,sfa,0.018847153879427418,0.13728493682639556
0.5,fixed,3001,3,771990200,edges-corr,pca,0.008473576820863471,0.09205203322503784
0.5,fixed,3001,3,771990200,edges-cov,sfa,0.013720958093349169,0.11713649343116418
0.5,fixed,3001,3,771990200,edges-cov,pca,0.0013492744140204285,0.03673247084012221
0.5,fixed,3001,3,771990200,node-var,sfa,0.08862957400350373,0.2977071950818517
0.5,fixed,3001,3,771990200,node-var,pca,0.04933725247693727,0.22211990562967848
0.5,proportional,51,3,771990200,edges-corr,sfa,0.10657416024329763,0.3264569806931652
0.5,proportional,51,3,771990200,edges-corr,pca,0.0140504589328912,0.11853463178704864
0.5,proportional,51,3,771990200,edges-cov,sfa,0.020928338549618786,0.14466630067026248
0.5,proportional,51,3,771990200,edges-cov,pca,0.006528377492261294,0.0807983755545945
0.5,proportional,51,3,771990200,node-var,sfa,0.03515521717406847,0.18749724577728727
0.5,proportional,51,3,771990200,node-var,pca,5.7933655014161545e-06,0.002406941108838385
0.5,fixed,3001,3,774875821,edges-corr,sfa,0.5540644989624561,0.7443550892970747
0.5,fixed,3001,3,774875821,edges-corr,pca,0.4001356998575386,0.6325628030935257
0.5,fixed,3001,3,774875821,edges-cov,sfa,0.770376447717638,0.8777109135231475
0.5,fixed,3001,3,774875821,edges-cov,pca,0.6136413158391696,0.783352612709736
0.5,fixed,3001,3,774875821,node-var,sfa,0.8171468557493426,0.903961755689555
0.5,fixed,3001,3,774875821,node-var,pca,0.6903192032745036,0.830854501868109
0.5,proportional,51,3,774875821,edges-corr,sfa,0.0001446685773110675,0.012027825128054843
0.5,proportional,51,3,774875821,edges-corr,pca,0.1038536894944508,0.32226338528360743
0.5,proportional,51,3,774875821,edges-cov,sfa,0.13242096885874446,0.3638969206502639
0.5,proportional,51,3,774875821,edges-cov,pca,0.1283920061560767,0.358318302848287
0.5,proportional,51,3,774875821,node-var,sfa,0.137592924560971,0.37093520264457375
0.5,proportional,51,3,774875821,node-var,pca,0.1552382644684753,0.39400287368047876
0.5,fixed,3001,3,778240327,edges-corr,sfa,0.3126088169587762,0.5591143147503703
0.5,fixed,3001,3,778240327,edges-corr,pca,0.5176240807712368,0.7194609654256697
0.5,fixed,3001,3,778240327,edges-cov,sfa,0.5126254927210937,0.7159786957173333
0.5,fixed,3001,3,778240327,edges-cov,pca,0.4754136064657021,0.6895024339809847
0.5,fixed,3001,3,778240327,node-var,sfa,0.5473425257538624,0.7398260104604747
0.5,fixed,3001,3,778240327,node-var,pca,0.5344685176388978,0.7310735377777654
0.5,proportional,51,3,778240327,edges-corr,sfa,0.03423401867278925,0.18502437318577586
0.5,proportional,51,3,778240327,edges-corr,pca,0.004693504048246876,0.06850915302532119
0.5,proportional,51,3,778240327,edges-cov,sfa,0.04445799225831896,0.21085063969150997
0.5,proportional,51,3,778240327,edges-cov,pca,0.01964957869457804,0.14017695493403343
0.5,proportional,51,3,778240327,node-var,sfa,0.041888591539294126,0.20466702601858983
0.5,proportional,51,3,778240327,node-var,pca,0.03658541070901613,0.19127313117376452
0.5,fixed,3001,3,778998620,edges-corr,sfa,0.4930987147263769,0.702209879399583
0.5,fixed,3001,3,778998620,edges-corr,pca,0.42764079437406083,0.6539425008164409
0.5,fixed,3001,3,778998620,edges-cov,sfa,0.5372713253695097,0.7329879435362561
0.5,fixed,3001,3,778998620,edges-cov,pca,0.5006622238451519,0.7075748892132563
0.5,fixed,3001,3,778998620,node-var,sfa,0.5414674888812122,0.7358447450931563
0.5,fixed,3001,3,778998620,node-var,pca,0.43919179283964055,0.6627154689907582
0.5,proportional,51,3,778998620,edges-corr,sfa,0.05493295825684667,0.2343778109310834
0.5,proportional,51,3,778998620,edges-corr,pca,0.04163001952181666,0.20403435867965145
0.5,proportional,51,3,778998620,edges-cov,sfa,0.0073249006569085515,0.08558563347261357
0.5,proportional,51,3,778998620,edges-cov,pca,0.0206137929689298,0.14357504298773446
0.5,proportional,51,3,778998620,node-var,sfa,0.03133542817161044,0.1770181577454992
0.5,proportional,51,3,778998620,node-var,pca,4.268472790092952e-06,0.002066028264591981
0.5,fixed,3001,3,779839471,edges-corr,sfa,0.21099822948044794,0.4593454358981353
0.5,fixed,3001,3,779839471,edges-corr,pca,0.1791857208950564,0.42330334382692564
0.5,fixed,3001,3,779839471,edges-cov,sfa,0.21639377658928516,0.4651814448032995
0.5,fixed,3001,3,779839471,edges-cov,pca,0.2469705937429743,0.49696136041243116
0.5,fixed,3001,3,779839471,node-var,sfa,0.2282524388686393,0.47775771984201293
0.5,fixed,3001,3,779839471,node-var,pca,0.266650615159358,0.5163822374553156
0.5,proportional,51,3,779839471,edges-corr,sfa,0.004072988223860986,0.0638199672818859
0.5,proportional,51,3,779839471,edges-corr,pca,0.03735106040636839,0.1932642243312724
0.5,proportional,51,3,779839471,edges-cov,sfa,0.13684561325534103,0.3699264970981952
0.5,proportional,51,3,779839471,edges-cov,pca,0.12155276737792856,0.3486441844888977
0.5,proportional,51,3,779839471,node-var,sfa,0.08483919565764216,0.2912716870168506
0.5,proportional,51,3,779839471,node-var,pca,0.1084579895508491,0.32932960624706836
0.5,fixed,3001,3,781842082,edges-corr,sfa,0.7788800778745,0.8825418278328229
0.5,fixed,3001,3,781842082,edges-corr,pca,0.01610037226113948,0.12688724231040518
0.5,fixed,3001,3,781842082,edges-cov,sfa,0.7588671110355857,0.8711297900058209
0.5,fixed,3001,3,781842082,edges-cov,pca,0.14314943814087522,0.37835094573804784
0.5,fixed,3001,3,781842082,node-var,sfa,0.6616921148277626,0.8134445984993462
0.5,fixed,3001,3,781842082,node-var,pca,0.16726226003278025,0.4089770898629656
0.5,proportional,51,3,781842082,edges-corr,sfa,0.0693817288610597,0.2634041170161539
0.5,proportional,51,3,781842082,edges-corr,pca,0.03654564066774582,0.19116914151542821
0.5,proportional,51,3,781842082,edges-cov,sfa,0.09412843824027027,0.30680358250885903
0.5,proportional,51,3,781842082,edges-cov,pca,0.06439976085466345,0.25377107962623213
0.5,proportional,51,3,781842082,node-var,sfa,0.07817488038451549,0.2795977116939899
0.5,proportional,51,3,781842082,node-var,pca,0.06807965818888051,0.26092078910826655
0.5,fixed,3001,3,786091066,edges-corr,sfa,0.007711671843274602,0.08781612518936714
0.5,fixed,3001,3,786091066,edges-corr,pca,7.937824823024477e-05,0.008909447133815026
0.5,fixed,3001,3,786091066,edges-cov,sfa,0.006218650236309343,0.07885841893107763
0.5,fixed,3001,3,786091066,edges-cov,pca,0.0070945425884777384,0.08422910772694757
0.5,fixed,3001,3,786091066,node-var,sfa,0.00984966678617002,0.09924548748517496
0.5,fixed,3001,3,786091066,node-var,pca,0.013559455433750556,0.11644507475093378
0.5,proportional,51,3,786091066,edges-corr,sfa,0.06190401390245907,0.24880517257978996
0.5,proportional,51,3,786091066,edges-corr,pca,0.0029755598193044286,0.05454869218692991
0.5,proportional,51,3,786091066,edges-cov,sfa,0.037180727316433605,0.1928230466423389
0.5,proportional,51,3,786091066,edges-cov,pca,0.013030968966915787,0.1141532696286698
0.5,proportional,51,3,786091066,node-var,sfa,0.029915951372325653,0.17296228309179332
0.5,proportional,51,3,786091066,node-var,pca,0.033700955559611126,0.18357820012085074
0.5,fixed,3001,3,787025148,edges-corr,sfa,0.1605616162077233,0.4007014052979142
0.5,fixed,3001,3,787025148,edges-corr,pca,0.1554941242672132,0.39432743281087257
0.5,fixed,3001,3,787025148,edges-cov,sfa,0.18001476531252097,0.42428146944277567
0.5,fixed,3001,3,787025148,edges-cov,pca,0.21664806270710293,0.4654546838383979
0.5,fixed,3001,3,787025148,node-var,sfa,0.2037295585665056,0.4513641086379217
0.5,fixed,3001,3,787025148,node-var,pca,0.26040047580443704,0.5102944990928641
0.5,proportional,51,3,787025148,edges-corr,sfa,0.06145062612703378,0.24789236802901735
0.5,proportional,51,3,787025148,edges-corr,pca,0.02320767488840561,0.15234065408946362
0.5,proportional,51,3,787025148,edges-cov,sfa,0.17173599425308927,0.41441041764546566
0.5,proportional,51,3,787025148,edges-cov,pca,0.10372125093371433,0.322057837870334
0.5,proportional,51,3,787025148,node-var,sfa,0.09569204794218908,0.3093413130220228
0.5,proportional,51,3,787025148,node-var,pca,0.10630009282982478,0.32603695009894934
0.5,fixed,3001,3,789848216,edges-corr,sfa,0.887782373096951,0.9422220402309378
0.5,fixed,3001,3,789848216,edges-corr,pca,0.8001591763366324,0.8945161688514257
0.5,fixed,3001,3,789848216,edges-cov,sfa,0.8800718598599058,0.9381214526168271
0.5,fixed,3001,3,789848216,edges-cov,pca,0.8012411857953631,0.8951207660396239
0.5,fixed,3001,3,789848216,node-var,sfa,0.8577012453909695,0.9261216147952543
0.5,fixed,3001,3,789848216,node-var,pca,0.809392723075988,0.8996625606726046
0.5,proportional,51,3,789848216,edges-corr,sfa,0.5727117871358106,0.7567772374588249
0.5,proportional,51,3,789848216,edges-corr,pca,0.32066880065866615,0.5662762582509231
0.5,proportional,51,3,789848216,edges-cov,sfa,0.21708119051549057,0.46591972539858256
0.5,proportional,51,3,789848216,edges-cov,pca,0.1307751829197826,0.36162851508112936
0.5,proportional,51,3,789848216,node-var,sfa,0.13405600092587952,0.3661365878000716
0.5,proportional,51,3,789848216,node-var,pca,0.02602744413515337,0.16133023317144674
0.5,fixed,3001,3,793224716,edges-corr,sfa,0.8619078897810012,0.9283899448943861
0.5,fixed,3001,3,793224716,edges-corr,pca,0.8321238021217897,0.9122082010822912
0.5,fixed,3001,3,793224716,edges-cov,sfa,0.8084510154091203,0.8991390411994801
0.5,fixed,3001,3,793224716,edges-cov,pca,0.391490629177724,0.625692120117973
0.5,fixed,3001,3,793224716,node-var,sfa,0.23489059341470042,0.4846551283280725
0.5,fixed,3001,3,793224716,node-var,pca,0.23902636399616192,0.488903225593943
0.5,proportional,51,3,793224716,edges-corr,sfa,0.0008816389571814399,0.02969240571562769
0.5,proportional,51,3,793224716,edges-corr,pca,0.026272088097628554,0.16208666847593775
0.5,proportional,51,3,793224716,edges-cov,sfa,0.15103204648492138,0.38862841698069556
0.5,proportional,51,3,793224716,edges-cov,pca,0.14441519179203094,0.38001998867432085
0.5,proportional,51,3,793224716,node-var,sfa,0.1523168244867727,0.3902778811139221
0.5,proportional,51,3,793224716,node-var,pca,0.15766470116840248,0.39707014640791427
0.5,fixed,3001,3,794812542,edges-corr,sfa,0.036584848765488384,0.19127166221238415
0.5,fixed,3001,3,794812542,edges-corr,pca,0.0010837902220220583,0.03292096933600313
0.5,fixed,3001,3,794812542,edges-cov,sfa,0.02373612214352997,0.1540653177828481
0.5,fixed,3001,3,794812542,edges-cov,pca,0.0012333165997597637,0.03511860759995709
0.5,fixed,3001,3,794812542,node-var,sfa,0.0004061221497765558,0.02015247254747059
0.5,fixed,3001,3,794812542,node-var,pca,0.0018356783783970078,0.04284481740417396
0.5,proportional,51,3,794812542,edges-corr,sfa,0.027556602780261112,0.16600181559326727
0.5,proportional,51,3,794812542,edges-corr,pca,0.0998099342830012,0.3159271027990495
0.5,proportional,51,3,794812542,edges-cov,sfa,0.2752082044968203,0.5246029017235992
0.5,proportional,51,3,794812542,edges-cov,pca,0.2771272338550183,0.5264287547760079
0.5,proportional,51,3,794812542,node-var,sfa,0.3202749986628836,0.565928439524719
0.5,proportional,51,3,794812542,node-var,pca,0.271781525772387,0.5213266977360617
0.5,fixed,3001,3,816200189,edges-corr,sfa,0.294812733334617,0.5429666042535369
0.5,fixed,3001,3,816200189,edges-corr,pca,0.16617511224596634,0.40764581715745146
0.5,fixed,3001,3,816200189,edges-cov,sfa,0.39649955882268384,0.6296821093398508
0.5,fixed,3001,3,816200189,edges-cov,pca,0.33948060372011396,0.5826496406247188
0.5,fixed,3001,3,816200189,node-var,sfa,0.3768360826454697,0.6138697603282554
0.5,fixed,3001,3,816200189,node-var,pca,0.3947118905125943,0.6282610050867349
0.5,proportional,51,3,816200189,edges-corr,sfa,0.0427175267838025,0.20668218787259462
0.5,proportional,51,3,816200189,edges-corr,pca,0.06371784532167973,0.25242393967625126
0.5,proportional,51,3,816200189,edges-cov,sfa,0.15555004422371219,0.3943983319230853
0.5,proportional,51,3,816200189,edges-cov,pca,0.13559511667894603,0.3682324220909208
0.5,proportional,51,3,816200189,node-var,sfa,0.1704215671941209,0.4128214713337
0.5,proportional,51,3,816200189,node-var,pca,0.18143414654252082,0.42595087339095905
0.5,fixed,3001,3,829720705,edges-corr,sfa,3.922698024677946e-06,0.0019805802242469114
0.5,fixed,3001,3,829720705,edges-corr,pca,0.007202435527635928,0.08486716401315604
0.5,fixed,3001,3,829720705,edges-cov,sfa,0.0003970518980158839,0.019926161145988053
0.5,fixed,3001,3,829720705,edges-cov,pca,2.8282957198478477e-05,0.005318172355093287
0.5,fixed,3001,3,829720705,node-var,sfa,2.7840014273173858e-05,0.005276363735867142
0.5,fixed,3001,3,829720705,node-var,pca,9.072628216765057e-05,0.009525034496927062
0.5,proportional,51,3,829720705,edges-corr,sfa,0.4233561376614087,0.6506582341455526
0.5,proportional,51,3,829720705,edges-corr,pca,0.39466359189996386,0.6282225655768534
0.5,proportional,51,3,829720705,edges-cov,sfa,0.3627735309776546,0.602306841217709
0.5,proportional,51,3,829720705,edges-cov,pca,0.3340925124188466,0.5780073636372175
0.5,proportional,51,3,829720705,node-var,sfa,0.3130053463059882,0.559468807268098
0.5,proportional,51,3,829720705,node-var,pca,0.3403260216488678,0.5833746837572469
0.5,fixed,3001,3,831882777,edges-corr,sfa,0.12678851848726688,0.3560737542802992
0.5,fixed,3001,3,831882777,edges-corr,pca,0.09813798312452601,0.3132698247909077
0.5,fixed,3001,3,831882777,edges-cov,sfa,0.13296848336228034,0.3646484380362548
0.5,fixed,3001,3,831882777,edges-cov,pca,0.12452896201908545,0.35288661354475526
0.5,fixed,3001,3,831882777,node-var,sfa,0.0015033398598742929,0.03877292689331427
0.5,fixed,3001,3,831882777,node-var,pca,0.0010155101094016866,0.03186706935696608
0.5,proportional,51,3,831882777,edges-corr,sfa,0.027269430046897428,0.16513458162025732
0.5,proportional,51,3,831882777,edges-corr,pca,0.017018029684455878,0.1304531704653278
0.5,proportional,51,3,831882777,edges-cov,sfa,0.05142620166729264,0.22677345891283804
0.5,proportional,51,3,831882777,edges-cov,pca,0.033780780820965514,0.18379548639987195
0.5,proportional,51,3,831882777,node-var,sfa,0.06122150925599907,0.24742980672505702
0.5,proportional,51,3,831882777,node-var,pca,0.05935660974683797,0.24363211969450574
0.5,fixed,3001,3,835479236,edges-corr,sfa,0.05834027958474628,0.24153732544835857
0.5,fixed,3001,3,835479236,edges-corr,pca,0.05857018842695126,0.24201278566834286
0.5,fixed,3001,3,835479236,edges-cov,sfa,0.0004997483582926459,0.022355052187204707
0.5,fixed,3001,3,835479236,edges-cov,pca,0.010875674615355468,0.10428650255596583
0.5,fixed,3001,3,835479236,node-var,sfa,0.0005239623666222158,0.02289022425888868
0.5,fixed,3001,3,835479236,node-var,pca,0.00012377910404373467,0.01112560578322523
0.5,proportional,51,3,835479236,edges-corr,sfa,0.12557784685793946,0.3543696472018159
0.5,proportional,51,3,835479236,edges-corr,pca,0.014167666496156996,0.11902800719224445
0.5,proportional,51,3,835479236,edges-cov,sfa,0.1075462718531102,0.3279424825378838
0.5,proportional,51,3,835479236,edges-cov,pca,0.0863433747415134,0.29384243182616326
0.5,proportional,51,3,835479236,node-var,sfa,0.13001392192796607,0.36057443326997834
0.5,proportional,51,3,835479236,node-var,pca,0.12435116192227606,0.3526346011415727
0.5,fixed,3001,3,839068429,edges-corr,sfa,0.09835578310153165,0.3136172557458082
0.5,fixed,3001,3,839068429,edges-corr,pca,0.0944150131731432,0.3072702608016975
0.5,fixed,3001,3,839068429,edges-cov,sfa,0.07062380153601609,0.265751390468641
0.5,fixed,3001,3,839068429,edges-cov,pca,0.053503518580554896,0.23130827607449522
0.5,fixed,3001,3,839068429,node-var,sfa,0.07093893100250294,0.26634363330574085
0.5,fixed,3001,3,839068429,node-var,pca,0.041657725204882326,0.20410224203786279
0.5,proportional,51,3,839068429,edges-corr,sfa,0.007568105472123882,0.08699485888329196
0.5,proportional,51,3,839068429,edges-corr,pca,0.007953661692541693,0.08918330388891013
0.5,proportional,51,3,839068429,edges-cov,sfa,0.021886121586086747,0.14793958762307927
0.5,proportional,51,3,839068429,edges-cov,pca,0.006437776652780732,0.0802357566972527
0.5,proportional,51,3,839068429,node-var,sfa,0.012563984135736572,0.11208917938738142
0.5,proportional,51,3,839068429,node-var,pca,2.5422041237434e-05,0.0050420274927288926
0.5,fixed,3001,3,847657808,edges-corr,sfa,0.7360610818239065,0.8579400222765613
0.5,fixed,3001,3,847657808,edges-corr,pca,0.7163638472527524,0.8463828018413136
0.5,fixed,3001,3,847657808,edges-cov,sfa,0.7310355377349705,0.8550061623959038
0.5,fixed,3001,3,847657808,edges-cov,pca,0.6778295610780388,0.8233040514160238
0.5,fixed,3001,3,847657808,node-var,sfa,0.7259085864682959,0.852002691585124
0.5,fixed,3001,3,847657808,node-var,pca,0.73212359097398,0.8556422096729334
0.5,proportional,51,3,847657808,edges-corr,sfa,0.06716691571696518,0.2591658073839317
0.5,proportional,51,3,847657808,edges-corr,pca,0.054527376850018995,0.23351097800749968
0.5,proportional,51,3,847657808,edges-cov,sfa,0.013120491778506627,0.11454471519239387
0.5,proportional,51,3,847657808,edges-cov,pca,0.07153835812601508,0.26746655515412593
0.5,proportional,51,3,847657808,node-var,sfa,0.06038667397932561,0.24573700164876597
0.5,proportional,51,3,847657808,node-var,pca,0.08935097353312378,0.29891633199462986
0.5,fixed,3001,4,766640955,edges-corr,sfa,0.7045405572378457,0.8393691424146147
0.5,fixed,3001,4,766640955,edges-corr,pca,0.7047196267369242,0.8394758047358627
0.5,fixed,3001,4,766640955,edges-cov,sfa,0.6304170553806593,0.7939880700493297
0.5,fixed,3001,4,766640955,edges-cov,pca,0.3085991761074572,0.5555170349390351
0.5,fixed,3001,4,766640955,node-var,sfa,0.31646890561832397,0.5625556911260644
0.5,fixed,3001,4,766640955,node-var,pca,0.22812061071847742,0.4776197344315637
0.5,proportional,51,4,766640955,edges-corr,sfa,0.09985235292010208,0.3159942292512667
0.5,proportional,51,4,766640955,edges-corr,pca,0.016461754571857008,0.12830336929269243
0.5,proportional,51,4,766640955,edges-cov,sfa,0.006767110090622434,0.08226244641768463
0.5,proportional,51,4,766640955,edges-cov,pca,0.07691849085871222,0.2773418303442743
0.5,proportional,51,4,766640955,node-var,sfa,0.09127468916170502,0.30211701236723665
0.5,proportional,51,4,766640955,node-var,pca,0.0913044561819466,0.30216627240965627
0.5,fixed,3001,4,767871931,edges-corr,sfa,0.10391454553573976,0.32235779118200286
0.5,fixed,3001,4,767871931,edges-corr,pca,0.14867667939618617,0.3855861504206112
0.5,fixed,3001,4,767871931,edges-cov,sfa,0.10295584092433156,0.3208673260466568
0.5,fixed,3001,4,767871931,edges-cov,pca,0.1493369407204238,0.38644138070401285
0.5,fixed,3001,4,767871931,node-var,sfa,0.11556102241805943,0.3399426751940089
0.5,fixed,3001,4,767871931,node-var,pca,0.13572027595814687,0.36840232892606267
0.5,proportional,51,4,767871931,edges-corr,sfa,0.06328788865986329,0.2515708422291091
0.5,proportional,51,4,767871931,edges-corr,pca,0.035923382493591234,0.18953464721150914
0.5,proportional,51,4,767871931,edges-cov,sfa,0.03548561731235721,0.18837626525748197
0.5,proportional,51,4,767871931,edges-cov,pca,0.022519737669522075,0.15006577780933958
0.5,proportional,51,4,767871931,node-var,sfa,0.04682006664307905,0.21637945060259084
0.5,proportional,51,4,767871931,node-var,pca,0.031305449649133135,0.1769334610782628
0.5,fixed,3001,4,771160300,edges-corr,sfa,0.7693050025405114,0.8771003377838316
0.5,fixed,3001,4,771160300,edges-corr,pca,0.6978703107452974,0.8353863242508207
0.5,fixed,3001,4,771160300,edges-cov,sfa,0.6956258524401797,0.8340418769103741
0.5,fixed,3001,4,771160300,edges-cov,pca,0.6227595805202588,0.7891511772279497
0.5,fixed,3001,4,771160300,node-var,sfa,0.6613495622540756,0.8132340144473026
0.5,fixed,3001,4,771160300,node-var,pca,0.6033518534756285,0.7767572680545889
0.5,proportional,51,4,771160300,edges-corr,sfa,0.00022669691000954824,0.01505645741897968
0.5,proportional,51,4,771160300,edges-corr,pca,0.06454512552477919,0.2540573272408792
0.5,proportional,51,4,771160300,edges-cov,sfa,0.18190491711692036,0.4265031267375661
0.5,proportional,51,4,771160300,edges-cov,pca,0.11784072150131507,0.3432793636403375
0.5,proportional,51,4,771160300,node-var,sfa,0.1797160773171447,0.4239293305695475
0.5,proportional,51,4,771160300,node-var,pca,0.13178144026839073,0.36301713495149335
0.5,fixed,3001,4,771990200,edges-corr,sfa,0.025092697455940356,0.1584067468763258
0.5,fixed,3001,4,771990200,edges-corr,pca,0.10402891800696433,0.32253514228214625
0.5,fixed,3001,4,771990200,edges-cov,sfa,0.004983407930095119,0.07059325697327698
0.5,fixed,3001,4,771990200,edges-cov,pca,0.022564597304249756,0.15021517002037363
0.5,fixed,3001,4,771990200,node-var,sfa,0.0018544926600813731,0.04306382077894823
0.5,fixed,3001,4,771990200,node-var,pca,0.0013147599278825121,0.03625961841887628
0.5,proportional,51,4,771990200,edges-corr,sfa,0.017394845470209374,0.13188951994077988
0.5,proportional,51,4,771990200,edges-corr,pca,0.02994506435998834,0.17304642255761413
0.5,proportional,51,4,771990200,edges-cov,sfa,0.0001764151940759287,0.013282138159043848
0.5,proportional,51,4,771990200,edges-cov,pca,0.010272078923904655,0.10135126503356855
0.5,proportional,51,4,771990200,node-var,sfa,0.002599705432253372,0.050987306579710324
0.5,proportional,51,4,771990200,node-var,pca,0.0052962601791133965,0.07277540916486418
0.5,fixed,3001,4,774875821,edges-corr,sfa,0.49418907841428705,0.7029858308773279
0.5,fixed,3001,4,774875821,edges-corr,pca,0.49536355957850925,0.7038206870918965
0.5,fixed,3001,4,774875821,edges-cov,sfa,0.5301670932319519,0.7281257399872304
0.5,fixed,3001,4,774875821,edges-cov,pca,0.40959026657330994,0.6399923957152225
0.5,fixed,3001,4,774875821,node-var,sfa,0.4627405290774213,0.6802503429454639
0.5,fixed,3001,4,774875821,node-var,pca,0.2714668848856671,0.521024840948747
0.5,proportional,51,4,774875821,edges-corr,sfa,0.04623392657110613,0.21502075846556334
0.5,proportional,51,4,774875821,edges-corr,pca,0.01000067307697493,0.10000336532824748
0.5,proportional,51,4,774875821,edges-cov,sfa,0.017250733716016313,0.131342048545073
0.5,proportional,51,4,774875821,edges-cov,pca,0.014817093530289316,0.12172548430911793
0.5,proportional,51,4,774875821,node-var,sfa,0.04799068800335368,0.21906777034368538
0.5,proportional,51,4,774875821,node-var,pca,0.025120591193702205,0.15849476708617924
0.5,fixed,3001,4,778240327,edges-corr,sfa,0.0022136294161849784,0.04704922333243109
0.5,fixed,3001,4,778240327,edges-corr,pca,0.0018907677980481814,0.04348295985841099
0.5,fixed,3001,4,778240327,edges-cov,sfa,0.00029020306092353916,0.017035347396620333
0.5,fixed,3001,4,778240327,edges-cov,pca,0.00466843530107308,0.06832594895845268
0.5,fixed,3001,4,778240327,node-var,sfa,1.6026818957552786e-05,0.004003350966072396
0.5,fixed,3001,4,778240327,node-var,pca,0.004823141159707379,0.06944883843310397
0.5,proportional,51,4,778240327,edges-corr,sfa,0.12050390186966742,0.3471367192759467
0.5,proportional,51,4,778240327,edges-corr,pca,0.1499842278304669,0.3872779723021526
0.5,proportional,51,4,778240327,edges-cov,sfa,0.10555072513382693,0.3248857108797291
0.5,proportional,51,4,778240327,edges-cov,pca,0.1359556569520976,0.3687216524047613
0.5,proportional,51,4,778240327,node-var,sfa,0.15119014288419738,0.3888317668146436
0.5,proportional,51,4,778240327,node-var,pca,0.05959461143432955,0.24412007585270318
0.5,fixed,3001,4,778998620,edges-corr,sfa,0.1367247435474406,0.36976309111029537
0.5,fixed,3001,4,778998620,edges-corr,pca,0.09634309202221525,0.3103918362686352
0.5,fixed,3001,4,778998620,edges-cov,sfa,0.1958163499090024,0.442511412179395
0.5,fixed,3001,4,778998620,edges-cov,pca,0.18996375824248946,0.4358483202244669
0.5,fixed,3001,4,778998620,node-var,sfa,0.18615774833314597,0.4314600193913058
0.5,fixed,3001,4,778998620,node-var,pca,0.22965438449389938,0.4792226877912808
0.5,proportional,51,4,778998620,edges-corr,sfa,0.04831087074342249,0.21979734016457636
0.5,proportional,51,4,778998620,edges-corr,pca,0.11611539670176096,0.34075709339903837
0.5,proportional,51,4,778998620,edges-cov,sfa,0.034079411055072145,0.18460609701489317
0.5,proportional,51,4,778998620,edges-cov,pca,0.032680467583849036,0.18077739787885275
0.5,proportional,51,4,778998620,node-var,sfa,0.025871642454548715,0.16084664265861665
0.5,proportional,51,4,778998620,node-var,pca,0.014987470045866477,0.1224233231286689
0.5,fixed,3001,4,779839471,edges-corr,sfa,0.000766375876626958,0.02768349466066302
0.5,fixed,3001,4,779839471,edges-corr,pca,0.0012599179450704615,0.035495322861899166
0.5,fixed,3001,4,779839471,edges-cov,sfa,4.025664627799306e-05,0.006344812548688342
0.5,fixed,3001,4,779839471,edges-cov,pca,0.013828323259214079,0.11759389124956313
0.5,fixed,3001,4,779839471,node-var,sfa,0.008947619322416635,0.0945918565333012
0.5,fixed,3001,4,779839471,node-var,pca,0.0007713646173040126,0.027773451663486347
0.5,proportional,51,4,779839471,edges-corr,sfa,0.05521935493963101,0.23498798892630876
0.5,proportional,51,4,779839471,edges-corr,pca,0.1665368476001255,0.40808926425492437
0.5,proportional,51,4,779839471,edges-cov,sfa,0.10681779616830882,0.32682991932855354
0.5,proportional,51,4,779839471,edges-cov,pca,0.14154621898095915,0.37622628693508264
0.5,proportional,51,4,779839471,node-var,sfa,0.10754220586043887,0.3279362832326409
0.5,proportional,51,4,779839471,node-var,pca,0.1083711799471935,0.32919778241536424
0.5,fixed,3001,4,781842082,edges-corr,sfa,0.12055585351747765,0.3472115400119611
0.5,fixed,3001,4,781842082,edges-corr,pca,0.1701983722093212,0.41255105406400455
0.5,fixed,3001,4,781842082,edges-cov,sfa,0.09354222430595989,0.3058467333583275
0.5,fixed,3001,4,781842082,edges-cov,pca,0.1170279462729683,0.34209347592868283
0.5,fixed,3001,4,781842082,node-var,sfa,0.09321799145458444,0.3053162155120236
0.5,fixed,3001,4,781842082,node-var,pca,0.09127508809800151,0.302117672601259
0.5,proportional,51,4,781842082,edges-corr,sfa,0.037232892015752334,0.19295826495839025
0.5,proportional,51,4,781842082,edges-corr,pca,0.025323518301565085,0.1591336491806968
0.5,proportional,51,4,781842082,edges-cov,sfa,0.06723488956363141,0.25929691391073556
0.5,proportional,51,4,781842082,edges-cov,pca,0.03334985152196025,0.18261941715480381
0.5,proportional,51,4,781842082,node-var,sfa,0.05725347604000005,0.23927698602247574
0.5,proportional,51,4,781842082,node-var,pca,0.05064966641111741,0.2250548075716611
0.5,fixed,3001,4,786091066,edges-corr,sfa,0.05859221549665087,0.2420582894607224
0.5,fixed,3001,4,786091066,edges-corr,pca,0.07925822248645936,0.28152836888395344
0.5,fixed,3001,4,786091066,edges-cov,sfa,0.09419546682471519,0.30691280003400834
0.5,fixed,3001,4,786091066,edges-cov,pca,0.0013295992633196644,0.0364636704586862
0.5,fixed,3001,4,786091066,node-var,sfa,0.020911823324421663,0.14460920898899096
0.5,fixed,3001,4,786091066,node-var,pca,0.002094983138586996,0.04577098577250654
0.5,proportional,51,4,786091066,edges-corr,sfa,0.022766351518022247,0.15088522630801945
0.5,proportional,51,4,786091066,edges-corr,pca,0.002185115563428988,0.04674521968532171
0.5,proportional,51,4,786091066,edges-cov,sfa,1.5392451952048285e-07,0.000392332154583948
0.5,proportional,51,4,786091066,edges-cov,pca,0.049093786062609925,0.22157117606450963
0.5,proportional,51,4,786091066,node-var,sfa,0.035824905833881246,0.18927468355245305
0.5,proportional,51,4,786091066,node-var,pca,0.05396807209448946,0.23231029270027934
0.5,fixed,3001,4,787025148,edges-corr,sfa,0.2505051174650706,0.5005048625788471
0.5,fixed,3001,4,787025148,edges-corr,pca,0.22368518382600494,0.4729536804233634
0.5,fixed,3001,4,787025148,edges-cov,sfa,0.24889332610418197,0.49889209865880013
0.5,fixed,3001,4,787025148,edges-cov,pca,0.1884582983243364,0.4341178392145805
0.5,fixed,3001,4,787025148,node-var,sfa,0.2222219040122162,0.4714041832782312
0.5,fixed,3001,4,787025148,node-var,pca,0.18600235445760963,0.43127990268224836
0.5,proportional,51,4,787025148,edges-corr,sfa,0.015372969033038919,0.12398777775667616
0.5,proportional,51,4,787025148,edges-corr,pca,0.0035773513105606903,0.05981096313018785
0.5,proportional,51,4,787025148,edges-cov,sfa,0.008216674298886362,0.09064587303835935
0.5,proportional,51,4,787025148,edges-cov,pca,0.0056380457914370396,0.07508692157384693
0.5,proportional,51,4,787025148,node-var,sfa,0.008071801201406074,0.08984320342355383
0.5,proportional,51,4,787025148,node-var,pca,0.017482817567366454,0.13222260611320008
0.5,fixed,3001,4,789848216,edges-corr,sfa,0.6424388501228567,0.801522831941085
0.5,fixed,3001,4,789848216,edges-corr,pca,0.6540934173773855,0.8087604202589204
0.5,fixed,3001,4,789848216,edges-cov,sfa,0.6332706112800119,0.7957830177127506
0.5,fixed,3001,4,789848216,edges-cov,pca,0.588066498189313,0.7668549394698537
0.5,fixed,3001,4,789848216,node-var,sfa,0.5776211342049528,0.7600139039550216
0.5,fixed,3001,4,789848216,node-var,pca,0.5518417829737393,0.742860540730048
0.5,proportional,51,4,789848216,edges-corr,sfa,0.43577166826319036,0.6601300389038438
0.5,proportional,51,4,789848216,edges-corr,pca,0.29431929369832754,0.542512021708577
0.5,proportional,51,4,789848216,edges-cov,sfa,0.24969774811366185,0.49969765670219213
0.5,proportional,51,4,789848216,edges-cov,pca,0.16172129802625068,0.4021458666034635
0.5,proportional,51,4,789848216,node-var,sfa,0.16508178961371298,0.40630258381372986
0.5,proportional,51,4,789848216,node-var,pca,0.06510171045383174,0.25515036832000015
0.5,fixed,3001,4,793224716,edges-corr,sfa,0.21510399451967738,0.4637930513921887
0.5,fixed,3001,4,793224716,edges-corr,pca,0.044462178393217054,0.21086056623564553
0.5,fixed,3001,4,793224716,edges-cov,sfa,0.21309517613362253,0.46162233062712915
0.5,fixed,3001,4,793224716,edges-cov,pca,0.09291846201890919,0.30482529753763743
0.5,fixed,3001,4,793224716,node-var,sfa,0.11643992335604603,0.3412329458830815
0.5,fixed,3001,4,793224716,node-var,pca,0.13688095126833832,0.3699742575752242
0.5,proportional,51,4,793224716,edges-corr,sfa,0.04882207114815596,0.2209571703931691
0.5,proportional,51,4,793224716,edges-corr,pca,0.0504956214396196,0.22471230816228024
0.5,proportional,51,4,793224716,edges-cov,sfa,0.012901831275084878,0.11358622836895711
0.5,proportional,51,4,793224716,edges-cov,pca,0.03628976671968531,0.19049873154350744
0.5,proportional,51,4,793224716,node-var,sfa,0.027766039198357923,0.16663144720717613
0.5,proportional,51,4,793224716,node-var,pca,0.03562043704352646,0.18873377292770485
0.5,fixed,3001,4,794812542,edges-corr,sfa,0.8132793750575799,0.9018200347395149
0.5,fixed,3001,4,794812542,edges-corr,pca,0.7027504809605677,0.8383021418084101
0.5,fixed,3001,4,794812542,edges-cov,sfa,0.7477029938277012,0.8646982096822574
0.5,fixed,3001,4,794812542,edges-cov,pca,0.7193184478851397,0.8481264339030706
0.5,fixed,3001,4,794812542,node-var,sfa,0.7327512722708043,0.856008920672445
0.5,fixed,3001,4,794812542,node-var,pca,0.707726993698953,0.8412651149898901
0.5,proportional,51,4,794812542,edges-corr,sfa,0.001511360685543304,0.03887622262441792
0.5,proportional,51,4,794812542,edges-corr,pca,0.04836113997102261,0.21991166401767462
0.5,proportional,51,4,794812542,edges-cov,sfa,5.68720607636973e-05,0.007541356692512117
0.5,proportional,51,4,794812542,edges-cov,pca,0.03637881731559564,0.19073231848744365
0.5,proportional,51,4,794812542,node-var,sfa,0.014143577305847553,0.11892677287241739
0.5,proportional,51,4,794812542,node-var,pca,0.03452603110131886,0.18581181636623345
0.5,fixed,3001,4,816200189,edges-corr,sfa,0.6634591457922276,0.814530015280117
0.5,fixed,3001,4,816200189,edges-corr,pca,0.6208211582695801,0.7879220508842103
0.5,fixed,3001,4,816200189,edges-cov,sfa,0.6175033446347004,0.7858138104123014
0.5,fixed,3001,4,816200189,edges-cov,pca,0.6358098230204647,0.7973768387785444
0.5,fixed,3001,4,816200189,node-var,sfa,0.5417623136878523,0.7360450486810249
0.5,fixed,3001,4,816200189,node-var,pca,0.6029087213929487,0.7764719707709665
0.5,proportional,51,4,816200189,edges-corr,sfa,0.0017842945631250473,0.042240911012015915
0.5,proportional,51,4,816200189,edges-corr,pca,0.04329043946628118,0.20806354670215824
0.5,proportional,51,4,816200189,edges-cov,sfa,0.0563840634304254,0.23745328683853884
0.5,proportional,51,4,816200189,edges-cov,pca,0.07701422771952061,0.2775143738971382
0.5,proportional,51,4,816200189,node-var,sfa,0.07837110755385844,0.2799484015918977
0.5,proportional,51,4,816200189,node-var,pca,0.0697093512102937,0.2640252851722609
0.5,fixed,3001,4,829720705,edges-corr,sfa,0.34460410845423256,0.5870299042248466
0.5,fixed,3001,4,829720705,edges-corr,pca,0.34154462865332724,0.5844181967164671
0.5,fixed,3001,4,829720705,edges-cov,sfa,0.35066685130441105,0.5921713023310156
0.5,fixed,3001,4,829720705,edges-cov,pca,0.026045666358565762,0.16138669820826548
0.5,fixed,3001,4,829720705,node-var,sfa,0.06447061266030106,0.25391063912388756
0.5,fixed,3001,4,829720705,node-var,pca,0.008926616880102819,0.09448077518788052
0.5,proportional,51,4,829720705,edges-corr,sfa,0.022031762426567437,0.14843100224200953
0.5,proportional,51,4,829720705,edges-corr,pca,5.786761789344431e-05,0.007607076829731925
0.5,proportional,51,4,829720705,edges-cov,sfa,0.04674050361769506,0.21619552173367296
0.5,proportional,51,4,829720705,edges-cov,pca,0.0007684654691279419,0.027721209734207882
0.5,proportional,51,4,829720705,node-var,sfa,0.00014800558582693835,0.012165754634503293
0.5,proportional,51,4,829720705,node-var,pca,0.0038867594579667254,0.06234388067779167
0.5,fixed,3001,4,831882777,edges-corr,sfa,0.037642351148791955,0.19401636824967103
0.5,fixed,3001,4,831882777,edges-corr,pca,0.020508667629169565,0.1432084761079789
0.5,fixed,3001,4,831882777,edges-cov,sfa,0.022819839834002917,0.1510623706751715
0.5,fixed,3001,4,831882777,edges-cov,pca,0.07721160299262121,0.2778697590466102
0.5,fixed,3001,4,831882777,node-var,sfa,0.19952560544751127,0.4466828913754267
0.5,fixed,3001,4,831882777,node-var,pca,0.18288291963734854,0.42764812596029056
0.5,proportional,51,4,831882777,edges-corr,sfa,0.010813097156739764,0.10398604308627078
0.5,proportional,51,4,831882777,edges-corr,pca,0.015024579543823373,0.12257479163279607
0.5,proportional,51,4,831882777,edges-cov,sfa,0.01203520953491875,0.10970510259290016
0.5,proportional,51,4,831882777,edges-cov,pca,0.013642949037891879,0.11680303522551064
0.5,proportional,51,4,831882777,node-var,sfa,0.015247185702950816,0.12347949507084492
0.5,proportional,51,4,831882777,node-var,pca,0.008457399959195248,0.09196412321767249
0.5,fixed,3001,4,835479236,edges-corr,sfa,0.22112430004620634,0.47023855652871166
0.5,fixed,3001,4,835479236,edges-corr,pca,0.048737013561100544,0.2207646112063719
0.5,fixed,3001,4,835479236,edges-cov,sfa,0.2886928893873239,0.5373014883539072
0.5,fixed,3001,4,835479236,edges-cov,pca,0.05926306768284494,0.24344007000254692
0.5,fixed,3001,4,835479236,node-var,sfa,0.2786955636464512,0.5279162468104682
0.5,fixed,3001,4,835479236,node-var,pca,0.27005526823154696,0.5196684214299989
0.5,proportional,51,4,835479236,edges-corr,sfa,0.007448723239759564,0.08630598611776337
0.5,proportional,51,4,835479236,edges-corr,pca,0.0019129099961193731,0.043736826543764845
0.5,proportional,51,4,835479236,edges-cov,sfa,0.02134670498587949,0.14610511622075215
0.5,proportional,51,4,835479236,edges-cov,pca,0.001990063735653043,0.04461013041510911
0.5,proportional,51,4,835479236,node-var,sfa,0.02628308929049501,0.1621206010675232
0.5,proportional,51,4,835479236,node-var,pca,0.039667075809617064,0.19916595042731844
0.5,fixed,3001,4,839068429,edges-corr,sfa,0.01108784711662847,0.10529884670132181
0.5,fixed,3001,4,839068429,edges-corr,pca,0.011737573801497732,0.1083400840017107
0.5,fixed,3001,4,839068429,edges-cov,sfa,0.014900119927749486,0.12206604739955122
0.5,fixed,3001,4,839068429,edges-cov,pca,0.12300986560708276,0.35072762310243366
0.5,fixed,3001,4,839068429,node-var,sfa,0.12490765960692533,0.3534227774308347
0.5,fixed,3001,4,839068429,node-var,pca,0.1427185107655931,0.3777810354763631
0.5,proportional,51,4,839068429,edges-corr,sfa,0.08360128089025996,0.2891388609133334
0.5,proportional,51,4,839068429,edges-corr,pca,0.05761608758930963,0.24003351347116017
0.5,proportional,51,4,839068429,edges-cov,sfa,0.050389326377205494,0.22447566990033796
0.5,proportional,51,4,839068429,edges-cov,pca,0.03212736883115125,0.17924109135784475
0.5,proportional,51,4,839068429,node-var,sfa,0.020129412437162573,0.14187816053629457
0.5,proportional,51,4,839068429,node-var,pca,0.04736726935073903,0.2176402291644149
0.5,fixed,3001,4,847657808,edges-corr,sfa,0.3380118133179987,0.5813878338235147
0.5,fixed,3001,4,847657808,edges-corr,pca,0.33278730395821743,0.5768772000679325
0.5,fixed,3001,4,847657808,edges-cov,sfa,0.3078724446812474,0.5548625457545746
0.5,fixed,3001,4,847657808,edges-cov,pca,0.3365048477658267,0.5800903789633359
0.5,fixed,3001,4,847657808,node-var,sfa,0.11305804878919322,0.33624105756018735
0.5,fixed,3001,4,847657808,node-var,pca,0.05880786569789585,0.242503331312986
0.5,proportional,51,4,847657808,edges-corr,sfa,0.07303669440326374,0.27025301923061607
0.5,proportional,51,4,847657808,edges-corr,pca,0.0004221767624754224,0.02054694046507709
0.5,proportional,51,4,847657808,edges-cov,sfa,0.00030189634041595065,0.017375164471623013
0.5,proportional,51,4,847657808,edges-cov,pca,0.00021281301436556878,0.014588112090519759
0.5,proportional,51,4,847657808,node-var,sfa,7.011333975723606e-05,0.00837337087183149
0.5,proportional,51,4,847657808,node-var,pca,0.005288927485883335,0.07272501279397162
30.0,fixed,3001,0,766640955,edges-corr,sfa,0.5369352794182971,0.7327586774773105
30.0,proportional,3001,0,766640955,edges-corr,sfa,0.5369352794182971,0.7327586774773105
30.0,fixed,3001,0,766640955,edges-corr,pca,0.3850497196449186,0.6205237462377395
30.0,proportional,3001,0,766640955,edges-corr,pca,0.3850497196449186,0.6205237462377395
30.0,fixed,3001,0,766640955,edges-cov,sfa,0.3678397603667399,0.6064979475371206
30.0,proportional,3001,0,766640955,edges-cov,sfa,0.3678397603667399,0.6064979475371206
30.0,fixed,3001,0,766640955,edges-cov,pca,0.2519598236059633,0.5019559976790429
30.0,proportional,3001,0,766640955,edges-cov,pca,0.2519598236059633,0.5019559976790429
30.0,fixed,3001,0,766640955,node-var,sfa,0.3627945534186979,0.6023242925689598
30.0,proportional,3001,0,766640955,node-var,sfa,0.3627945534186979,0.6023242925689598
30.0,fixed,3001,0,766640955,node-var,pca,0.20352434325570312,0.45113672346163874
30.0,proportional,3001,0,766640955,node-var,pca,0.20352434325570312,0.45113672346163874
30.0,fixed,3001,0,767871931,edges-corr,sfa,0.6631624648673253,0.8143478770570507
30.0,proportional,3001,0,767871931,edges-corr,sfa,0.6631624648673253,0.8143478770570507
30.0,fixed,3001,0,767871931,edges-corr,pca,0.6566148368737111,0.8103177382198363
30.0,proportional,3001,0,767871931,edges-corr,pca,0.6566148368737111,0.8103177382198363
30.0,fixed,3001,0,767871931,edges-cov,sfa,0.6230683342952215,0.7893467769587847
30.0,proportional,3001,0,767871931,edges-cov,sfa,0.6230683342952215,0.7893467769587847
30.0,fixed,3001,0,767871931,edges-cov,pca,0.6014267026882935,0.7755170550595863
30.0,proportional,3001,0,767871931,edges-cov,pca,0.6014267026882935,0.7755170550595863
30.0,fixed,3001,0,767871931,node-var,sfa,0.6311909077774216,0.7944752405062234
30.0,proportional,3001,0,767871931,node-var,sfa,0.6311909077774216,0.7944752405062234
30.0,fixed,3001,0,767871931,node-var,pca,0.555417112413385,0.7452631162303586
30.0,proportional,3001,0,767871931,node-var,pca,0.555417112413385,0.7452631162303586
30.0,fixed,3001,0,771160300,edges-corr,sfa,0.7684582288472223,0.8766174928936921
30.0,proportional,3001,0,771160300,edges-corr,sfa,0.7684582288472223,0.8766174928936921
30.0,fixed,3001,0,771160300,edges-corr,pca,0.7800222979180663,0.8831887102528351
30.0,proportional,3001,0,771160300,edges-corr,pca,0.7800222979180663,0.8831887102528351
30.0,fixed,3001,0,771160300,edges-cov,sfa,0.4223502741446975,0.6498848160595057
30.0,proportional,3001,0,771160300,edges-cov,sfa,0.4223502741446975,0.6498848160595057
30.0,fixed,3001,0,771160300,edges-cov,pca,0.42221679359833586,0.6497821124025621
30.0,proportional,3001,0,771160300,edges-cov,pca,0.42221679359833586,0.6497821124025621
30.0,fixed,3001,0,771160300,node-var,sfa,0.4437506382232698,0.6661461087653893
30.0,proportional,3001,0,771160300,node-var,sfa,0.4437506382232698,0.6661461087653893
30.0,fixed,3001,0,771160300,node-var,pca,0.43214925729305803,0.6573806030702899
30.0,proportional,3001,0,771160300,node-var,pca,0.43214925729305803,0.6573806030702899
30.0,fixed,3001,0,771990200,edges-corr,sfa,0.6417146482357474,0.8010709383292764
30.0,proportional,3001,0,771990200,edges-corr,sfa,0.6417146482357474,0.8010709383292764
30.0,fixed,3001,0,771990200,edges-corr,pca,0.6929782251825511,0.832453136928771
30.0,proportional,3001,0,771990200,edges-corr,pca,0.6929782251825511,0.832453136928771
30.0,fixed,3001,0,771990200,edges-cov,sfa,0.6786642023027667,0.8238107806424766
30.0,proportional,3001,0,771990200,edges-cov,sfa,0.6786642023027667,0.8238107806424766
30.0,fixed,3001,0,771990200,edges-cov,pca,0.4840579897722925,0.6957427612072529
30.0,proportional,3001,0,771990200,edges-cov,pca,0.4840579897722925,0.6957427612072529
30.0,fixed,3001,0,771990200,node-var,sfa,0.45171190532751304,0.6720951609166019
30.0,proportional,3001,0,771990200,node-var,sfa,0.45171190532751304,0.6720951609166019
30.0,fixed,3001,0,771990200,node-var,pca,0.41136694764374765,0.6413789423139394
30.0,proportional,3001,0,771990200,node-var,pca,0.41136694764374765,0.6413789423139394
30.0,fixed,3001,0,774875821,edges-corr,sfa,0.5815342857238219,0.7625839532299522
30.0,proportional,3001,0,774875821,edges-corr,sfa,0.5815342857238219,0.7625839532299522
30.0,fixed,3001,0,774875821,edges-corr,pca,0.3963498521571742,0.6295632233200842
30.0,proportional,3001,0,774875821,edges-corr,pca,0.3963498521571742,0.6295632233200842
30.0,fixed,3001,0,774875821,edges-cov,sfa,0.4554260364066468,0.67485260346734
30.0,proportional,3001,0,774875821,edges-cov,sfa,0.4554260364066468,0.67485260346734
30.0,fixed,3001,0,774875821,edges-cov,pca,0.37513114539316406,0.6124795061005421
30.0,proportional,3001,0,774875821,edges-cov,pca,0.37513114539316406,0.6124795061005421
30.0,fixed,3001,0,774875821,node-var,sfa,0.4478521805148492,0.6692175883185149
30.0,proportional,3001,0,774875821,node-var,sfa,0.4478521805148492,0.6692175883185149
30.0,fixed,3001,0,774875821,node-var,pca,0.3951480067979476,0.628607991357052
30.0,proportional,3001,0,774875821,node-var,pca,0.3951480067979476,0.628607991357052
30.0,fixed,3001,0,778240327,edges-corr,sfa,0.49940669840494567,0.7066871290783112
30.0,proportional,3001,0,778240327,edges-corr,sfa,0.49940669840494567,0.7066871290783112
30.0,fixed,3001,0,778240327,edges-corr,pca,0.4728785877080585,0.687661681139831
30.0,proportional,3001,0,778240327,edges-corr,pca,0.4728785877080585,0.687661681139831
30.0,fixed,3001,0,778240327,edges-cov,sfa,0.5047886548923658,0.710484802717388
30.0,proportional,3001,0,778240327,edges-cov,sfa,0.5047886548923658,0.710484802717388
30.0,fixed,3001,0,778240327,edges-cov,pca,0.47908979825512066,0.6921631298004255
30.0,proportional,3001,0,778240327,edges-cov,pca,0.47908979825512066,0.6921631298004255
30.0,fixed,3001,0,778240327,node-var,sfa,0.49993089001867197,0.7070579113613481
30.0,proportional,3001,0,778240327,node-var,sfa,0.49993089001867197,0.7070579113613481
30.0,fixed,3001,0,778240327,node-var,pca,0.4760195671706497,0.6899417128791748
30.0,proportional,3001,0,778240327,node-var,pca,0.4760195671706497,0.6899417128791748
30.0,fixed,3001,0,778998620,edges-corr,sfa,0.7914612697379582,0.88964109040554
30.0,proportional,3001,0,778998620,edges-corr,sfa,0.7914612697379582,0.88964109040554
30.0,fixed,3001,0,778998620,edges-corr,pca,0.7586455130518588,0.8710025907262612
30.0,proportional,3001,0,778998620,edges-corr,pca,0.7586455130518588,0.8710025907262612
30.0,fixed,3001,0,778998620,edges-cov,sfa,0.44716428112230483,0.6687034328626591
30.0,proportional,3001,0,778998620,edges-cov,sfa,0.44716428112230483,0.6687034328626591
30.0,fixed,3001,0,778998620,edges-cov,pca,0.4786941356182314,0.691877254733982
30.0,proportional,3001,0,778998620,edges-cov,pca,0.4786941356182314,0.691877254733982
30.0,fixed,3001,0,778998620,node-var,sfa,0.5080068467501087,0.7127459903430595
30.0,proportional,3001,0,778998620,node-var,sfa,0.5080068467501087,0.7127459903430595
30.0,fixed,3001,0,778998620,node-var,pca,0.4087859467250811,0.6393637045728207
30.0,proportional,3001,0,778998620,node-var,pca,0.4087859467250811,0.6393637045728207
30.0,fixed,3001,0,779839471,edges-corr,sfa,0.5395097581389675,0.7345132797567159
30.0,proportional,3001,0,779839471,edges-corr,sfa,0.5395097581389675,0.7345132797567159
30.0,fixed,3001,0,779839471,edges-corr,pca,0.4795481179910584,0.6924941284885081
30.0,proportional,3001,0,779839471,edges-corr,pca,0.4795481179910584,0.6924941284885081
30.0,fixed,3001,0,779839471,edges-cov,sfa,0.3184360855354048,0.564301413727987
30.0,proportional,3001,0,779839471,edges-cov,sfa,0.3184360855354048,0.564301413727987
30.0,fixed,3001,0,779839471,edges-cov,pca,0.32445243236510385,0.5696072615101601
30.0,proportional,3001,0,779839471,edges-cov,pca,0.32445243236510385,0.5696072615101601
30.0,fixed,3001,0,779839471,node-var,sfa,0.3363518182807019,0.5799584625477086
30.0,proportional,3001,0,779839471,node-var,sfa,0.3363518182807019,0.5799584625477086
30.0,fixed,3001,0,779839471,node-var,pca,0.32783723007062543,0.5725707205844754
30.0,proportional,3001,0,779839471,node-var,pca,0.32783723007062543,0.5725707205844754
30.0,fixed,3001,0,781842082,edges-corr,sfa,0.7203751461326949,0.8487491656153159
30.0,proportional,3001,0,781842082,edges-corr,sfa,0.7203751461326949,0.8487491656153159
30.0,fixed,3001,0,781842082,edges-corr,pca,0.6758679469584761,0.8221118822632818
30.0,proportional,3001,0,781842082,edges-corr,pca,0.6758679469584761,0.8221118822632818
30.0,fixed,3001,0,781842082,edges-cov,sfa,0.49367534862618084,0.7026203445860224
30.0,proportional,3001,0,781842082,edges-cov,sfa,0.49367534862618084,0.7026203445860224
30.0,fixed,3001,0,781842082,edges-cov,pca,0.4751967376951571,0.6893451513539187
30.0,proportional,3001,0,781842082,edges-cov,pca,0.4751967376951571,0.6893451513539187
30.0,fixed,3001,0,781842082,node-var,sfa,0.5298788899754233,0.7279278054693497
30.0,proportional,3001,0,781842082,node-var,sfa,0.5298788899754233,0.7279278054693497
30.0,fixed,3001,0,781842082,node-var,pca,0.496903210228261,0.7049136189833908
30.0,proportional,3001,0,781842082,node-var,pca,0.496903210228261,0.7049136189833908
30.0,fixed,3001,0,787025148,edges-corr,sfa,0.6558761285490743,0.8098617959559978
30.0,proportional,3001,0,787025148,edges-corr,sfa,0.6558761285490743,0.8098617959559978
30.0,fixed,3001,0,787025148,edges-corr,pca,0.6590244240719901,0.811803192942717
30.0,proportional,3001,0,787025148,edges-corr,pca,0.6590244240719901,0.811803192942717
30.0,fixed,3001,0,787025148,edges-cov,sfa,0.6259109319728244,0.7911453292365597
30.0,proportional,3001,0,787025148,edges-cov,sfa,0.6259109319728244,0.7911453292365597
30.0,fixed,3001,0,787025148,edges-cov,pca,0.6094844631126142,0.7806948591560048
30.0,proportional,3001,0,787025148,edges-cov,pca,0.6094844631126142,0.7806948591560048
30.0,fixed,3001,0,787025148,node-var,sfa,0.5752777677330875,0.7584706769105102
30.0,proportional,3001,0,787025148,node-var,sfa,0.5752777677330875,0.7584706769105102
30.0,fixed,3001,0,787025148,node-var,pca,0.17533344964190195,0.41872837214822445
30.0,proportional,3001,0,787025148,node-var,pca,0.17533344964190195,0.41872837214822445
30.0,fixed,3001,0,789848216,edges-corr,sfa,0.5258879859952124,0.7251813469713713
30.0,proportional,3001,0,789848216,edges-corr,sfa,0.5258879859952124,0.7251813469713713
30.0,fixed,3001,0,789848216,edges-corr,pca,0.46904277353372825,0.6848669750643027
30.0,proportional,3001,0,789848216,edges-corr,pca,0.46904277353372825,0.6848669750643027
30.0,fixed,3001,0,789848216,edges-cov,sfa,0.504988870908455,0.7106256897329669
30.0,proportional,3001,0,789848216,edges-cov,sfa,0.504988870908455,0.7106256897329669
30.0,fixed,3001,0,789848216,edges-cov,pca,0.36769914786768737,0.6063820147956958
30.0,proportional,3001,0,789848216,edges-cov,pca,0.36769914786768737,0.6063820147956958
30.0,fixed,3001,0,789848216,node-var,sfa,0.43568005880697835,0.6600606478248634
30.0,proportional,3001,0,789848216,node-var,sfa,0.43568005880697835,0.6600606478248634
30.0,fixed,3001,0,789848216,node-var,pca,0.1506301110152142,0.38811095193928014
30.0,proportional,3001,0,789848216,node-var,pca,0.1506301110152142,0.38811095193928014
30.0,fixed,3001,0,793224716,edges-corr,sfa,0.8182193511567292,0.9045547806278673
30.0,proportional,3001,0,793224716,edges-corr,sfa,0.8182193511567292,0.9045547806278673
30.0,fixed,3001,0,793224716,edges-corr,pca,0.8118104598101481,0.9010052496018811
30.0,proportional,3001,0,793224716,edges-corr,pca,0.8118104598101481,0.9010052496018811
30.0,fixed,3001,0,793224716,edges-cov,sfa,0.5470356673710669,0.7396185958797054
30.0,proportional,3001,0,793224716,edges-cov,sfa,0.5470356673710669,0.7396185958797054
30.0,fixed,3001,0,793224716,edges-cov,pca,0.5257902421441362,0.7251139511443261
30.0,proportional,3001,0,793224716,edges-cov,pca,0.5257902421441362,0.7251139511443261
30.0,fixed,3001,0,793224716,node-var,sfa,0.5604584589120257,0.7486377354315141
30.0,proportional,3001,0,793224716,node-var,sfa,0.5604584589120257,0.7486377354315141
30.0,fixed,3001,0,793224716,node-var,pca,0.5520526396901537,0.7430024493163894
30.0,proportional,3001,0,793224716,node-var,pca,0.5520526396901537,0.7430024493163894
30.0,fixed,3001,0,794812542,edges-corr,sfa,0.5389055381691992,0.7341018581703762
30.0,proportional,3001,0,794812542,edges-corr,sfa,0.5389055381691992,0.7341018581703762
30.0,fixed,3001,0,794812542,edges-corr,pca,0.5100150289541983,0.7141533651493902
30.0,proportional,3001,0,794812542,edges-corr,pca,0.5100150289541983,0.7141533651493902
30.0,fixed,3001,0,794812542,edges-cov,sfa,0.4822374365138239,0.6944331764207582
30.0,proportional,3001,0,794812542,edges-cov,sfa,0.4822374365138239,0.6944331764207582
30.0,fixed,3001,0,794812542,edges-cov,pca,0.453674919637971,0.6735539470881089
30.0,proportional,3001,0,794812542,edges-cov,pca,0.453674919637971,0.6735539470881089
30.0,fixed,3001,0,794812542,node-var,sfa,0.47226699419429236,0.6872168465588517
30.0,proportional,3001,0,794812542,node-var,sfa,0.47226699419429236,0.6872168465588517
30.0,fixed,3001,0,794812542,node-var,pca,0.47633963562054454,0.6901736271551852
30.0,proportional,3001,0,794812542,node-var,pca,0.47633963562054454,0.6901736271551852
30.0,fixed,3001,0,816200189,edges-corr,sfa,0.4499913537359276,0.6708139486742413
30.0,proportional,3001,0,816200189,edges-corr,sfa,0.4499913537359276,0.6708139486742413
30.0,fixed,3001,0,816200189,edges-corr,pca,0.40251608776548886,0.6344415558311804
30.0,proportional,3001,0,816200189,edges-corr,pca,0.40251608776548886,0.6344415558311804
30.0,fixed,3001,0,816200189,edges-cov,sfa,0.261796306700709,0.5116603430995107
30.0,proportional,3001,0,816200189,edges-cov,sfa,0.261796306700709,0.5116603430995107
30.0,fixed,3001,0,816200189,edges-cov,pca,0.26790794927513556,0.5175982508424227
30.0,proportional,3001,0,816200189,edges-cov,pca,0.26790794927513556,0.5175982508424227
30.0,fixed,3001,0,816200189,node-var,sfa,0.270278985219612,0.5198836266123525
30.0,proportional,3001,0,816200189,node-var,sfa,0.270278985219612,0.5198836266123525
30.0,fixed,3001,0,816200189,node-var,pca,0.2695507652769659,0.519182785998309
30.0,proportional,3001,0,816200189,node-var,pca,0.2695507652769659,0.519182785998309
30.0,fixed,3001,0,847657808,edges-corr,sfa,0.5794799524920562,0.7612358061021934
30.0,proportional,3001,0,847657808,edges-corr,sfa,0.5794799524920562,0.7612358061021934
30.0,fixed,3001,0,847657808,edges-corr,pca,0.4734178712260925,0.6880536833896702
30.0,proportional,3001,0,847657808,edges-corr,pca,0.4734178712260925,0.6880536833896702
30.0,fixed,3001,0,847657808,edges-cov,sfa,0.3483633683585669,0.5902231513237742
30.0,proportional,3001,0,847657808,edges-cov,sfa,0.3483633683585669,0.5902231513237742
30.0,fixed,3001,0,847657808,edges-cov,pca,0.36059334606577054,0.6004942514843673
30.0,proportional,3001,0,847657808,edges-cov,pca,0.36059334606577054,0.6004942514843673
30.0,fixed,3001,0,847657808,node-var,sfa,0.5210644658568784,0.7218479520348301
30.0,proportional,3001,0,847657808,node-var,sfa,0.5210644658568784,0.7218479520348301
30.0,fixed,3001,0,847657808,node-var,pca,0.42409936392514935,0.6512291178419077
30.0,proportional,3001,0,847657808,node-var,pca,0.42409936392514935,0.6512291178419077
