edge_win,subject,feature,method,R2,abs_r
751,1044385384,edges-corr,sfa,0.48973046951685373,0.6998074517443019
751,1044385384,edges-corr,pca,0.08398490434392891,0.2898014912727829
751,1044385384,edges-cov,sfa,0.4055818705161919,0.6368530996361657
751,1044385384,edges-cov,pca,0.26037211761457946,0.5102667122344738
751,1044385384,node-var,sfa,0.5500676249789211,0.7416654400596819
751,1044385384,node-var,pca,0.46590981292696365,0.682575866059564
751,1044594870,edges-corr,sfa,0.040034706699233924,0.2000867479350748
751,1044594870,edges-corr,pca,0.02822037226273222,0.16798920281593124
751,1044594870,edges-cov,sfa,0.40737801979356225,0.6382617173178747
751,1044594870,edges-cov,pca,0.253644165729796,0.5036309817016776
751,1044594870,node-var,sfa,0.3510315565752671,0.5924791613004357
751,1044594870,node-var,pca,0.42735967010852216,0.6537275197729734
751,1047969464,edges-corr,sfa,0.14967382912841398,0.38687702067764956
751,1047969464,edges-corr,pca,0.004966271846059023,0.07047178049445824
751,1047969464,edges-cov,sfa,0.06941309885568614,0.2634636575615062
751,1047969464,edges-cov,pca,0.017248399218787736,0.13133316115432456
751,1047969464,node-var,sfa,0.05703102951216921,0.23881170304691818
751,1047969464,node-var,pca,0.04887455327187218,0.22107589934651917
751,1047977240,edges-corr,sfa,0.2936700823573014,0.5419133531823161
751,1047977240,edges-corr,pca,0.15413154191738143,0.39259590155448787
751,1047977240,edges-cov,sfa,0.19533630399707513,0.4419686685694758
751,1047977240,edges-cov,pca,0.1397480660948992,0.3738289262415348
751,1047977240,node-var,sfa,0.47859212553811736,0.6918035310246075
751,1047977240,node-var,pca,0.4931566627425181,0.7022511393671909
751,1048189115,edges-corr,sfa,0.03915804322714167,0.19788391351280052
751,1048189115,edges-corr,pca,0.019848693439722842,0.1408853911508312
751,1048189115,edges-cov,sfa,0.07369738242037371,0.2714726181779174
751,1048189115,edges-cov,pca,0.0652148217244477,0.2553719282232242
751,1048189115,node-var,sfa,0.06284288340957889,0.25068482883808246
751,1048189115,node-var,pca,0.06968329639959214,0.26397593905428596
751,1048196054,edges-corr,sfa,5.771670543597285e-05,0.007597151139476772
751,1048196054,edges-corr,pca,0.0008911954552317525,0.02985289693198626
751,1048196054,edges-cov,sfa,0.000508986347164897,0.022560725767694738
751,1048196054,edges-cov,pca,0.0013552482178935676,0.03681369606401449
751,1048196054,node-var,sfa,0.01901574055412769,0.13789757269121153
751,1048196054,node-var,pca,0.00796325074869475,0.08923704807250724
751,1049273528,edges-corr,sfa,0.4244142650531374,0.6514708474315174
751,1049273528,edges-corr,pca,0.19034426242095592,0.4362846117168881
751,1049273528,edges-cov,sfa,0.4095792608978549,0.6399837973713522
751,1049273528,edges-cov,pca,0.1463447582819315,0.38255033431161917
751,1049273528,node-var,sfa,0.24566293725940525,0.49564396219403883
751,1049273528,node-var,pca,0.2144192972045601,0.4630543134499022
751,1049514117,edges-corr,sfa,0.623070959740018,0.7893484400060709
751,1049514117,edges-corr,pca,0.15909468330358323,0.39886674880664524
751,1049514117,edges-cov,sfa,0.2985030257050162,0.5463543041882405
751,1049514117,edges-cov,pca,0.1795254888413389,0.4237044829139039
751,1049514117,node-var,sfa,0.29876461175657454,0.5465936440872458
751,1049514117,node-var,pca,0.316464262278343,0.5625515641062092
751,1051155866,edges-corr,sfa,0.0029406402950546973,0.054227670935186476
751,1051155866,edges-corr,pca,0.0004752770632130421,0.021800850057120787
751,1051155866,edges-cov,sfa,2.953189153376279e-05,0.00543432530624886
751,1051155866,edges-cov,pca,0.00021791329521825276,0.014761886573819565
751,1051155866,node-var,sfa,0.0003855323907239194,0.019634978755374444
751,1051155866,node-var,pca,0.001132100306849737,0.03364669830532875
751,1052342277,edges-corr,sfa,0.18795625248845615,0.43353921678258317
751,1052342277,edges-corr,pca,0.005155210258715126,0.07179979288768885
751,1052342277,edges-cov,sfa,0.21967040655891268,0.4686900965018486
751,1052342277,edges-cov,pca,0.10405289601551637,0.3225723112970426
751,1052342277,node-var,sfa,0.22375593742837308,0.4730284742257834
751,1052342277,node-var,pca,0.21843015423069378,0.46736511875694536
751,1052533639,edges-corr,sfa,0.1025477513160783,0.32023077821483376
751,1052533639,edges-corr,pca,0.040968733281019465,0.20240734492853624
751,1052533639,edges-cov,sfa,0.08925653295391889,0.2987583186355131
751,1052533639,edges-cov,pca,0.06272647344063775,0.2504525373012572
751,1052533639,node-var,sfa,0.08385683089695473,0.2895804394239268
751,1052533639,node-var,pca,0.07223846751280483,0.26877214794841514
751,1053709239,edges-corr,sfa,0.05596726012396769,0.23657400559648906
751,1053709239,edges-corr,pca,0.27463325381235204,0.5240546286527317
751,1053709239,edges-cov,sfa,0.44899287589428016,0.6700693067842162
751,1053709239,edges-cov,pca,0.2686478010368286,0.5183124550276872
751,1053709239,node-var,sfa,0.4176609597969979,0.6462669415937952
751,1053709239,node-var,pca,0.6115606440904369,0.7820234293743602
751,1053718935,edges-corr,sfa,0.02688994673148737,0.1639815438745692
751,1053718935,edges-corr,pca,0.010739691999382295,0.1036324852514029
751,1053718935,edges-cov,sfa,0.004179091484314723,0.06464589301970193
751,1053718935,edges-cov,pca,0.017261258663970103,0.13138210937555445
751,1053718935,node-var,sfa,0.007776772532328335,0.08818601097865991
751,1053718935,node-var,pca,0.00011276161194917478,0.010618927062055887
751,1053925378,edges-corr,sfa,0.0004158255084637519,0.02039180003000931
751,1053925378,edges-corr,pca,0.0013610279031239791,0.03689211166528901
751,1053925378,edges-cov,sfa,0.002850431125300368,0.05338942896585955
751,1053925378,edges-cov,pca,0.010508247679432259,0.10250974431453988
751,1053925378,node-var,sfa,0.010705622900331946,0.10346798007273526
751,1053925378,node-var,pca,0.011351627864861658,0.10654401843774185
751,1053941483,edges-corr,sfa,0.00446351464270911,0.06680954005760681
751,1053941483,edges-corr,pca,0.06600305884428814,0.2569106047719477
751,1053941483,edges-cov,sfa,0.011058369887775088,0.10515878416839461
751,1053941483,edges-cov,pca,0.04482971405068936,0.21173028609693337
751,1053941483,node-var,sfa,0.03912699789085905,0.19780545465395785
751,1053941483,node-var,pca,0.03416196978834807,0.18482956957247937
751,1055221968,edges-corr,sfa,0.0016429881351454068,0.04053379004171084
751,1055221968,edges-corr,pca,0.04059954191469384,0.2014932800732915
751,1055221968,edges-cov,sfa,0.0005566269084599229,0.023592941920409248
751,1055221968,edges-cov,pca,0.001739650861371289,0.041709122040284666
751,1055221968,node-var,sfa,0.011944801812814432,0.10929227700443628
751,1055221968,node-var,pca,0.007224747672917364,0.08499851571008336
751,1055240613,edges-corr,sfa,0.03149825807873008,0.17747748611790154
751,1055240613,edges-corr,pca,0.025578286301402353,0.1599321302972051
751,1055240613,edges-cov,sfa,0.08836894165748643,0.2972691401028477
751,1055240613,edges-cov,pca,0.05528789076507257,0.23513377206405822
751,1055240613,node-var,sfa,0.05249119968288374,0.2291095800766166
751,1055240613,node-var,pca,0.0848456333691423,0.2912827378495712
751,1055403683,edges-corr,sfa,0.03217090607791118,0.17936249908470608
751,1055403683,edges-corr,pca,0.0005514587483581579,0.02348315882410584
751,1055403683,edges-cov,sfa,0.009204429043557893,0.09593971567373877
751,1055403683,edges-cov,pca,0.007934399586074115,0.08907524676403715
751,1055403683,node-var,sfa,0.01953410144031309,0.13976444984441921
751,1055403683,node-var,pca,0.03092245782462355,0.17584782576029623
751,1055415082,edges-corr,sfa,0.09504734313711505,0.3082974912922831
751,1055415082,edges-corr,pca,0.1656340496262848,0.40698163303309515
751,1055415082,edges-cov,sfa,0.14748791294639807,0.38404155106758736
751,1055415082,edges-cov,pca,0.19042499016712044,0.43637711920667954
751,1055415082,node-var,sfa,0.2018945869877795,0.4493268153446661
751,1055415082,node-var,pca,0.2201643668317369,0.46921675889905834
751,1062755779,edges-corr,sfa,0.09560393564439329,0.3091988610011257
751,1062755779,edges-corr,pca,0.010327655701509508,0.10162507417714156
751,1062755779,edges-cov,sfa,0.047539985893391035,0.21803666181032713
751,1062755779,edges-cov,pca,0.007153892890434221,0.08458068863773939
751,1062755779,node-var,sfa,0.03194494894555866,0.17873149958963275
751,1062755779,node-var,pca,0.0010082073085375676,0.03175228036752071
751,1063010385,edges-corr,sfa,5.181764884287787e-06,0.002276349025138591
751,1063010385,edges-corr,pca,0.06286220600072157,0.25072336548618956
751,1063010385,edges-cov,sfa,0.00020634525198470755,0.014364722481988203
751,1063010385,edges-cov,pca,0.06733009875675078,0.2594804400272795
751,1063010385,node-var,sfa,0.003685427679898101,0.06070772339577454
751,1063010385,node-var,pca,0.03917605252064038,0.1979294129750312
751,1064400234,edges-corr,sfa,0.015248555766243399,0.12348504268227534
751,1064400234,edges-corr,pca,0.004367812871003518,0.06608943085700948
751,1064400234,edges-cov,sfa,0.018942564250773564,0.13763198847206057
751,1064400234,edges-cov,pca,0.0008313918082656357,0.028833865649016865
751,1064400234,node-var,sfa,0.0197213510716181,0.1404327279220123
751,1064400234,node-var,pca,3.202470500907051e-05,0.0056590374631149635
751,1064415305,edges-corr,sfa,0.11488101520506633,0.3389410202455086
751,1064415305,edges-corr,pca,0.03318442225331586,0.18216591957146033
751,1064415305,edges-cov,sfa,0.034760107477709634,0.1864406272187195
751,1064415305,edges-cov,pca,0.013326794474182058,0.11544173627497947
751,1064415305,node-var,sfa,0.016469220033383802,0.12833245900154638
751,1064415305,node-var,pca,0.010563668797372916,0.10277971004713383
751,1064639378,edges-corr,sfa,0.12738293495686726,0.3569074599344581
751,1064639378,edges-corr,pca,0.12811193227837958,0.35792727233109733
751,1064639378,edges-cov,sfa,0.07398379341854355,0.27199962025441055
751,1064639378,edges-cov,pca,0.07119709850032474,0.2668278443122541
751,1064639378,node-var,sfa,0.052524885651493824,0.2291830832576737
751,1064639378,node-var,pca,0.03860159750175163,0.19647289253673464
751,1064644573,edges-corr,sfa,0.09177984966027464,0.30295189331026595
751,1064644573,edges-corr,pca,0.09042044676520655,0.3006999281097462
751,1064644573,edges-cov,sfa,0.003484365650554877,0.059028515571333526
751,1064644573,edges-cov,pca,0.01716319609367767,0.13100838176879323
751,1064644573,node-var,sfa,0.005829771666558736,0.07635294144012329
751,1064644573,node-var,pca,0.0002755487594776618,0.016599661426607605
751,1065437523,edges-corr,sfa,0.019968226541040246,0.14130897544402538
751,1065437523,edges-corr,pca,0.037415036588566264,0.19342966832563768
751,1065437523,edges-cov,sfa,0.029206707127828024,0.17089969902790286
751,1065437523,edges-cov,pca,0.04289235954191162,0.20710470671115083
751,1065437523,node-var,sfa,0.04245030654836679,0.2060347217057523
751,1065437523,node-var,pca,0.046935720924483726,0.2166465345314429
751,1065449881,edges-corr,sfa,0.021291939647480218,0.14591757826759655
751,1065449881,edges-corr,pca,0.001109921738429942,0.03331548796625998
751,1065449881,edges-cov,sfa,0.02072942896185015,0.1439771820874755
751,1065449881,edges-cov,pca,0.00016965776725075266,0.013025274171809473
751,1065449881,node-var,sfa,0.005189985470895664,0.0720415537790221
751,1065449881,node-var,pca,6.890219983513024e-05,0.008300734897288558
751,1065905010,edges-corr,sfa,0.006326162926461376,0.07953717952292143
751,1065905010,edges-corr,pca,0.02341013887569421,0.15300372177072763
751,1065905010,edges-cov,sfa,0.00497356897769452,0.07052353492058254
751,1065905010,edges-cov,pca,0.016591027308572093,0.1288061617647702
751,1065905010,node-var,sfa,0.011530135901504424,0.10737847038165801
751,1065905010,node-var,pca,0.01547351040719025,0.1243925657231582
751,1065908084,edges-corr,sfa,0.0816521944258578,0.28574848105608147
751,1065908084,edges-corr,pca,0.11917166616084096,0.3452124942131164
751,1065908084,edges-cov,sfa,0.19225360421194082,0.4384673353990475
751,1065908084,edges-cov,pca,0.05893573047886724,0.2427668232664155
751,1065908084,node-var,sfa,0.15660928634209736,0.3957389118372079
751,1065908084,node-var,pca,0.13820213320398145,0.3717554750154746
751,1067588044,edges-corr,sfa,0.004059641232628031,0.06371531395691143
751,1067588044,edges-corr,pca,0.013701959741333924,0.11705537040791246
751,1067588044,edges-cov,sfa,0.012075841853740221,0.10989013537956929
751,1067588044,edges-cov,pca,0.015558936951132196,0.12473546789559084
751,1067588044,node-var,sfa,0.016046078972685285,0.12667311858750877
751,1067588044,node-var,pca,0.007840058156534102,0.08854410288965602
751,1067781390,edges-corr,sfa,0.002321297614635953,0.048179846560941424
751,1067781390,edges-corr,pca,0.0020552459884539687,0.04533482092667637
751,1067781390,edges-cov,sfa,0.00620565083424407,0.07877595340104852
751,1067781390,edges-cov,pca,0.0001754466009221689,0.013245625727841976
751,1067781390,node-var,sfa,0.0007386012642560669,0.02717721958287883
751,1067781390,node-var,pca,0.003143784258690663,0.05606945923308616
751,1071300149,edges-corr,sfa,0.10832460185249182,0.3291270299633435
751,1071300149,edges-corr,pca,0.03447532208013826,0.185675313599138
751,1071300149,edges-cov,sfa,0.11104548162786121,0.3332348745672652
751,1071300149,edges-cov,pca,0.03707764257558177,0.19255555711425643
751,1071300149,node-var,sfa,0.08624465137064907,0.2936743968592581
751,1071300149,node-var,pca,0.07147952875850094,0.26735655735085495
751,1081079981,edges-corr,sfa,0.22032943606982835,0.46939262464362264
751,1081079981,edges-corr,pca,0.16497051943427,0.40616563054284927
751,1081079981,edges-cov,sfa,0.14184816999343663,0.3766273622474034
751,1081079981,edges-cov,pca,0.10165031538550451,0.31882646594268893
751,1081079981,node-var,sfa,0.08895768676912075,0.29825775223641865
751,1081079981,node-var,pca,0.04987484172669987,0.22332675998791515
751,1081090969,edges-corr,sfa,0.08095416758705243,0.28452445867983395
751,1081090969,edges-corr,pca,0.13327513769613952,0.3650686753148507
751,1081090969,edges-cov,sfa,0.12596025007689005,0.3549087912082347
751,1081090969,edges-cov,pca,0.22776274007984132,0.4772449476734581
751,1081090969,node-var,sfa,0.14890854794070174,0.3858867035033755
751,1081090969,node-var,pca,0.165084944554736,0.4063064662969765
751,1081429294,edges-corr,sfa,0.027153120210107073,0.16478203849360284
751,1081429294,edges-corr,pca,0.002513759062296117,0.05013740183033168
751,1081429294,edges-cov,sfa,0.031274792061125045,0.1768468039324576
751,1081429294,edges-cov,pca,0.029716135474001093,0.17238368679779748
751,1081429294,node-var,sfa,0.02717268856591848,0.16484140428277927
751,1081429294,node-var,pca,0.03253277923690567,0.18036845410688024
751,1081431006,edges-corr,sfa,0.08106385173922026,0.28471714338834625
751,1081431006,edges-corr,pca,0.01528630710045853,0.1236378061130917
751,1081431006,edges-cov,sfa,0.017356460636416382,0.13174392068105556
751,1081431006,edges-cov,pca,0.00021849264613105213,0.014781496748666498
751,1081431006,node-var,sfa,0.005507757802939883,0.07421426953719674
751,1081431006,node-var,pca,0.004437432368182392,0.06661405533505788
751,1086200042,edges-corr,sfa,0.017246449939074426,0.13132573981925405
751,1086200042,edges-corr,pca,0.06015905470132443,0.24527342844532563
751,1086200042,edges-cov,sfa,0.0008254273475359897,0.02873025143530929
751,1086200042,edges-cov,pca,0.055133606934558044,0.23480546615136116
751,1086200042,node-var,sfa,0.2711526928901927,0.5207232402055744
751,1086200042,node-var,pca,0.025645342543918037,0.1601416327627449
751,1086410738,edges-corr,sfa,0.3051132628923964,0.5523705847457803
751,1086410738,edges-corr,pca,0.19962702236561614,0.4467963992308083
751,1086410738,edges-cov,sfa,0.2604398331310349,0.5103330609817813
751,1086410738,edges-cov,pca,0.09766977690940093,0.31252164230561813
751,1086410738,node-var,sfa,0.08642940475143679,0.2939887833769118
751,1086410738,node-var,pca,0.003803421425992548,0.06167188521516342
751,1087720624,edges-corr,sfa,0.3099154274394599,0.5567004827009405
751,1087720624,edges-corr,pca,0.09836573659707926,0.313633124202593
751,1087720624,edges-cov,sfa,0.2579796960579128,0.5079170169012972
751,1087720624,edges-cov,pca,0.21446267962855614,0.463101154855563
751,1087720624,node-var,sfa,0.24152315873613828,0.4914500572145033
751,1087720624,node-var,pca,0.25423585293870954,0.504218060900945
751,1087992708,edges-corr,sfa,0.40410102297141026,0.6356894076287642
751,1087992708,edges-corr,pca,0.09046614569049716,0.30077590610036753
751,1087992708,edges-cov,sfa,0.4101679622160289,0.6404435667691797
751,1087992708,edges-cov,pca,0.36153329925711486,0.6012763917343794
751,1087992708,node-var,sfa,0.41871724126938337,0.6470836431786718
751,1087992708,node-var,pca,0.467678125724155,0.6838699625836441
751,1089296550,edges-corr,sfa,0.002550548777419226,0.05050295810563201
751,1089296550,edges-corr,pca,0.04722383371142991,0.21731045467586185
751,1089296550,edges-cov,sfa,0.025923134267729964,0.16100662802422078
751,1089296550,edges-cov,pca,0.05296750033570652,0.23014669308010174
751,1089296550,node-var,sfa,0.04860848192297629,0.2204733134031782
751,1089296550,node-var,pca,0.025391207424590667,0.15934618735504988
751,1090800639,edges-corr,sfa,0.36091954051760267,0.6007657950629377
751,1090800639,edges-corr,pca,0.4097622896100773,0.6401267762014636
751,1090800639,edges-cov,sfa,0.2979417853470412,0.5458404394573954
751,1090800639,edges-cov,pca,0.37402925502183093,0.6115793121270793
751,1090800639,node-var,sfa,0.12242512591198706,0.34989302066772787
751,1090800639,node-var,pca,0.41057915547456936,0.6407645085946707
751,1090803859,edges-corr,sfa,0.0027094712506083862,0.05205258159407961
751,1090803859,edges-corr,pca,0.0011298264200013675,0.03361289068201608
751,1090803859,edges-cov,sfa,0.23103897394183104,0.48066513701518965
751,1090803859,edges-cov,pca,0.11144689332315982,0.3338366266950939
751,1090803859,node-var,sfa,0.21372651833233947,0.4623056546618687
751,1090803859,node-var,pca,0.19639178213293962,0.44316112434749905
751,1091039376,edges-corr,sfa,0.13432480359377308,0.3665034837402955
751,1091039376,edges-corr,pca,0.0038180539670230607,0.0617904035188558
751,1091039376,edges-cov,sfa,0.22677892822637757,0.4762131121949271
751,1091039376,edges-cov,pca,0.10944934966682007,0.3308313009175817
751,1091039376,node-var,sfa,0.24078111161370086,0.4906945196491407
751,1091039376,node-var,pca,0.23270173349858414,0.4823916805859976
751,1091039902,edges-corr,sfa,0.06507301483863226,0.2550941293692045
751,1091039902,edges-corr,pca,0.010908885830909543,0.10444561183175496
751,1091039902,edges-cov,sfa,0.024073337004077322,0.15515584746981764
751,1091039902,edges-cov,pca,0.037859298445867884,0.19457466033856488
751,1091039902,node-var,sfa,0.0682439237618172,0.2612353799963118
751,1091039902,node-var,pca,0.040837079809947996,0.20208186412923862
751,1092283837,edges-corr,sfa,0.03487981268440443,0.1867613789957775
751,1092283837,edges-corr,pca,0.1900396304282096,0.4359353512026864
751,1092283837,edges-cov,sfa,0.0954616232654979,0.3089686444697873
751,1092283837,edges-cov,pca,0.09832329503911752,0.31356545574906264
751,1092283837,node-var,sfa,0.021476600770053422,0.14654897055269045
751,1092283837,node-var,pca,0.00852334026684387,0.0923219381666335
751,1092466205,edges-corr,sfa,0.0003250975737894013,0.018030462384239467
751,1092466205,edges-corr,pca,0.014329813554886162,0.11970719926088837
751,1092466205,edges-cov,sfa,0.00014670502356106674,0.012112184921022267
751,1092466205,edges-cov,pca,0.0013811010317300587,0.03716316767620941
751,1092466205,node-var,sfa,0.00011072265387201963,0.010522483255958988
751,1092466205,node-var,pca,0.0016592800699769539,0.040734261623075335
751,1093638203,edges-corr,sfa,0.002623795046568178,0.05122299333862092
751,1093638203,edges-corr,pca,0.002792813442367148,0.052847076005843235
751,1093638203,edges-cov,sfa,0.0003304667296748498,0.01817874389706792
751,1093638203,edges-cov,pca,0.042273346464201,0.20560483083867737
751,1093638203,node-var,sfa,0.09304098364358482,0.3050262015689552
751,1093638203,node-var,pca,0.08624962579106199,0.293682866015473
751,1093642839,edges-corr,sfa,0.4813710995514069,0.6938091232834913
751,1093642839,edges-corr,pca,0.00024039297439581997,0.01550461139131937
751,1093642839,edges-cov,sfa,0.015797049713178635,0.12568631474101943
751,1093642839,edges-cov,pca,0.0001852204674679392,0.013609572640900075
751,1093642839,node-var,sfa,0.013490092961764288,0.11614685945717315
751,1093642839,node-var,pca,0.004559805475624734,0.06752633172048414
751,1093864136,edges-corr,sfa,0.003933182705044058,0.062715091525439
751,1093864136,edges-corr,pca,0.003933182705044058,0.06271509152543896
751,1093864136,edges-cov,sfa,0.018527450970063697,0.13611557945387398
751,1093864136,edges-cov,pca,0.018527450970063697,0.13611557945387398
751,1093864136,node-var,sfa,0.014484649371511171,0.12035218889372631
751,1093864136,node-var,pca,0.0105237579935199,0.10258536929562626
751,1093867806,edges-corr,sfa,0.05778471669559171,0.24038451841911912
751,1093867806,edges-corr,pca,0.05678043279826317,0.2382864511428697
751,1093867806,edges-cov,sfa,0.0038197569518723107,0.061804182316994874
751,1093867806,edges-cov,pca,0.011946985370993923,0.10930226608352617
751,1093867806,node-var,sfa,0.006886029078275846,0.08298210095120537
751,1093867806,node-var,pca,0.0019306364615420124,0.04393900842693237
751,1095138995,edges-corr,sfa,0.11732225177938582,0.3425233594652862
751,1095138995,edges-corr,pca,0.08553930181448899,0.29247102730781543
751,1095138995,edges-cov,sfa,0.019475300269404805,0.13955393319217052
751,1095138995,edges-cov,pca,0.018923641820958736,0.1375632284477168
751,1095138995,node-var,sfa,0.08324347663532905,0.28851945625092423
751,1095138995,node-var,pca,0.08696706891191486,0.2949017953690937
751,1095340643,edges-corr,sfa,0.0023609279566672026,0.04858938111014968
751,1095340643,edges-corr,pca,0.035572003847110234,0.18860541839276626
751,1095340643,edges-cov,sfa,0.3772024831573151,0.6141681228762328
751,1095340643,edges-cov,pca,0.3833353238312528,0.6191407948368872
751,1095340643,node-var,sfa,0.45499339928180216,0.6745319853660035
751,1095340643,node-var,pca,0.4627339913972037,0.6802455375797805
751,1096620314,edges-corr,sfa,0.06505209970398773,0.25505313113935196
751,1096620314,edges-corr,pca,0.07730677908087613,0.2780409665514707
751,1096620314,edges-cov,sfa,0.026002160707284783,0.16125185489564126
751,1096620314,edges-cov,pca,0.04677178486358924,0.21626785443886243
751,1096620314,node-var,sfa,6.9189711703332435e-06,0.0026303937291287166
751,1096620314,node-var,pca,0.010822778472165617,0.10403258370417154
751,1096935816,edges-corr,sfa,0.012752327741351932,0.11292620484790872
751,1096935816,edges-corr,pca,0.01856487069998547,0.1362529658392266
751,1096935816,edges-cov,sfa,0.009925184157907774,0.09962521848361358
751,1096935816,edges-cov,pca,0.01610483257840134,0.12690481700235579
751,1096935816,node-var,sfa,0.00044896622594359226,0.02118882313729903
751,1096935816,node-var,pca,0.010154545545353999,0.10076976503571893
751,1098119201,edges-corr,sfa,0.10568157412081713,0.3250870254575184
751,1098119201,edges-corr,pca,0.0304063777781286,0.1743742463155864
751,1098119201,edges-cov,sfa,0.0958352137393641,0.3095726307982739
751,1098119201,edges-cov,pca,0.015219728939747768,0.123368265529462
751,1098119201,node-var,sfa,0.2050990054085713,0.45287857689293665
751,1098119201,node-var,pca,0.06763341175069659,0.26006424542927176
751,1104052767,edges-corr,sfa,0.006952237208154299,0.08338007680588026
751,1104052767,edges-corr,pca,0.007584095971855498,0.08708671524323044
751,1104052767,edges-cov,sfa,0.024492410782260943,0.15650051368050155
751,1104052767,edges-cov,pca,0.01402460531990457,0.11842552647087758
751,1104052767,node-var,sfa,0.020905743574157643,0.14458818615003655
751,1104052767,node-var,pca,0.017768422805741646,0.13329824757190845
751,1104058216,edges-corr,sfa,0.163398342621353,0.40422560856698936
751,1104058216,edges-corr,pca,0.013532957106129118,0.11633123873719069
751,1104058216,edges-cov,sfa,0.1609388508186802,0.4011718469916353
751,1104058216,edges-cov,pca,0.08275839536520035,0.287677589264789
751,1104058216,node-var,sfa,0.11218756882131375,0.33494412790988554
751,1104058216,node-var,pca,0.10879810891956188,0.3298455834471063
751,1104289498,edges-corr,sfa,0.07997693558238261,0.28280193702020967
751,1104289498,edges-corr,pca,0.024335663326741086,0.1559989209153104
751,1104289498,edges-cov,sfa,0.00894186187541901,0.09456141853535668
751,1104289498,edges-cov,pca,0.0029109019111548395,0.053952774823495406
751,1104289498,node-var,sfa,0.00528964075712568,0.0727299165208218
751,1104289498,node-var,pca,0.010810632424841815,0.10397419114781295
751,1104297538,edges-corr,sfa,0.0001545460674594601,0.012431655861526265
751,1104297538,edges-corr,pca,0.052403643131904376,0.2289184202546931
751,1104297538,edges-cov,sfa,0.0003418943845764355,0.018490386274397527
751,1104297538,edges-cov,pca,0.023765178993070957,0.15415958936462879
751,1104297538,node-var,sfa,0.00010143901252479548,0.010071693627426926
751,1104297538,node-var,pca,0.00024835406933543247,0.015759253451078755
751,1105543760,edges-corr,sfa,0.10705189979856777,0.3271878662153714
751,1105543760,edges-corr,pca,0.025732860470856656,0.16041465167140045
751,1105543760,edges-cov,sfa,0.5307132554732648,0.7285006900980022
751,1105543760,edges-cov,pca,0.2957593899542852,0.543837650364781
751,1105543760,node-var,sfa,0.46444878635968445,0.6815047955514947
751,1105543760,node-var,pca,0.43948874666343574,0.6629394743590366
751,1105798776,edges-corr,sfa,0.3619154868432767,0.601594121350331
751,1105798776,edges-corr,pca,0.23078567900576752,0.48040158097758995
751,1105798776,edges-cov,sfa,0.5189698739136903,0.7203956370729143
751,1105798776,edges-cov,pca,0.37467870570380246,0.6121100437860842
751,1105798776,node-var,sfa,0.5095031756626897,0.7137949114855677
751,1105798776,node-var,pca,0.4450679526014698,0.6671341338902318
751,1108334384,edges-corr,sfa,0.17437259732145938,0.41757945031030874
751,1108334384,edges-corr,pca,0.015289389537835651,0.12365027107869822
751,1108334384,edges-cov,sfa,0.011701293898496057,0.10817251914648252
751,1108334384,edges-cov,pca,0.01941100492884884,0.13932338256318988
751,1108334384,node-var,sfa,0.021231533971817984,0.14571044565101762
751,1108334384,node-var,pca,0.025339205051622793,0.1591829295233095
751,1108335514,edges-corr,sfa,0.00030125065066677337,0.01735657370182449
751,1108335514,edges-corr,pca,0.00034730148704487096,0.018636026589506183
751,1108335514,edges-cov,sfa,0.002073165888883177,0.045532031460097204
751,1108335514,edges-cov,pca,0.0002998556068262159,0.017316339302122005
751,1108335514,node-var,sfa,0.0017526982196419683,0.04186523879833982
751,1108335514,node-var,pca,0.0013623523854341402,0.03691005805243502
751,1108528422,edges-corr,sfa,0.09014160249809045,0.30023591140649775
751,1108528422,edges-corr,pca,0.07528969576884481,0.2743896786849769
751,1108528422,edges-cov,sfa,0.07212341940559697,0.26855803731334665
751,1108528422,edges-cov,pca,0.061779838638958195,0.24855550414134572
751,1108528422,node-var,sfa,0.12143414955342846,0.3484740299555027
751,1108528422,node-var,pca,0.035684710433341205,0.18890397145994833
751,1108531612,edges-corr,sfa,0.2447183619213833,0.4946901676012806
751,1108531612,edges-corr,pca,0.18645877319196058,0.4318087229225002
751,1108531612,edges-cov,sfa,0.31017223267766025,0.5569310843162384
751,1108531612,edges-cov,pca,0.2871705456699599,0.5358829589284952
751,1108531612,node-var,sfa,0.304659979348857,0.5519601247815427
751,1108531612,node-var,pca,0.30025780002204583,0.5479578451140616
751,1109889304,edges-corr,sfa,0.13805866574595016,0.37156246546973765
751,1109889304,edges-corr,pca,0.08726550157691948,0.29540734854928646
751,1109889304,edges-cov,sfa,0.13351409931601854,0.3653958118479447
751,1109889304,edges-cov,pca,0.08812665511381301,0.29686133987741364
751,1109889304,node-var,sfa,0.0728925077345518,0.26998612507784875
751,1109889304,node-var,pca,0.09199787150850891,0.30331150902744985
751,1111013640,edges-corr,sfa,0.4695107605018394,0.6852085525603431
751,1111013640,edges-corr,pca,0.34045515947200644,0.5834853549764613
751,1111013640,edges-cov,sfa,0.42522828047270433,0.6520953001461548
751,1111013640,edges-cov,pca,0.3451887765892383,0.587527681551464
751,1111013640,node-var,sfa,0.41863983026561924,0.6470238251143612
751,1111013640,node-var,pca,0.40735302979244736,0.6382421404078923
751,1111216934,edges-corr,sfa,0.331783855235961,0.5760068187408551
751,1111216934,edges-corr,pca,0.3432266866012931,0.5858555168309785
751,1111216934,edges-cov,sfa,0.46967571952668397,0.6853289133888081
751,1111216934,edges-cov,pca,0.49321644087598904,0.7022936998692136
751,1111216934,node-var,sfa,0.5064352393160457,0.7116426345547634
751,1111216934,node-var,pca,0.510104502312626,0.714216005360161
751,1112302803,edges-corr,sfa,0.05407002124882121,0.23252961370290215
751,1112302803,edges-corr,pca,0.05379804335766181,0.23194405221445455
751,1112302803,edges-cov,sfa,0.1572951537792472,0.39660453070942914
751,1112302803,edges-cov,pca,0.24485001541563367,0.4948232163264312
751,1112302803,node-var,sfa,0.2858390248102415,0.5346391538320415
751,1112302803,node-var,pca,0.31494843372016534,0.5612026672425625
751,1112515874,edges-corr,sfa,0.045152785270823115,0.21249184753967176
751,1112515874,edges-corr,pca,0.047687844521647094,0.21837546684929404
751,1112515874,edges-cov,sfa,0.2485931924553917,0.4985912077598149
751,1112515874,edges-cov,pca,0.021216260574529522,0.14565802612465142
751,1112515874,node-var,sfa,0.2748197672011925,0.5242325506883295
751,1112515874,node-var,pca,0.17158991382943056,0.4142341292426667
751,1115077618,edges-corr,sfa,0.18955760525469667,0.4353821370413543
751,1115077618,edges-corr,pca,0.001080634233809663,0.032873001594162676
751,1115077618,edges-cov,sfa,0.3981036943274465,0.630954589750679
751,1115077618,edges-cov,pca,0.453419805402711,0.6733645412424923
751,1115077618,node-var,sfa,0.4441439986898006,0.66644129425614
751,1115077618,node-var,pca,0.4634773316941543,0.6807916947893483
751,1115086689,edges-corr,sfa,0.2612245385179759,0.5111012996637511
751,1115086689,edges-corr,pca,0.06553895856949932,0.2560057783908384
751,1115086689,edges-cov,sfa,0.3256484782880732,0.5706561822043751
751,1115086689,edges-cov,pca,0.000326612577200569,0.018072425880339592
751,1115086689,node-var,sfa,0.24526864905508483,0.49524604900502117
751,1115086689,node-var,pca,0.03381114444952138,0.18387806951760513
751,1115356973,edges-corr,sfa,0.003407037200551688,0.05836983125341231
751,1115356973,edges-corr,pca,0.09595534711436227,0.30976660103110276
751,1115356973,edges-cov,sfa,0.005436438589431214,0.07373220862982019
751,1115356973,edges-cov,pca,0.05309140991042438,0.23041573277540026
751,1115356973,node-var,sfa,0.013400809105805545,0.11576186377994128
751,1115356973,node-var,pca,0.02150745739040305,0.14665421027165612
751,1115368723,edges-corr,sfa,0.14879169092364408,0.38573526015084947
751,1115368723,edges-corr,pca,0.09195571899287447,0.30324201389793354
751,1115368723,edges-cov,sfa,0.17524538144635093,0.4186231974536894
751,1115368723,edges-cov,pca,0.07786477562454663,0.2790426053930593
751,1115368723,node-var,sfa,0.16042702579186274,0.40053342655995916
751,1115368723,node-var,pca,0.1371677459516285,0.37036164211703654
751,1116941914,edges-corr,sfa,0.11567022428489371,0.34010325532828095
751,1116941914,edges-corr,pca,0.06736368394034675,0.25954514817338975
751,1116941914,edges-cov,sfa,0.18905100331005642,0.43479995780825065
751,1116941914,edges-cov,pca,0.1415132598656309,0.3761824821355073
751,1116941914,node-var,sfa,0.16885388131442403,0.4109183389852834
751,1116941914,node-var,pca,0.17107967029793414,0.4136177828598937
751,1117148442,edges-corr,sfa,4.965279713264881e-05,0.007046474092228287
751,1117148442,edges-corr,pca,0.03220741939974936,0.17946425660768536
751,1117148442,edges-cov,sfa,0.16314109104207353,0.40390728025386385
751,1117148442,edges-cov,pca,0.11793360181074264,0.343414620845913
751,1117148442,node-var,sfa,0.24791821832978533,0.4979138663762894
751,1117148442,node-var,pca,0.1810169422796033,0.4254608586927866
751,1118324999,edges-corr,sfa,0.01978087601002998,0.1406445022389074
751,1118324999,edges-corr,pca,0.0018600903698859916,0.043128764993746994
751,1118324999,edges-cov,sfa,0.3359979254873665,0.5796532804076642
751,1118324999,edges-cov,pca,0.17938905572374808,0.4235434519901685
751,1118324999,node-var,sfa,0.3823455052504475,0.6183409296257586
751,1118324999,node-var,pca,0.3196560531619732,0.5653813342886139
751,1118327332,edges-corr,sfa,0.1696984839009451,0.4119447583122583
751,1118327332,edges-corr,pca,0.042428184848414374,0.20598103031205142
751,1118327332,edges-cov,sfa,0.29220269976574587,0.5405577672790813
751,1118327332,edges-cov,pca,0.17258145167476813,0.41542923786701386
751,1118327332,node-var,sfa,0.21025376503985482,0.45853436625825006
751,1118327332,node-var,pca,0.2848521307312144,0.5337154023739751
751,1118508667,edges-corr,sfa,0.003200505241911733,0.05657300806843928
751,1118508667,edges-corr,pca,0.006054456156386001,0.07781038591593044
751,1118508667,edges-cov,sfa,0.02041780528617676,0.14289088594510393
751,1118508667,edges-cov,pca,0.015005255322240285,0.12249594002349694
751,1118508667,node-var,sfa,0.00499543868027541,0.07067841735830968
751,1118508667,node-var,pca,0.007460664297886721,0.0863751370354153
751,1118512505,edges-corr,sfa,0.031516082035666804,0.1775276937147184
751,1118512505,edges-corr,pca,0.020182449552854198,0.1420649483611427
751,1118512505,edges-cov,sfa,0.037758323480868494,0.19431501095095155
751,1118512505,edges-cov,pca,0.04293043069764613,0.2071965991459467
751,1118512505,node-var,sfa,0.04873310184966806,0.2207557515664498
751,1118512505,node-var,pca,0.049161376779716104,0.22172364957242682
751,1119946360,edges-corr,sfa,0.5927363035540617,0.7698936962685572
751,1119946360,edges-corr,pca,0.29623065119681347,0.5442707517374176
751,1119946360,edges-cov,sfa,0.6067175119912167,0.7789207353712042
751,1119946360,edges-cov,pca,0.22786244954089774,0.47734939985392
751,1119946360,node-var,sfa,0.4418795996036715,0.6647402497244119
751,1119946360,node-var,pca,0.2359259333467738,0.4857220741810834
751,1120251466,edges-corr,sfa,0.06281671948356038,0.25063263850416706
751,1120251466,edges-corr,pca,0.13939775200961868,0.3733600835783314
751,1120251466,edges-cov,sfa,0.01560250491388726,0.12490998724636641
751,1120251466,edges-cov,pca,0.14602115289691653,0.382127142319041
751,1120251466,node-var,sfa,0.012432790520534254,0.11150242383255285
751,1120251466,node-var,pca,0.06960451960726466,0.2638266847899673
751,1121406444,edges-corr,sfa,0.28465107875034334,0.5335270178260365
751,1121406444,edges-corr,pca,0.033781573474674365,0.1837976427342699
751,1121406444,edges-cov,sfa,0.45398725010070895,0.6737857597936521
751,1121406444,edges-cov,pca,0.2516063899016969,0.5016038176705766
751,1121406444,node-var,sfa,0.40558696710294007,0.6368571010069215
751,1121406444,node-var,pca,0.4195833134379301,0.6477525094030363
751,1121607504,edges-corr,sfa,0.15766365632632506,0.397068830716194
751,1121607504,edges-corr,pca,0.13150219723250456,0.3626323168617282
751,1121607504,edges-cov,sfa,0.13352973880814634,0.36541721197577215
751,1121607504,edges-cov,pca,0.09306610391568848,0.3050673760264911
751,1121607504,node-var,sfa,0.11260145410904043,0.3355614013992678
751,1121607504,node-var,pca,0.05057071318932771,0.22487933028477297
751,1122903357,edges-corr,sfa,0.09744950951501585,0.31216903996875794
751,1122903357,edges-corr,pca,0.02589411214277937,0.16091647567225445
751,1122903357,edges-cov,sfa,0.12460406847117922,0.35299301476258615
751,1122903357,edges-cov,pca,0.07008649792544652,0.26473854635365535
751,1122903357,node-var,sfa,0.1233950553204729,0.35127632331324676
751,1122903357,node-var,pca,0.11386678490936042,0.3374415281339278
751,1124285719,edges-corr,sfa,0.03901892237312532,0.19753207935200123
751,1124285719,edges-corr,pca,0.0027628968354723726,0.052563265076214075
751,1124285719,edges-cov,sfa,0.024601154448917528,0.1568475516191364
751,1124285719,edges-cov,pca,0.00018208290237231584,0.013493809779758092
751,1124285719,node-var,sfa,0.00011294727695065898,0.01062766563976195
751,1124285719,node-var,pca,0.00028318510329328195,0.016828104566270097
751,1124507277,edges-corr,sfa,0.0012698172317944234,0.035634494970384414
751,1124507277,edges-corr,pca,0.00471144214499597,0.06863994569487945
751,1124507277,edges-cov,sfa,0.001223501985621822,0.03497859324818388
751,1124507277,edges-cov,pca,0.007960508169094105,0.08922167992755056
751,1124507277,node-var,sfa,0.004604887414612735,0.06785932076445278
751,1124507277,node-var,pca,0.004298562572244702,0.06556342404301943
751,1125713722,edges-corr,sfa,0.06470745675845291,0.25437660418846125
751,1125713722,edges-corr,pca,0.07206070598122227,0.2684412523835012
751,1125713722,edges-cov,sfa,0.19577292014092895,0.44246233753951203
751,1125713722,edges-cov,pca,0.18194754357770493,0.426553095848225
751,1125713722,node-var,sfa,0.18811779906538983,0.4337254881435836
751,1125713722,node-var,pca,0.20389635441076137,0.4515488394523474
751,1125937457,edges-corr,sfa,0.01233406230207823,0.11105882361198588
751,1125937457,edges-corr,pca,0.0030493715071234773,0.05522111468563024
751,1125937457,edges-cov,sfa,0.0008008655271395382,0.028299567614003138
751,1125937457,edges-cov,pca,0.00012631832185261427,0.011239142398450289
751,1125937457,node-var,sfa,3.17969206876656e-05,0.005638875835463109
751,1125937457,node-var,pca,0.0005800146998184985,0.024083494344020163
751,1128520325,edges-corr,sfa,0.0030502577307228718,0.055229138420970963
751,1128520325,edges-corr,pca,3.680035495312595e-05,0.0060663296113210715
751,1128520325,edges-cov,sfa,0.007006783921778115,0.08370653452256868
751,1128520325,edges-cov,pca,0.009243983621734175,0.09614563755955936
751,1128520325,node-var,sfa,0.0012025753502474812,0.03467816820778485
751,1128520325,node-var,pca,0.00961839093863981,0.0980733956720166
751,1128719842,edges-corr,sfa,0.003264853466012352,0.057138896261761225
751,1128719842,edges-corr,pca,0.014120778398424738,0.11883088150150488
751,1128719842,edges-cov,sfa,0.003092462094090198,0.05560991003490433
751,1128719842,edges-cov,pca,0.00972704869181329,0.09862580134940926
751,1128719842,node-var,sfa,0.0032851690649922105,0.05731639438234332
751,1128719842,node-var,pca,0.0010730342351251698,0.03275720127124847
751,1130113579,edges-corr,sfa,0.1270005873857003,0.35637141774516684
751,1130113579,edges-corr,pca,0.0017590552800738068,0.041941092976624836
751,1130113579,edges-cov,sfa,0.2507095088935869,0.5007090062037897
751,1130113579,edges-cov,pca,0.037824128203462815,0.19448426209712366
751,1130113579,node-var,sfa,0.1347338708397372,0.3670611268436591
751,1130113579,node-var,pca,0.22607224468651632,0.47547055080889755
751,1130349290,edges-corr,sfa,0.015685318637109757,0.12524104214317916
751,1130349290,edges-corr,pca,0.015637901108084384,0.12505159378466316
751,1130349290,edges-cov,sfa,0.004157885205390066,0.06448166565303762
751,1130349290,edges-cov,pca,0.00460622266511701,0.06786915842352137
751,1130349290,node-var,sfa,0.002327387091042077,0.0482430004357314
751,1130349290,node-var,pca,0.0023214337411566754,0.04818125923174676
751,1139846596,edges-corr,sfa,0.0014898034523457282,0.03859797212737578
751,1139846596,edges-corr,pca,0.002284487483365072,0.047796312445261
751,1139846596,edges-cov,sfa,0.002683727395597968,0.05180470437709237
751,1139846596,edges-cov,pca,0.001988138228881442,0.04458854369545279
751,1139846596,node-var,sfa,0.001819732599101176,0.04265832391340689
751,1139846596,node-var,pca,0.004879266015810457,0.06985174311218371
751,1140102579,edges-corr,sfa,0.12314333084061202,0.35091784058467573
751,1140102579,edges-corr,pca,0.09311329410392111,0.3051447101031262
751,1140102579,edges-cov,sfa,0.10495883146187457,0.3239735042590281
751,1140102579,edges-cov,pca,0.10301058430728349,0.3209526200349257
751,1140102579,node-var,sfa,0.10762806365010191,0.32806716332193636
751,1140102579,node-var,pca,0.09276630092714633,0.3045756078991659
751,1152632711,edges-corr,sfa,0.6366316411096298,0.7978919983993001
751,1152632711,edges-corr,pca,0.12314919878419617,0.35092620133611613
751,1152632711,edges-cov,sfa,0.67390855815138,0.8209193371771547
751,1152632711,edges-cov,pca,0.44254048685332237,0.6652371658689268
751,1152632711,node-var,sfa,0.6710323330904147,0.8191656322688435
751,1152632711,node-var,pca,0.5542613821384267,0.7444873283934578
751,1152811536,edges-corr,sfa,0.29749903081334894,0.5454347172791161
751,1152811536,edges-corr,pca,0.012078642473306367,0.1099028774568993
751,1152811536,edges-cov,sfa,0.27003366234437387,0.5196476328670936
751,1152811536,edges-cov,pca,0.17908133336278398,0.4231800247681635
751,1152811536,node-var,sfa,0.2029435845264923,0.450492602077428
751,1152811536,node-var,pca,0.21971676304782672,0.46873954713446825
1501,1044385384,edges-corr,sfa,0.6810456112234564,0.8252548765220701
1501,1044385384,edges-corr,pca,0.19289508337400774,0.4391982278812248
1501,1044385384,edges-cov,sfa,0.5678714569201686,0.7535724629524152
1501,1044385384,edges-cov,pca,0.40698954324337633,0.637957320863533
1501,1044385384,node-var,sfa,0.662313789304154,0.8138266334448353
1501,1044385384,node-var,pca,0.6030781208357157,0.7765810458900702
1501,1044594870,edges-corr,sfa,0.15170440166699484,0.38949249243983464
1501,1044594870,edges-corr,pca,0.07620548812423678,0.27605341534608213
1501,1044594870,edges-cov,sfa,0.5494764921296904,0.7412668157483451
1501,1044594870,edges-cov,pca,0.38330358142729637,0.6191151600690266
1501,1044594870,node-var,sfa,0.4836701625667751,0.6954639908483942
1501,1044594870,node-var,pca,0.5481235811792826,0.740353686543995
1501,1047969464,edges-corr,sfa,0.23696900323747305,0.48679462120844424
1501,1047969464,edges-corr,pca,0.036577820525608096,0.1912532889275581
1501,1047969464,edges-cov,sfa,0.20590543670993733,0.45376804284781563
1501,1047969464,edges-cov,pca,0.012729582454739652,0.11282545127203898
1501,1047969464,node-var,sfa,0.09897301986331952,0.3145997772779237
1501,1047969464,node-var,pca,0.06701580032636933,0.25887410130480276
1501,1047977240,edges-corr,sfa,0.4497187397625466,0.6706107214789707
1501,1047977240,edges-corr,pca,0.2718764622307869,0.5214177425354716
1501,1047977240,edges-cov,sfa,0.4715412581310092,0.6866886180293126
1501,1047977240,edges-cov,pca,0.3785155503108042,0.6152361744166251
1501,1047977240,node-var,sfa,0.6501224751122507,0.8063017270924403
1501,1047977240,node-var,pca,0.6701304315926886,0.8186149470860454
1501,1048189115,edges-corr,sfa,0.04925502552223071,0.22193473257295868
1501,1048189115,edges-corr,pca,0.024294346062224803,0.15586643661232832
1501,1048189115,edges-cov,sfa,0.05758827020056634,0.23997556167361384
1501,1048189115,edges-cov,pca,0.07071040898539938,0.26591428879509177
1501,1048189115,node-var,sfa,0.05469952794511701,0.23387930208788707
1501,1048189115,node-var,pca,0.06453130206507851,0.25403012038945
1501,1048196054,edges-corr,sfa,0.011945296898618452,0.10929454194340464
1501,1048196054,edges-corr,pca,0.011730623187710787,0.10830800149439959
1501,1048196054,edges-cov,sfa,0.000990645247098576,0.03147451742439601
1501,1048196054,edges-cov,pca,0.00022597910755917106,0.015032601490068114
1501,1048196054,node-var,sfa,0.016812013868807485,0.12966115019082444
1501,1048196054,node-var,pca,0.005904482592839377,0.07684063113249062
1501,1049273528,edges-corr,sfa,0.37829548697121784,0.6150573038109689
1501,1049273528,edges-corr,pca,0.16495511094389825,0.4061466618647731
1501,1049273528,edges-cov,sfa,0.36329008995164924,0.6027355057997237
1501,1049273528,edges-cov,pca,0.11753709047613403,0.3428368277710755
1501,1049273528,node-var,sfa,0.2095941155717238,0.4578144990842084
1501,1049273528,node-var,pca,0.17343347001131015,0.41645344278959906
1501,1049514117,edges-corr,sfa,0.751873525409609,0.8671064095078581
1501,1049514117,edges-corr,pca,0.3273400052842893,0.5721363520038645
1501,1049514117,edges-cov,sfa,0.48453686654228434,0.6960868239970385
1501,1049514117,edges-cov,pca,0.32917911202801653,0.573741328499191
1501,1049514117,node-var,sfa,0.5209581615026573,0.7217743147983702
1501,1049514117,node-var,pca,0.5218566250646131,0.72239644591084
1501,1051155866,edges-corr,sfa,0.005235482336174657,0.07235663297980661
1501,1051155866,edges-corr,pca,0.0034088808084962174,0.058385621590387966
1501,1051155866,edges-cov,sfa,0.00010164161194914367,0.010081746473149732
1501,1051155866,edges-cov,pca,0.0018842656115389822,0.04340812840400767
1501,1051155866,node-var,sfa,0.005069234589859306,0.07119855749844321
1501,1051155866,node-var,pca,0.0049613459293911255,0.07043682225506102
1501,1052342277,edges-corr,sfa,0.15573818523491334,0.3946367763335207
1501,1052342277,edges-corr,pca,0.020607081705260377,0.14355166911346032
1501,1052342277,edges-cov,sfa,0.24528456023821688,0.49526211266178755
1501,1052342277,edges-cov,pca,0.14809303398960771,0.3848285774076659
1501,1052342277,node-var,sfa,0.27124510132307966,0.5208119634984197
1501,1052342277,node-var,pca,0.26270974210397613,0.5125521847616845
1501,1052533639,edges-corr,sfa,0.14950976667942018,0.3866649281735028
1501,1052533639,edges-corr,pca,0.07871346595791551,0.2805592022335312
1501,1052533639,edges-cov,sfa,0.1327944653466938,0.3644097492475939
1501,1052533639,edges-cov,pca,0.10277914115446152,0.3205918607114999
1501,1052533639,node-var,sfa,0.08883731330147271,0.2980558895601176
1501,1052533639,node-var,pca,0.10338091959455209,0.3215290338282877
1501,1053709239,edges-corr,sfa,0.06232561024491923,0.2496509768555286
1501,1053709239,edges-corr,pca,0.3091927143813703,0.5560509998025108
1501,1053709239,edges-cov,sfa,0.5456148925074645,0.738657493367166
1501,1053709239,edges-cov,pca,0.32344631710714655,0.5687234100220833
1501,1053709239,node-var,sfa,0.5311695708571278,0.7288138108303978
1501,1053709239,node-var,pca,0.7276124350216158,0.8530020134921231
1501,1053718935,edges-corr,sfa,0.037318723523176556,0.19318054644082733
1501,1053718935,edges-corr,pca,0.006124874924862134,0.07826158013266968
1501,1053718935,edges-cov,sfa,0.0006993478100216777,0.026445185006380528
1501,1053718935,edges-cov,pca,0.020072715119435536,0.14167820975519005
1501,1053718935,node-var,sfa,0.04669496418307362,0.21609017604480232
1501,1053718935,node-var,pca,0.0042026838352292595,0.0648281099156037
1501,1053925378,edges-corr,sfa,0.0009510889710460102,0.030839730398400485
1501,1053925378,edges-corr,pca,2.1071454004761847e-05,0.004590365345473276
1501,1053925378,edges-cov,sfa,0.0016247276322307602,0.04030791029352436
1501,1053925378,edges-cov,pca,0.007253600340875965,0.08516807113511485
1501,1053925378,node-var,sfa,0.0075763744359442775,0.08704237149770488
1501,1053925378,node-var,pca,0.009761255499029398,0.09879906628622366
1501,1053941483,edges-corr,sfa,0.013293873131480116,0.1152990595429128
1501,1053941483,edges-corr,pca,0.10390255274961291,0.3223391889758563
1501,1053941483,edges-cov,sfa,0.003474876520123349,0.058948083260809025
1501,1053941483,edges-cov,pca,0.07531133218437924,0.2744291022912455
1501,1053941483,node-var,sfa,0.06480198067697951,0.2545623316144377
1501,1053941483,node-var,pca,0.04073694249911164,0.20183394783611514
1501,1055221968,edges-corr,sfa,0.011232523800985272,0.10598360156639841
1501,1055221968,edges-corr,pca,0.09448218251519391,0.3073795414714419
1501,1055221968,edges-cov,sfa,0.01039653853741862,0.10196341764289148
1501,1055221968,edges-cov,pca,0.003272284682520943,0.05720388695290487
1501,1055221968,node-var,sfa,0.032748762278762444,0.18096619098263164
1501,1055221968,node-var,pca,0.02558359336401128,0.15994872104524965
1501,1055240613,edges-corr,sfa,0.026567589033868466,0.16299567182556882
1501,1055240613,edges-corr,pca,0.012439662117363581,0.11153323324177195
1501,1055240613,edges-cov,sfa,0.09812318389098706,0.31324620331456066
1501,1055240613,edges-cov,pca,0.04598634812509761,0.21444427743611516
1501,1055240613,node-var,sfa,0.026492015109701117,0.16276367871764627
1501,1055240613,node-var,pca,0.08031121376963724,0.2833923318822106
1501,1055403683,edges-corr,sfa,0.0613277865743751,0.24764447616366295
1501,1055403683,edges-corr,pca,0.0025480146599305975,0.05047786306818517
1501,1055403683,edges-cov,sfa,0.0049950086194608945,0.07067537491560265
1501,1055403683,edges-cov,pca,0.004849431023467132,0.06963785625266605
1501,1055403683,node-var,sfa,0.007549273157391068,0.08688655337502514
1501,1055403683,node-var,pca,0.018938327516589193,0.13761659607979387
1501,1055415082,edges-corr,sfa,0.11216657648299311,0.33491278936910296
1501,1055415082,edges-corr,pca,0.25152981295883636,0.5015274797644054
1501,1055415082,edges-cov,sfa,0.19429750501431275,0.44079190670237167
1501,1055415082,edges-cov,pca,0.302529021723941,0.5500263827526279
1501,1055415082,node-var,sfa,0.2966203072883361,0.5446285957313814
1501,1055415082,node-var,pca,0.3412532904783402,0.5841688886600697
1501,1062755779,edges-corr,sfa,0.15810228476511845,0.39762078009721574
1501,1062755779,edges-corr,pca,0.07463575599883343,0.2731954538399823
1501,1062755779,edges-cov,sfa,0.12174786194237408,0.3489238626726092
1501,1062755779,edges-cov,pca,0.008249216332106513,0.09082519657070057
1501,1062755779,node-var,sfa,0.10278160942213499,0.3205957102366386
1501,1062755779,node-var,pca,0.016547462092389886,0.12863693906646687
1501,1063010385,edges-corr,sfa,0.0016358703933810892,0.04044589464187021
1501,1063010385,edges-corr,pca,0.10265590551404336,0.32039960286186897
1501,1063010385,edges-cov,sfa,0.0010967091082381142,0.033116598681602424
1501,1063010385,edges-cov,pca,0.1170715252119694,0.3421571644901934
1501,1063010385,node-var,sfa,0.00010426382486483643,0.010210965912436526
1501,1063010385,node-var,pca,0.08344236021887474,0.2888639129743878
1501,1064400234,edges-corr,sfa,0.01837719841319352,0.1355625258439571
1501,1064400234,edges-corr,pca,0.008385052345722288,0.09156993144980703
1501,1064400234,edges-cov,sfa,0.03202140146710708,0.1789452471207521
1501,1064400234,edges-cov,pca,0.0011802152445207215,0.03435426093690291
1501,1064400234,node-var,sfa,0.020299494999890366,0.14247629627376765
1501,1064400234,node-var,pca,0.0004865673464985454,0.022058271611771665
1501,1064415305,edges-corr,sfa,0.13005357302023768,0.36062941230609236
1501,1064415305,edges-corr,pca,0.015163773335675534,0.12314127389171986
1501,1064415305,edges-cov,sfa,0.00626517902752044,0.07915288388631507
1501,1064415305,edges-cov,pca,2.8962618335848234e-06,0.0017018407192305864
1501,1064415305,node-var,sfa,4.128347566512147e-05,0.00642522183781866
1501,1064415305,node-var,pca,0.00031621602253140146,0.01778246390497125
1501,1064639378,edges-corr,sfa,0.14119149292830058,0.37575456474712376
1501,1064639378,edges-corr,pca,0.242304834363802,0.4922446895232107
1501,1064639378,edges-cov,sfa,0.10916448968125336,0.33040049891193146
1501,1064639378,edges-cov,pca,0.12268364975236756,0.350262258532614
1501,1064639378,node-var,sfa,0.058980572879973714,0.24285916264364787
1501,1064639378,node-var,pca,0.053871462590940444,0.2321022675264947
1501,1064644573,edges-corr,sfa,0.16516680795290928,0.40640719476026693
1501,1064644573,edges-corr,pca,0.24432934786704263,0.4942968216234481
1501,1064644573,edges-cov,sfa,0.09621995991251064,0.31019342338694217
1501,1064644573,edges-cov,pca,0.13837947921662075,0.3719939236286267
1501,1064644573,node-var,sfa,0.08738578826937615,0.29561087305675404
1501,1064644573,node-var,pca,0.07582622061324384,0.2753656126193751
1501,1065437523,edges-corr,sfa,0.03436059536640623,0.18536611169900025
1501,1065437523,edges-corr,pca,0.06648074641703872,0.2578386053659127
1501,1065437523,edges-cov,sfa,0.04600222406799459,0.214481290717849
1501,1065437523,edges-cov,pca,0.07204350322748998,0.2684092085370585
1501,1065437523,node-var,sfa,0.06346963420295626,0.2519318046673666
1501,1065437523,node-var,pca,0.06886084334796516,0.26241349688605026
1501,1065449881,edges-corr,sfa,0.010508934088151123,0.10251309227679832
1501,1065449881,edges-corr,pca,0.004039645714385642,0.06355820729367333
1501,1065449881,edges-cov,sfa,0.013941112209259532,0.11807248709695141
1501,1065449881,edges-cov,pca,0.009487201535341883,0.09740226658215967
1501,1065449881,node-var,sfa,8.462734196224009e-05,0.009199312037444507
1501,1065449881,node-var,pca,0.011791263898121684,0.10858758629844284
1501,1065905010,edges-corr,sfa,0.00018741911670339118,0.013690110178646811
1501,1065905010,edges-corr,pca,0.0025153017366511543,0.050152783937199144
1501,1065905010,edges-cov,sfa,0.0018302325586899704,0.04278121735867366
1501,1065905010,edges-cov,pca,0.007865846141068777,0.08868960559766272
1501,1065905010,node-var,sfa,0.009447057186713459,0.09719597309926743
1501,1065905010,node-var,pca,0.011973718542453882,0.10942448785557071
1501,1065908084,edges-corr,sfa,0.15308342722141155,0.391258772708564
1501,1065908084,edges-corr,pca,0.11963561158287572,0.34588381225908144
1501,1065908084,edges-cov,sfa,0.22823619417752894,0.47774071856764416
1501,1065908084,edges-cov,pca,0.07302391341953895,0.27022937186682544
1501,1065908084,node-var,sfa,0.18973937402375773,0.4355908332641514
1501,1065908084,node-var,pca,0.1565903645887483,0.39571500425021544
1501,1067588044,edges-corr,sfa,1.0818395668077407e-05,0.0032891329659950805
1501,1067588044,edges-corr,pca,0.00943694771782333,0.09714395358344817
1501,1067588044,edges-cov,sfa,0.004617963403645287,0.06795559876599801
1501,1067588044,edges-cov,pca,0.021059841743852004,0.14512009421114602
1501,1067588044,node-var,sfa,0.03219965608527464,0.17944262616578763
1501,1067588044,node-var,pca,0.022760290672179995,0.1508651406792832
1501,1067781390,edges-corr,sfa,0.01332085231708413,0.11541599679890226
1501,1067781390,edges-corr,pca,1.041960426206856e-05,0.0032279411800870696
1501,1067781390,edges-cov,sfa,0.02626857594586063,0.16207583393541555
1501,1067781390,edges-cov,pca,0.0012229851447734807,0.034971204508473915
1501,1067781390,node-var,sfa,0.005276360147888348,0.0726385582723696
1501,1067781390,node-var,pca,0.0008497221983591041,0.02914999482605455
1501,1071300149,edges-corr,sfa,0.30391698492791064,0.551286663114491
1501,1071300149,edges-corr,pca,0.09460074512034833,0.3075723412798168
1501,1071300149,edges-cov,sfa,0.20192114907322278,0.4493563720180486
1501,1071300149,edges-cov,pca,0.07580623976936074,0.2753293296569779
1501,1071300149,node-var,sfa,0.19753061670018413,0.444444166009842
1501,1071300149,node-var,pca,0.12809825410196196,0.3579081643410246
1501,1081079981,edges-corr,sfa,0.11174121641367529,0.33427715508792355
1501,1081079981,edges-corr,pca,0.13773386035740354,0.3711251276286793
1501,1081079981,edges-cov,sfa,0.11407394389777836,0.33774834403410225
1501,1081079981,edges-cov,pca,0.10901046633380396,0.33016733080940047
1501,1081079981,node-var,sfa,0.10123894530853939,0.3181806802880082
1501,1081079981,node-var,pca,0.07572267797744514,0.2751775390133525
1501,1081090969,edges-corr,sfa,0.20461236212001888,0.45234097992556344
1501,1081090969,edges-corr,pca,0.28144860880387734,0.5305173030202476
1501,1081090969,edges-cov,sfa,0.287695477740341,0.5363725176967413
1501,1081090969,edges-cov,pca,0.3961870511318054,0.6294339132361753
1501,1081090969,node-var,sfa,0.2889896482233948,0.5375775741447879
1501,1081090969,node-var,pca,0.30475938024324234,0.5520501609847093
1501,1081429294,edges-corr,sfa,0.07447114362846141,0.27289401537677854
1501,1081429294,edges-corr,pca,0.029663285463039424,0.17223032678085248
1501,1081429294,edges-cov,sfa,0.0008305961262964345,0.02882006464767825
1501,1081429294,edges-cov,pca,0.0012800133068274766,0.03577727360807983
1501,1081429294,node-var,sfa,0.004486282579476697,0.0669797176724151
1501,1081429294,node-var,pca,0.000448690066479962,0.02118230550435571
1501,1081431006,edges-corr,sfa,0.09516464363864452,0.3084876717774058
1501,1081431006,edges-corr,pca,0.06300181924752668,0.25100163196187925
1501,1081431006,edges-cov,sfa,0.042844782823847405,0.20698981333352473
1501,1081431006,edges-cov,pca,0.004900114837816494,0.07000082026531125
1501,1081431006,node-var,sfa,0.018680254483134928,0.13667572748346726
1501,1081431006,node-var,pca,0.017774920730724952,0.13332261897639522
1501,1086200042,edges-corr,sfa,0.023774895334255697,0.15419110004878908
1501,1086200042,edges-corr,pca,0.0625708626196706,0.25014168509001206
1501,1086200042,edges-cov,sfa,0.001046261315123198,0.03234596288755892
1501,1086200042,edges-cov,pca,0.06546385156458656,0.255859046282492
1501,1086200042,node-var,sfa,0.4000472172948596,0.6324928594813225
1501,1086200042,node-var,pca,0.057490203144973884,0.23977114744058342
1501,1086410738,edges-corr,sfa,0.3245229779870127,0.5696691829360377
1501,1086410738,edges-corr,pca,0.3185204194696183,0.5643761329730541
1501,1086410738,edges-cov,sfa,0.3194741329335612,0.565220428623702
1501,1086410738,edges-cov,pca,0.20122134284951432,0.4485770199748474
1501,1086410738,node-var,sfa,0.13785766053420678,0.3712918805120938
1501,1086410738,node-var,pca,0.000874817411534945,0.029577312446110747
1501,1087720624,edges-corr,sfa,0.2881602689203099,0.5368056155819444
1501,1087720624,edges-corr,pca,0.15004013470680455,0.3873501448390142
1501,1087720624,edges-cov,sfa,0.23632115375744134,0.4861287419577676
1501,1087720624,edges-cov,pca,0.20624729752710957,0.45414457778014966
1501,1087720624,node-var,sfa,0.251330185900444,0.501328421197567
1501,1087720624,node-var,pca,0.24164530508652038,0.4915743128831301
1501,1087992708,edges-corr,sfa,0.311184673766126,0.5578392902674804
1501,1087992708,edges-corr,pca,0.036948316707934414,0.19221944934874427
1501,1087992708,edges-cov,sfa,0.4437880164401262,0.6661741637440822
1501,1087992708,edges-cov,pca,0.35544026779355664,0.5961881144349968
1501,1087992708,node-var,sfa,0.41906645933953,0.647353426915723
1501,1087992708,node-var,pca,0.4693620270921578,0.6851000124742058
1501,1089296550,edges-corr,sfa,0.006970455584112911,0.08348925430325094
1501,1089296550,edges-corr,pca,0.09312923279991958,0.30517082560415165
1501,1089296550,edges-cov,sfa,0.09995465993495467,0.3161560689516409
1501,1089296550,edges-cov,pca,0.09882405594718291,0.3143629366626779
1501,1089296550,node-var,sfa,0.10375236846596703,0.32210614471935645
1501,1089296550,node-var,pca,0.05601140226990964,0.23666728179008942
1501,1090800639,edges-corr,sfa,0.4455792621839326,0.6675172373683935
1501,1090800639,edges-corr,pca,0.5017405124133898,0.7083364401281274
1501,1090800639,edges-cov,sfa,0.45226782270481225,0.6725086041864533
1501,1090800639,edges-cov,pca,0.5876205307273562,0.7665641073826482
1501,1090800639,node-var,sfa,0.2851231373533354,0.533969228845011
1501,1090800639,node-var,pca,0.6220034584665391,0.7886719587170192
1501,1090803859,edges-corr,sfa,0.02500307452491124,0.15812360521095853
1501,1090803859,edges-corr,pca,0.0024216671496147812,0.04921043740523623
1501,1090803859,edges-cov,sfa,0.3026446409648409,0.550131476071712
1501,1090803859,edges-cov,pca,0.20575982422837014,0.4536075663261909
1501,1090803859,node-var,sfa,0.2887094382037212,0.5373168880685972
1501,1090803859,node-var,pca,0.2782430250958692,0.5274874643968981
1501,1091039376,edges-corr,sfa,0.1599558325345204,0.3999447868575374
1501,1091039376,edges-corr,pca,0.015926219095334315,0.12619912478038076
1501,1091039376,edges-cov,sfa,0.2837637105697187,0.5326947630395084
1501,1091039376,edges-cov,pca,0.16170090758446198,0.4021205137573334
1501,1091039376,node-var,sfa,0.29055348149233495,0.5390301304123305
1501,1091039376,node-var,pca,0.2803922284054714,0.5295207535172458
1501,1091039902,edges-corr,sfa,0.0920593763881532,0.3034128810517993
1501,1091039902,edges-corr,pca,0.040608644813573735,0.20151586739900626
1501,1091039902,edges-cov,sfa,0.03921583105198889,0.19802987414021403
1501,1091039902,edges-cov,pca,0.04172570747944149,0.20426871390264748
1501,1091039902,node-var,sfa,0.07462996025467827,0.2731848463123057
1501,1091039902,node-var,pca,0.04599914672329741,0.21447411667447755
1501,1092283837,edges-corr,sfa,0.007523520678075268,0.08673823077556532
1501,1092283837,edges-corr,pca,0.3861166187939491,0.6213828278878883
1501,1092283837,edges-cov,sfa,0.10771975622393704,0.328206880220292
1501,1092283837,edges-cov,pca,0.1116305027427189,0.3341115124366698
1501,1092283837,node-var,sfa,0.029038346816586458,0.1704064165945239
1501,1092283837,node-var,pca,0.004928752515011681,0.07020507470982164
1501,1092466205,edges-corr,sfa,0.003855351605836388,0.062091477723085084
1501,1092466205,edges-corr,pca,0.028986702041824852,0.1702548150327177
1501,1092466205,edges-cov,sfa,0.012696208544466181,0.1126774535764191
1501,1092466205,edges-cov,pca,0.003845830289650798,0.062014758643814956
1501,1092466205,node-var,sfa,0.002269647242699846,0.04764081488282623
1501,1092466205,node-var,pca,0.0007889454138299001,0.0280881721340114
1501,1093638203,edges-corr,sfa,0.008604784155314849,0.09276197580536244
1501,1093638203,edges-corr,pca,0.020346999380691955,0.14264290862391893
1501,1093638203,edges-cov,sfa,0.003169764214058124,0.056300659090794604
1501,1093638203,edges-cov,pca,0.03490265697676043,0.1868225280226125
1501,1093638203,node-var,sfa,0.10168062628138397,0.31887399749961365
1501,1093638203,node-var,pca,0.0732504036345788,0.2706481177369955
1501,1093642839,edges-corr,sfa,0.7162043618781895,0.8462885807324768
1501,1093642839,edges-corr,pca,0.0010788105140440152,0.032845251012041304
1501,1093642839,edges-cov,sfa,0.5710261120018829,0.7556626972412244
1501,1093642839,edges-cov,pca,0.00757502596602011,0.08703462509840576
1501,1093642839,node-var,sfa,0.025250478729152204,0.1589039921749992
1501,1093642839,node-var,pca,0.02234288435317555,0.14947536369975972
1501,1093864136,edges-corr,sfa,0.018833900726144104,0.13723665955619962
1501,1093864136,edges-corr,pca,0.018833900726144104,0.13723665955619951
1501,1093864136,edges-cov,sfa,5.1517257343092204e-05,0.007177552322571033
1501,1093864136,edges-cov,pca,5.1517257343092204e-05,0.007177552322571261
1501,1093864136,node-var,sfa,0.018160313371326064,0.13476020692818177
1501,1093864136,node-var,pca,0.011923321212533367,0.10919396142888806
1501,1093867806,edges-corr,sfa,0.11820263166017553,0.34380609601950834
1501,1093867806,edges-corr,pca,0.12010519496141181,0.34656196410081097
1501,1093867806,edges-cov,sfa,2.0429950458589197e-05,0.004519950271694001
1501,1093867806,edges-cov,pca,0.03202832365956343,0.1789645877249556
1501,1093867806,node-var,sfa,0.05441612891833114,0.2332726493147692
1501,1093867806,node-var,pca,0.003795385815713259,0.061606702684961406
1501,1095138995,edges-corr,sfa,0.21374646501886152,0.4623272272091081
1501,1095138995,edges-corr,pca,0.1912259197145192,0.4372938596807858
1501,1095138995,edges-cov,sfa,0.19418447470392763,0.4406636752716613
1501,1095138995,edges-cov,pca,0.07938175991627372,0.2817476883956163
1501,1095138995,node-var,sfa,0.20679272979221264,0.4547446863815044
1501,1095138995,node-var,pca,0.21679988740294454,0.46561774816145574
1501,1095340643,edges-corr,sfa,0.009032277346318063,0.09503829410463087
1501,1095340643,edges-corr,pca,0.09218952333013719,0.30362727698633607
1501,1095340643,edges-cov,sfa,0.5701134843653328,0.7550585966435531
1501,1095340643,edges-cov,pca,0.5447754560948161,0.7380890570214521
1501,1095340643,node-var,sfa,0.5846317743256493,0.7646121724937741
1501,1095340643,node-var,pca,0.5930555001850393,0.770100967526362
1501,1096620314,edges-corr,sfa,0.11879556819495363,0.34466732974703834
1501,1096620314,edges-corr,pca,0.10713071836623922,0.3273082925412047
1501,1096620314,edges-cov,sfa,0.11001117271321648,0.33167932210678497
1501,1096620314,edges-cov,pca,0.0553143844777938,0.23519010284830005
1501,1096620314,node-var,sfa,0.005539233191792947,0.0744260249629985
1501,1096620314,node-var,pca,0.006360824356390182,0.07975477638605884
1501,1096935816,edges-corr,sfa,0.010244270934633315,0.10121398586476735
1501,1096935816,edges-corr,pca,0.011990812085808211,0.10950256657178506
1501,1096935816,edges-cov,sfa,0.003813639000385338,0.061754667842886614
1501,1096935816,edges-cov,pca,0.00806549755911845,0.08980811521860545
1501,1096935816,node-var,sfa,0.0005466302353138719,0.02338012479251849
1501,1096935816,node-var,pca,0.001921507755985874,0.04383500605664327
1501,1098119201,edges-corr,sfa,0.15935859269298946,0.3991974357294762
1501,1098119201,edges-corr,pca,0.06362955946817606,0.2522490029081898
1501,1098119201,edges-cov,sfa,0.16950462512840847,0.4117093940249707
1501,1098119201,edges-cov,pca,0.04394341048367323,0.20962683626786258
1501,1098119201,node-var,sfa,0.318744100569892,0.5645742648845168
1501,1098119201,node-var,pca,0.17020491902058998,0.41255898853447565
1501,1104052767,edges-corr,sfa,0.0005924422611028879,0.024340136834104655
1501,1104052767,edges-corr,pca,0.0004516753748926572,0.021252655713879413
1501,1104052767,edges-cov,sfa,0.0012687797716172122,0.03561993503106402
1501,1104052767,edges-cov,pca,1.8165546407100663e-06,0.001347796216302851
1501,1104052767,node-var,sfa,4.864112860569758e-05,0.006974319221655076
1501,1104052767,node-var,pca,0.000980737197885606,0.031316723932836285
1501,1104058216,edges-corr,sfa,0.2752791406835934,0.5246705067788671
1501,1104058216,edges-corr,pca,0.036859969372511125,0.1919895032873182
1501,1104058216,edges-cov,sfa,0.2567425332881954,0.5066976744452208
1501,1104058216,edges-cov,pca,0.15799194994765542,0.39748201210577483
1501,1104058216,node-var,sfa,0.20622652517017814,0.45412170744215485
1501,1104058216,node-var,pca,0.1890336439557877,0.43477999488912455
1501,1104289498,edges-corr,sfa,0.0854092194071604,0.2922485575792649
1501,1104289498,edges-corr,pca,0.016238918277831638,0.1274320143363967
1501,1104289498,edges-cov,sfa,0.03887103444294482,0.19715738495665103
1501,1104289498,edges-cov,pca,0.0018965132086098402,0.043548974828460874
1501,1104289498,node-var,sfa,0.00021613695545885658,0.014701597037698987
1501,1104289498,node-var,pca,0.03536318338651656,0.18805101272398556
1501,1104297538,edges-corr,sfa,0.04930805647613101,0.22205417464243038
1501,1104297538,edges-corr,pca,0.01100848830733503,0.10492134343085262
1501,1104297538,edges-cov,sfa,0.032679794247502114,0.1807755355337162
1501,1104297538,edges-cov,pca,0.002524568357432311,0.050245082917954646
1501,1104297538,node-var,sfa,0.006972646323745835,0.08350237316235916
1501,1104297538,node-var,pca,0.011705839138207885,0.10819352632300963
1501,1105543760,edges-corr,sfa,0.20417972677896778,0.4518625087114084
1501,1105543760,edges-corr,pca,0.08300256752139334,0.28810166178172825
1501,1105543760,edges-cov,sfa,0.6722128177353015,0.8198858565283952
1501,1105543760,edges-cov,pca,0.4664624893577176,0.6829805922262495
1501,1105543760,node-var,sfa,0.5910414354982876,0.768792192662157
1501,1105543760,node-var,pca,0.5895011903911966,0.7677898087310072
1501,1105798776,edges-corr,sfa,0.4761724974090942,0.6900525323546709
1501,1105798776,edges-corr,pca,0.2692654682611927,0.5189079574078552
1501,1105798776,edges-cov,sfa,0.6846423409131818,0.8274311698946216
1501,1105798776,edges-cov,pca,0.47604880604670174,0.6899629019350982
1501,1105798776,node-var,sfa,0.6466365063872983,0.8041371191452977
1501,1105798776,node-var,pca,0.5769428043399055,0.7595675113772998
1501,1108334384,edges-corr,sfa,0.17419222091110909,0.4173634158753122
1501,1108334384,edges-corr,pca,0.011905950221516526,0.10911439053358873
1501,1108334384,edges-cov,sfa,0.007431005117147227,0.08620327787936588
1501,1108334384,edges-cov,pca,0.01848721729249647,0.13596770680016837
1501,1108334384,node-var,sfa,0.013347486675320597,0.11553132335137829
1501,1108334384,node-var,pca,0.02330815450932877,0.15267008387149333
1501,1108335514,edges-corr,sfa,0.012935889514635757,0.11373605195643066
1501,1108335514,edges-corr,pca,3.606545302725639e-05,0.006005451941953897
1501,1108335514,edges-cov,sfa,0.003643198918953372,0.06035891747665227
1501,1108335514,edges-cov,pca,0.00010742956865794628,0.010364823619248965
1501,1108335514,node-var,sfa,0.01751722788102683,0.13235266480515906
1501,1108335514,node-var,pca,0.013514197105403802,0.1162505789465317
1501,1108528422,edges-corr,sfa,0.07293513233679161,0.27006505204633857
1501,1108528422,edges-corr,pca,0.0630892221237438,0.25117567980149635
1501,1108528422,edges-cov,sfa,0.04938525875346533,0.22222794323276598
1501,1108528422,edges-cov,pca,0.05771375621659891,0.24023687522235015
1501,1108528422,node-var,sfa,0.16008676606247396,0.40010844287827013
1501,1108528422,node-var,pca,0.03477103489569189,0.18646993027212702
1501,1108531612,edges-corr,sfa,0.07962496641385641,0.28217896167832307
1501,1108531612,edges-corr,pca,0.031570276419104704,0.17768026457405178
1501,1108531612,edges-cov,sfa,0.05923574294780587,0.24338394143370654
1501,1108531612,edges-cov,pca,0.048961015209145864,0.22127136102339576
1501,1108531612,node-var,sfa,0.05859810612810823,0.2420704569502616
1501,1108531612,node-var,pca,0.05391094836526833,0.23218731310144447
1501,1109889304,edges-corr,sfa,0.2085082442790851,0.4566270297289521
1501,1109889304,edges-corr,pca,0.1171784917730565,0.3423134408302669
1501,1109889304,edges-cov,sfa,0.21062522522154226,0.4589392391390632
1501,1109889304,edges-cov,pca,0.12388697926714476,0.35197582199228533
1501,1109889304,node-var,sfa,0.10213134153829695,0.3195799454569967
1501,1109889304,node-var,pca,0.12428583569738805,0.3525419630304853
1501,1111013640,edges-corr,sfa,0.7153266264274576,0.8457698424674753
1501,1111013640,edges-corr,pca,0.628873590135636,0.7930155043475743
1501,1111013640,edges-cov,sfa,0.6959489944094968,0.8342355748884703
1501,1111013640,edges-cov,pca,0.6325343554393049,0.795320284815687
1501,1111013640,node-var,sfa,0.6831570277950179,0.8265331377476748
1501,1111013640,node-var,pca,0.6788146159493781,0.8239020669651079
1501,1111216934,edges-corr,sfa,0.4906870584288967,0.7004905841115185
1501,1111216934,edges-corr,pca,0.5351537851163644,0.7315420597042694
1501,1111216934,edges-cov,sfa,0.5166528913956006,0.7187857061709002
1501,1111216934,edges-cov,pca,0.575180040168531,0.7584062500853562
1501,1111216934,node-var,sfa,0.567822330097521,0.7535398662960857
1501,1111216934,node-var,pca,0.5683940929495565,0.7539191554467595
1501,1112302803,edges-corr,sfa,0.054997150533604544,0.23451471282971706
1501,1112302803,edges-corr,pca,0.07143942203043985,0.2672815407588787
1501,1112302803,edges-cov,sfa,0.17970178097500622,0.4239124685297734
1501,1112302803,edges-cov,pca,0.38310371674878496,0.6189537274698209
1501,1112302803,node-var,sfa,0.4857064371018731,0.6969264215839958
1501,1112302803,node-var,pca,0.4472768662051694,0.6687876091893216
1501,1112515874,edges-corr,sfa,0.32802897111928664,0.5727381348568353
1501,1112515874,edges-corr,pca,0.06239092131537061,0.2497817473623135
1501,1112515874,edges-cov,sfa,0.4218507872165628,0.6495004135615028
1501,1112515874,edges-cov,pca,0.03449166421040517,0.18571931566319452
1501,1112515874,node-var,sfa,0.3889652603056444,0.6236707948153773
1501,1112515874,node-var,pca,0.24465055933465818,0.494621632497668
1501,1115077618,edges-corr,sfa,0.3460736313386231,0.5882802319801532
1501,1115077618,edges-corr,pca,0.23011245006568992,0.4797003753028443
1501,1115077618,edges-cov,sfa,0.5204919942755611,0.7214513110914422
1501,1115077618,edges-cov,pca,0.5711015219858997,0.75571259218429
1501,1115077618,node-var,sfa,0.5582574456112683,0.7471662770838008
1501,1115077618,node-var,pca,0.5745045766385855,0.7579608015185125
1501,1115086689,edges-corr,sfa,0.4701401581610497,0.6856676732653
1501,1115086689,edges-corr,pca,0.22549685725030366,0.474865093737478
1501,1115086689,edges-cov,sfa,0.4213488100912057,0.6491138652741951
1501,1115086689,edges-cov,pca,0.04207843233699493,0.20513028137502023
1501,1115086689,node-var,sfa,0.3592119761647986,0.5993429537124786
1501,1115086689,node-var,pca,0.019129025574800895,0.13830772058999788
1501,1115356973,edges-corr,sfa,0.029554389860342867,0.17191390246382904
1501,1115356973,edges-corr,pca,0.2578021074910679,0.5077421663512577
1501,1115356973,edges-cov,sfa,0.048691613402191414,0.22066176243788047
1501,1115356973,edges-cov,pca,0.16661424331188956,0.4081840801793841
1501,1115356973,node-var,sfa,0.07956793343329471,0.28207788540276396
1501,1115356973,node-var,pca,0.09479136802211685,0.30788206836728443
1501,1115368723,edges-corr,sfa,0.14742766525252404,0.38396310402501493
1501,1115368723,edges-corr,pca,0.07308503559577084,0.27034244135128116
1501,1115368723,edges-cov,sfa,0.14628762881523083,0.3824756578074366
1501,1115368723,edges-cov,pca,0.12182990080515887,0.3490414027091328
1501,1115368723,node-var,sfa,0.15387921220974987,0.39227440932305285
1501,1115368723,node-var,pca,0.13571718282347944,0.3683981308631728
1501,1116941914,edges-corr,sfa,0.15854966439389917,0.39818295341952925
1501,1116941914,edges-corr,pca,0.08541965271086638,0.2922664070858405
1501,1116941914,edges-cov,sfa,0.27563885809091826,0.5250131980159337
1501,1116941914,edges-cov,pca,0.20094275117954552,0.44826638417301107
1501,1116941914,node-var,sfa,0.23103017473652032,0.48065598377271923
1501,1116941914,node-var,pca,0.23849277902569654,0.48835722481160937
1501,1117148442,edges-corr,sfa,0.0027394850541401228,0.052340090314597056
1501,1117148442,edges-corr,pca,0.02619438471068214,0.16184679394625726
1501,1117148442,edges-cov,sfa,0.24268233894388025,0.4926279924485415
1501,1117148442,edges-cov,pca,0.15778065195223856,0.39721612750773244
1501,1117148442,node-var,sfa,0.42474048053141245,0.6517211677791438
1501,1117148442,node-var,pca,0.2548896410560971,0.5048659634557444
1501,1118324999,edges-corr,sfa,0.08488304176379513,0.2913469439753829
1501,1118324999,edges-corr,pca,0.0007778478978813785,0.027889924666109032
1501,1118324999,edges-cov,sfa,0.4519581198256645,0.6722783053361635
1501,1118324999,edges-cov,pca,0.2589215992965741,0.5088433936847113
1501,1118324999,node-var,sfa,0.5649083003262882,0.7516038187278509
1501,1118324999,node-var,pca,0.434278863549028,0.658998379018513
1501,1118327332,edges-corr,sfa,0.1962862792170993,0.4430420738678211
1501,1118327332,edges-corr,pca,0.07208051622134681,0.2684781484988056
1501,1118327332,edges-cov,sfa,0.33478047746843476,0.5786021754784848
1501,1118327332,edges-cov,pca,0.2035413162657731,0.45115553445100676
1501,1118327332,node-var,sfa,0.23359950408021812,0.4833213259108456
1501,1118327332,node-var,pca,0.3026904341499612,0.550173094716527
1501,1118508667,edges-corr,sfa,0.004644037507506749,0.06814717534503373
1501,1118508667,edges-corr,pca,1.2193092939760675e-06,0.0011042233895043427
1501,1118508667,edges-cov,sfa,0.0066498658546551015,0.08154670964947035
1501,1118508667,edges-cov,pca,0.0028370749037984755,0.05326419908154398
1501,1118508667,node-var,sfa,4.5790782296828425e-05,0.0067668886718102745
1501,1118508667,node-var,pca,0.0006882672349940444,0.02623484772195493
1501,1118512505,edges-corr,sfa,0.03019008183812455,0.17375293332236022
1501,1118512505,edges-corr,pca,0.028449786372555796,0.1686706446675172
1501,1118512505,edges-cov,sfa,0.02898908903765618,0.17026182495690667
1501,1118512505,edges-cov,pca,0.04940849115152557,0.22228020863658918
1501,1118512505,node-var,sfa,0.04172416392650302,0.20426493562651127
1501,1118512505,node-var,pca,0.0493942836784107,0.22224824786353353
1501,1119946360,edges-corr,sfa,0.6727155616519478,0.8201923930712519
1501,1119946360,edges-corr,pca,0.44322873765567705,0.6657542622136765
1501,1119946360,edges-cov,sfa,0.7459438512148013,0.8636804103456319
1501,1119946360,edges-cov,pca,0.33220039420841474,0.5763682800158374
1501,1119946360,node-var,sfa,0.5912161168742386,0.7689057919369823
1501,1119946360,node-var,pca,0.3571373676654167,0.5976097118232064
1501,1120251466,edges-corr,sfa,0.17652528663752953,0.4201491242850922
1501,1120251466,edges-corr,pca,0.22424263967325675,0.4735426482094899
1501,1120251466,edges-cov,sfa,0.0005726337100043777,0.023929766192012585
1501,1120251466,edges-cov,pca,0.13465976038460947,0.36696016184949765
1501,1120251466,node-var,sfa,0.005458448007393257,0.07388131027122691
1501,1120251466,node-var,pca,0.033217404715271015,0.18225642571736947
1501,1121406444,edges-corr,sfa,0.17232588296413587,0.4151215279458971
1501,1121406444,edges-corr,pca,0.00264182888669251,0.0513987245628971
1501,1121406444,edges-cov,sfa,0.4117377323603756,0.6416679299765389
1501,1121406444,edges-cov,pca,0.19300660728329944,0.43932517260373277
1501,1121406444,node-var,sfa,0.255903995920302,0.5058695443692004
1501,1121406444,node-var,pca,0.37123678208420574,0.6092920334980639
1501,1121607504,edges-corr,sfa,0.26819762876374587,0.5178780056767675
1501,1121607504,edges-corr,pca,0.2116361356586467,0.46003927621307084
1501,1121607504,edges-cov,sfa,0.22208261619472824,0.47125642297450837
1501,1121607504,edges-cov,pca,0.13674772654166145,0.36979416780374125
1501,1121607504,node-var,sfa,0.18254879741745123,0.4272572965058083
1501,1121607504,node-var,pca,0.0900475487176986,0.3000792373985552
1501,1122903357,edges-corr,sfa,0.0754260334338831,0.2746380043509702
1501,1122903357,edges-corr,pca,0.013494077042551567,0.11616400923931541
1501,1122903357,edges-cov,sfa,0.1426414897360191,0.3776790830003948
1501,1122903357,edges-cov,pca,0.06558973548669345,0.2561049306176934
1501,1122903357,node-var,sfa,0.13403070749051604,0.36610204518756223
1501,1122903357,node-var,pca,0.12438216343166975,0.3526785553895642
1501,1124285719,edges-corr,sfa,0.06456378280452069,0.25409404322911794
1501,1124285719,edges-corr,pca,0.007213977234037494,0.08493513545075206
1501,1124285719,edges-cov,sfa,0.05754409996033172,0.2398835133149667
1501,1124285719,edges-cov,pca,0.0010882682703152735,0.03298891132358325
1501,1124285719,node-var,sfa,0.002076106854845494,0.045564315586274086
1501,1124285719,node-var,pca,9.659056752986395e-05,0.009828050036996924
1501,1124507277,edges-corr,sfa,0.0050806152876800015,0.07127843494129091
1501,1124507277,edges-corr,pca,0.00925752297593918,0.09621602244916994
1501,1124507277,edges-cov,sfa,0.03279251499234226,0.1810870370632369
1501,1124507277,edges-cov,pca,0.0037274373587888876,0.06105274243462552
1501,1124507277,node-var,sfa,0.00011047047378842656,0.010510493508308459
1501,1124507277,node-var,pca,0.005613323327785302,0.07492211507815984
1501,1125713722,edges-corr,sfa,0.11897821250318963,0.34493218536864567
1501,1125713722,edges-corr,pca,0.12436218104862296,0.3526502247959347
1501,1125713722,edges-cov,sfa,0.2431408369375775,0.4930931321135774
1501,1125713722,edges-cov,pca,0.2231455083759708,0.47238279856062787
1501,1125713722,node-var,sfa,0.22366167618227206,0.4729288278190199
1501,1125713722,node-var,pca,0.24285473984588624,0.49280294220498166
1501,1125937457,edges-corr,sfa,0.04424035599409393,0.21033391546323219
1501,1125937457,edges-corr,pca,0.004904596239030501,0.07003282258363222
1501,1125937457,edges-cov,sfa,8.496621413423e-05,0.00921771197934769
1501,1125937457,edges-cov,pca,0.00010605147763309564,0.01029812981241046
1501,1125937457,node-var,sfa,6.6495692228052405e-06,0.0025786758662098464
1501,1125937457,node-var,pca,0.00028367201871182246,0.016842565680795694
1501,1128520325,edges-corr,sfa,0.001207383695194908,0.034747427173744794
1501,1128520325,edges-corr,pca,0.00031518668253316395,0.017753497754896
1501,1128520325,edges-cov,sfa,0.01200446708080083,0.10956489894487503
1501,1128520325,edges-cov,pca,0.015005705899200694,0.12249777916027908
1501,1128520325,node-var,sfa,0.000661716513907673,0.025723851070702814
1501,1128520325,node-var,pca,0.004039217953264451,0.06355484209141085
1501,1128719842,edges-corr,sfa,0.009278792392349966,0.09632648852911696
1501,1128719842,edges-corr,pca,0.026588065726046328,0.16305847333409712
1501,1128719842,edges-cov,sfa,0.00595688178053988,0.07718083816945721
1501,1128719842,edges-cov,pca,0.02688290566172813,0.1639600733768077
1501,1128719842,node-var,sfa,0.0031306655085647783,0.05595235033995266
1501,1128719842,node-var,pca,0.00018574198279197596,0.013628719044432856
1501,1130113579,edges-corr,sfa,0.1756438902539792,0.419098902711495
1501,1130113579,edges-corr,pca,0.012287081306456504,0.11084710779472938
1501,1130113579,edges-cov,sfa,0.3295739051593848,0.5740852769052565
1501,1130113579,edges-cov,pca,0.013211760211807033,0.11494242128912573
1501,1130113579,node-var,sfa,0.18574734475970112,0.43098415836281206
1501,1130113579,node-var,pca,0.31310026731764307,0.5595536322084271
1501,1130349290,edges-corr,sfa,0.08811353098345143,0.296839234238757
1501,1130349290,edges-corr,pca,0.02865610019596332,0.16928112770171272
1501,1130349290,edges-cov,sfa,0.044827466800234306,0.2117249791598397
1501,1130349290,edges-cov,pca,0.00278947052842049,0.05281543835301154
1501,1130349290,node-var,sfa,0.0012376407870230421,0.03518011920137716
1501,1130349290,node-var,pca,0.0002497158010490441,0.015802398585310747
1501,1139846596,edges-corr,sfa,0.00020198140755534055,0.014212016308580518
1501,1139846596,edges-corr,pca,0.0009683597170544456,0.031118478707264995
1501,1139846596,edges-cov,sfa,0.0002372125484541021,0.01540170602414681
1501,1139846596,edges-cov,pca,0.0007956055529912964,0.028206480691347218
1501,1139846596,node-var,sfa,0.00048603759256782286,0.0220462602853146
1501,1139846596,node-var,pca,0.002288872837847178,0.047842165898369246
1501,1140102579,edges-corr,sfa,0.22030256016642158,0.4693639953878246
1501,1140102579,edges-corr,pca,0.1801668867858135,0.4244607011088471
1501,1140102579,edges-cov,sfa,0.18070576296559027,0.4250950046349516
1501,1140102579,edges-cov,pca,0.1790302028730515,0.42311960823513184
1501,1140102579,node-var,sfa,0.18967938810027096,0.43552197200631704
1501,1140102579,node-var,pca,0.16470126403319207,0.4058340350847777
1501,1152632711,edges-corr,sfa,0.7414712572056852,0.8610872529573785
1501,1152632711,edges-corr,pca,0.41252118931440496,0.6422781245803142
1501,1152632711,edges-cov,sfa,0.7398420035285864,0.860140688218262
1501,1152632711,edges-cov,pca,0.5637331690172316,0.7508216625918781
1501,1152632711,node-var,sfa,0.7402788887101212,0.8603946122042608
1501,1152632711,node-var,pca,0.6436745179785157,0.8022932867589732
1501,1152811536,edges-corr,sfa,0.34920127289652925,0.5909325451322927
1501,1152811536,edges-corr,pca,0.033893894631014665,0.18410294574236089
1501,1152811536,edges-cov,sfa,0.33647540609133575,0.5800650016087292
1501,1152811536,edges-cov,pca,0.21409750632103652,0.46270671739346525
1501,1152811536,node-var,sfa,0.2405751240839894,0.4904845808830172
1501,1152811536,node-var,pca,0.25524091345152145,0.5052137304661481
3001,1044385384,edges-corr,sfa,0.7802910523047492,0.8833408471845671
3001,1044385384,edges-corr,pca,0.3334169267751004,0.5774226586956043
3001,1044385384,edges-cov,sfa,0.7217869430848929,0.8495804512139461
3001,1044385384,edges-cov,pca,0.5802979248645717,0.7617728827311794
3001,1044385384,node-var,sfa,0.7911996775059726,0.8894940570380284
3001,1044385384,node-var,pca,0.7454689866494387,0.8634054590106771
3001,1044594870,edges-corr,sfa,0.4363058925545814,0.6605345506138048
3001,1044594870,edges-corr,pca,0.22048702424880806,0.4695604585661017
3001,1044594870,edges-cov,sfa,0.6586386514612674,0.8115655558617958
3001,1044594870,edges-cov,pca,0.5286487775278716,0.7270823732754573
3001,1044594870,node-var,sfa,0.6319584692111502,0.7949581556353449
3001,1044594870,node-var,pca,0.6755714040050403,0.8219315080984783
3001,1047969464,edges-corr,sfa,0.2792843786645235,0.5284736310020811
3001,1047969464,edges-corr,pca,0.04478709536819758,0.21162961836235897
3001,1047969464,edges-cov,sfa,0.3967127016628553,0.6298513329848994
3001,1047969464,edges-cov,pca,0.05397940451462935,0.23233468211747715
3001,1047969464,node-var,sfa,0.2525266565952963,0.5025203046597181
3001,1047969464,node-var,pca,0.17766557624163382,0.42150394570114497
3001,1047977240,edges-corr,sfa,0.6222532268558125,0.7888302902752988
3001,1047977240,edges-corr,pca,0.5082650483655573,0.7129270989137374
3001,1047977240,edges-cov,sfa,0.7222038786561555,0.849825793122425
3001,1047977240,edges-cov,pca,0.6548665553089317,0.8092382562069909
3001,1047977240,node-var,sfa,0.8109801500735446,0.900544363190148
3001,1047977240,node-var,pca,0.8202081009303427,0.9056534110410785
3001,1048189115,edges-corr,sfa,0.009714003031857099,0.09855964200349576
3001,1048189115,edges-corr,pca,0.05379740675433753,0.2319426798895307
3001,1048189115,edges-cov,sfa,0.03654786858542747,0.19117496851164228
3001,1048189115,edges-cov,pca,0.0965079876073841,0.3106573475831278
3001,1048189115,node-var,sfa,0.03289681068562922,0.18137477962944376
3001,1048189115,node-var,pca,0.059187704961954246,0.2432852337523884
3001,1048196054,edges-corr,sfa,0.006653944599332662,0.0815717144562536
3001,1048196054,edges-corr,pca,0.013901776503502106,0.1179057950378266
3001,1048196054,edges-cov,sfa,0.0009470621454472639,0.0307743748181381
3001,1048196054,edges-cov,pca,0.000848915437966502,0.02913615345179247
3001,1048196054,node-var,sfa,0.025429251605895264,0.15946551854835295
3001,1048196054,node-var,pca,0.018054181269136937,0.13436584859679482
3001,1049273528,edges-corr,sfa,0.29973067570359924,0.5474766439799953
3001,1049273528,edges-corr,pca,0.08303990864459798,0.28816645995777884
3001,1049273528,edges-cov,sfa,0.27245088769869596,0.5219682822726844
3001,1049273528,edges-cov,pca,0.03461381412631781,0.18604788127339153
3001,1049273528,node-var,sfa,0.11799742898156107,0.34350753846394866
3001,1049273528,node-var,pca,0.08001467251933148,0.2828686488802383
3001,1049514117,edges-corr,sfa,0.8370038094880745,0.9148791228834944
3001,1049514117,edges-corr,pca,0.65955646726428,0.8121308190582841
3001,1049514117,edges-cov,sfa,0.6521273684683592,0.8075440350026505
3001,1049514117,edges-cov,pca,0.5195465203301437,0.720795754933493
3001,1049514117,node-var,sfa,0.68469924523573,0.8274655553167933
3001,1049514117,node-var,pca,0.6836115802980739,0.8268080673881173
3001,1051155866,edges-corr,sfa,0.020886395154368853,0.14452126194566947
3001,1051155866,edges-corr,pca,0.021994657449463384,0.14830595891420967
3001,1051155866,edges-cov,sfa,0.01795217962312845,0.13398574410409578
3001,1051155866,edges-cov,pca,0.02049110170411339,0.14314713306285085
3001,1051155866,node-var,sfa,0.06685717067001307,0.25856753599400867
3001,1051155866,node-var,pca,0.03353901916120572,0.18313661338248444
3001,1052342277,edges-corr,sfa,0.09425298543556793,0.3070064908687885
3001,1052342277,edges-corr,pca,0.03288422919164857,0.1813400926206018
3001,1052342277,edges-cov,sfa,0.16347742559716372,0.40432341707742325
3001,1052342277,edges-cov,pca,0.14053140756383753,0.3748751893148411
3001,1052342277,node-var,sfa,0.2541820230583003,0.5041646785111988
3001,1052342277,node-var,pca,0.27817598347671124,0.527423912499909
3001,1052533639,edges-corr,sfa,0.21896258138748526,0.4679343772234365
3001,1052533639,edges-corr,pca,0.09616517241212241,0.31010509897794747
3001,1052533639,edges-cov,sfa,0.17880543723451248,0.4228539194976353
3001,1052533639,edges-cov,pca,0.12644504268619994,0.3555911172768522
3001,1052533639,node-var,sfa,0.05331713740326971,0.23090503979616764
3001,1052533639,node-var,pca,0.11586630657940256,0.34039140203507273
3001,1053709239,edges-corr,sfa,0.09548156995762358,0.3090009222601501
3001,1053709239,edges-corr,pca,0.3466967323786774,0.5888095892380467
3001,1053709239,edges-cov,sfa,0.6504143673367777,0.8064827136007183
3001,1053709239,edges-cov,pca,0.37506529425507185,0.6124257459113489
3001,1053709239,node-var,sfa,0.6449276725105009,0.803073889819923
3001,1053709239,node-var,pca,0.8127961400397543,0.9015520728386994
3001,1053718935,edges-corr,sfa,0.028604169421086456,0.16912767195549785
3001,1053718935,edges-corr,pca,0.00024652988109274965,0.01570127004712927
3001,1053718935,edges-cov,sfa,0.008720765605017222,0.09338503951392517
3001,1053718935,edges-cov,pca,0.0027194864470772018,0.05214869554530843
3001,1053718935,node-var,sfa,0.19162580004292895,0.4377508424240083
3001,1053718935,node-var,pca,0.07646763163746417,0.2765278134970591
3001,1053925378,edges-corr,sfa,0.0026056250105876977,0.051045323102000634
3001,1053925378,edges-corr,pca,0.0027764735966182563,0.05269225366805155
3001,1053925378,edges-cov,sfa,6.45042562208431e-06,0.0025397688127471755
3001,1053925378,edges-cov,pca,0.0010762143159503967,0.0328057055395896
3001,1053925378,node-var,sfa,0.003370048969158268,0.05805212286521592
3001,1053925378,node-var,pca,0.00494162927348607,0.07029672306363947
3001,1053941483,edges-corr,sfa,0.021811978206927485,0.14768878835892613
3001,1053941483,edges-corr,pca,0.07976355125455958,0.2824244168880579
3001,1053941483,edges-cov,sfa,0.013107665664151447,0.1144887141344133
3001,1053941483,edges-cov,pca,0.050628323962564226,0.22500738646223242
3001,1053941483,node-var,sfa,0.02470315333803952,0.15717236823958472
3001,1053941483,node-var,pca,0.004665578313414853,0.06830503871175883
3001,1055221968,edges-corr,sfa,0.05640832293508646,0.2375043640337717
3001,1055221968,edges-corr,pca,0.09630901657143642,0.3103369403913053
3001,1055221968,edges-cov,sfa,0.05542624725645251,0.2354277962697961
3001,1055221968,edges-cov,pca,2.9681907964818066e-07,0.0005448110496303706
3001,1055221968,node-var,sfa,0.0856665921728611,0.2926885583224281
3001,1055221968,node-var,pca,0.09371178582141615,0.3061238079950928
3001,1055240613,edges-corr,sfa,0.031272561452078684,0.17684049720603806
3001,1055240613,edges-corr,pca,0.02890097526924751,0.1700028684147637
3001,1055240613,edges-cov,sfa,0.05132073080493138,0.22654079280547104
3001,1055240613,edges-cov,pca,0.09440812079758187,0.30725904510295843
3001,1055240613,node-var,sfa,0.03893432193409585,0.19731781960607575
3001,1055240613,node-var,pca,0.16514357240415967,0.4063786072176534
3001,1055403683,edges-corr,sfa,0.08956219101794649,0.29926942880612817
3001,1055403683,edges-corr,pca,0.012334067459055187,0.11105884682930546
3001,1055403683,edges-cov,sfa,0.00042963608677026865,0.020727664768860718
3001,1055403683,edges-cov,pca,0.0008307187433209684,0.02882219185490418
3001,1055403683,node-var,sfa,0.0014269320225046567,0.037774753771592916
3001,1055403683,node-var,pca,0.00024231011981779016,0.015566313623261338
3001,1055415082,edges-corr,sfa,0.13098263334937665,0.361915229507376
3001,1055415082,edges-corr,pca,0.31905349027846586,0.564848201093414
3001,1055415082,edges-cov,sfa,0.25626219163109953,0.5062234601745552
3001,1055415082,edges-cov,pca,0.4103805748240328,0.6406095338223056
3001,1055415082,node-var,sfa,0.4270313909215001,0.6534763889548724
3001,1055415082,node-var,pca,0.48212597114608924,0.6943529154155603
3001,1062755779,edges-corr,sfa,0.21733319546296892,0.46619008511868726
3001,1062755779,edges-corr,pca,0.18277818098355736,0.4275256495036958
3001,1062755779,edges-cov,sfa,0.19095516015791847,0.43698416465350126
3001,1062755779,edges-cov,pca,0.09268246209566566,0.3044379445727246
3001,1062755779,node-var,sfa,0.14389207985205,0.37933109528754727
3001,1062755779,node-var,pca,0.05575072326764685,0.23611591066179133
3001,1063010385,edges-corr,sfa,0.053304701033651924,0.23087810860636312
3001,1063010385,edges-corr,pca,0.051109866685672634,0.22607491387960882
3001,1063010385,edges-cov,sfa,0.03002619031093634,0.17328066917846358
3001,1063010385,edges-cov,pca,0.10561197389698895,0.3249799592236247
3001,1063010385,node-var,sfa,0.05944061322920391,0.24380445695106517
3001,1063010385,node-var,pca,0.11288647040855126,0.3359858187610769
3001,1064400234,edges-corr,sfa,0.013766393893040019,0.1173302769665187
3001,1064400234,edges-corr,pca,0.0019216547568513542,0.0438366827765452
3001,1064400234,edges-cov,sfa,0.014125989118535798,0.1188528044201566
3001,1064400234,edges-cov,pca,0.0031425168448403484,0.056058155917230686
3001,1064400234,node-var,sfa,0.034219168369156505,0.18498423816411103
3001,1064400234,node-var,pca,0.0002922043610696923,0.017093986108265437
3001,1064415305,edges-corr,sfa,0.23457117604315114,0.4843254856428175
3001,1064415305,edges-corr,pca,0.04026218589941366,0.20065439416921238
3001,1064415305,edges-cov,sfa,0.002128799341815535,0.04613891353094104
3001,1064415305,edges-cov,pca,0.007663313426549134,0.0875403531324226
3001,1064415305,node-var,sfa,0.038670594570510364,0.1966484034273103
3001,1064415305,node-var,pca,0.012357610234443817,0.1111647886448034
3001,1064639378,edges-corr,sfa,0.12716833846954767,0.35660669997848815
3001,1064639378,edges-corr,pca,0.09751491765713083,0.3122737863752428
3001,1064639378,edges-cov,sfa,0.07882870501773698,0.28076450099280204
3001,1064639378,edges-cov,pca,0.1566772429634643,0.39582476294878827
3001,1064639378,node-var,sfa,0.02930961266503873,0.17120050427799186
3001,1064639378,node-var,pca,0.03556881379488763,0.18859696125570927
3001,1064644573,edges-corr,sfa,0.22108481011909054,0.47019656540545973
3001,1064644573,edges-corr,pca,0.324531842498028,0.5696769632853591
3001,1064644573,edges-cov,sfa,0.17847708472284207,0.42246548346917306
3001,1064644573,edges-cov,pca,0.2285448492947525,0.4780636456527026
3001,1064644573,node-var,sfa,0.16123774048451378,0.4015441949331523
3001,1064644573,node-var,pca,0.1359241600219434,0.3686789389454506
3001,1065437523,edges-corr,sfa,0.1444336898826758,0.38004432620771395
3001,1065437523,edges-corr,pca,0.1783331013439703,0.42229504063387957
3001,1065437523,edges-cov,sfa,0.18756363251118024,0.433086172154203
3001,1065437523,edges-cov,pca,0.21561393311967747,0.46434247395610556
3001,1065437523,node-var,sfa,0.21436127987314235,0.46299166285489674
3001,1065437523,node-var,pca,0.20310945552068116,0.45067666405160256
3001,1065449881,edges-corr,sfa,0.019294489047921637,0.1389046041278751
3001,1065449881,edges-corr,pca,0.005614031249608797,0.07492683931415384
3001,1065449881,edges-cov,sfa,0.0167923583945786,0.12958533248241777
3001,1065449881,edges-cov,pca,0.015615529931591876,0.12496211398496719
3001,1065449881,node-var,sfa,0.0002908306700895036,0.017053758239454465
3001,1065449881,node-var,pca,0.017282002734247515,0.13146103123833933
3001,1065905010,edges-corr,sfa,0.0022969814009385914,0.047926833829690034
3001,1065905010,edges-corr,pca,3.545075138888798e-06,0.00188283699214772
3001,1065905010,edges-cov,sfa,0.0014387669659167157,0.03793108179207465
3001,1065905010,edges-cov,pca,0.008976247257445835,0.09474305915182375
3001,1065905010,node-var,sfa,0.012997002969366678,0.11400439890358119
3001,1065905010,node-var,pca,0.019391963147607938,0.13925502916450846
3001,1065908084,edges-corr,sfa,0.18287857256643936,0.4276430433976906
3001,1065908084,edges-corr,pca,0.04092754436018187,0.20230557174774472
3001,1065908084,edges-cov,sfa,0.1956547954496971,0.44232883180920635
3001,1065908084,edges-cov,pca,0.04724885426276104,0.21736801573083575
3001,1065908084,node-var,sfa,0.17146640929784407,0.41408502665255037
3001,1065908084,node-var,pca,0.12494150251179492,0.35347065297106994
3001,1067588044,edges-corr,sfa,0.03552153052505025,0.1884715642346349
3001,1067588044,edges-corr,pca,0.005329927103511545,0.07300634974789175
3001,1067588044,edges-cov,sfa,0.001210853352675012,0.03479731818222562
3001,1067588044,edges-cov,pca,0.03024407838846699,0.17390824703983085
3001,1067588044,node-var,sfa,0.04855603509366868,0.22035433985667
3001,1067588044,node-var,pca,0.055500151713147594,0.2355847017807983
3001,1067781390,edges-corr,sfa,0.08313013790829227,0.2883229749920953
3001,1067781390,edges-corr,pca,0.02682036597503812,0.16376924612099217
3001,1067781390,edges-cov,sfa,0.1280636036926439,0.35785975422313715
3001,1067781390,edges-cov,pca,0.040974421366577585,0.20242139552571414
3001,1067781390,node-var,sfa,0.05766018952134533,0.24012536209518845
3001,1067781390,node-var,pca,0.012082370601396497,0.10991983716052593
3001,1071300149,edges-corr,sfa,0.3717540989892605,0.6097164086600101
3001,1071300149,edges-corr,pca,0.17690414806373933,0.42059974805477396
3001,1071300149,edges-cov,sfa,0.26495401028911447,0.5147368359551457
3001,1071300149,edges-cov,pca,0.13998067495546107,0.37413991360914856
3001,1071300149,node-var,sfa,0.3007343776933522,0.5483925397863761
3001,1071300149,node-var,pca,0.21652764594951734,0.46532531195875987
3001,1081079981,edges-corr,sfa,0.06682073683904866,0.25849707317308007
3001,1081079981,edges-corr,pca,0.14523839455778698,0.3811015541267007
3001,1081079981,edges-cov,sfa,0.23418383970816792,0.48392544850231606
3001,1081079981,edges-cov,pca,0.12700631270296148,0.35637945044988417
3001,1081079981,node-var,sfa,0.15855069310272474,0.39818424517140855
3001,1081079981,node-var,pca,0.10481647011694584,0.32375371830597677
3001,1081090969,edges-corr,sfa,0.37434720610814853,0.6118391995517676
3001,1081090969,edges-corr,pca,0.3757878320327531,0.6130153603562903
3001,1081090969,edges-cov,sfa,0.45601641566415274,0.6752898752862752
3001,1081090969,edges-cov,pca,0.49039014774838086,0.7002786215131667
3001,1081090969,node-var,sfa,0.4201576770946127,0.6481957089449254
3001,1081090969,node-var,pca,0.40870190845112264,0.6392979809534223
3001,1081429294,edges-corr,sfa,0.15841341047583524,0.3980118220302443
3001,1081429294,edges-corr,pca,0.09750386775405662,0.3122560932216639
3001,1081429294,edges-cov,sfa,0.01681899308233359,0.12968806067766422
3001,1081429294,edges-cov,pca,0.05752257689772844,0.23983864763154458
3001,1081429294,node-var,sfa,0.07572934124075104,0.2751896459548412
3001,1081429294,node-var,pca,0.04986340057055738,0.22330114323611802
3001,1081431006,edges-corr,sfa,0.13532209134650597,0.3678615110969155
3001,1081431006,edges-corr,pca,0.12941165259842335,0.35973831127421424
3001,1081431006,edges-cov,sfa,0.10618854490190432,0.32586583880778935
3001,1081431006,edges-cov,pca,0.039439028682025534,0.1985926199082572
3001,1081431006,node-var,sfa,0.07097624416628001,0.2664136711324699
3001,1081431006,node-var,pca,0.07097475199101733,0.2664108706322203
3001,1086200042,edges-corr,sfa,0.11725589843852824,0.34242648618138166
3001,1086200042,edges-corr,pca,0.08273187718401032,0.28763149546600514
3001,1086200042,edges-cov,sfa,0.01768450441807845,0.13298309824213955
3001,1086200042,edges-cov,pca,0.07748838637513056,0.27836735867398427
3001,1086200042,node-var,sfa,0.46373874428985296,0.6809836593412887
3001,1086200042,node-var,pca,0.04644990668519933,0.2155224041374807
3001,1086410738,edges-corr,sfa,0.3006975681330385,0.5483589774345258
3001,1086410738,edges-corr,pca,0.36955252744445666,0.6079083215785562
3001,1086410738,edges-cov,sfa,0.34370983922852727,0.5862677197565351
3001,1086410738,edges-cov,pca,0.3335639035262068,0.5775499143158166
3001,1086410738,node-var,sfa,0.21285020230949303,0.46135691423180486
3001,1086410738,node-var,pca,0.007381239911244286,0.0859141426730436
3001,1087720624,edges-corr,sfa,0.18433018605258844,0.42933691438378374
3001,1087720624,edges-corr,pca,0.17326657188437444,0.416253014264611
3001,1087720624,edges-cov,sfa,0.2445678516578198,0.4945380184149846
3001,1087720624,edges-cov,pca,0.19493585860867102,0.4415154115188633
3001,1087720624,node-var,sfa,0.2585806077202554,0.5085082179476113
3001,1087720624,node-var,pca,0.21929784822685428,0.46829248149725194
3001,1087992708,edges-corr,sfa,0.5727729345777817,0.7568176362755973
3001,1087992708,edges-corr,pca,0.027436519846719132,0.16563972907101504
3001,1087992708,edges-cov,sfa,0.46451814522815205,0.6815556802111995
3001,1087992708,edges-cov,pca,0.3465556734140578,0.5886897938762469
3001,1087992708,node-var,sfa,0.40984250046408,0.6401894254547476
3001,1087992708,node-var,pca,0.45921111784646795,0.6776511771158287
3001,1089296550,edges-corr,sfa,0.034034376294060364,0.18448408141099953
3001,1089296550,edges-corr,pca,0.12995191342618684,0.36048843729887786
3001,1089296550,edges-cov,sfa,0.08320316412077822,0.2884495867925249
3001,1089296550,edges-cov,pca,0.11345293731145967,0.33682775614764854
3001,1089296550,node-var,sfa,0.13287408191865513,0.3645189733315061
3001,1089296550,node-var,pca,0.06030853748209564,0.24557796619830474
3001,1090800639,edges-corr,sfa,0.43653065251290024,0.6607046636076519
3001,1090800639,edges-corr,pca,0.46651140516615264,0.683016401828062
3001,1090800639,edges-cov,sfa,0.45754403530552645,0.676420013974695
3001,1090800639,edges-cov,pca,0.7424513055465356,0.8616561411297046
3001,1090800639,node-var,sfa,0.5418641379374289,0.7361142152800954
3001,1090800639,node-var,pca,0.7262632885943966,0.8522108240302965
3001,1090803859,edges-corr,sfa,0.09612887296574846,0.3100465658022173
3001,1090803859,edges-corr,pca,0.0040988705619539045,0.06402242233744385
3001,1090803859,edges-cov,sfa,0.45322702840847695,0.6732213814255134
3001,1090803859,edges-cov,pca,0.35909051286547855,0.5992416147644275
3001,1090803859,node-var,sfa,0.44036346938932214,0.6635988768746695
3001,1090803859,node-var,pca,0.4137161071518466,0.6432076703148422
3001,1091039376,edges-corr,sfa,0.10979111721401902,0.3313474267502597
3001,1091039376,edges-corr,pca,0.01674371627383786,0.12939751262616295
3001,1091039376,edges-cov,sfa,0.2220276875683007,0.4711981404550537
3001,1091039376,edges-cov,pca,0.13524560647013628,0.36775753761158575
3001,1091039376,node-var,sfa,0.23405983464699776,0.48379730739949084
3001,1091039376,node-var,pca,0.22838342191149763,0.47789478121391604
3001,1091039902,edges-corr,sfa,0.1256426702728315,0.35446109839139084
3001,1091039902,edges-corr,pca,0.06508219254560599,0.2551121175985294
3001,1091039902,edges-cov,sfa,0.07217712979096635,0.2686580164278862
3001,1091039902,edges-cov,pca,0.08177528452744642,0.285963781845615
3001,1091039902,node-var,sfa,0.14196855755290005,0.3767871515231106
3001,1091039902,node-var,pca,0.08874353080071173,0.29789852433456554
3001,1092283837,edges-corr,sfa,0.00013594569189512296,0.011659575116404662
3001,1092283837,edges-corr,pca,0.616229939335407,0.7850031460672031
3001,1092283837,edges-cov,sfa,0.20702306405673288,0.4549978725848427
3001,1092283837,edges-cov,pca,0.014556474465343805,0.12065021535556321
3001,1092283837,node-var,sfa,0.0006525627527147471,0.02554530784145317
3001,1092283837,node-var,pca,0.07496200478997095,0.27379190051930113
3001,1092466205,edges-corr,sfa,0.03876654098911958,0.1968922065220447
3001,1092466205,edges-corr,pca,0.05779639636354317,0.2404088109107966
3001,1092466205,edges-cov,sfa,0.03753506339417689,0.19373967945203413
3001,1092466205,edges-cov,pca,0.0031489657462761,0.05611564618068785
3001,1092466205,node-var,sfa,0.013957516292073535,0.11814193282689073
3001,1092466205,node-var,pca,0.0012366402347352423,0.03516589590405859
3001,1093638203,edges-corr,sfa,0.057076680367284416,0.2389072631112004
3001,1093638203,edges-corr,pca,0.10433562587430989,0.32301025660853244
3001,1093638203,edges-cov,sfa,0.022144625233093462,0.1488107026832862
3001,1093638203,edges-cov,pca,0.0029914325914248696,0.05469399045073265
3001,1093638203,node-var,sfa,0.0784892152940232,0.280159267728239
3001,1093638203,node-var,pca,0.03703562427390128,0.19244641922857725
3001,1093642839,edges-corr,sfa,0.6731979338428522,0.8204864007665512
3001,1093642839,edges-corr,pca,0.15403703582882533,0.39247552258558155
3001,1093642839,edges-cov,sfa,0.38597547265327525,0.6212692432860935
3001,1093642839,edges-cov,pca,0.14174335691337026,0.3764881896067529
3001,1093642839,node-var,sfa,0.17974381478572787,0.4239620440390008
3001,1093642839,node-var,pca,0.1373883916168448,0.3706594010906032
3001,1093864136,edges-corr,sfa,0.1300639461054236,0.36064379393720825
3001,1093864136,edges-corr,pca,0.1300639461054236,0.360643793937208
3001,1093864136,edges-cov,sfa,0.04954066807515023,0.22257733055086734
3001,1093864136,edges-cov,pca,0.04954066807515012,0.22257733055086737
3001,1093864136,node-var,sfa,0.001296470869471933,0.03600653925986347
3001,1093864136,node-var,pca,0.0005286246622329127,0.022991839035473943
3001,1093867806,edges-corr,sfa,0.2914441222219356,0.5398556494304153
3001,1093867806,edges-corr,pca,0.11883660922383688,0.3447268617671633
3001,1093867806,edges-cov,sfa,0.05547692183345687,0.23553539401426923
3001,1093867806,edges-cov,pca,0.0035424012201145105,0.05951807473460998
3001,1093867806,node-var,sfa,0.21483414639324294,0.46350204572713927
3001,1093867806,node-var,pca,0.08069465390643815,0.28406804450067646
3001,1095138995,edges-corr,sfa,0.25377999599219814,0.5037658146323521
3001,1095138995,edges-corr,pca,0.24790218363041316,0.49789776423520204
3001,1095138995,edges-cov,sfa,0.3601025552018854,0.6000854565825477
3001,1095138995,edges-cov,pca,0.24413958846252026,0.4941048354980147
3001,1095138995,node-var,sfa,0.3039177049253966,0.551287316129617
3001,1095138995,node-var,pca,0.321571500194095,0.5670727468271547
3001,1095340643,edges-corr,sfa,0.0659343274717874,0.25677680477758735
3001,1095340643,edges-corr,pca,0.3160427229170507,0.562176771947268
3001,1095340643,edges-cov,sfa,0.6977201548513082,0.8352964472876135
3001,1095340643,edges-cov,pca,0.7157895132914467,0.8460434464561761
3001,1095340643,node-var,sfa,0.7075599886291138,0.8411658508457847
3001,1095340643,node-var,pca,0.7346711129626744,0.8571295776967878
3001,1096620314,edges-corr,sfa,0.2225309013488086,0.47173181082984905
3001,1096620314,edges-corr,pca,0.21041098411614656,0.45870577074650687
3001,1096620314,edges-cov,sfa,0.3044540818738082,0.5517735784484505
3001,1096620314,edges-cov,pca,0.05574266375698256,0.23609884319280863
3001,1096620314,node-var,sfa,0.15909996909957702,0.3988733747689573
3001,1096620314,node-var,pca,0.0059043078346662226,0.07683949397716043
3001,1096935816,edges-corr,sfa,0.005449894434874869,0.07382340032046025
3001,1096935816,edges-corr,pca,0.0018195903608532182,0.04265665670036949
3001,1096935816,edges-cov,sfa,0.00016386419347647063,0.012800945022785325
3001,1096935816,edges-cov,pca,0.0003159676688012647,0.017775479425351983
3001,1096935816,node-var,sfa,0.02249198841826361,0.1499732923498835
3001,1096935816,node-var,pca,0.0005604104995877712,0.023672990930333055
3001,1098119201,edges-corr,sfa,0.1587152768923925,0.3983908594488491
3001,1098119201,edges-corr,pca,0.1126555353122849,0.3356419748962951
3001,1098119201,edges-cov,sfa,0.22234960782514546,0.47153961426920066
3001,1098119201,edges-cov,pca,0.1344875284730681,0.3667254129087165
3001,1098119201,node-var,sfa,0.3888531863120601,0.6235809380602176
3001,1098119201,node-var,pca,0.280253044181355,0.5293893124925694
3001,1104052767,edges-corr,sfa,0.04888477523739887,0.2210990168168979
3001,1104052767,edges-corr,pca,0.029224717411930334,0.17095238346373032
3001,1104052767,edges-cov,sfa,0.06321505684682738,0.2514260464765482
3001,1104052767,edges-cov,pca,0.08813821983688797,0.2968808175630217
3001,1104052767,node-var,sfa,0.08325892901308851,0.2885462337530825
3001,1104052767,node-var,pca,0.12835254820616981,0.35826323870328913
3001,1104058216,edges-corr,sfa,0.3886660005668916,0.6234308306194772
3001,1104058216,edges-corr,pca,0.047422357083648836,0.21776674926087536
3001,1104058216,edges-cov,sfa,0.3052275422208218,0.5524740194984933
3001,1104058216,edges-cov,pca,0.22406499982744676,0.4733550462680698
3001,1104058216,node-var,sfa,0.29807026699393413,0.5459581183515213
3001,1104058216,node-var,pca,0.2580188271536401,0.5079555365911869
3001,1104289498,edges-corr,sfa,0.12645313213823783,0.35560249174919717
3001,1104289498,edges-corr,pca,0.002943128575497056,0.05425060898733811
3001,1104289498,edges-cov,sfa,0.03443909369806519,0.18557772953149643
3001,1104289498,edges-cov,pca,0.001799335373185662,0.04241857344590576
3001,1104289498,node-var,sfa,0.006971670259177887,0.08349652842590403
3001,1104289498,node-var,pca,0.0855261485319162,0.2924485399722763
3001,1104297538,edges-corr,sfa,0.37564907068155906,0.6129021705635901
3001,1104297538,edges-corr,pca,0.13700209178629452,0.3701379361620402
3001,1104297538,edges-cov,sfa,0.23409976667914179,0.48383857502181615
3001,1104297538,edges-cov,pca,0.10567415759979348,0.3250756182794906
3001,1104297538,node-var,sfa,0.13141184335948464,0.36250771489650435
3001,1104297538,node-var,pca,0.15246133814590435,0.3904629792258211
3001,1105543760,edges-corr,sfa,0.31705964787981855,0.5630804985788594
3001,1105543760,edges-corr,pca,0.12863447675631212,0.3586564885183487
3001,1105543760,edges-cov,sfa,0.7453132574814834,0.8633152711967302
3001,1105543760,edges-cov,pca,0.6606756784701293,0.8128195854370935
3001,1105543760,node-var,sfa,0.6916834327699408,0.8316750764390748
3001,1105543760,node-var,pca,0.7218664305721334,0.8496272303617236
3001,1105798776,edges-corr,sfa,0.5297577163437188,0.7278445688082861
3001,1105798776,edges-corr,pca,0.3537434761516939,0.5947633782872767
3001,1105798776,edges-cov,sfa,0.8191228528442357,0.9050540607302079
3001,1105798776,edges-cov,pca,0.6004684295347806,0.7748989802127638
3001,1105798776,node-var,sfa,0.7398395183891429,0.8601392436048615
3001,1105798776,node-var,pca,0.6689688022630877,0.8179051303562591
3001,1108334384,edges-corr,sfa,0.21615722386706038,0.4649271167259019
3001,1108334384,edges-corr,pca,0.014455336814219844,0.1202303489732096
3001,1108334384,edges-cov,sfa,0.0005495994494074674,0.023443537476398917
3001,1108334384,edges-cov,pca,0.03194617303480696,0.17873492393711665
3001,1108334384,node-var,sfa,0.015831495035074417,0.12582326905256586
3001,1108334384,node-var,pca,0.03642232513394106,0.19084633906350135
3001,1108335514,edges-corr,sfa,0.1670639826555076,0.4087346115213483
3001,1108335514,edges-corr,pca,0.012148247993428951,0.11021909087553296
3001,1108335514,edges-cov,sfa,0.024348985313653038,0.15604161404462916
3001,1108335514,edges-cov,pca,0.02152800446037051,0.14672424632749212
3001,1108335514,node-var,sfa,0.025623825252075405,0.1600744365977136
3001,1108335514,node-var,pca,0.07878136636084299,0.28068018519454363
3001,1108528422,edges-corr,sfa,0.011802633697189924,0.10863992680957534
3001,1108528422,edges-corr,pca,0.015896297129190162,0.12608051843639542
3001,1108528422,edges-cov,sfa,0.059603382056363396,0.24413803893773633
3001,1108528422,edges-cov,pca,0.033667529608372604,0.18348713744666806
3001,1108528422,node-var,sfa,0.2292572081513793,0.4788081120358964
3001,1108528422,node-var,pca,0.05319129468422523,0.23063237995612246
3001,1108531612,edges-corr,sfa,0.025056023579187015,0.15829094597982224
3001,1108531612,edges-corr,pca,0.0008360440459257434,0.028914426259667756
3001,1108531612,edges-cov,sfa,0.0008564201750308476,0.029264657439152672
3001,1108531612,edges-cov,pca,0.002695254580882267,0.05191584132884996
3001,1108531612,node-var,sfa,0.004892104148195853,0.06994357831992866
3001,1108531612,node-var,pca,0.0021076154028231153,0.04590877261290146
3001,1109889304,edges-corr,sfa,0.23861545731087785,0.48848281168417546
3001,1109889304,edges-corr,pca,0.15219422523249915,0.3901207828769177
3001,1109889304,edges-cov,sfa,0.25203886332287795,0.5020347232242791
3001,1109889304,edges-cov,pca,0.15409036870785664,0.3925434609159313
3001,1109889304,node-var,sfa,0.13058451395576953,0.36136479346467826
3001,1109889304,node-var,pca,0.14109922688823717,0.3756317703393006
3001,1111013640,edges-corr,sfa,0.8488647662502065,0.9213385730827766
3001,1111013640,edges-corr,pca,0.7753154188432108,0.8805199707236697
3001,1111013640,edges-cov,sfa,0.827832981765782,0.9098532748557775
3001,1111013640,edges-cov,pca,0.7861589501075552,0.8866560494958318
3001,1111013640,node-var,sfa,0.8269481632489311,0.9093669024375863
3001,1111013640,node-var,pca,0.8262643145368465,0.9089908220311397
3001,1111216934,edges-corr,sfa,0.5659395092558352,0.7522895115949949
3001,1111216934,edges-corr,pca,0.6151464850245099,0.7843127469476132
3001,1111216934,edges-cov,sfa,0.5426007821881502,0.7366144053629078
3001,1111216934,edges-cov,pca,0.612233640175512,0.782453602570474
3001,1111216934,node-var,sfa,0.5991958875679178,0.7740774428750121
3001,1111216934,node-var,pca,0.59505074191195,0.7713953214221294
3001,1112302803,edges-corr,sfa,0.017513862364321175,0.13233994999364754
3001,1112302803,edges-corr,pca,0.07222608818235565,0.26874911754711994
3001,1112302803,edges-cov,sfa,0.10794036703728582,0.3285427933120519
3001,1112302803,edges-cov,pca,0.5539834322111272,0.7443006329509124
3001,1112302803,node-var,sfa,0.625983407526603,0.7911911321081667
3001,1112302803,node-var,pca,0.6671417958537509,0.8167874851231216
3001,1112515874,edges-corr,sfa,0.5023630185710963,0.7087757181020635
3001,1112515874,edges-corr,pca,0.10171178567981354,0.3189228522383013
3001,1112515874,edges-cov,sfa,0.3835310738125157,0.6192988566213531
3001,1112515874,edges-cov,pca,0.017648179372031225,0.13284645035540513
3001,1112515874,node-var,sfa,0.33015448569720074,0.5745907114609495
3001,1112515874,node-var,pca,0.19372779806932483,0.4401452011204088
3001,1115077618,edges-corr,sfa,0.6025446264646626,0.7762374807136403
3001,1115077618,edges-corr,pca,0.5887690522610172,0.7673128776848566
3001,1115077618,edges-cov,sfa,0.7364172591322072,0.8581475742156511
3001,1115077618,edges-cov,pca,0.7560266195546155,0.869497912334822
3001,1115077618,node-var,sfa,0.7708074951682512,0.8779564312471613
3001,1115077618,node-var,pca,0.774880882652091,0.8802731863757357
3001,1115086689,edges-corr,sfa,0.6165837222273707,0.7852284522528286
3001,1115086689,edges-corr,pca,0.38366199467175677,0.6194045484751922
3001,1115086689,edges-cov,sfa,0.5211546517125696,0.7219104180662373
3001,1115086689,edges-cov,pca,0.2776204110638233,0.5268969643714255
3001,1115086689,node-var,sfa,0.4792041211716641,0.6922457086697353
3001,1115086689,node-var,pca,0.33969915421911145,0.5828371592641559
3001,1115356973,edges-corr,sfa,0.27592588328262213,0.5252864773460497
3001,1115356973,edges-corr,pca,0.5831570255569163,0.7636471865704194
3001,1115356973,edges-cov,sfa,0.2775517810804058,0.5268318337765917
3001,1115356973,edges-cov,pca,0.49863414412194385,0.7061403147547539
3001,1115356973,node-var,sfa,0.3592038005841094,0.5993361332208405
3001,1115356973,node-var,pca,0.38212574602406124,0.6181632033889274
3001,1115368723,edges-corr,sfa,0.08120900730919633,0.2849719412664973
3001,1115368723,edges-corr,pca,0.019551300219144196,0.13982596403795666
3001,1115368723,edges-cov,sfa,0.07315932406506787,0.2704798034328402
3001,1115368723,edges-cov,pca,0.10623787193989498,0.32594151613425204
3001,1115368723,node-var,sfa,0.08122531547157963,0.2850005534583743
3001,1115368723,node-var,pca,0.07771108389211445,0.2787670782070839
3001,1116941914,edges-corr,sfa,0.236618842882251,0.48643482901849333
3001,1116941914,edges-corr,pca,0.17290996687813587,0.4158244423769914
3001,1116941914,edges-cov,sfa,0.3665012284510739,0.6053934492964671
3001,1116941914,edges-cov,pca,0.29795264941305377,0.5458503910533119
3001,1116941914,node-var,sfa,0.3277544753193301,0.5724984500584523
3001,1116941914,node-var,pca,0.32612188913745055,0.5710708267259418
3001,1117148442,edges-corr,sfa,0.08279898897321603,0.2877481346129221
3001,1117148442,edges-corr,pca,0.12315160513039236,0.3509296298838168
3001,1117148442,edges-cov,sfa,0.4553662780205341,0.6748083268755176
3001,1117148442,edges-cov,pca,0.2981145364983977,0.5459986597954232
3001,1117148442,node-var,sfa,0.5441159026346729,0.7376421236851057
3001,1117148442,node-var,pca,0.4099433947577229,0.6402682209494103
3001,1118324999,edges-corr,sfa,0.1896221702824301,0.4354562782673251
3001,1118324999,edges-corr,pca,0.0016906751297302014,0.04111782009944464
3001,1118324999,edges-cov,sfa,0.6538030562230874,0.8085808903400358
3001,1118324999,edges-cov,pca,0.4521961868223816,0.6724553418795789
3001,1118324999,node-var,sfa,0.7571312190282824,0.8701328743521203
3001,1118324999,node-var,pca,0.6447811934787822,0.8029826856656268
3001,1118327332,edges-corr,sfa,0.22303206866744807,0.47226271149377014
3001,1118327332,edges-corr,pca,0.1052213282908393,0.32437837210708
3001,1118327332,edges-cov,sfa,0.32809760596979276,0.5727980499004796
3001,1118327332,edges-cov,pca,0.17664091398338322,0.42028670450465466
3001,1118327332,node-var,sfa,0.20794913021659867,0.4560143969400511
3001,1118327332,node-var,pca,0.2652145966980568,0.5149898996078043
3001,1118508667,edges-corr,sfa,0.01702815942346081,0.13049198988237104
3001,1118508667,edges-corr,pca,0.020077009084445097,0.14169336288071133
3001,1118508667,edges-cov,sfa,0.0005929536265842916,0.024350639141185404
3001,1118508667,edges-cov,pca,0.008092975635432542,0.08996096728822157
3001,1118508667,node-var,sfa,0.009269320132107017,0.09627730850053388
3001,1118508667,node-var,pca,0.0023512674823270574,0.04848986989389537
3001,1118512505,edges-corr,sfa,0.0024931513864788757,0.04993146689692432
3001,1118512505,edges-corr,pca,3.024791955874573e-05,0.005499810865713211
3001,1118512505,edges-cov,sfa,0.02010837178435354,0.14180399072083125
3001,1118512505,edges-cov,pca,0.00010171322271579353,0.010085297353854878
3001,1118512505,node-var,sfa,0.004715943292444513,0.06867272597213937
3001,1118512505,node-var,pca,0.0002862548392679187,0.016919067328543806
3001,1119946360,edges-corr,sfa,0.7268765674316546,0.852570564488157
3001,1119946360,edges-corr,pca,0.6158919374425645,0.7847878295708738
3001,1119946360,edges-cov,sfa,0.8258930203628464,0.9087865648010249
3001,1119946360,edges-cov,pca,0.4776189988441052,0.6910998472320088
3001,1119946360,node-var,sfa,0.6733246177191333,0.8205635976078478
3001,1119946360,node-var,pca,0.5075547801882129,0.7124287895559892
3001,1120251466,edges-corr,sfa,0.38340645250033645,0.6191982336056339
3001,1120251466,edges-corr,pca,0.4065317842499798,0.6375984506332967
3001,1120251466,edges-cov,sfa,0.018931574305816157,0.13759205756807277
3001,1120251466,edges-cov,pca,0.096498691491953,0.31064238521482046
3001,1120251466,node-var,sfa,0.17990342954641048,0.42415024407208624
3001,1120251466,node-var,pca,0.00012126797197087313,0.011012173807681006
3001,1121406444,edges-corr,sfa,0.04385130602749532,0.20940703433145447
3001,1121406444,edges-corr,pca,0.0011622014146189796,0.034091075292793566
3001,1121406444,edges-cov,sfa,0.3865194665280208,0.6217068976037036
3001,1121406444,edges-cov,pca,0.19570324099798664,0.44238359033534086
3001,1121406444,node-var,sfa,0.19738978262003493,0.44428569931974443
3001,1121406444,node-var,pca,0.3659787185084584,0.6049617496242705
3001,1121607504,edges-corr,sfa,0.47523765799846485,0.6893748312771976
3001,1121607504,edges-corr,pca,0.34566267269729833,0.5879308400630964
3001,1121607504,edges-cov,sfa,0.4186613690097676,0.647040469375578
3001,1121607504,edges-cov,pca,0.2536812148375669,0.5036677623568617
3001,1121607504,node-var,sfa,0.35323902359449233,0.5943391486302172
3001,1121607504,node-var,pca,0.23480924298868422,0.48457119496384043
3001,1122903357,edges-corr,sfa,0.09073519349801806,0.30122283030676456
3001,1122903357,edges-corr,pca,0.07643007411178948,0.2764598960279584
3001,1122903357,edges-cov,sfa,0.22841355720723455,0.4779263093900928
3001,1122903357,edges-cov,pca,0.11802241618637732,0.34354390721766137
3001,1122903357,node-var,sfa,0.20812951022956705,0.45621213292674145
3001,1122903357,node-var,pca,0.18302236802455685,0.4278111359286442
3001,1124285719,edges-corr,sfa,0.09872020963980088,0.3141977237979305
3001,1124285719,edges-corr,pca,0.02830361593083719,0.16823678530819963
3001,1124285719,edges-cov,sfa,0.03541220571160608,0.1881813107394201
3001,1124285719,edges-cov,pca,0.00724528316287365,0.08511922910173497
3001,1124285719,node-var,sfa,0.005449613390137276,0.07382149680233582
3001,1124285719,node-var,pca,3.289116017024529e-05,0.00573508153127144
3001,1124507277,edges-corr,sfa,0.008632071339851999,0.09290894111899003
3001,1124507277,edges-corr,pca,0.00013263218528847265,0.011516604763931331
3001,1124507277,edges-cov,sfa,0.06173818186702018,0.2484716922850974
3001,1124507277,edges-cov,pca,7.964100040358524e-05,0.008924180657261532
3001,1124507277,node-var,sfa,0.0053783883761489015,0.07333749638587791
3001,1124507277,node-var,pca,0.001305785604737375,0.036135655587484855
3001,1125713722,edges-corr,sfa,0.2945367012737071,0.5427123559250401
3001,1125713722,edges-corr,pca,0.30981126933491165,0.5566069253386197
3001,1125713722,edges-cov,sfa,0.34247375356781873,0.5852125712660473
3001,1125713722,edges-cov,pca,0.3375667385169362,0.5810049384617452
3001,1125713722,node-var,sfa,0.31809537873505134,0.5639994492329325
3001,1125713722,node-var,pca,0.3369280076446659,0.5804550005337759
3001,1125937457,edges-corr,sfa,0.10402497258832033,0.3225290259625018
3001,1125937457,edges-corr,pca,0.015644380543892056,0.12507749815171443
3001,1125937457,edges-cov,sfa,0.0019222186494026738,0.04384311404773507
3001,1125937457,edges-cov,pca,0.0037861660384466145,0.06153182947423725
3001,1125937457,node-var,sfa,0.005062827221214539,0.07115354679293634
3001,1125937457,node-var,pca,0.0034829911829427074,0.05901687201930157
3001,1128520325,edges-corr,sfa,0.026924161343065856,0.16408583529075818
3001,1128520325,edges-corr,pca,0.027413464755046357,0.1655701203570445
3001,1128520325,edges-cov,sfa,0.027984280684573593,0.1672850282738221
3001,1128520325,edges-cov,pca,0.03316054368314392,0.182100367059333
3001,1128520325,node-var,sfa,0.04378324269477174,0.2092444567838577
3001,1128520325,node-var,pca,0.0010190524946983581,0.03192260162797418
3001,1128719842,edges-corr,sfa,0.027780999525213068,0.1666763316287382
3001,1128719842,edges-corr,pca,0.00019974856882531977,0.014133243393693639
3001,1128719842,edges-cov,sfa,0.002142424457136638,0.04628633121275465
3001,1128719842,edges-cov,pca,0.007781169586212555,0.08821093801911757
3001,1128719842,node-var,sfa,0.015666170887105313,0.12516457520842422
3001,1128719842,node-var,pca,0.00668392742404289,0.08175528988415902
3001,1130113579,edges-corr,sfa,0.21037155306059363,0.4586627879614753
3001,1130113579,edges-corr,pca,0.05200227185320638,0.22804006633310378
3001,1130113579,edges-cov,sfa,0.39344579219473885,0.6272525744823522
3001,1130113579,edges-cov,pca,0.0006229697930669742,0.024959362833751372
3001,1130113579,node-var,sfa,0.21118698162391203,0.45955084770230986
3001,1130113579,node-var,pca,0.3835879855374874,0.6193448034314061
3001,1130349290,edges-corr,sfa,0.5261272849081635,0.7253463206690741
3001,1130349290,edges-corr,pca,0.2667448496196716,0.5164734742653025
3001,1130349290,edges-cov,sfa,0.09228544741472422,0.30378519946620886
3001,1130349290,edges-cov,pca,0.03866414954761965,0.1966320155712689
3001,1130349290,node-var,sfa,0.0003193970339748775,0.017871682460666984
3001,1130349290,node-var,pca,2.444943744528416e-05,0.0049446372410218336
3001,1139846596,edges-corr,sfa,0.002546414886662407,0.05046201429453979
3001,1139846596,edges-corr,pca,0.0026731322469019103,0.05170234276028379
3001,1139846596,edges-cov,sfa,2.702386909025911e-06,0.0016438938253178056
3001,1139846596,edges-cov,pca,0.00048505174990698396,0.022023890435315892
3001,1139846596,node-var,sfa,8.153987337000679e-06,0.002855518750932789
3001,1139846596,node-var,pca,0.0008291689845886241,0.02879529448692231
3001,1140102579,edges-corr,sfa,0.3584473190261278,0.5987047010222385
3001,1140102579,edges-corr,pca,0.27134120048914034,0.5209042143130922
3001,1140102579,edges-cov,sfa,0.2568641056281633,0.5068176256092155
3001,1140102579,edges-cov,pca,0.2662838242908311,0.5160269608177759
3001,1140102579,node-var,sfa,0.2567999166330065,0.5067542961169701
3001,1140102579,node-var,pca,0.2312851203994526,0.480921116607965
3001,1152632711,edges-corr,sfa,0.8251136099672114,0.9083576443049349
3001,1152632711,edges-corr,pca,0.5718976714909745,0.7562391628915904
3001,1152632711,edges-cov,sfa,0.813667176084041,0.902035019322444
3001,1152632711,edges-cov,pca,0.6601690803651432,0.8125078955709567
3001,1152632711,node-var,sfa,0.7965741378754025,0.892510021162453
3001,1152632711,node-var,pca,0.7245888798445881,0.851227865993934
3001,1152811536,edges-corr,sfa,0.3911622499955586,0.6254296523155578
3001,1152811536,edges-corr,pca,0.3759865815363891,0.613177447021977
3001,1152811536,edges-cov,sfa,0.41200564320982613,0.641876657318076
3001,1152811536,edges-cov,pca,0.2982403650492592,0.5461138755326221
3001,1152811536,node-var,sfa,0.3055043393909269,0.5527244696871375
3001,1152811536,node-var,pca,0.3182824077387536,0.5641652308843161
