pool,edge_win,feature,method,subject,R2,abs_r
3area,751,edges-corr,sfa,1048189115,0.006446094799968383,0.0802875756264225
3area,751,edges-corr,sfa,1051155866,0.002068062796442227,0.04547595844446228
3area,751,edges-corr,sfa,1052342277,0.21199387947923942,0.4604279308200572
3area,751,edges-corr,sfa,1052533639,0.06383252330724909,0.2526509911068006
3area,751,edges-corr,sfa,1053709239,0.1178530948323594,0.34329738541439453
3area,751,edges-corr,sfa,1053718935,0.009831811031801974,0.09915548916626914
3area,751,edges-corr,sfa,1053925378,0.00015823249130175743,0.01257904969787949
3area,751,edges-corr,sfa,1053941483,0.001377121481061061,0.03710958745473967
3area,751,edges-corr,sfa,1055221968,0.0014600837960746516,0.038211042855104745
3area,751,edges-corr,sfa,1055240613,0.026032157745091267,0.16134484108607602
3area,751,edges-corr,sfa,1055403683,0.017400611488655238,0.13191137740413067
3area,751,edges-corr,sfa,1055415082,0.07085810076179655,0.26619184954050784
3area,751,edges-corr,sfa,1062755779,0.0004290529166834922,0.020713592558597664
3area,751,edges-corr,sfa,1063010385,0.023763276345790896,0.154153418209883
3area,751,edges-corr,sfa,1064400234,0.03194764755914248,0.17873904878101626
3area,751,edges-corr,sfa,1064415305,0.0424650462698255,0.20607048859510593
3area,751,edges-corr,sfa,1064639378,0.1301480000394788,0.3607603082927482
3area,751,edges-corr,sfa,1064644573,0.07455011095859743,0.27303866202169497
3area,751,edges-corr,sfa,1065437523,0.0004507802842426134,0.021231586945930792
3area,751,edges-corr,sfa,1065449881,0.04323532830251564,0.20793106622752575
3area,751,edges-corr,sfa,1065905010,0.0005687400999857539,0.023848272473825528
3area,751,edges-corr,sfa,1065908084,0.014443499677876614,0.12018111198469046
3area,751,edges-corr,sfa,1067588044,0.0003439439037392633,0.018545724675497553
3area,751,edges-corr,sfa,1067781390,0.07977906999898599,0.28245188970687735
3area,751,edges-corr,sfa,1071300149,0.029011096691984317,0.17032644155263843
3area,751,edges-corr,sfa,1081090969,0.013794183772143698,0.11744864312602214
3area,751,edges-corr,sfa,1081429294,0.11450723669563256,0.33838917934182355
3area,751,edges-corr,sfa,1081431006,0.010727157646377439,0.10357199257703444
3area,751,edges-corr,sfa,1087992708,0.17152895389445844,0.41416054120891177
3area,751,edges-corr,sfa,1089296550,0.003771290722685894,0.06141083554785855
3area,751,edges-corr,sfa,1090800639,0.38269561200529734,0.6186239665623184
3area,751,edges-corr,sfa,1090803859,0.009708554516043577,0.09853199742237884
3area,751,edges-corr,sfa,1091039902,0.01684359892516807,0.12978289149640676
3area,751,edges-corr,sfa,1092283837,0.0020569319082057724,0.045353411208041185
3area,751,edges-corr,sfa,1092466205,0.0016211420014526912,0.0402634077228045
3area,751,edges-corr,sfa,1093642839,0.2731850814419087,0.5226711025510293
3area,751,edges-corr,sfa,1096620314,0.12091112585491204,0.3477227715507169
3area,751,edges-corr,sfa,1096935816,0.016659410937067576,0.12907134049457905
3area,751,edges-corr,sfa,1098119201,0.06977122430524962,0.2641424318530625
3area,751,edges-corr,sfa,1104052767,0.025406209535329682,0.15939325435955423
3area,751,edges-corr,sfa,1104058216,0.007434149562730585,0.0862215145003309
3area,751,edges-corr,sfa,1104289498,0.04151870232965971,0.20376138576693012
3area,751,edges-corr,sfa,1104297538,0.0049344306124486925,0.07024550243573414
3area,751,edges-corr,sfa,1105543760,0.00024533759070644034,0.015663256069741123
3area,751,edges-corr,sfa,1105798776,0.022980441941282126,0.15159301415725648
3area,751,edges-corr,sfa,1108334384,0.037640981458179734,0.19401283838493677
3area,751,edges-corr,sfa,1108335514,0.001655404873865618,0.04068666702822348
3area,751,edges-corr,sfa,1108528422,0.000906593392265953,0.030109689341905936
3area,751,edges-corr,sfa,1108531612,0.23720483139314463,0.48703678648860266
3area,751,edges-corr,sfa,1109889304,0.007649823487997254,0.08746326936490169
3area,751,edges-corr,sfa,1111013640,0.05793121304231519,0.2406890380601394
3area,751,edges-corr,sfa,1111216934,0.05617424210332067,0.237011059031684
3area,751,edges-corr,sfa,1112302803,0.08478966570546753,0.29118665097402274
3area,751,edges-corr,sfa,1112515874,0.056465903982594434,0.23762555414473907
3area,751,edges-corr,sfa,1115077618,0.0019119453573706036,0.04372579738976473
3area,751,edges-corr,sfa,1115086689,0.0021778126214409,0.04666703999013775
3area,751,edges-corr,sfa,1115356973,0.0027978916669263443,0.05289510059472687
3area,751,edges-corr,sfa,1115368723,0.03632271904723661,0.19058520154313274
3area,751,edges-corr,sfa,1116941914,0.02505441066806524,0.15828585113036878
3area,751,edges-corr,sfa,1117148442,0.03232562191982602,0.17979327551336885
3area,751,edges-corr,sfa,1118324999,0.09303451351371661,0.3050155955254034
3area,751,edges-corr,sfa,1118327332,0.013875139141906523,0.1177927805169162
3area,751,edges-corr,sfa,1118508667,0.004151170780124835,0.06442958000891197
3area,751,edges-corr,sfa,1118512505,0.0020949522377361474,0.045770648211884715
3area,751,edges-corr,sfa,1119946360,0.08796133580449395,0.29658276383581994
3area,751,edges-corr,sfa,1120251466,0.012235031160947818,0.11061207511365007
3area,751,edges-corr,sfa,1121607504,0.05034190544222594,0.22437001903602366
3area,751,edges-corr,sfa,1122903357,0.0009454201923739802,0.03074768596779365
3area,751,edges-corr,sfa,1124285719,0.005671140922862361,0.0753069779161442
3area,751,edges-corr,sfa,1124507277,0.0483895695858394,0.21997629323597473
3area,751,edges-corr,sfa,1125713722,0.12093824280404342,0.3477617615610484
3area,751,edges-corr,sfa,1125937457,0.05469114607181125,0.23386138217288266
3area,751,edges-corr,sfa,1128520325,0.0005616087234263656,0.023698285242316274
3area,751,edges-corr,sfa,1128719842,0.003941117916765102,0.06277832362181367
3area,751,edges-corr,sfa,1130113579,0.19698752287083354,0.4438327645305535
3area,751,edges-corr,sfa,1130349290,0.005483696889727052,0.07405198775000624
3area,751,edges-corr,sfa,1139846596,0.06643962549973037,0.25775885144788047
3area,751,edges-corr,sfa,1140102579,0.10850180362764072,0.3293961196305153
3area,751,edges-corr,sfa,1152632711,0.2301002188895933,0.47968762636698653
3area,751,edges-corr,sfa,1152811536,0.002277618430685191,0.04772440078916718
3area,751,edges-corr,pca,1048189115,0.025880358040511253,0.16087373322115503
3area,751,edges-corr,pca,1051155866,0.007300164362895267,0.08544099930885225
3area,751,edges-corr,pca,1052342277,0.030958270841962676,0.17594962586479856
3area,751,edges-corr,pca,1052533639,0.04590344079100106,0.21425088282432148
3area,751,edges-corr,pca,1053709239,0.31600210460432687,0.5621406448606312
3area,751,edges-corr,pca,1053718935,0.014330034380486523,0.11970812161456125
3area,751,edges-corr,pca,1053925378,0.0076001789551721766,0.08717900524307541
3area,751,edges-corr,pca,1053941483,0.029325870251255992,0.1712479788238562
3area,751,edges-corr,pca,1055221968,0.12789380354067115,0.3576224315401244
3area,751,edges-corr,pca,1055240613,0.04095882423559538,0.2023828654693754
3area,751,edges-corr,pca,1055403683,0.008377869827249862,0.09153070428686598
3area,751,edges-corr,pca,1055415082,0.047814566579303386,0.21866542154465934
3area,751,edges-corr,pca,1062755779,7.925770046957048e-05,0.008902679398346127
3area,751,edges-corr,pca,1063010385,0.15543304825691961,0.3942499819364868
3area,751,edges-corr,pca,1064400234,0.03640287926917074,0.19079538586970812
3area,751,edges-corr,pca,1064415305,0.0011063770287161878,0.0332622462969105
3area,751,edges-corr,pca,1064639378,0.00020464157162614072,0.01430529872551059
3area,751,edges-corr,pca,1064644573,0.057461384238927216,0.23971104321438144
3area,751,edges-corr,pca,1065437523,0.0610373086777497,0.24705729836973028
3area,751,edges-corr,pca,1065449881,0.0066851239940851626,0.08176260755434168
3area,751,edges-corr,pca,1065905010,0.015235078394367996,0.12343045975110033
3area,751,edges-corr,pca,1065908084,0.3171483721602788,0.5631592777894003
3area,751,edges-corr,pca,1067588044,0.004246363010584675,0.06516412364625829
3area,751,edges-corr,pca,1067781390,0.021542354518286677,0.1467731396349035
3area,751,edges-corr,pca,1071300149,0.011529455977913439,0.1073753043204699
3area,751,edges-corr,pca,1081090969,0.10194489628603065,0.3192881085885138
3area,751,edges-corr,pca,1081429294,0.018104353819582752,0.13455242034085785
3area,751,edges-corr,pca,1081431006,0.04259133946393345,0.20637669312190576
3area,751,edges-corr,pca,1087992708,0.0055351104059195855,0.07439832260151742
3area,751,edges-corr,pca,1089296550,0.10312848701028132,0.3211362436883781
3area,751,edges-corr,pca,1090800639,0.2579983717178477,0.5079354011268035
3area,751,edges-corr,pca,1090803859,0.0008443266981057462,0.029057300254940462
3area,751,edges-corr,pca,1091039902,0.005379641825722481,0.07334604164999231
3area,751,edges-corr,pca,1092283837,0.0047088457778392545,0.06862103014265564
3area,751,edges-corr,pca,1092466205,0.014950076905378973,0.1222705070954514
3area,751,edges-corr,pca,1093642839,0.00015131707625226642,0.012301100611415334
3area,751,edges-corr,pca,1096620314,0.007625781718508806,0.08732572197530837
3area,751,edges-corr,pca,1096935816,0.004732643113195323,0.06879420842770996
3area,751,edges-corr,pca,1098119201,0.03991130605356097,0.19977814208156255
3area,751,edges-corr,pca,1104052767,0.008491663098721403,0.09215022028579986
3area,751,edges-corr,pca,1104058216,0.0010672759918439745,0.0326691902538773
3area,751,edges-corr,pca,1104289498,0.04049528290159221,0.20123439790848957
3area,751,edges-corr,pca,1104297538,0.11649014947909642,0.34130653301555225
3area,751,edges-corr,pca,1105543760,1.1156977563264725e-05,0.0033402062156955145
3area,751,edges-corr,pca,1105798776,0.12185049520320834,0.34907090283094133
3area,751,edges-corr,pca,1108334384,0.013121147338342687,0.11454757674583309
3area,751,edges-corr,pca,1108335514,0.011665116216489024,0.10800516754530333
3area,751,edges-corr,pca,1108528422,0.10813579280249441,0.32884007177120955
3area,751,edges-corr,pca,1108531612,0.095107979599387,0.30839581644274455
3area,751,edges-corr,pca,1109889304,0.04330971535113182,0.20810986365651168
3area,751,edges-corr,pca,1111013640,0.19135657994389366,0.43744323053842465
3area,751,edges-corr,pca,1111216934,0.00459926315890713,0.06781786754909831
3area,751,edges-corr,pca,1112302803,0.0001538804448902864,0.012404855698084062
3area,751,edges-corr,pca,1112515874,0.15838502264795817,0.39797615839137696
3area,751,edges-corr,pca,1115077618,0.03257129629333577,0.18047519578417423
3area,751,edges-corr,pca,1115086689,0.06266570269446292,0.250331186020566
3area,751,edges-corr,pca,1115356973,0.1068795793548114,0.32692442453082543
3area,751,edges-corr,pca,1115368723,0.0938641255958308,0.3063725274821994
3area,751,edges-corr,pca,1116941914,0.00010703554921098757,0.01034579862604809
3area,751,edges-corr,pca,1117148442,0.011936617898365864,0.10925483009169792
3area,751,edges-corr,pca,1118324999,0.009025398302918153,0.09500209630801922
3area,751,edges-corr,pca,1118327332,0.07549576009678538,0.2747649178785115
3area,751,edges-corr,pca,1118508667,0.01469052525929826,0.12120447705962925
3area,751,edges-corr,pca,1118512505,0.010256784033207844,0.10127578206663139
3area,751,edges-corr,pca,1119946360,0.3536583997665833,0.5946918527830884
3area,751,edges-corr,pca,1120251466,0.11974965585828201,0.34604863221559184
3area,751,edges-corr,pca,1121607504,0.07673360590464762,0.27700831378254237
3area,751,edges-corr,pca,1122903357,0.00012657071298372014,0.011250365015574911
3area,751,edges-corr,pca,1124285719,0.0011520577559013256,0.03394197631107689
3area,751,edges-corr,pca,1124507277,0.02889951016177228,0.16999855929322497
3area,751,edges-corr,pca,1125713722,0.01682251002054802,0.1297016191901559
3area,751,edges-corr,pca,1125937457,0.00033153804295960043,0.018208186152372827
3area,751,edges-corr,pca,1128520325,0.0038735616263174677,0.062237943622179506
3area,751,edges-corr,pca,1128719842,0.005823395797294517,0.07631117740734149
3area,751,edges-corr,pca,1130113579,0.0010209309508369957,0.031952010122009517
3area,751,edges-corr,pca,1130349290,0.04069250423051263,0.20172383158792268
3area,751,edges-corr,pca,1139846596,0.002438723024663969,0.04938342864427203
3area,751,edges-corr,pca,1140102579,0.07315430458993077,0.27047052443830344
3area,751,edges-corr,pca,1152632711,0.03430631770265136,0.1852196471831522
3area,751,edges-corr,pca,1152811536,0.05467989148045682,0.23383731840845395
3area,751,edges-cov,sfa,1048189115,0.0795003567510113,0.281958076229448
3area,751,edges-cov,sfa,1051155866,0.003537544997871289,0.059477264545970854
3area,751,edges-cov,sfa,1052342277,0.10054021047500061,0.3170807633316797
3area,751,edges-cov,sfa,1052533639,0.08677076052238719,0.29456877044654145
3area,751,edges-cov,sfa,1053709239,0.03803383259246862,0.19502264635797695
3area,751,edges-cov,sfa,1053718935,0.019715530946063153,0.1404120042804856
3area,751,edges-cov,sfa,1053925378,0.008975093626546138,0.09473697074820327
3area,751,edges-cov,sfa,1053941483,0.01688870303310075,0.12995654286376157
3area,751,edges-cov,sfa,1055221968,0.01000680823742317,0.10003403539507483
3area,751,edges-cov,sfa,1055240613,0.036674234809509265,0.1915051822001414
3area,751,edges-cov,sfa,1055403683,0.025706115180419098,0.16033126700808834
3area,751,edges-cov,sfa,1055415082,0.1446267474152092,0.3802982348305197
3area,751,edges-cov,sfa,1062755779,0.026189425934633692,0.16183147386906468
3area,751,edges-cov,sfa,1063010385,0.09698020752182679,0.31141645351815744
3area,751,edges-cov,sfa,1064400234,0.016358809193270818,0.12790156055838767
3area,751,edges-cov,sfa,1064415305,0.0004908898370800108,0.02215603387522714
3area,751,edges-cov,sfa,1064639378,0.001456901734801841,0.038169382164267206
3area,751,edges-cov,sfa,1064644573,0.04644492574197201,0.21551084831620904
3area,751,edges-cov,sfa,1065437523,0.039261566935959724,0.19814531772403718
3area,751,edges-cov,sfa,1065449881,0.002194831703905331,0.04684903098149812
3area,751,edges-cov,sfa,1065905010,0.016274648145393034,0.1275721291873467
3area,751,edges-cov,sfa,1065908084,0.045098104467488076,0.21236314291205938
3area,751,edges-cov,sfa,1067588044,0.0326582040754364,0.18071581025310526
3area,751,edges-cov,sfa,1067781390,0.006725113582682241,0.08200678985719678
3area,751,edges-cov,sfa,1071300149,0.05664735571773827,0.2380070497227722
3area,751,edges-cov,sfa,1081090969,0.16494258469693945,0.40613124073006174
3area,751,edges-cov,sfa,1081429294,0.011080520098974533,0.10526404941372254
3area,751,edges-cov,sfa,1081431006,0.008884638463129368,0.0942583601763208
3area,751,edges-cov,sfa,1087992708,0.24980147839387778,0.4998014389673936
3area,751,edges-cov,sfa,1089296550,0.0960117246555725,0.3098575877004995
3area,751,edges-cov,sfa,1090800639,0.044783907047778126,0.2116220854442611
3area,751,edges-cov,sfa,1090803859,0.1151826654401985,0.33938571779053756
3area,751,edges-cov,sfa,1091039902,0.127905909318075,0.3576393565004763
3area,751,edges-cov,sfa,1092283837,0.11239675856897657,0.33525625806086967
3area,751,edges-cov,sfa,1092466205,0.0004149340595888118,0.02036993027942929
3area,751,edges-cov,sfa,1093642839,0.01986967840543996,0.14095984678425225
3area,751,edges-cov,sfa,1096620314,0.008069567533112498,0.08983077163818902
3area,751,edges-cov,sfa,1096935816,0.01186024355046622,0.10890474530738403
3area,751,edges-cov,sfa,1098119201,0.05968852223877297,0.24431234565361812
3area,751,edges-cov,sfa,1104052767,0.008219800984209269,0.09066311810327954
3area,751,edges-cov,sfa,1104058216,0.10279431957340246,0.320615532333358
3area,751,edges-cov,sfa,1104289498,0.001641185183238969,0.04051154382690134
3area,751,edges-cov,sfa,1104297538,0.03346761062315584,0.18294154974514634
3area,751,edges-cov,sfa,1105543760,0.26585443410771126,0.5156107389375355
3area,751,edges-cov,sfa,1105798776,0.3580346078720884,0.5983599317067353
3area,751,edges-cov,sfa,1108334384,0.023357666104667052,0.15283215010156417
3area,751,edges-cov,sfa,1108335514,0.005413928245058375,0.07357940095609851
3area,751,edges-cov,sfa,1108528422,0.06960774794272928,0.26383280300737705
3area,751,edges-cov,sfa,1108531612,0.258207983506065,0.508141696287625
3area,751,edges-cov,sfa,1109889304,0.08863583877162085,0.29771771659009605
3area,751,edges-cov,sfa,1111013640,0.3588927990561708,0.5990766220244045
3area,751,edges-cov,sfa,1111216934,0.43277002699391875,0.6578525875862453
3area,751,edges-cov,sfa,1112302803,0.139294917146069,0.37322234277447663
3area,751,edges-cov,sfa,1112515874,0.007707652772391271,0.08779323876239598
3area,751,edges-cov,sfa,1115077618,0.42996071541065317,0.6557138975274609
3area,751,edges-cov,sfa,1115086689,2.3601241777915227e-05,0.004858110926889905
3area,751,edges-cov,sfa,1115356973,0.06418201494383158,0.2533416960230426
3area,751,edges-cov,sfa,1115368723,0.00010399216055345661,0.010197654659446515
3area,751,edges-cov,sfa,1116941914,0.09549656277565688,0.30902518145882035
3area,751,edges-cov,sfa,1117148442,0.08178118943519297,0.2859741062320036
3area,751,edges-cov,sfa,1118324999,0.1872929007804366,0.43277349824179007
3area,751,edges-cov,sfa,1118327332,0.09877855017308357,0.31429055056282473
3area,751,edges-cov,sfa,1118508667,0.005974244434226894,0.07729323666548622
3area,751,edges-cov,sfa,1118512505,0.018210322482997032,0.13494562787655234
3area,751,edges-cov,sfa,1119946360,0.2924822083808807,0.540816242711774
3area,751,edges-cov,sfa,1120251466,0.16186879779645091,0.4023292156884096
3area,751,edges-cov,sfa,1121607504,0.02096903490190194,0.14480688830957542
3area,751,edges-cov,sfa,1122903357,0.042395847688027066,0.20590251986808494
3area,751,edges-cov,sfa,1124285719,0.00014947217541083635,0.01222588137563388
3area,751,edges-cov,sfa,1124507277,0.01344136118443573,0.11593688448649858
3area,751,edges-cov,sfa,1125713722,0.2331001590021734,0.48280447284814343
3area,751,edges-cov,sfa,1125937457,8.648305842573478e-07,0.0009299626789960621
3area,751,edges-cov,sfa,1128520325,0.011278848081012316,0.10620192126798897
3area,751,edges-cov,sfa,1128719842,0.004391721656622716,0.06627006606774173
3area,751,edges-cov,sfa,1130113579,0.07793078063379966,0.2791608508258271
3area,751,edges-cov,sfa,1130349290,0.007461676894869984,0.08638099845955657
3area,751,edges-cov,sfa,1139846596,0.008200259623931894,0.0905552849033778
3area,751,edges-cov,sfa,1140102579,0.11847082324720892,0.34419590823716756
3area,751,edges-cov,sfa,1152632711,0.12066559752622408,0.34736954029710837
3area,751,edges-cov,sfa,1152811536,0.134831228839006,0.36719372113232823
3area,751,edges-cov,pca,1048189115,0.07595702704223206,0.27560302437061884
3area,751,edges-cov,pca,1051155866,0.0050601348333723095,0.07113462471519977
3area,751,edges-cov,pca,1052342277,0.06494267025313516,0.25483851799352336
3area,751,edges-cov,pca,1052533639,0.09889805625133041,0.31448061347455164
3area,751,edges-cov,pca,1053709239,0.003345282945420691,0.05783842101424176
3area,751,edges-cov,pca,1053718935,0.013578857235234443,0.11652835378239297
3area,751,edges-cov,pca,1053925378,0.020547396756005698,0.14334363172462708
3area,751,edges-cov,pca,1053941483,0.02023233932483648,0.14224042788474897
3area,751,edges-cov,pca,1055221968,0.018479165922693608,0.13593809592124398
3area,751,edges-cov,pca,1055240613,0.04901794144361804,0.22139995809308133
3area,751,edges-cov,pca,1055403683,0.010633465663989372,0.10311869696611432
3area,751,edges-cov,pca,1055415082,0.1274433528521638,0.3569920907417468
3area,751,edges-cov,pca,1062755779,0.009074423711497581,0.09525976963806722
3area,751,edges-cov,pca,1063010385,0.12581474230668,0.3547037387830581
3area,751,edges-cov,pca,1064400234,7.2465040767966116e-06,0.0026919331486503707
3area,751,edges-cov,pca,1064415305,2.0192325070000905e-05,0.004493587104996507
3area,751,edges-cov,pca,1064639378,3.9468214431459536e-05,0.006282373312010996
3area,751,edges-cov,pca,1064644573,0.04477798767971042,0.21160809927720245
3area,751,edges-cov,pca,1065437523,0.050907672850271646,0.22562728746823046
3area,751,edges-cov,pca,1065449881,0.002009981425470486,0.044832816390123466
3area,751,edges-cov,pca,1065905010,0.017047226594780307,0.1305650282226454
3area,751,edges-cov,pca,1065908084,0.026920813417480427,0.16407563322285293
3area,751,edges-cov,pca,1067588044,0.019807613956950854,0.14073952521218336
3area,751,edges-cov,pca,1067781390,0.000323760343865942,0.017993341653679495
3area,751,edges-cov,pca,1071300149,0.05188544596486222,0.22778377019634702
3area,751,edges-cov,pca,1081090969,0.16337692700277118,0.4041991180133514
3area,751,edges-cov,pca,1081429294,0.007811062612728237,0.08838021618398698
3area,751,edges-cov,pca,1081431006,0.027596976939042284,0.16612337866490104
3area,751,edges-cov,pca,1087992708,0.21624092885518542,0.46501712748584384
3area,751,edges-cov,pca,1089296550,0.09767281606692313,0.3125265045830888
3area,751,edges-cov,pca,1090800639,0.005212622995260596,0.07219849718145478
3area,751,edges-cov,pca,1090803859,0.054430156144704034,0.23330271353909285
3area,751,edges-cov,pca,1091039902,0.08898355345995002,0.2983011120662303
3area,751,edges-cov,pca,1092283837,0.06681928575023255,0.25849426637786854
3area,751,edges-cov,pca,1092466205,0.0002502938663226928,0.01582067844065178
3area,751,edges-cov,pca,1093642839,0.0004777472161652252,0.021857429312828545
3area,751,edges-cov,pca,1096620314,0.0174150409164453,0.1319660597140235
3area,751,edges-cov,pca,1096935816,0.010234566440162962,0.1011660340240881
3area,751,edges-cov,pca,1098119201,0.043857350629848746,0.20942146649722637
3area,751,edges-cov,pca,1104052767,0.00307299370151648,0.05543458939611996
3area,751,edges-cov,pca,1104058216,0.08647596638407196,0.2940679621857367
3area,751,edges-cov,pca,1104289498,0.007969453950249394,0.08927179817976895
3area,751,edges-cov,pca,1104297538,0.05127456009253628,0.2264388661262375
3area,751,edges-cov,pca,1105543760,0.1596033694319834,0.39950390415111514
3area,751,edges-cov,pca,1105798776,0.2746657287671952,0.5240856120589412
3area,751,edges-cov,pca,1108334384,0.019657828704139124,0.14020637897092647
3area,751,edges-cov,pca,1108335514,0.0059674514029239845,0.07724928092172868
3area,751,edges-cov,pca,1108528422,0.09893864594034807,0.3145451413395989
3area,751,edges-cov,pca,1108531612,0.22042302666000446,0.46949230734912395
3area,751,edges-cov,pca,1109889304,0.06306588518337408,0.2511292200907215
3area,751,edges-cov,pca,1111013640,0.3236356115876735,0.5688898061906831
3area,751,edges-cov,pca,1111216934,0.4067746621479673,0.6377888852496311
3area,751,edges-cov,pca,1112302803,0.1154773140137737,0.33981953153662847
3area,751,edges-cov,pca,1112515874,0.0056558581704722055,0.07520543976649649
3area,751,edges-cov,pca,1115077618,0.42747903152574307,0.6538188063414389
3area,751,edges-cov,pca,1115086689,0.003584278152696907,0.059868841250662316
3area,751,edges-cov,pca,1115356973,0.09329559259541242,0.30544327230340546
3area,751,edges-cov,pca,1115368723,0.04845566889088626,0.22012648384709738
3area,751,edges-cov,pca,1116941914,0.060270354077320065,0.2455002119700106
3area,751,edges-cov,pca,1117148442,0.04928866120693731,0.22201049796560848
3area,751,edges-cov,pca,1118324999,0.12708463753403398,0.3564893231697606
3area,751,edges-cov,pca,1118327332,0.053677447597384464,0.23168393901473666
3area,751,edges-cov,pca,1118508667,0.012786364896247626,0.11307680971909068
3area,751,edges-cov,pca,1118512505,0.029065458242963804,0.17048594734746833
3area,751,edges-cov,pca,1119946360,0.3220857255178826,0.5675259690251038
3area,751,edges-cov,pca,1120251466,0.1818034826853855,0.42638419610180844
3area,751,edges-cov,pca,1121607504,0.03875390401952039,0.19686011282004334
3area,751,edges-cov,pca,1122903357,0.033143885005627816,0.18205462094005695
3area,751,edges-cov,pca,1124285719,0.0008216842871158203,0.028665035969208413
3area,751,edges-cov,pca,1124507277,0.017884142527848312,0.1337316063159658
3area,751,edges-cov,pca,1125713722,0.20682656626385887,0.45478188867176644
3area,751,edges-cov,pca,1125937457,0.0005868455227590053,0.024224894690357286
3area,751,edges-cov,pca,1128520325,0.01238507823467172,0.1112882663836207
3area,751,edges-cov,pca,1128719842,0.007608353686182179,0.08722587738843524
3area,751,edges-cov,pca,1130113579,0.053445079132485085,0.2311819178320074
3area,751,edges-cov,pca,1130349290,0.015015517396394173,0.12253782026947477
3area,751,edges-cov,pca,1139846596,0.001037480879995889,0.032209950015420125
3area,751,edges-cov,pca,1140102579,0.09287037029832834,0.30474640325741065
3area,751,edges-cov,pca,1152632711,0.08278041943746084,0.2877158658076764
3area,751,edges-cov,pca,1152811536,0.0637250476515232,0.25243820560985425
3area,751,node-var,sfa,1048189115,0.06527119069889065,0.2554822708112846
3area,751,node-var,sfa,1051155866,0.0033088531461380466,0.05752263159955578
3area,751,node-var,sfa,1052342277,0.23717231806826378,0.4870034066290129
3area,751,node-var,sfa,1052533639,0.10116801864976022,0.31806920418324064
3area,751,node-var,sfa,1053709239,0.44132011492519696,0.6643192868833456
3area,751,node-var,sfa,1053718935,0.00360760877071864,0.06006337295489341
3area,751,node-var,sfa,1053925378,0.013914118611069393,0.11795812227680279
3area,751,node-var,sfa,1053941483,0.01722945227685413,0.13126100821208864
3area,751,node-var,sfa,1055221968,0.013719517082554034,0.11713034227967513
3area,751,node-var,sfa,1055240613,0.032371640470349794,0.17992120628305647
3area,751,node-var,sfa,1055403683,0.04144456960108256,0.2035793938518396
3area,751,node-var,sfa,1055415082,0.15973002102460943,0.3996623837998883
3area,751,node-var,sfa,1062755779,0.015274920054050178,0.12359174751596591
3area,751,node-var,sfa,1063010385,0.008684777977378544,0.09319215620093028
3area,751,node-var,sfa,1064400234,0.02404390984779481,0.15506098751070435
3area,751,node-var,sfa,1064415305,0.004463855144110296,0.06681208830825733
3area,751,node-var,sfa,1064639378,0.017426839481676004,0.13201075517425073
3area,751,node-var,sfa,1064644573,0.0004135412436708785,0.020335713502870483
3area,751,node-var,sfa,1065437523,0.04647307231882569,0.2155761404210254
3area,751,node-var,sfa,1065449881,0.0004626800161243727,0.021509998050311
3area,751,node-var,sfa,1065905010,0.0156595564348172,0.12513814939824416
3area,751,node-var,sfa,1065908084,0.14033373005366967,0.3746114387651153
3area,751,node-var,sfa,1067588044,0.03349321192402788,0.1830115076273287
3area,751,node-var,sfa,1067781390,0.0008632306027743786,0.02938078628584295
3area,751,node-var,sfa,1071300149,0.10617759067343391,0.32584903049331637
3area,751,node-var,sfa,1081090969,0.09111564357135082,0.3018536790753936
3area,751,node-var,sfa,1081429294,0.005925140734017509,0.0769749357519539
3area,751,node-var,sfa,1081431006,0.007974734520202809,0.08930136908358473
3area,751,node-var,sfa,1087992708,0.4053820693167798,0.6366962143100743
3area,751,node-var,sfa,1089296550,0.07293858647524865,0.27007144698255103
3area,751,node-var,sfa,1090800639,0.18270221102078332,0.4274367918427041
3area,751,node-var,sfa,1090803859,0.23364472609170428,0.48336810620034065
3area,751,node-var,sfa,1091039902,0.07677496551171992,0.27708295781538045
3area,751,node-var,sfa,1092283837,0.04852830949314779,0.2202914194723611
3area,751,node-var,sfa,1092466205,0.007254629867532891,0.0851741150088036
3area,751,node-var,sfa,1093642839,0.019365050839889708,0.1391583660434743
3area,751,node-var,sfa,1096620314,0.04479673347029134,0.2116523882933793
3area,751,node-var,sfa,1096935816,0.01896049531056543,0.13769711438721424
3area,751,node-var,sfa,1098119201,0.010486971558565594,0.10240591564243487
3area,751,node-var,sfa,1104052767,0.015772318650696393,0.1255878921341397
3area,751,node-var,sfa,1104058216,0.09990532234557403,0.31607803205153984
3area,751,node-var,sfa,1104289498,0.0037007075854917915,0.06083344134184655
3area,751,node-var,sfa,1104297538,0.011397689394538446,0.10675996157051774
3area,751,node-var,sfa,1105543760,0.3567015099833102,0.5972449329909043
3area,751,node-var,sfa,1105798776,0.4268472617340284,0.6533354894187428
3area,751,node-var,sfa,1108334384,0.01430464593840386,0.11960203149781239
3area,751,node-var,sfa,1108335514,0.00015249362063096683,0.012348830739423233
3area,751,node-var,sfa,1108528422,0.00851251064056402,0.09226326810038821
3area,751,node-var,sfa,1108531612,0.27030672183753557,0.5199103017228408
3area,751,node-var,sfa,1109889304,0.061183725418911705,0.2473534423025316
3area,751,node-var,sfa,1111013640,0.4349092847208341,0.6594765232522184
3area,751,node-var,sfa,1111216934,0.48107239597156604,0.6935938263649448
3area,751,node-var,sfa,1112302803,0.361244636734792,0.6010363023435357
3area,751,node-var,sfa,1112515874,0.29194412487379984,0.5403185401906916
3area,751,node-var,sfa,1115077618,0.4432211764000026,0.6657485834757758
3area,751,node-var,sfa,1115086689,0.06856912112496028,0.2618570623927501
3area,751,node-var,sfa,1115356973,0.015552438638143151,0.124709416798184
3area,751,node-var,sfa,1115368723,0.13112570674900037,0.3621128370397831
3area,751,node-var,sfa,1116941914,0.15995383555310738,0.39994229027836925
3area,751,node-var,sfa,1117148442,0.19240584620001877,0.4386409080330047
3area,751,node-var,sfa,1118324999,0.3126631459959057,0.5591628975494581
3area,751,node-var,sfa,1118327332,0.2049360462132782,0.4526986262551258
3area,751,node-var,sfa,1118508667,0.00023063299658132586,0.01518660582820776
3area,751,node-var,sfa,1118512505,0.04944558688595402,0.2223636366089431
3area,751,node-var,sfa,1119946360,0.21748231073772428,0.4663499873890042
3area,751,node-var,sfa,1120251466,0.06782675369199176,0.2604356997264236
3area,751,node-var,sfa,1121607504,0.034595729763021055,0.1859992735550893
3area,751,node-var,sfa,1122903357,0.11907437171814972,0.3450715457961577
3area,751,node-var,sfa,1124285719,4.473412972250124e-05,0.006688357774710342
3area,751,node-var,sfa,1124507277,0.011958604938636208,0.10935540653591888
3area,751,node-var,sfa,1125713722,0.21926317827593156,0.46825546262262835
3area,751,node-var,sfa,1125937457,0.0007569383656654827,0.02751251289259938
3area,751,node-var,sfa,1128520325,0.015004233762455743,0.12249177018255386
3area,751,node-var,sfa,1128719842,0.0025879650990828784,0.050872046342594915
3area,751,node-var,sfa,1130113579,0.1325824654996307,0.364118751919797
3area,751,node-var,sfa,1130349290,0.004010002666292478,0.06332458184854028
3area,751,node-var,sfa,1139846596,0.024957719290312097,0.15798012308613993
3area,751,node-var,sfa,1140102579,0.06774564227064439,0.2602799305952048
3area,751,node-var,sfa,1152632711,0.31306865762336367,0.5595253860401365
3area,751,node-var,sfa,1152811536,0.19579612460278017,0.44248855872528503
3area,751,node-var,pca,1048189115,0.07425094967876744,0.27249027446638774
3area,751,node-var,pca,1051155866,0.0031828183258791887,0.05641647211479333
3area,751,node-var,pca,1052342277,0.2477175316197806,0.4977122980395206
3area,751,node-var,pca,1052533639,0.11059532727905541,0.3325587576339788
3area,751,node-var,pca,1053709239,0.4417919942944182,0.6646743520660451
3area,751,node-var,pca,1053718935,0.0009966228744930916,0.031569334400539995
3area,751,node-var,pca,1053925378,0.01336328230491457,0.11559966394810334
3area,751,node-var,pca,1053941483,0.01741671395583766,0.13197239846209338
3area,751,node-var,pca,1055221968,0.008113039697380309,0.09007241363136873
3area,751,node-var,pca,1055240613,0.03959651945435083,0.1989887420291684
3area,751,node-var,pca,1055403683,0.0434015566450473,0.2083304025941661
3area,751,node-var,pca,1055415082,0.16126328150911673,0.40157599717751674
3area,751,node-var,pca,1062755779,0.010865011141993564,0.10423536416204209
3area,751,node-var,pca,1063010385,0.018060938950321903,0.134390992816937
3area,751,node-var,pca,1064400234,0.027801376029119584,0.16673744639138321
3area,751,node-var,pca,1064415305,0.0015707693908264542,0.03963293315951571
3area,751,node-var,pca,1064639378,0.007144220225409059,0.0845234891932963
3area,751,node-var,pca,1064644573,0.0005536057317353515,0.023528827674479603
3area,751,node-var,pca,1065437523,0.04635232941534084,0.21529591128337966
3area,751,node-var,pca,1065449881,3.934608442979215e-05,0.00627264572805977
3area,751,node-var,pca,1065905010,0.013255056842378932,0.11513060775649031
3area,751,node-var,pca,1065908084,0.1370910259221284,0.3702580531495949
3area,751,node-var,pca,1067588044,0.034984068264728996,0.18704028513860096
3area,751,node-var,pca,1067781390,5.948080220297136e-05,0.0077123798015322955
3area,751,node-var,pca,1071300149,0.10834746696997333,0.3291617641372903
3area,751,node-var,pca,1081090969,0.09757455857038311,0.3123692663665604
3area,751,node-var,pca,1081429294,0.0033960456733443944,0.05827560101229638
3area,751,node-var,pca,1081431006,0.007966836497029672,0.08925713695290492
3area,751,node-var,pca,1087992708,0.42376352953159335,0.6509712202022402
3area,751,node-var,pca,1089296550,0.06891099807967127,0.26250904380548756
3area,751,node-var,pca,1090800639,0.18836051987120295,0.43400520719364905
3area,751,node-var,pca,1090803859,0.22829645598477988,0.47780378397913514
3area,751,node-var,pca,1091039902,0.0801397459261245,0.2830896429156751
3area,751,node-var,pca,1092283837,0.04912735144303371,0.22164690713617805
3area,751,node-var,pca,1092466205,0.0035830755336224707,0.05985879662691658
3area,751,node-var,pca,1093642839,0.02765438343381499,0.16629607161269636
3area,751,node-var,pca,1096620314,0.03216249735133858,0.17933905696010155
3area,751,node-var,pca,1096935816,0.020935451238850655,0.14469088167141225
3area,751,node-var,pca,1098119201,3.933558866220377e-05,0.006271809042226288
3area,751,node-var,pca,1104052767,0.014932004602017712,0.12219658179350897
3area,751,node-var,pca,1104058216,0.10599831809166504,0.3255738289415553
3area,751,node-var,pca,1104289498,0.0031852602597394197,0.05643810999439458
3area,751,node-var,pca,1104297538,0.008764292831818565,0.09361780189589222
3area,751,node-var,pca,1105543760,0.37515776405399104,0.6125012359611943
3area,751,node-var,pca,1105798776,0.43956713308262063,0.6629985920668467
3area,751,node-var,pca,1108334384,0.0155768157508126,0.12480711418349731
3area,751,node-var,pca,1108335514,1.6271680857604665e-05,0.004033817157178151
3area,751,node-var,pca,1108528422,0.024543970395803916,0.1566651537381684
3area,751,node-var,pca,1108531612,0.27012545162120627,0.5197359441304845
3area,751,node-var,pca,1109889304,0.07046356530183406,0.2654497415742461
3area,751,node-var,pca,1111013640,0.42535396832690864,0.652191665330759
3area,751,node-var,pca,1111216934,0.47127878366748943,0.6864974753540523
3area,751,node-var,pca,1112302803,0.36013052937704837,0.6001087646227539
3area,751,node-var,pca,1112515874,0.2666406417052871,0.5163725803189854
3area,751,node-var,pca,1115077618,0.4493968750909164,0.670370699755678
3area,751,node-var,pca,1115086689,0.06660402520452546,0.25807755656880627
3area,751,node-var,pca,1115356973,0.01986479018507037,0.14094250666520144
3area,751,node-var,pca,1115368723,0.12739272194932516,0.3569211704975274
3area,751,node-var,pca,1116941914,0.15294221839728195,0.3910782765601819
3area,751,node-var,pca,1117148442,0.18113933889915168,0.42560467443291994
3area,751,node-var,pca,1118324999,0.3099142306072423,0.5566994077662037
3area,751,node-var,pca,1118327332,0.21427878353740792,0.46290256376197353
3area,751,node-var,pca,1118508667,0.0006382720788450369,0.02526404715885715
3area,751,node-var,pca,1118512505,0.04580863174830874,0.21402951139576232
3area,751,node-var,pca,1119946360,0.25165463763149765,0.5016519088287186
3area,751,node-var,pca,1120251466,0.0903664673992517,0.30061015850974104
3area,751,node-var,pca,1121607504,0.021207790253185865,0.1456289471677441
3area,751,node-var,pca,1122903357,0.11488472110418357,0.33894648708045855
3area,751,node-var,pca,1124285719,1.1381108295349662e-05,0.003373589823255208
3area,751,node-var,pca,1124507277,0.008584835574314886,0.09265438777691444
3area,751,node-var,pca,1125713722,0.2168712876899639,0.4656944144929849
3area,751,node-var,pca,1125937457,0.00125281717725656,0.03539515753964774
3area,751,node-var,pca,1128520325,0.014838719068884898,0.12181428105474734
3area,751,node-var,pca,1128719842,0.0015202421061198956,0.03899028220108046
3area,751,node-var,pca,1130113579,0.17952494191882862,0.42370383750779117
3area,751,node-var,pca,1130349290,0.002214787660718587,0.047061530581979365
3area,751,node-var,pca,1139846596,0.01754106563702129,0.1324426881221506
3area,751,node-var,pca,1140102579,0.07125790645513552,0.26694176603734293
3area,751,node-var,pca,1152632711,0.2816475947364968,0.5307048094152687
3area,751,node-var,pca,1152811536,0.19557979417035654,0.4422440436799078
3area,1501,edges-corr,sfa,1048189115,0.0008094189849165989,0.028450289715863792
3area,1501,edges-corr,sfa,1051155866,0.0003254653944153585,0.01804065947839412
3area,1501,edges-corr,sfa,1052342277,0.3464744848268353,0.588620832817558
3area,1501,edges-corr,sfa,1052533639,0.1321961070520613,0.3635878257753705
3area,1501,edges-corr,sfa,1053709239,0.12300666717749764,0.35072306336695047
3area,1501,edges-corr,sfa,1053718935,0.02015603967780033,0.1419719679295882
3area,1501,edges-corr,sfa,1053925378,0.0022082722151450795,0.04699225697011284
3area,1501,edges-corr,sfa,1053941483,0.0021582536192825685,0.04645700829027339
3area,1501,edges-corr,sfa,1055221968,0.008829902995899475,0.09396756353071756
3area,1501,edges-corr,sfa,1055240613,0.0449137845278359,0.21192872511256258
3area,1501,edges-corr,sfa,1055403683,0.030846541478327882,0.17563183503661242
3area,1501,edges-corr,sfa,1055415082,0.17669614141594392,0.4203524014632761
3area,1501,edges-corr,sfa,1062755779,0.002565131660522635,0.05064712884777157
3area,1501,edges-corr,sfa,1063010385,0.05087822391837826,0.22556201789835564
3area,1501,edges-corr,sfa,1064400234,0.0753403010542062,0.2744818774604369
3area,1501,edges-corr,sfa,1064415305,0.1201109065676138,0.34657020438522085
3area,1501,edges-corr,sfa,1064639378,0.23814439213321537,0.4880004017756701
3area,1501,edges-corr,sfa,1064644573,0.101777326343795,0.31902558885424087
3area,1501,edges-corr,sfa,1065437523,0.0068714038636648045,0.08289393140432512
3area,1501,edges-corr,sfa,1065449881,0.027442235209162003,0.16565698056273395
3area,1501,edges-corr,sfa,1065905010,0.0018390070238372136,0.042883645178984846
3area,1501,edges-corr,sfa,1065908084,0.05822244071781413,0.24129326703788137
3area,1501,edges-corr,sfa,1067588044,1.3875702265853107e-05,0.003725010371240129
3area,1501,edges-corr,sfa,1067781390,0.10122635513692269,0.31816089504670886
3area,1501,edges-corr,sfa,1071300149,0.031681617546889584,0.17799330759017204
3area,1501,edges-corr,sfa,1081090969,0.014224418794616112,0.11926616785415768
3area,1501,edges-corr,sfa,1081429294,0.20855131281935968,0.4566741867232701
3area,1501,edges-corr,sfa,1081431006,0.01050205594167386,0.10247953913671534
3area,1501,edges-corr,sfa,1087992708,0.24619190231235555,0.49617728919445303
3area,1501,edges-corr,sfa,1089296550,0.02194448073060673,0.1481366960972421
3area,1501,edges-corr,sfa,1090800639,0.5398471099588369,0.7347428869739663
3area,1501,edges-corr,sfa,1090803859,0.01585936915107866,0.12593398727539226
3area,1501,edges-corr,sfa,1091039902,0.0076305104630848275,0.08735279310408374
3area,1501,edges-corr,sfa,1092283837,0.003588043443260802,0.059900279158453376
3area,1501,edges-corr,sfa,1092466205,4.861532626931897e-05,0.006972469165885099
3area,1501,edges-corr,sfa,1093642839,0.27713613700668416,0.5264372108871906
3area,1501,edges-corr,sfa,1096620314,0.17274500699967354,0.41562604225393934
3area,1501,edges-corr,sfa,1096935816,0.010612276370903895,0.10301590348535401
3area,1501,edges-corr,sfa,1098119201,0.17321068985625954,0.416185883778222
3area,1501,edges-corr,sfa,1104052767,0.0004573330060557712,0.02138534559121648
3area,1501,edges-corr,sfa,1104058216,0.005167093604600437,0.07188249859736583
3area,1501,edges-corr,sfa,1104289498,0.026843509829511114,0.16383989083709471
3area,1501,edges-corr,sfa,1104297538,0.09394110672639533,0.306498134947662
3area,1501,edges-corr,sfa,1105543760,0.013736739005873355,0.11720383528653602
3area,1501,edges-corr,sfa,1105798776,0.07428445213778068,0.27255174212941796
3area,1501,edges-corr,sfa,1108334384,0.03326518252219568,0.18238745165771603
3area,1501,edges-corr,sfa,1108335514,0.013473937870514763,0.11607729265672484
3area,1501,edges-corr,sfa,1108528422,6.297787427933521e-05,0.007935860021407117
3area,1501,edges-corr,sfa,1108531612,0.3139614819226326,0.5603226587624605
3area,1501,edges-corr,sfa,1109889304,0.05784544088457433,0.24051079161770392
3area,1501,edges-corr,sfa,1111013640,0.12874962650246158,0.358816981903674
3area,1501,edges-corr,sfa,1111216934,0.13029327383596445,0.36096159606800915
3area,1501,edges-corr,sfa,1112302803,0.15955336431790024,0.39944131523654325
3area,1501,edges-corr,sfa,1112515874,0.09869520864031744,0.31415793582260104
3area,1501,edges-corr,sfa,1115077618,0.0390915215856823,0.19771575957844773
3area,1501,edges-corr,sfa,1115086689,0.013577717096178277,0.11652346156966958
3area,1501,edges-corr,sfa,1115356973,0.008511934237870444,0.09226014436293921
3area,1501,edges-corr,sfa,1115368723,0.05090101964304106,0.22561254318641322
3area,1501,edges-corr,sfa,1116941914,0.05705024047848439,0.23885192165541438
3area,1501,edges-corr,sfa,1117148442,0.09730247130512393,0.31193344050473987
3area,1501,edges-corr,sfa,1118324999,0.1747200299120475,0.4179952510639888
3area,1501,edges-corr,sfa,1118327332,0.003170262530224899,0.05630508440829062
3area,1501,edges-corr,sfa,1118508667,0.005222474055205484,0.0722666870363219
3area,1501,edges-corr,sfa,1118512505,0.004036194082744693,0.06353104817917613
3area,1501,edges-corr,sfa,1119946360,0.149137824204027,0.3861836664127926
3area,1501,edges-corr,sfa,1120251466,0.06868895497742755,0.26208577789996035
3area,1501,edges-corr,sfa,1121607504,0.11068326433487907,0.3326909441732366
3area,1501,edges-corr,sfa,1122903357,0.020392495218230944,0.1428022941630524
3area,1501,edges-corr,sfa,1124285719,0.0032825733807136936,0.05729374643635667
3area,1501,edges-corr,sfa,1124507277,0.11596721194420379,0.34053958939336904
3area,1501,edges-corr,sfa,1125713722,0.2223961655413833,0.47158897945285316
3area,1501,edges-corr,sfa,1125937457,0.056250356428740655,0.23717157592920016
3area,1501,edges-corr,sfa,1128520325,0.0020091585213363183,0.04482363797524888
3area,1501,edges-corr,sfa,1128719842,0.0006364967643498476,0.02522888749726692
3area,1501,edges-corr,sfa,1130113579,0.2503632308957504,0.5003630990548271
3area,1501,edges-corr,sfa,1130349290,0.022972162625316983,0.15156570398779914
3area,1501,edges-corr,sfa,1139846596,0.08851056933272494,0.29750725929416416
3area,1501,edges-corr,sfa,1140102579,0.1879765262324481,0.433562597824637
3area,1501,edges-corr,sfa,1152632711,0.3459019604800351,0.5881343047978362
3area,1501,edges-corr,sfa,1152811536,0.0002979720131592867,0.017261865865519043
3area,1501,edges-corr,pca,1048189115,0.03534521474451213,0.18800323067573077
3area,1501,edges-corr,pca,1051155866,0.021230073107537772,0.1457054326630879
3area,1501,edges-corr,pca,1052342277,0.0358584604518728,0.18936330281200983
3area,1501,edges-corr,pca,1052533639,0.07118414822562213,0.2668035761110076
3area,1501,edges-corr,pca,1053709239,0.3497320464912895,0.5913814729016197
3area,1501,edges-corr,pca,1053718935,0.0041395368509083985,0.06433923259495862
3area,1501,edges-corr,pca,1053925378,0.0017095892831623383,0.04134717986951901
3area,1501,edges-corr,pca,1053941483,0.07648315973903863,0.27655588899721195
3area,1501,edges-corr,pca,1055221968,0.2650226683628001,0.5148035240388323
3area,1501,edges-corr,pca,1055240613,0.03103526963091685,0.1761682991656465
3area,1501,edges-corr,pca,1055403683,0.0027806803200500774,0.05273215641380739
3area,1501,edges-corr,pca,1055415082,0.0889894262222668,0.29831095558538706
3area,1501,edges-corr,pca,1062755779,0.024560737662226995,0.15671865767108592
3area,1501,edges-corr,pca,1063010385,0.19153843963084516,0.4376510477890408
3area,1501,edges-corr,pca,1064400234,0.061496417467322484,0.24798471216452586
3area,1501,edges-corr,pca,1064415305,0.0052799716155534915,0.07266341318403231
3area,1501,edges-corr,pca,1064639378,0.0011649858862190499,0.03413188957879601
3area,1501,edges-corr,pca,1064644573,0.1526187032167856,0.390664438126617
3area,1501,edges-corr,pca,1065437523,0.10387024962028946,0.3222890777241596
3area,1501,edges-corr,pca,1065449881,0.044120047049088784,0.2100477256460754
3area,1501,edges-corr,pca,1065905010,0.0005324796074041016,0.023075519656207244
3area,1501,edges-corr,pca,1065908084,0.4364376379272886,0.6606342694163612
3area,1501,edges-corr,pca,1067588044,0.008021254961369184,0.08956145912930011
3area,1501,edges-corr,pca,1067781390,0.026600155669888936,0.1630955415389676
3area,1501,edges-corr,pca,1071300149,0.02196098032943139,0.14819237608403232
3area,1501,edges-corr,pca,1081090969,0.18642594660316747,0.43177071068237993
3area,1501,edges-corr,pca,1081429294,0.0446944773534651,0.21141068410433989
3area,1501,edges-corr,pca,1081431006,0.06774723489813494,0.2602829900284208
3area,1501,edges-corr,pca,1087992708,0.04329851250337924,0.20808294620986872
3area,1501,edges-corr,pca,1089296550,0.16527840171399155,0.40654446462101984
3area,1501,edges-corr,pca,1090800639,0.3401021196171151,0.583182749759555
3area,1501,edges-corr,pca,1090803859,0.001674016948235213,0.04091475220791541
3area,1501,edges-corr,pca,1091039902,0.03136777033620686,0.1771094868611133
3area,1501,edges-corr,pca,1092283837,0.019550068475900573,0.1398215594102011
3area,1501,edges-corr,pca,1092466205,0.0020661986741083993,0.045455458133303435
3area,1501,edges-corr,pca,1093642839,0.00697292071533806,0.08350401616292491
3area,1501,edges-corr,pca,1096620314,0.001919375037502391,0.043810672643802215
3area,1501,edges-corr,pca,1096935816,0.0003137986368170198,0.017714362444550512
3area,1501,edges-corr,pca,1098119201,0.06826454808092297,0.2612748516044419
3area,1501,edges-corr,pca,1104052767,0.006687148341051552,0.08177498603516699
3area,1501,edges-corr,pca,1104058216,0.004933208908217135,0.07023680593689481
3area,1501,edges-corr,pca,1104289498,0.03911075816578047,0.19776440065335438
3area,1501,edges-corr,pca,1104297538,0.13881271747992474,0.372575787565328
3area,1501,edges-corr,pca,1105543760,0.010678402808532494,0.10333635763143746
3area,1501,edges-corr,pca,1105798776,0.12790120363212498,0.35763277762549256
3area,1501,edges-corr,pca,1108334384,0.01892406961495785,0.13756478333846134
3area,1501,edges-corr,pca,1108335514,0.036523397480913156,0.19111095594160243
3area,1501,edges-corr,pca,1108528422,0.16424578872515272,0.4052724870073874
3area,1501,edges-corr,pca,1108531612,0.0030988029092403613,0.055666892397909166
3area,1501,edges-corr,pca,1109889304,0.049029543742101334,0.22142615866717577
3area,1501,edges-corr,pca,1111013640,0.4272655963388744,0.6536555639928987
3area,1501,edges-corr,pca,1111216934,0.03198008375622563,0.17882976194198144
3area,1501,edges-corr,pca,1112302803,0.00010241768896190884,0.010120162496804797
3area,1501,edges-corr,pca,1112515874,0.31849274049750964,0.5643516106980736
3area,1501,edges-corr,pca,1115077618,0.09000937150097454,0.3000156187617149
3area,1501,edges-corr,pca,1115086689,0.19897330723816542,0.44606424115609783
3area,1501,edges-corr,pca,1115356973,0.2241479556735272,0.4734426635544442
3area,1501,edges-corr,pca,1115368723,0.04872358727405568,0.2207342005083386
3area,1501,edges-corr,pca,1116941914,0.0009569723330367097,0.03093496942033142
3area,1501,edges-corr,pca,1117148442,0.03752002806147814,0.19370087263994928
3area,1501,edges-corr,pca,1118324999,0.008578466435072096,0.09262001098613634
3area,1501,edges-corr,pca,1118327332,0.09370790284768449,0.30611746576712084
3area,1501,edges-corr,pca,1118508667,0.003058774384063656,0.05530618757484406
3area,1501,edges-corr,pca,1118512505,0.023672333418872538,0.15385816006592756
3area,1501,edges-corr,pca,1119946360,0.4956067138151279,0.7039934046673508
3area,1501,edges-corr,pca,1120251466,0.16400060263885508,0.40496987868093953
3area,1501,edges-corr,pca,1121607504,0.09492887674573092,0.3081053013917983
3area,1501,edges-corr,pca,1122903357,0.004808203056337335,0.06934120749119807
3area,1501,edges-corr,pca,1124285719,0.003811867621252185,0.061740324110359145
3area,1501,edges-corr,pca,1124507277,0.012003364388460058,0.10955986668693864
3area,1501,edges-corr,pca,1125713722,0.025939119559450385,0.16105626209325263
3area,1501,edges-corr,pca,1125937457,0.0018243357946738925,0.04271224408379805
3area,1501,edges-corr,pca,1128520325,0.022800373057538237,0.15099792401731302
3area,1501,edges-corr,pca,1128719842,0.018156562858534064,0.1347462907041751
3area,1501,edges-corr,pca,1130113579,8.573902400055289e-06,0.002928122675039112
3area,1501,edges-corr,pca,1130349290,0.12870510399298163,0.3587549358447662
3area,1501,edges-corr,pca,1139846596,0.010713404146218242,0.10350557543542413
3area,1501,edges-corr,pca,1140102579,0.13639758939808833,0.3693204427026599
3area,1501,edges-corr,pca,1152632711,0.03320587538146136,0.18222479354210117
3area,1501,edges-corr,pca,1152811536,0.10993865919295831,0.33156999139391097
3area,1501,edges-cov,sfa,1048189115,0.08604734469040654,0.2933382768927479
3area,1501,edges-cov,sfa,1051155866,0.007851836376860488,0.08861058840150304
3area,1501,edges-cov,sfa,1052342277,0.1454006582777082,0.3813143824689909
3area,1501,edges-cov,sfa,1052533639,0.1241881912809425,0.3524034495871782
3area,1501,edges-cov,sfa,1053709239,0.051239771684629676,0.22636203675667418
3area,1501,edges-cov,sfa,1053718935,0.038359356082246165,0.1958554469047162
3area,1501,edges-cov,sfa,1053925378,0.005469363188183807,0.0739551430813555
3area,1501,edges-cov,sfa,1053941483,0.033214326998680654,0.18224798215256258
3area,1501,edges-cov,sfa,1055221968,0.02258059311142968,0.15026840356984494
3area,1501,edges-cov,sfa,1055240613,0.02531035063631759,0.15909227082519595
3area,1501,edges-cov,sfa,1055403683,0.02368132836179393,0.1538873885729242
3area,1501,edges-cov,sfa,1055415082,0.26118789243367935,0.5110654482878679
3area,1501,edges-cov,sfa,1062755779,0.002700981288547011,0.05197096582272952
3area,1501,edges-cov,sfa,1063010385,0.16410518427819298,0.405098980840724
3area,1501,edges-cov,sfa,1064400234,0.016087890672712102,0.12683804899442502
3area,1501,edges-cov,sfa,1064415305,0.016934845008693244,0.1301339502539338
3area,1501,edges-cov,sfa,1064639378,9.228459083576723e-07,0.0009606486914930466
3area,1501,edges-cov,sfa,1064644573,0.16977521718721567,0.41203788319427087
3area,1501,edges-cov,sfa,1065437523,0.07335084445387563,0.27083361027368036
3area,1501,edges-cov,sfa,1065449881,0.03187064907612358,0.17852352527362733
3area,1501,edges-cov,sfa,1065905010,0.005792999069807903,0.07611175382165243
3area,1501,edges-cov,sfa,1065908084,0.039664145248938354,0.19915859320887544
3area,1501,edges-cov,sfa,1067588044,0.058703413273409666,0.2422878727328502
3area,1501,edges-cov,sfa,1067781390,0.013974428154313823,0.11821348550107917
3area,1501,edges-cov,sfa,1071300149,0.11029119873446958,0.3321011874933145
3area,1501,edges-cov,sfa,1081090969,0.2999281115737338,0.5476569287188228
3area,1501,edges-cov,sfa,1081429294,0.1252996029945166,0.3539768396301052
3area,1501,edges-cov,sfa,1081431006,0.003000377949148203,0.0547757058297575
3area,1501,edges-cov,sfa,1087992708,0.2073823134639715,0.4553924828803966
3area,1501,edges-cov,sfa,1089296550,0.14980166674705786,0.38704220279842594
3area,1501,edges-cov,sfa,1090800639,0.09902011433139257,0.3146746165984688
3area,1501,edges-cov,sfa,1090803859,0.1867256996776171,0.4321176919285032
3area,1501,edges-cov,sfa,1091039902,0.1672335998217651,0.4089420494663815
3area,1501,edges-cov,sfa,1092283837,0.13778679426376494,0.3711964362218006
3area,1501,edges-cov,sfa,1092466205,0.007316684330844869,0.0855376193896273
3area,1501,edges-cov,sfa,1093642839,0.008965270414185156,0.09468511189297575
3area,1501,edges-cov,sfa,1096620314,0.004190709922490488,0.0647356928015028
3area,1501,edges-cov,sfa,1096935816,0.009725745626636306,0.09861919502123356
3area,1501,edges-cov,sfa,1098119201,0.11707655940753159,0.34216452096547334
3area,1501,edges-cov,sfa,1104052767,0.0032792956180737187,0.05726513440195314
3area,1501,edges-cov,sfa,1104058216,0.16035970566690705,0.4004493796560398
3area,1501,edges-cov,sfa,1104289498,0.0005407479003110005,0.023253986761650147
3area,1501,edges-cov,sfa,1104297538,0.017764197727764497,0.13328239841691208
3area,1501,edges-cov,sfa,1105543760,0.39305166206733877,0.626938323974008
3area,1501,edges-cov,sfa,1105798776,0.45113022532060054,0.6716622851706063
3area,1501,edges-cov,sfa,1108334384,0.02702786545633451,0.1644015372687694
3area,1501,edges-cov,sfa,1108335514,0.024522934058079704,0.15659800144982594
3area,1501,edges-cov,sfa,1108528422,0.07254441160074299,0.26934069800299926
3area,1501,edges-cov,sfa,1108531612,0.024471043241328205,0.15643223210492188
3area,1501,edges-cov,sfa,1109889304,0.11751528181968729,0.3428050201203119
3area,1501,edges-cov,sfa,1111013640,0.6236188167864174,0.7896953949380848
3area,1501,edges-cov,sfa,1111216934,0.5408249262043467,0.7354079998234639
3area,1501,edges-cov,sfa,1112302803,0.23841442500496302,0.4882769961865519
3area,1501,edges-cov,sfa,1112515874,0.0044160346872488265,0.06645325189370846
3area,1501,edges-cov,sfa,1115077618,0.5598681729896235,0.748243391544237
3area,1501,edges-cov,sfa,1115086689,0.014098189476153156,0.11873579694495288
3area,1501,edges-cov,sfa,1115356973,0.1754125399303833,0.41882280254349
3area,1501,edges-cov,sfa,1115368723,0.03785659138785025,0.19456770386641772
3area,1501,edges-cov,sfa,1116941914,0.12884387352239812,0.3589482880895218
3area,1501,edges-cov,sfa,1117148442,0.10684166196576406,0.3268664283247266
3area,1501,edges-cov,sfa,1118324999,0.24323270453427914,0.49318627772301094
3area,1501,edges-cov,sfa,1118327332,0.14822805096830383,0.3850039622761093
3area,1501,edges-cov,sfa,1118508667,0.0005718932395777365,0.0239142894432977
3area,1501,edges-cov,sfa,1118512505,0.025429757336525194,0.15946710424575056
3area,1501,edges-cov,sfa,1119946360,0.3934893814083459,0.627287319661689
3area,1501,edges-cov,sfa,1120251466,0.17281156153662536,0.41570609995118557
3area,1501,edges-cov,sfa,1121607504,0.03507717452403403,0.18728901335645465
3area,1501,edges-cov,sfa,1122903357,0.03243663363696503,0.18010173135471294
3area,1501,edges-cov,sfa,1124285719,0.000150889982882485,0.012283728378725798
3area,1501,edges-cov,sfa,1124507277,0.0018254213469891534,0.0427249499354765
3area,1501,edges-cov,sfa,1125713722,0.26808861341644463,0.5177727430219213
3area,1501,edges-cov,sfa,1125937457,4.971138643550255e-05,0.007050630215479687
3area,1501,edges-cov,sfa,1128520325,0.020978685970473032,0.1448402084038581
3area,1501,edges-cov,sfa,1128719842,0.018913980878492276,0.13752810941219368
3area,1501,edges-cov,sfa,1130113579,0.1714825645389978,0.41410453334755654
3area,1501,edges-cov,sfa,1130349290,0.04649056552838937,0.2156167097615338
3area,1501,edges-cov,sfa,1139846596,0.002898487089889712,0.053837599221081854
3area,1501,edges-cov,sfa,1140102579,0.18774061698345534,0.4332904533721643
3area,1501,edges-cov,sfa,1152632711,0.1495518818567786,0.3867193838648097
3area,1501,edges-cov,sfa,1152811536,0.15907252480466583,0.3988389710204679
3area,1501,edges-cov,pca,1048189115,0.08482145634516935,0.2912412339370393
3area,1501,edges-cov,pca,1051155866,0.01138979269980811,0.10672297175307743
3area,1501,edges-cov,pca,1052342277,0.1101752889264298,0.3319266318426858
3area,1501,edges-cov,pca,1052533639,0.14813646785582324,0.38488500601585246
3area,1501,edges-cov,pca,1053709239,0.0033096661361382562,0.05752969786239521
3area,1501,edges-cov,pca,1053718935,0.011974145173921147,0.1094264372714421
3area,1501,edges-cov,pca,1053925378,0.013611639032512834,0.1166689291650216
3area,1501,edges-cov,pca,1053941483,0.045210013286201556,0.2126264642188311
3area,1501,edges-cov,pca,1055221968,0.04190096624460016,0.20469725509786393
3area,1501,edges-cov,pca,1055240613,0.0361198845379358,0.1900523205276267
3area,1501,edges-cov,pca,1055403683,0.012718044344827706,0.11277430711304734
3area,1501,edges-cov,pca,1055415082,0.23990980548597052,0.4898058855158543
3area,1501,edges-cov,pca,1062755779,0.0025777266300776036,0.050771317001606045
3area,1501,edges-cov,pca,1063010385,0.18768558814689085,0.4332269476231722
3area,1501,edges-cov,pca,1064400234,0.000252125910205403,0.015878473169848743
3area,1501,edges-cov,pca,1064415305,0.013066540830951157,0.1143089709119593
3area,1501,edges-cov,pca,1064639378,0.004482431019380839,0.06695095980925689
3area,1501,edges-cov,pca,1064644573,0.1760917005728898,0.4196328163679407
3area,1501,edges-cov,pca,1065437523,0.09095291978139197,0.30158401778176536
3area,1501,edges-cov,pca,1065449881,0.031139715243685417,0.17646448720262528
3area,1501,edges-cov,pca,1065905010,0.005665310559186398,0.07526825731466295
3area,1501,edges-cov,pca,1065908084,0.049504586783110316,0.2224962624025639
3area,1501,edges-cov,pca,1067588044,0.03175385315987911,0.17819610871138364
3area,1501,edges-cov,pca,1067781390,1.8653789534694987e-05,0.004319003303391629
3area,1501,edges-cov,pca,1071300149,0.10007144312751015,0.316340707351283
3area,1501,edges-cov,pca,1081090969,0.30199612166901524,0.549541737877128
3area,1501,edges-cov,pca,1081429294,0.10112366132464778,0.31799946749113894
3area,1501,edges-cov,pca,1081431006,0.022464066694729667,0.1498801744552279
3area,1501,edges-cov,pca,1087992708,0.17764396501737867,0.4214783090710348
3area,1501,edges-cov,pca,1089296550,0.15366131434296937,0.3919965744020851
3area,1501,edges-cov,pca,1090800639,0.015847690653933322,0.12588761120115616
3area,1501,edges-cov,pca,1090803859,0.10143539769329413,0.31848924266495093
3area,1501,edges-cov,pca,1091039902,0.1229173241399325,0.35059567045234974
3area,1501,edges-cov,pca,1092283837,0.0910981316344861,0.30182467035430716
3area,1501,edges-cov,pca,1092466205,0.0015008121135683394,0.03874031638446405
3area,1501,edges-cov,pca,1093642839,0.010370138077801738,0.10183387490320621
3area,1501,edges-cov,pca,1096620314,0.011785253537652696,0.1085599075978456
3area,1501,edges-cov,pca,1096935816,0.005334465897906426,0.07303742806196284
3area,1501,edges-cov,pca,1098119201,0.08366835324490585,0.28925482406505465
3area,1501,edges-cov,pca,1104052767,0.004967671911142557,0.07048171331020965
3area,1501,edges-cov,pca,1104058216,0.14106036063715133,0.37558003226629505
3area,1501,edges-cov,pca,1104289498,0.003925483704565469,0.06265368069447666
3area,1501,edges-cov,pca,1104297538,0.042419341103849595,0.205959561816997
3area,1501,edges-cov,pca,1105543760,0.2752634199951638,0.5246555250782785
3area,1501,edges-cov,pca,1105798776,0.3460064550195441,0.5882231336997408
3area,1501,edges-cov,pca,1108334384,0.021367575341552425,0.14617652117064678
3area,1501,edges-cov,pca,1108335514,0.021945828132302503,0.14814124385971153
3area,1501,edges-cov,pca,1108528422,0.11237291249381287,0.3352206922220241
3area,1501,edges-cov,pca,1108531612,0.011036835748696072,0.10505634558985981
3area,1501,edges-cov,pca,1109889304,0.07636474878746402,0.27634172465891593
3area,1501,edges-cov,pca,1111013640,0.5934395967242319,0.7703503077978442
3area,1501,edges-cov,pca,1111216934,0.5607635291630853,0.7488414579622877
3area,1501,edges-cov,pca,1112302803,0.19182624900108036,0.43797973583383953
3area,1501,edges-cov,pca,1112515874,0.017718066133211807,0.13310922632639674
3area,1501,edges-cov,pca,1115077618,0.555678566813963,0.7454385063933605
3area,1501,edges-cov,pca,1115086689,0.05046116910175191,0.22463563631301228
3area,1501,edges-cov,pca,1115356973,0.23694150276582238,0.4867663739062334
3area,1501,edges-cov,pca,1115368723,4.21984015641641e-05,0.006496029676971888
3area,1501,edges-cov,pca,1116941914,0.07812011738576097,0.27949976276512467
3area,1501,edges-cov,pca,1117148442,0.059036294416161206,0.24297385541691754
3area,1501,edges-cov,pca,1118324999,0.1728248279516501,0.4157220561284307
3area,1501,edges-cov,pca,1118327332,0.08194924483352417,0.2862677851829017
3area,1501,edges-cov,pca,1118508667,0.0007110061462715089,0.026664698503295784
3area,1501,edges-cov,pca,1118512505,0.03792611172055793,0.19474627524180738
3area,1501,edges-cov,pca,1119946360,0.4381225370623325,0.6619082542636343
3area,1501,edges-cov,pca,1120251466,0.18003714161150564,0.4243078382631003
3area,1501,edges-cov,pca,1121607504,0.053050731087692315,0.23032744319271356
3area,1501,edges-cov,pca,1122903357,0.02692562181070024,0.1640902855464031
3area,1501,edges-cov,pca,1124285719,0.000840518918352573,0.028991704302305247
3area,1501,edges-cov,pca,1124507277,0.002938494781577483,0.054207884865370065
3area,1501,edges-cov,pca,1125713722,0.24374913835272782,0.49370956882840333
3area,1501,edges-cov,pca,1125937457,0.0006849502323341694,0.02617155387694802
3area,1501,edges-cov,pca,1128520325,0.027739008626704642,0.16655031860283126
3area,1501,edges-cov,pca,1128719842,0.026080612531693248,0.1614949303591084
3area,1501,edges-cov,pca,1130113579,0.12348587338641337,0.35140556823478697
3area,1501,edges-cov,pca,1130349290,0.06931534294038622,0.26327807151448535
3area,1501,edges-cov,pca,1139846596,2.7643260566478922e-05,0.005257685856583127
3area,1501,edges-cov,pca,1140102579,0.1505976854653147,0.3880691761339913
3area,1501,edges-cov,pca,1152632711,0.1332048847411449,0.36497244381068694
3area,1501,edges-cov,pca,1152811536,0.0677142334111761,0.26021958690916414
3area,1501,node-var,sfa,1048189115,0.05704150283500009,0.23883363003354452
3area,1501,node-var,sfa,1051155866,0.005015928927814106,0.0708232230826448
3area,1501,node-var,sfa,1052342277,0.27247012333536935,0.5219867080064108
3area,1501,node-var,sfa,1052533639,0.16366547253957064,0.4045558954453277
3area,1501,node-var,sfa,1053709239,0.5722604644934627,0.7564789914422364
3area,1501,node-var,sfa,1053718935,0.01072645002348016,0.10356857642876062
3area,1501,node-var,sfa,1053925378,0.013213150860947764,0.11494847045936551
3area,1501,node-var,sfa,1053941483,0.01286341681256764,0.11341700407155732
3area,1501,node-var,sfa,1055221968,0.03555361786509559,0.18855667016866698
3area,1501,node-var,sfa,1055240613,0.011343312897976854,0.10650499001444447
3area,1501,node-var,sfa,1055403683,0.026926852418202696,0.16409403529136177
3area,1501,node-var,sfa,1055415082,0.3076827664233506,0.5546915957749414
3area,1501,node-var,sfa,1062755779,0.09552035980987583,0.3090636824505199
3area,1501,node-var,sfa,1063010385,0.028217624010794196,0.1679810227698179
3area,1501,node-var,sfa,1064400234,0.02658087099139228,0.16303641001749383
3area,1501,node-var,sfa,1064415305,0.00037817613941981687,0.01944675138473879
3area,1501,node-var,sfa,1064639378,0.0301149794466935,0.17353668040703574
3area,1501,node-var,sfa,1064644573,0.05116772244980272,0.2262028347519158
3area,1501,node-var,sfa,1065437523,0.07353734815340052,0.27117770585614315
3area,1501,node-var,sfa,1065449881,0.00375689766241194,0.06129353687308368
3area,1501,node-var,sfa,1065905010,0.014152971314925211,0.11896626124631006
3area,1501,node-var,sfa,1065908084,0.15327463224760862,0.3915030424500027
3area,1501,node-var,sfa,1067588044,0.05239746587799976,0.228904927596589
3area,1501,node-var,sfa,1067781390,0.001276606577036099,0.035729631638684124
3area,1501,node-var,sfa,1071300149,0.17057239427361715,0.4130041092696505
3area,1501,node-var,sfa,1081090969,0.1963582401171058,0.44312327869014656
3area,1501,node-var,sfa,1081429294,0.008357116481486848,0.09141726577341319
3area,1501,node-var,sfa,1081431006,0.021985277307394413,0.1482743312491892
3area,1501,node-var,sfa,1087992708,0.39521652250274464,0.6286624869536477
3area,1501,node-var,sfa,1089296550,0.1294222788286432,0.3597530803601871
3area,1501,node-var,sfa,1090800639,0.3395982675410125,0.5827506049254796
3area,1501,node-var,sfa,1090803859,0.37909499909499444,0.615706910059482
3area,1501,node-var,sfa,1091039902,0.09058455497658602,0.30097268144565215
3area,1501,node-var,sfa,1092283837,0.04207981102123326,0.20513364185631103
3area,1501,node-var,sfa,1092466205,0.0016924214563054374,0.041139050260127485
3area,1501,node-var,sfa,1093642839,0.05917169553007162,0.24325232893041673
3area,1501,node-var,sfa,1096620314,0.06253924624020679,0.25007848016214196
3area,1501,node-var,sfa,1096935816,0.027488057681393063,0.16579522816231157
3area,1501,node-var,sfa,1098119201,0.008901255240680639,0.09434646384831046
3area,1501,node-var,sfa,1104052767,0.003322884914608526,0.057644469939523414
3area,1501,node-var,sfa,1104058216,0.1715596743007859,0.4141976271066577
3area,1501,node-var,sfa,1104289498,0.02073766592739834,0.14400578435395703
3area,1501,node-var,sfa,1104297538,0.042420930319781225,0.20596341985843294
3area,1501,node-var,sfa,1105543760,0.49891833069461644,0.7063415113771931
3area,1501,node-var,sfa,1105798776,0.582230494202425,0.763040296578382
3area,1501,node-var,sfa,1108334384,0.011241855210671337,0.10602761532106361
3area,1501,node-var,sfa,1108335514,0.0009345241263761794,0.03056998734667942
3area,1501,node-var,sfa,1108528422,0.0005293462357531808,0.023007525632996326
3area,1501,node-var,sfa,1108531612,0.04165680284870066,0.20409998248089264
3area,1501,node-var,sfa,1109889304,0.06190588697747246,0.24880893669133478
3area,1501,node-var,sfa,1111013640,0.6791256563198698,0.8240908058702446
3area,1501,node-var,sfa,1111216934,0.5461867848921107,0.7390445080589606
3area,1501,node-var,sfa,1112302803,0.49766455738073734,0.7054534409730646
3area,1501,node-var,sfa,1112515874,0.3998137119715651,0.632308241264943
3area,1501,node-var,sfa,1115077618,0.5554903480826184,0.745312248713664
3area,1501,node-var,sfa,1115086689,0.06522384365678546,0.2553895919116228
3area,1501,node-var,sfa,1115356973,0.07558790197651155,0.2749325407741173
3area,1501,node-var,sfa,1115368723,0.13628876141599933,0.36917307785915143
3area,1501,node-var,sfa,1116941914,0.22069256719363872,0.46977927497244804
3area,1501,node-var,sfa,1117148442,0.2773960212882358,0.5266839861702987
3area,1501,node-var,sfa,1118324999,0.41131315189609075,0.6413370033734926
3area,1501,node-var,sfa,1118327332,0.24198112342665834,0.491915768629811
3area,1501,node-var,sfa,1118508667,0.0061249199018601486,0.07826186748257548
3area,1501,node-var,sfa,1118512505,0.05239714680045693,0.22890423063031565
3area,1501,node-var,sfa,1119946360,0.3190725404566185,0.5648650639370596
3area,1501,node-var,sfa,1120251466,0.03664609770676175,0.19143170507197027
3area,1501,node-var,sfa,1121607504,0.06369301675353523,0.2523747545883608
3area,1501,node-var,sfa,1122903357,0.13479113543623522,0.36713912272629756
3area,1501,node-var,sfa,1124285719,0.0011148021389915108,0.03338865284780957
3area,1501,node-var,sfa,1124507277,0.0055705080073421565,0.07463583594589195
3area,1501,node-var,sfa,1125713722,0.2653842944860054,0.5151546316262774
3area,1501,node-var,sfa,1125937457,0.0002709172751975686,0.01645956485443987
3area,1501,node-var,sfa,1128520325,0.015985064214962486,0.12643205374809965
3area,1501,node-var,sfa,1128719842,0.001918864434240386,0.04380484487177559
3area,1501,node-var,sfa,1130113579,0.2539126666548006,0.5038974763330342
3area,1501,node-var,sfa,1130349290,0.005287171938639146,0.07271294202986969
3area,1501,node-var,sfa,1139846596,0.021826886683803837,0.14773925234616486
3area,1501,node-var,sfa,1140102579,0.12524528939096924,0.3539001121658046
3area,1501,node-var,sfa,1152632711,0.3787495682081292,0.6154263304475435
3area,1501,node-var,sfa,1152811536,0.22746197318214822,0.47692973610601047
3area,1501,node-var,pca,1048189115,0.06985001828277526,0.26429154031632424
3area,1501,node-var,pca,1051155866,0.004079297233372192,0.06386937633461057
3area,1501,node-var,pca,1052342277,0.2842432596640714,0.5331446892393013
3area,1501,node-var,pca,1052533639,0.18143181870626257,0.4259481408648981
3area,1501,node-var,pca,1053709239,0.578094533167516,0.7603252811576869
3area,1501,node-var,pca,1053718935,0.0037073943591163783,0.06088837622334972
3area,1501,node-var,pca,1053925378,0.012277334789665195,0.11080313528806424
3area,1501,node-var,pca,1053941483,0.014515172575945257,0.12047893000830147
3area,1501,node-var,pca,1055221968,0.022686555895359062,0.1506205692970223
3area,1501,node-var,pca,1055240613,0.0185527491936075,0.13620847695208815
3area,1501,node-var,pca,1055403683,0.028987372691586022,0.1702567845684453
3area,1501,node-var,pca,1055415082,0.3097499265556126,0.5565518183921534
3area,1501,node-var,pca,1062755779,0.08702408009122786,0.2949984408284689
3area,1501,node-var,pca,1063010385,0.04781107916507865,0.2186574470835117
3area,1501,node-var,pca,1064400234,0.0323857224988634,0.17996033590450855
3area,1501,node-var,pca,1064415305,0.003634792628410266,0.06028924139852922
3area,1501,node-var,pca,1064639378,0.01249500263508141,0.11178104774549934
3area,1501,node-var,pca,1064644573,0.05246925651989953,0.229061687149771
3area,1501,node-var,pca,1065437523,0.0773241868403085,0.27807226909619853
3area,1501,node-var,pca,1065449881,0.007903438213699876,0.08890128353235258
3area,1501,node-var,pca,1065905010,0.009802459274430575,0.09900736979856777
3area,1501,node-var,pca,1065908084,0.14632103694046872,0.38251932884557477
3area,1501,node-var,pca,1067588044,0.0541170687434549,0.23263075622852417
3area,1501,node-var,pca,1067781390,0.00023543595686836838,0.015343922473357186
3area,1501,node-var,pca,1071300149,0.18537751502436872,0.43055489199911423
3area,1501,node-var,pca,1081090969,0.20263858819415437,0.45015396054478296
3area,1501,node-var,pca,1081429294,0.014349357541655783,0.11978880390777755
3area,1501,node-var,pca,1081431006,0.021990770864474207,0.14829285506886034
3area,1501,node-var,pca,1087992708,0.41638207620682743,0.645276743891199
3area,1501,node-var,pca,1089296550,0.11858805234897996,0.34436616028434025
3area,1501,node-var,pca,1090800639,0.35565517805891034,0.5963683241579085
3area,1501,node-var,pca,1090803859,0.35028177889964085,0.5918460770332437
3area,1501,node-var,pca,1091039902,0.09645010264759901,0.3105641683253223
3area,1501,node-var,pca,1092283837,0.039434403504552185,0.1985809746792276
3area,1501,node-var,pca,1092466205,0.0012861723687643822,0.0358632453741191
3area,1501,node-var,pca,1093642839,0.06901469399206006,0.2627064787782368
3area,1501,node-var,pca,1096620314,0.038574405016626345,0.19640367872477943
3area,1501,node-var,pca,1096935816,0.026801053181164436,0.16371027206978916
3area,1501,node-var,pca,1098119201,0.0020842931083553395,0.0456540590567316
3area,1501,node-var,pca,1104052767,0.003948909952206314,0.06284035289689714
3area,1501,node-var,pca,1104058216,0.1771658773525967,0.42091077124801274
3area,1501,node-var,pca,1104289498,0.01410705755099484,0.11877313480326582
3area,1501,node-var,pca,1104297538,0.03861868109071698,0.1965163634171901
3area,1501,node-var,pca,1105543760,0.5156742832903678,0.7181046464759631
3area,1501,node-var,pca,1105798776,0.5925996693969299,0.7698049554250274
3area,1501,node-var,pca,1108334384,0.011598683824593503,0.1076971857784298
3area,1501,node-var,pca,1108335514,0.00025167239216095094,0.01586418583354135
3area,1501,node-var,pca,1108528422,0.004433803073702447,0.0665868085562188
3area,1501,node-var,pca,1108531612,0.039828596114162784,0.19957103024778636
3area,1501,node-var,pca,1109889304,0.07623779781830875,0.27611192987321104
3area,1501,node-var,pca,1111013640,0.6753559887250453,0.8218004555395713
3area,1501,node-var,pca,1111216934,0.5357995911025303,0.7319833270659449
3area,1501,node-var,pca,1112302803,0.503632016364495,0.7096703575354519
3area,1501,node-var,pca,1112515874,0.3606218526136362,0.6005179869193236
3area,1501,node-var,pca,1115077618,0.5620498192298051,0.7496998194142799
3area,1501,node-var,pca,1115086689,0.061413608023201394,0.24781769110215154
3area,1501,node-var,pca,1115356973,0.08553826205752468,0.2924692497640129
3area,1501,node-var,pca,1115368723,0.13596243111011275,0.3687308382955139
3area,1501,node-var,pca,1116941914,0.2094000358723046,0.45760248674182796
3area,1501,node-var,pca,1117148442,0.25407906426317795,0.5040625598704763
3area,1501,node-var,pca,1118324999,0.4032111935734106,0.6349891287049022
3area,1501,node-var,pca,1118327332,0.2581365742149768,0.5080714262925803
3area,1501,node-var,pca,1118508667,0.004187975336993666,0.06471456819753829
3area,1501,node-var,pca,1118512505,0.049300279297374794,0.22203666205691103
3area,1501,node-var,pca,1119946360,0.3570844120261917,0.597565403973651
3area,1501,node-var,pca,1120251466,0.06186805239550186,0.24873289367412107
3area,1501,node-var,pca,1121607504,0.03869795229610862,0.1967179511282808
3area,1501,node-var,pca,1122903357,0.12960860247110106,0.36001194767826944
3area,1501,node-var,pca,1124285719,0.0007686215868738522,0.027724025444978623
3area,1501,node-var,pca,1124507277,0.0010866031464760173,0.032963664032929246
3area,1501,node-var,pca,1125713722,0.2555100972768384,0.5054800661518108
3area,1501,node-var,pca,1125937457,0.0005764936606246218,0.024010282393682976
3area,1501,node-var,pca,1128520325,0.01507084000623038,0.12276334960496317
3area,1501,node-var,pca,1128719842,0.000657253726205731,0.025636960159225255
3area,1501,node-var,pca,1130113579,0.31907197235639495,0.5648645610731787
3area,1501,node-var,pca,1130349290,0.0017119418258613184,0.04137561873689996
3area,1501,node-var,pca,1139846596,0.012984392074175344,0.11394907667100854
3area,1501,node-var,pca,1140102579,0.12259714324219739,0.3501387485586211
3area,1501,node-var,pca,1152632711,0.34342369056531086,0.5860236262859289
3area,1501,node-var,pca,1152811536,0.22611659811355977,0.47551719013465715
3area,3001,edges-corr,sfa,1048189115,0.009157997105804117,0.09569742476056653
3area,3001,edges-corr,sfa,1051155866,0.00771171238951629,0.08781635604781199
3area,3001,edges-corr,sfa,1052342277,0.4822329540927873,0.6944299490177441
3area,3001,edges-corr,sfa,1052533639,0.3437454725918997,0.5862981089786141
3area,3001,edges-corr,sfa,1053709239,0.21557066874515984,0.46429588491086143
3area,3001,edges-corr,sfa,1053718935,0.008262175078404543,0.09089650751489023
3area,3001,edges-corr,sfa,1053925378,0.015041859046235895,0.12264525692514863
3area,3001,edges-corr,sfa,1053941483,0.01043071795693018,0.10213088640039351
3area,3001,edges-corr,sfa,1055221968,0.00887185417366887,0.09419052061470341
3area,3001,edges-corr,sfa,1055240613,0.06746982620155761,0.2597495451421574
3area,3001,edges-corr,sfa,1055403683,0.01758713712119908,0.1326165039548207
3area,3001,edges-corr,sfa,1055415082,0.2884697063559769,0.537093759371655
3area,3001,edges-corr,sfa,1062755779,0.01531009383923565,0.12373396396800578
3area,3001,edges-corr,sfa,1063010385,0.06480122078229611,0.25456083905875276
3area,3001,edges-corr,sfa,1064400234,0.31315198526994925,0.5595998438794898
3area,3001,edges-corr,sfa,1064415305,0.4008621104277985,0.6331367233290123
3area,3001,edges-corr,sfa,1064639378,0.3701098780644032,0.6083665655379188
3area,3001,edges-corr,sfa,1064644573,0.07334123634808809,0.27081587166945736
3area,3001,edges-corr,sfa,1065437523,0.009234609511129754,0.0960968756574833
3area,3001,edges-corr,sfa,1065449881,5.488344293536063e-05,0.007408336043622058
3area,3001,edges-corr,sfa,1065905010,0.0033792209491140257,0.05813106698757559
3area,3001,edges-corr,sfa,1065908084,0.10661516308114527,0.3265197744105942
3area,3001,edges-corr,sfa,1067588044,0.006673506749245939,0.0816915341344878
3area,3001,edges-corr,sfa,1067781390,0.172739703919212,0.41561966257530686
3area,3001,edges-corr,sfa,1071300149,0.08566940048895277,0.2926933557307935
3area,3001,edges-corr,sfa,1081090969,0.00906496256574485,0.0952100969737182
3area,3001,edges-corr,sfa,1081429294,0.35948710626614333,0.5995724362127921
3area,3001,edges-corr,sfa,1081431006,0.06601826065193239,0.2569401888610117
3area,3001,edges-corr,sfa,1087992708,0.2851654928926384,0.5340088884022791
3area,3001,edges-corr,sfa,1089296550,0.05841165561270523,0.24168503390302287
3area,3001,edges-corr,sfa,1090800639,0.5304925740155964,0.7283492115843864
3area,3001,edges-corr,sfa,1090803859,0.011677525508603792,0.10806259995300849
3area,3001,edges-corr,sfa,1091039902,0.000354262630327673,0.018821865750451132
3area,3001,edges-corr,sfa,1092283837,0.01872215208508865,0.13682891538373207
3area,3001,edges-corr,sfa,1092466205,0.004682511821732849,0.06842888148824884
3area,3001,edges-corr,sfa,1093642839,0.07607676888983439,0.27582017491444366
3area,3001,edges-corr,sfa,1096620314,0.17227355573658787,0.41505849676471906
3area,3001,edges-corr,sfa,1096935816,0.0075742147980373264,0.08702996494333104
3area,3001,edges-corr,sfa,1098119201,0.33903656980970875,0.5822684688438042
3area,3001,edges-corr,sfa,1104052767,0.024491270708868917,0.15649687124306702
3area,3001,edges-corr,sfa,1104058216,0.01136461507134201,0.10660494862501485
3area,3001,edges-corr,sfa,1104289498,0.06918317030591203,0.2630269383654686
3area,3001,edges-corr,sfa,1104297538,0.2477724585332186,0.49776747436249685
3area,3001,edges-corr,sfa,1105543760,0.022109797299011635,0.14869363570446312
3area,3001,edges-corr,sfa,1105798776,0.1153950778646965,0.3396985102479794
3area,3001,edges-corr,sfa,1108334384,0.017184517486321438,0.13108973066690313
3area,3001,edges-corr,sfa,1108335514,0.009690897607356308,0.09844235677469473
3area,3001,edges-corr,sfa,1108528422,0.0002358708493752637,0.015358087425691518
3area,3001,edges-corr,sfa,1108531612,0.3464278186482005,0.5885811912117141
3area,3001,edges-corr,sfa,1109889304,0.27007656726517093,0.5196889139332981
3area,3001,edges-corr,sfa,1111013640,0.26182487927100195,0.5116882637612498
3area,3001,edges-corr,sfa,1111216934,0.2937129794530766,0.5419529310309853
3area,3001,edges-corr,sfa,1112302803,0.18254000674869464,0.4272470090576344
3area,3001,edges-corr,sfa,1112515874,0.1250646309611041,0.35364478076327366
3area,3001,edges-corr,sfa,1115077618,0.13356659453492614,0.3654676381499821
3area,3001,edges-corr,sfa,1115086689,0.028202247225338595,0.16793524712024724
3area,3001,edges-corr,sfa,1115356973,0.04385422541057937,0.2094140048100395
3area,3001,edges-corr,sfa,1115368723,0.058289836337713674,0.24143288164148993
3area,3001,edges-corr,sfa,1116941914,0.08165935907191924,0.2857610174112616
3area,3001,edges-corr,sfa,1117148442,0.29875142402717103,0.5465815803950689
3area,3001,edges-corr,sfa,1118324999,0.3387526548087254,0.582024617012653
3area,3001,edges-corr,sfa,1118327332,0.0020641491909209053,0.04543290867775149
3area,3001,edges-corr,sfa,1118508667,0.0052844954732451654,0.072694535374024
3area,3001,edges-corr,sfa,1118512505,0.001958143710678595,0.0442509176252703
3area,3001,edges-corr,sfa,1119946360,0.2071544061308116,0.455142182324174
3area,3001,edges-corr,sfa,1120251466,0.11123473758848801,0.33351872149624223
3area,3001,edges-corr,sfa,1121607504,0.3531825632517491,0.5942916483106163
3area,3001,edges-corr,sfa,1122903357,0.07755040431325955,0.2784787322458567
3area,3001,edges-corr,sfa,1124285719,0.0013858491346186996,0.03722699470302045
3area,3001,edges-corr,sfa,1124507277,0.03905105799294806,0.19761340539788258
3area,3001,edges-corr,sfa,1125713722,0.3524759946262723,0.5936968878361013
3area,3001,edges-corr,sfa,1125937457,0.03126462222281068,0.1768180483514364
3area,3001,edges-corr,sfa,1128520325,0.0005476351144155789,0.02340160495384179
3area,3001,edges-corr,sfa,1128719842,0.0015882066546569762,0.03985231053097046
3area,3001,edges-corr,sfa,1130113579,0.30693897498843714,0.5540207351610921
3area,3001,edges-corr,sfa,1130349290,0.022199220723144397,0.1489940291526626
3area,3001,edges-corr,sfa,1139846596,0.06580582093930076,0.2565264527086842
3area,3001,edges-corr,sfa,1140102579,0.30203631834007494,0.5495783095611352
3area,3001,edges-corr,sfa,1152632711,0.4203173655141763,0.6483188764135872
3area,3001,edges-corr,sfa,1152811536,0.0006370481485459267,0.025239812767646717
3area,3001,edges-corr,pca,1048189115,0.05855492027715503,0.2419812395148747
3area,3001,edges-corr,pca,1051155866,0.0751172306344371,0.27407522805689155
3area,3001,edges-corr,pca,1052342277,0.0541965242020398,0.23280146950146136
3area,3001,edges-corr,pca,1052533639,0.0685323856955784,0.2617869089461477
3area,3001,edges-corr,pca,1053709239,0.3920000216424624,0.6260990509835189
3area,3001,edges-corr,pca,1053718935,2.102469784937e-06,0.00144998958099522
3area,3001,edges-corr,pca,1053925378,0.004113293140404206,0.06413496036019668
3area,3001,edges-corr,pca,1053941483,0.09881486970932984,0.3143483254438136
3area,3001,edges-corr,pca,1055221968,0.4397539470580506,0.6631394627512753
3area,3001,edges-corr,pca,1055240613,0.08724082609463302,0.29536558041625777
3area,3001,edges-corr,pca,1055403683,0.004517384854683004,0.06721149347159888
3area,3001,edges-corr,pca,1055415082,0.1250206767175902,0.3535826306785871
3area,3001,edges-corr,pca,1062755779,0.09861258448319121,0.3140264073023028
3area,3001,edges-corr,pca,1063010385,0.06696738383384415,0.2587805708198434
3area,3001,edges-corr,pca,1064400234,0.036301517532076666,0.19052957127983236
3area,3001,edges-corr,pca,1064415305,0.01040884635991468,0.10202375390032832
3area,3001,edges-corr,pca,1064639378,0.0015613390610054179,0.03951378317758497
3area,3001,edges-corr,pca,1064644573,0.30863949953728564,0.5555533273568661
3area,3001,edges-corr,pca,1065437523,0.1991650657042583,0.44627913429182164
3area,3001,edges-corr,pca,1065449881,0.04327020020810324,0.20801490381245136
3area,3001,edges-corr,pca,1065905010,1.2446807595711817e-06,0.001115652615989449
3area,3001,edges-corr,pca,1065908084,0.44722003705896995,0.6687451211477885
3area,3001,edges-corr,pca,1067588044,0.025589284793018585,0.15996651147355373
3area,3001,edges-corr,pca,1067781390,0.004449380598916641,0.0667036775516659
3area,3001,edges-corr,pca,1071300149,0.060976287742900315,0.2469337719772252
3area,3001,edges-corr,pca,1081090969,0.2930365452229705,0.5413285002869985
3area,3001,edges-corr,pca,1081429294,0.07200052723023875,0.2683291397337211
3area,3001,edges-corr,pca,1081431006,0.16526128259816808,0.4065234096557879
3area,3001,edges-corr,pca,1087992708,0.06709344604792289,0.2590240260051627
3area,3001,edges-corr,pca,1089296550,0.19804437327674695,0.44502176719431025
3area,3001,edges-corr,pca,1090800639,0.3083023341266201,0.5552497943508128
3area,3001,edges-corr,pca,1090803859,0.009313115419987805,0.09650448393721292
3area,3001,edges-corr,pca,1091039902,0.06123991478712709,0.24746699736960312
3area,3001,edges-corr,pca,1092283837,0.10815166858272607,0.32886420994496457
3area,3001,edges-corr,pca,1092466205,0.017483619598609668,0.13222563896086742
3area,3001,edges-corr,pca,1093642839,0.11056767143742918,0.3325171746503161
3area,3001,edges-corr,pca,1096620314,0.00637625435864364,0.07985145182552185
3area,3001,edges-corr,pca,1096935816,0.003669632766070685,0.0605774938906396
3area,3001,edges-corr,pca,1098119201,0.14469665063125325,0.3803901295134421
3area,3001,edges-corr,pca,1104052767,0.032036692242989884,0.17898796675472367
3area,3001,edges-corr,pca,1104058216,0.029603287313680227,0.1720560586369462
3area,3001,edges-corr,pca,1104289498,0.013937187190509737,0.11805586470188473
3area,3001,edges-corr,pca,1104297538,0.07385551934604484,0.2717637197015908
3area,3001,edges-corr,pca,1105543760,0.011172606094535631,0.1057005491685613
3area,3001,edges-corr,pca,1105798776,0.14787843249751698,0.38454964893693155
3area,3001,edges-corr,pca,1108334384,0.054764967882285465,0.23401916135711054
3area,3001,edges-corr,pca,1108335514,0.027293371188129467,0.16520705550347836
3area,3001,edges-corr,pca,1108528422,0.15286907491256552,0.3909847502301919
3area,3001,edges-corr,pca,1108531612,0.07870847460278385,0.28055030672373904
3area,3001,edges-corr,pca,1109889304,0.04989951976558682,0.2233820041220575
3area,3001,edges-corr,pca,1111013640,0.6378273056676562,0.7986409115914713
3area,3001,edges-corr,pca,1111216934,0.06161153836794575,0.248216716536066
3area,3001,edges-corr,pca,1112302803,0.004434209662049882,0.06658986155602063
3area,3001,edges-corr,pca,1112515874,0.5437717336350464,0.737408796825103
3area,3001,edges-corr,pca,1115077618,0.23760442129615822,0.48744683945652784
3area,3001,edges-corr,pca,1115086689,0.3631203701994058,0.6025946981175708
3area,3001,edges-corr,pca,1115356973,0.2983497643833082,0.5462140279993805
3area,3001,edges-corr,pca,1115368723,0.0029316542594750583,0.054144752834186176
3area,3001,edges-corr,pca,1116941914,0.0016515309682605395,0.040639032570432186
3area,3001,edges-corr,pca,1117148442,0.016657218804060014,0.12906284827191603
3area,3001,edges-corr,pca,1118324999,0.002872025633137487,0.05359128318241196
3area,3001,edges-corr,pca,1118327332,0.2526513757820483,0.50264438302049
3area,3001,edges-corr,pca,1118508667,0.010277856088456994,0.1013797617301255
3area,3001,edges-corr,pca,1118512505,0.0010768933323925811,0.032816052967904796
3area,3001,edges-corr,pca,1119946360,0.6455937511518848,0.8034884884999207
3area,3001,edges-corr,pca,1120251466,0.19467171614848666,0.4412161784754574
3area,3001,edges-corr,pca,1121607504,0.09873276295603706,0.3142176999407208
3area,3001,edges-corr,pca,1122903357,0.004825567285192123,0.06946630323539732
3area,3001,edges-corr,pca,1124285719,0.013280692174754916,0.11524188550503246
3area,3001,edges-corr,pca,1124507277,0.06187064308452095,0.2487381013928523
3area,3001,edges-corr,pca,1125713722,0.10724501014285037,0.32748283946315415
3area,3001,edges-corr,pca,1125937457,0.0023773150695670653,0.04875771805127036
3area,3001,edges-corr,pca,1128520325,0.11444016309809568,0.33829005764003145
3area,3001,edges-corr,pca,1128719842,0.012119820304496542,0.11009005542961872
3area,3001,edges-corr,pca,1130113579,0.01194462863492729,0.10929148473200972
3area,3001,edges-corr,pca,1130349290,0.2737421517369645,0.523203738267383
3area,3001,edges-corr,pca,1139846596,0.0066495651084346186,0.08154486561663307
3area,3001,edges-corr,pca,1140102579,0.2072777923645086,0.45527770905734904
3area,3001,edges-corr,pca,1152632711,0.0389614265725553,0.19738649034965672
3area,3001,edges-corr,pca,1152811536,0.16538191896138055,0.40667175825397567
3area,3001,edges-cov,sfa,1048189115,0.10422996497000914,0.3228466586012764
3area,3001,edges-cov,sfa,1051155866,0.028821718057013168,0.16976960286521559
3area,3001,edges-cov,sfa,1052342277,0.13741693347967598,0.3706979005601137
3area,3001,edges-cov,sfa,1052533639,0.15291232123575926,0.39104005067992603
3area,3001,edges-cov,sfa,1053709239,0.06557105632477056,0.25606846023040497
3area,3001,edges-cov,sfa,1053718935,0.020086448327627404,0.1417266676657122
3area,3001,edges-cov,sfa,1053925378,6.470941705882804e-05,0.008044216373185406
3area,3001,edges-cov,sfa,1053941483,0.013809138900165219,0.11751229254918483
3area,3001,edges-cov,sfa,1055221968,0.03163922416441345,0.17787418071325994
3area,3001,edges-cov,sfa,1055240613,0.0836163386738531,0.2891648987582227
3area,3001,edges-cov,sfa,1055403683,0.0011929289460304027,0.03453880348289816
3area,3001,edges-cov,sfa,1055415082,0.35085035184575575,0.5923262207987721
3area,3001,edges-cov,sfa,1062755779,0.003292884197490853,0.05738365793055437
3area,3001,edges-cov,sfa,1063010385,0.12263286730501777,0.3501897589950594
3area,3001,edges-cov,sfa,1064400234,0.05258896639740984,0.2293228431652851
3area,3001,edges-cov,sfa,1064415305,0.025102583908405585,0.15843794971030592
3area,3001,edges-cov,sfa,1064639378,0.01811357592781293,0.1345866855517774
3area,3001,edges-cov,sfa,1064644573,0.2985308998708701,0.5463798128324929
3area,3001,edges-cov,sfa,1065437523,0.22844947400985582,0.4779638835831181
3area,3001,edges-cov,sfa,1065449881,0.044038201761467666,0.2098528097535686
3area,3001,edges-cov,sfa,1065905010,0.004731143005184291,0.06878330469804725
3area,3001,edges-cov,sfa,1065908084,0.008972437628491758,0.09472295196250895
3area,3001,edges-cov,sfa,1067588044,0.10671573746714602,0.3266737477471155
3area,3001,edges-cov,sfa,1067781390,0.06837486958541206,0.26148588792784194
3area,3001,edges-cov,sfa,1071300149,0.19414582790244883,0.4406198224120757
3area,3001,edges-cov,sfa,1081090969,0.4034717749738421,0.6351942812823816
3area,3001,edges-cov,sfa,1081429294,0.3271534573231494,0.5719733012328014
3area,3001,edges-cov,sfa,1081431006,0.002804237526117026,0.05295505194140452
3area,3001,edges-cov,sfa,1087992708,0.18604319690083637,0.4313272503573543
3area,3001,edges-cov,sfa,1089296550,0.18473474428017256,0.4298077992314387
3area,3001,edges-cov,sfa,1090800639,0.17786553247119008,0.4217410727818553
3area,3001,edges-cov,sfa,1090803859,0.283851733787165,0.5327773773229915
3area,3001,edges-cov,sfa,1091039902,0.25726221642170155,0.5072102290191917
3area,3001,edges-cov,sfa,1092283837,0.16293974558557123,0.40365795617771566
3area,3001,edges-cov,sfa,1092466205,0.018539396195034974,0.13615945136139074
3area,3001,edges-cov,sfa,1093642839,0.06298702700105441,0.25097216379721177
3area,3001,edges-cov,sfa,1096620314,1.5911230126564035e-05,0.0039888883321895436
3area,3001,edges-cov,sfa,1096935816,0.0004219686521909072,0.020541875576273197
3area,3001,edges-cov,sfa,1098119201,0.2265254535370057,0.475946902014296
3area,3001,edges-cov,sfa,1104052767,0.13479001576266436,0.36713759786034533
3area,3001,edges-cov,sfa,1104058216,0.21509625316185266,0.46378470561441915
3area,3001,edges-cov,sfa,1104289498,0.008722166385736974,0.09339253924022534
3area,3001,edges-cov,sfa,1104297538,0.005370325806356435,0.07328250682363727
3area,3001,edges-cov,sfa,1105543760,0.5077606108956201,0.7125732319527728
3area,3001,edges-cov,sfa,1105798776,0.542727352121022,0.7367003136425442
3area,3001,edges-cov,sfa,1108334384,0.07454935572590538,0.27303727900399477
3area,3001,edges-cov,sfa,1108335514,0.0006112783762678431,0.024724044496559253
3area,3001,edges-cov,sfa,1108528422,0.047525766411296466,0.21800405136441017
3area,3001,edges-cov,sfa,1108531612,0.004471561292474835,0.0668697337550767
3area,3001,edges-cov,sfa,1109889304,0.15035107492753352,0.3877513055136422
3area,3001,edges-cov,sfa,1111013640,0.7751490157649896,0.880425474282174
3area,3001,edges-cov,sfa,1111216934,0.5865853419714131,0.7658885963189509
3area,3001,edges-cov,sfa,1112302803,0.342367167329116,0.5851214979208311
3area,3001,edges-cov,sfa,1112515874,0.0003160761654772415,0.01777853102698243
3area,3001,edges-cov,sfa,1115077618,0.745770746530992,0.8635801911409227
3area,3001,edges-cov,sfa,1115086689,0.024091586783104746,0.15521464745024788
3area,3001,edges-cov,sfa,1115356973,0.48501167499556597,0.6964277959670812
3area,3001,edges-cov,sfa,1115368723,0.10928038012447094,0.3305758311257355
3area,3001,edges-cov,sfa,1116941914,0.17183475082919564,0.41452955362578875
3area,3001,edges-cov,sfa,1117148442,0.26494194226931445,0.5147251133073991
3area,3001,edges-cov,sfa,1118324999,0.383355066743861,0.619156738430472
3area,3001,edges-cov,sfa,1118327332,0.1343436479407336,0.36652919111679727
3area,3001,edges-cov,sfa,1118508667,0.0252312304841813,0.1588434149852652
3area,3001,edges-cov,sfa,1118512505,0.003898416827865958,0.06243730317579323
3area,3001,edges-cov,sfa,1119946360,0.5217960258225427,0.7223545014897756
3area,3001,edges-cov,sfa,1120251466,0.12367109044159952,0.35166900693919484
3area,3001,edges-cov,sfa,1121607504,0.08084321467968014,0.28432941226626585
3area,3001,edges-cov,sfa,1122903357,0.0764980908624705,0.2765828824466017
3area,3001,edges-cov,sfa,1124285719,0.013884044962573006,0.11783057736671258
3area,3001,edges-cov,sfa,1124507277,0.020610182826934276,0.1435624701199239
3area,3001,edges-cov,sfa,1125713722,0.36903340472609214,0.6074811970144364
3area,3001,edges-cov,sfa,1125937457,3.636027841913414e-05,0.006029948459095468
3area,3001,edges-cov,sfa,1128520325,0.03847534863762658,0.19615134115683946
3area,3001,edges-cov,sfa,1128719842,0.013105321177949936,0.1144784747363012
3area,3001,edges-cov,sfa,1130113579,0.3519524701553922,0.593255821847028
3area,3001,edges-cov,sfa,1130349290,0.10569597662700614,0.32510917647308324
3area,3001,edges-cov,sfa,1139846596,0.0014227047070671794,0.03771875802657496
3area,3001,edges-cov,sfa,1140102579,0.3062633018538713,0.5534106087290626
3area,3001,edges-cov,sfa,1152632711,0.22582505352311832,0.4752105359975912
3area,3001,edges-cov,sfa,1152811536,0.2444958952387728,0.4944652619130819
3area,3001,edges-cov,pca,1048189115,0.11198964117242849,0.33464853379692094
3area,3001,edges-cov,pca,1051155866,0.043663011687202324,0.2089569613274514
3area,3001,edges-cov,pca,1052342277,0.11048307226719678,0.33238994008121925
3area,3001,edges-cov,pca,1052533639,0.1803254666988614,0.42464746166539313
3area,3001,edges-cov,pca,1053709239,0.0034349133916092844,0.05860813417614542
3area,3001,edges-cov,pca,1053718935,0.0005936696237075489,0.02436533651947755
3area,3001,edges-cov,pca,1053925378,0.0010596341683387633,0.0325520224922925
3area,3001,edges-cov,pca,1053941483,0.030750250140752944,0.1753574923998207
3area,3001,edges-cov,pca,1055221968,0.047670455914708865,0.2183356496651637
3area,3001,edges-cov,pca,1055240613,0.09829151605409203,0.3135147780473702
3area,3001,edges-cov,pca,1055403683,0.00038912885567488065,0.01972634927386957
3area,3001,edges-cov,pca,1055415082,0.33442412537449684,0.5782941512539248
3area,3001,edges-cov,pca,1062755779,0.03700179498089484,0.19235850639078778
3area,3001,edges-cov,pca,1063010385,0.12043258449710603,0.34703398176130495
3area,3001,edges-cov,pca,1064400234,0.004861198951244039,0.06972229880923315
3area,3001,edges-cov,pca,1064415305,0.023320394952118906,0.15271016649889024
3area,3001,edges-cov,pca,1064639378,0.035454414198827555,0.1882934257982141
3area,3001,edges-cov,pca,1064644573,0.3108367907869325,0.5575273901674541
3area,3001,edges-cov,pca,1065437523,0.24029648395499292,0.4902004528302605
3area,3001,edges-cov,pca,1065449881,0.03831149585783511,0.19573322624898137
3area,3001,edges-cov,pca,1065905010,0.005179415795417142,0.07196815820498066
3area,3001,edges-cov,pca,1065908084,0.09833679593742783,0.31358698304844923
3area,3001,edges-cov,pca,1067588044,0.05910519747412679,0.24311560516373018
3area,3001,edges-cov,pca,1067781390,0.02025589510386916,0.1423232064839356
3area,3001,edges-cov,pca,1071300149,0.18373530439026253,0.4286435633370249
3area,3001,edges-cov,pca,1081090969,0.4101208886331875,0.6404068149490507
3area,3001,edges-cov,pca,1081429294,0.29654434653060213,0.5445588549740072
3area,3001,edges-cov,pca,1081431006,0.005324360255832494,0.07296821401015889
3area,3001,edges-cov,pca,1087992708,0.16768724834586213,0.40949633496023147
3area,3001,edges-cov,pca,1089296550,0.17696613889978663,0.4206734349822752
3area,3001,edges-cov,pca,1090800639,0.04265638947132877,0.20653423317050548
3area,3001,edges-cov,pca,1090803859,0.16833653700437268,0.41028835835832905
3area,3001,edges-cov,pca,1091039902,0.22106583906737032,0.4701763914398191
3area,3001,edges-cov,pca,1092283837,0.13262122690333145,0.36417197435185983
3area,3001,edges-cov,pca,1092466205,0.012322118283607297,0.11100503719925219
3area,3001,edges-cov,pca,1093642839,0.13986363882570552,0.37398347400079773
3area,3001,edges-cov,pca,1096620314,0.001392881365330667,0.03732132587852005
3area,3001,edges-cov,pca,1096935816,4.540378131356881e-06,0.0021308163063342516
3area,3001,edges-cov,pca,1098119201,0.18003925001896792,0.42431032278153136
3area,3001,edges-cov,pca,1104052767,0.11744547562813479,0.3427031888210771
3area,3001,edges-cov,pca,1104058216,0.18348335032795804,0.42834956557461196
3area,3001,edges-cov,pca,1104289498,0.0014676709265717403,0.03831019350736439
3area,3001,edges-cov,pca,1104297538,3.808565466334457e-07,0.0006171357601405735
3area,3001,edges-cov,pca,1105543760,0.37177710649789486,0.6097352757532523
3area,3001,edges-cov,pca,1105798776,0.42945900324820174,0.6553312164457002
3area,3001,edges-cov,pca,1108334384,0.05527805515183115,0.23511285620278394
3area,3001,edges-cov,pca,1108335514,0.0021814220821390062,0.04670569646348154
3area,3001,edges-cov,pca,1108528422,0.08844660302668983,0.2973997360904842
3area,3001,edges-cov,pca,1108531612,0.017598974275982227,0.13266112571504213
3area,3001,edges-cov,pca,1109889304,0.09054616336033361,0.30090889544899396
3area,3001,edges-cov,pca,1111013640,0.7625538693947523,0.8732433048095772
3area,3001,edges-cov,pca,1111216934,0.6285127949816103,0.7927879886713781
3area,3001,edges-cov,pca,1112302803,0.28906758743626304,0.5376500603889699
3area,3001,edges-cov,pca,1112515874,0.05642452416824273,0.2375384688176689
3area,3001,edges-cov,pca,1115077618,0.7481083179185515,0.8649325510804585
3area,3001,edges-cov,pca,1115086689,0.09915001294886538,0.31488095043820186
3area,3001,edges-cov,pca,1115356973,0.5688576382653916,0.7542265165488357
3area,3001,edges-cov,pca,1115368723,0.09884068032556681,0.31438937692862157
3area,3001,edges-cov,pca,1116941914,0.13670758479022993,0.36973988801619706
3area,3001,edges-cov,pca,1117148442,0.1749811759601293,0.4183075136309765
3area,3001,edges-cov,pca,1118324999,0.3059425592846102,0.5531207456646426
3area,3001,edges-cov,pca,1118327332,0.055781175400387406,0.2361803874168795
3area,3001,edges-cov,pca,1118508667,0.012523032993113525,0.11190635814426886
3area,3001,edges-cov,pca,1118512505,0.0008239676144987662,0.028704836082072926
3area,3001,edges-cov,pca,1119946360,0.573160801546242,0.7570738415413936
3area,3001,edges-cov,pca,1120251466,0.1344720448056379,0.36670430159140205
3area,3001,edges-cov,pca,1121607504,0.08842314229588033,0.2973602903816857
3area,3001,edges-cov,pca,1122903357,0.08309387465726703,0.2882600816229457
3area,3001,edges-cov,pca,1124285719,1.1043243108854739e-06,0.0010508683603255363
3area,3001,edges-cov,pca,1124507277,0.03373826448073092,0.18367978789385297
3area,3001,edges-cov,pca,1125713722,0.3518514083908758,0.5931706401962888
3area,3001,edges-cov,pca,1125937457,0.0010973696168480318,0.033126569651082606
3area,3001,edges-cov,pca,1128520325,0.0720116780774891,0.268349917230263
3area,3001,edges-cov,pca,1128719842,0.010379626912552342,0.10188045402604132
3area,3001,edges-cov,pca,1130113579,0.2903534776221469,0.5388445764987779
3area,3001,edges-cov,pca,1130349290,0.16992563479163292,0.41222037163589137
3area,3001,edges-cov,pca,1139846596,1.4904020444905797e-05,0.0038605725540338527
3area,3001,edges-cov,pca,1140102579,0.24326488671608038,0.493218903445601
3area,3001,edges-cov,pca,1152632711,0.2025532319058183,0.45005914267551317
3area,3001,edges-cov,pca,1152811536,0.10945231183223203,0.33083577773909506
3area,3001,node-var,sfa,1048189115,0.051560370264336686,0.2270690869852973
3area,3001,node-var,sfa,1051155866,0.024974332588745374,0.15803269468292003
3area,3001,node-var,sfa,1052342277,0.2818124415205052,0.5308600959956449
3area,3001,node-var,sfa,1052533639,0.24355203014911742,0.49350990886619206
3area,3001,node-var,sfa,1053709239,0.7623188431867549,0.8731087235772846
3area,3001,node-var,sfa,1053718935,0.0847522025809383,0.2911223154980364
3area,3001,node-var,sfa,1053925378,0.007170403744383713,0.08467823654507407
3area,3001,node-var,sfa,1053941483,0.0024812882213602894,0.04981253076646734
3area,3001,node-var,sfa,1055221968,0.0973378703225456,0.31199017664430656
3area,3001,node-var,sfa,1055240613,0.044739145260639934,0.21151630022445084
3area,3001,node-var,sfa,1055403683,0.0017400625800927383,0.04171405734392993
3area,3001,node-var,sfa,1055415082,0.40887923659239,0.639436655652763
3area,3001,node-var,sfa,1062755779,0.1899647675892142,0.43584947813346525
3area,3001,node-var,sfa,1063010385,0.069651103347809,0.2639149547634784
3area,3001,node-var,sfa,1064400234,0.05108327730321549,0.22601609965490457
3area,3001,node-var,sfa,1064415305,3.961968690235906e-06,0.001990469464747128
3area,3001,node-var,sfa,1064639378,0.025471253306713848,0.15959715945690778
3area,3001,node-var,sfa,1064644573,0.10483488753536396,0.3237821606193954
3area,3001,node-var,sfa,1065437523,0.21878006071921186,0.4677393085033712
3area,3001,node-var,sfa,1065449881,0.005421616471722235,0.07363162684419089
3area,3001,node-var,sfa,1065905010,0.025047640326636422,0.15826446324629043
3area,3001,node-var,sfa,1065908084,0.12069493423931099,0.347411764681784
3area,3001,node-var,sfa,1067588044,0.05366158141718014,0.23164969548259762
3area,3001,node-var,sfa,1067781390,0.0018171776080202484,0.042628366236815894
3area,3001,node-var,sfa,1071300149,0.2373996074074466,0.48723670572674105
3area,3001,node-var,sfa,1081090969,0.33189453226902266,0.5761028834062737
3area,3001,node-var,sfa,1081429294,0.08317650406126875,0.2884033704055291
3area,3001,node-var,sfa,1081431006,0.07699849199458064,0.27748602125977584
3area,3001,node-var,sfa,1087992708,0.37369499156874586,0.6113059721356775
3area,3001,node-var,sfa,1089296550,0.16400573143748076,0.40497621095254566
3area,3001,node-var,sfa,1090800639,0.46065581117830756,0.6787162965321412
3area,3001,node-var,sfa,1090803859,0.5362618069183817,0.7322989873804152
3area,3001,node-var,sfa,1091039902,0.14733859780790415,0.3838471021225815
3area,3001,node-var,sfa,1092283837,0.009771348808856661,0.09885013307455129
3area,3001,node-var,sfa,1092466205,0.00011277565407208368,0.010619588225174326
3area,3001,node-var,sfa,1093642839,0.2197828403254577,0.46881002583718046
3area,3001,node-var,sfa,1096620314,0.10799998861057969,0.3286335171746482
3area,3001,node-var,sfa,1096935816,0.03213634524092601,0.179266129653446
3area,3001,node-var,sfa,1098119201,0.004261953840250743,0.06528364144447522
3area,3001,node-var,sfa,1104052767,0.1425726683230072,0.37758796104087733
3area,3001,node-var,sfa,1104058216,0.2408801757931197,0.4907954520909092
3area,3001,node-var,sfa,1104289498,0.0658796612095447,0.25667033566336567
3area,3001,node-var,sfa,1104297538,0.20808106672645577,0.45615903665986524
3area,3001,node-var,sfa,1105543760,0.6267450301002211,0.7916722996923792
3area,3001,node-var,sfa,1105798776,0.6966316235822854,0.8346446091494786
3area,3001,node-var,sfa,1108334384,0.019922006594281116,0.14114533854959926
3area,3001,node-var,sfa,1108335514,0.011096652557712527,0.10534065007257326
3area,3001,node-var,sfa,1108528422,0.029593249039938874,0.17202688464289168
3area,3001,node-var,sfa,1108531612,0.0010575177285938597,0.03251949766822673
3area,3001,node-var,sfa,1109889304,0.057624737009140836,0.24005152990377027
3area,3001,node-var,sfa,1111013640,0.8200249976444915,0.9055523163486977
3area,3001,node-var,sfa,1111216934,0.5730538299088479,0.757003190157643
3area,3001,node-var,sfa,1112302803,0.7036782514811797,0.8388553221391499
3area,3001,node-var,sfa,1112515874,0.3551689524143963,0.5959605292419933
3area,3001,node-var,sfa,1115077618,0.773411817907654,0.8794383536710522
3area,3001,node-var,sfa,1115086689,0.12468102883863552,0.3531020091115814
3area,3001,node-var,sfa,1115356973,0.3371236073296747,0.5806234643292291
3area,3001,node-var,sfa,1115368723,0.07403157723740816,0.27208744410098806
3area,3001,node-var,sfa,1116941914,0.30220991732267477,0.54973622522322
3area,3001,node-var,sfa,1117148442,0.46743100807507076,0.6836892628051662
3area,3001,node-var,sfa,1118324999,0.5955259302418404,0.7717032656674712
3area,3001,node-var,sfa,1118327332,0.2199121672054355,0.4689479365616567
3area,3001,node-var,sfa,1118508667,0.025459976561756914,0.15956182676867592
3area,3001,node-var,sfa,1118512505,0.0011516417096811837,0.033935846971617695
3area,3001,node-var,sfa,1119946360,0.44189263602426376,0.6647500553021894
3area,3001,node-var,sfa,1120251466,0.001371778832908066,0.03703753275946014
3area,3001,node-var,sfa,1121607504,0.19144285869662703,0.4375418365100958
3area,3001,node-var,sfa,1122903357,0.22675145148823384,0.4761842621173383
3area,3001,node-var,sfa,1124285719,0.01586010224936729,0.12593689788686652
3area,3001,node-var,sfa,1124507277,0.03305530076641627,0.18181116788144802
3area,3001,node-var,sfa,1125713722,0.37682104957564666,0.6138575156953336
3area,3001,node-var,sfa,1125937457,0.001979666547100134,0.044493443866485974
3area,3001,node-var,sfa,1128520325,0.022420069607110404,0.14973332831106892
3area,3001,node-var,sfa,1128719842,0.012020560409364056,0.10963831633769348
3area,3001,node-var,sfa,1130113579,0.3483475642320323,0.5902097629080971
3area,3001,node-var,sfa,1130349290,0.010027964563252612,0.10013972520060417
3area,3001,node-var,sfa,1139846596,0.022284136535381527,0.14927872097315661
3area,3001,node-var,sfa,1140102579,0.20090322833920315,0.4482222979049601
3area,3001,node-var,sfa,1152632711,0.47913581221162815,0.6921963682450429
3area,3001,node-var,sfa,1152811536,0.2823285030148984,0.5313459353518176
3area,3001,node-var,pca,1048189115,0.0714865787317337,0.2673697416158641
3area,3001,node-var,pca,1051155866,0.01840188113549568,0.13565353344272163
3area,3001,node-var,pca,1052342277,0.2805309529892154,0.5296517280149433
3area,3001,node-var,pca,1052533639,0.28108884920678523,0.5301781296949033
3area,3001,node-var,pca,1053709239,0.764281245822373,0.8742318032549342
3area,3001,node-var,pca,1053718935,0.06078711127329928,0.24655042338900762
3area,3001,node-var,pca,1053925378,0.0054842665168167715,0.07405583377976721
3area,3001,node-var,pca,1053941483,0.0007541962066933694,0.027462632916261547
3area,3001,node-var,pca,1055221968,0.06771482291836328,0.2602207196177188
3area,3001,node-var,pca,1055240613,0.06463436271233103,0.25423289069735094
3area,3001,node-var,pca,1055403683,0.001878754261979032,0.043344598994326355
3area,3001,node-var,pca,1055415082,0.4071363712574456,0.6380723871610848
3area,3001,node-var,pca,1062755779,0.191571428358995,0.43768873455801366
3area,3001,node-var,pca,1063010385,0.10035239266471341,0.31678445773855946
3area,3001,node-var,pca,1064400234,0.06756645850701637,0.2599354891256988
3area,3001,node-var,pca,1064415305,0.004439898443296841,0.06663256293507538
3area,3001,node-var,pca,1064639378,0.00639013482355677,0.07993831886871632
3area,3001,node-var,pca,1064644573,0.10919810385233575,0.33045136382278056
3area,3001,node-var,pca,1065437523,0.23245317198491233,0.4821339772147487
3area,3001,node-var,pca,1065449881,0.011219900778694725,0.10592403305527402
3area,3001,node-var,pca,1065905010,0.016689364754006952,0.12918732427760463
3area,3001,node-var,pca,1065908084,0.10828889605259429,0.3290727823029343
3area,3001,node-var,pca,1067588044,0.06320786782954779,0.2514117495853125
3area,3001,node-var,pca,1067781390,0.013621883483900588,0.11671282484757425
3area,3001,node-var,pca,1071300149,0.265291783502137,0.515064834270539
3area,3001,node-var,pca,1081090969,0.32282529725614784,0.5681771706573118
3area,3001,node-var,pca,1081429294,0.10106163068215679,0.3179019199095165
3area,3001,node-var,pca,1081431006,0.07605505330265572,0.2757808066248548
3area,3001,node-var,pca,1087992708,0.39835871417485147,0.6311566478892955
3area,3001,node-var,pca,1089296550,0.14681699795711867,0.38316706272475787
3area,3001,node-var,pca,1090800639,0.4681233502990021,0.684195403593887
3area,3001,node-var,pca,1090803859,0.49112180651989956,0.7008008322768322
3area,3001,node-var,pca,1091039902,0.1558777975703899,0.3948136238409082
3area,3001,node-var,pca,1092283837,0.0070956303002848164,0.08423556434359844
3area,3001,node-var,pca,1092466205,0.0003007411218418632,0.017341889223550976
3area,3001,node-var,pca,1093642839,0.22760608334535726,0.4770807933100607
3area,3001,node-var,pca,1096620314,0.05713383989647003,0.23902686019874433
3area,3001,node-var,pca,1096935816,0.022959380897704773,0.15152353248820702
3area,3001,node-var,pca,1098119201,0.0628025813543025,0.25060443203244126
3area,3001,node-var,pca,1104052767,0.14552274089842743,0.38147443020263855
3area,3001,node-var,pca,1104058216,0.2455039690749804,0.49548357094355905
3area,3001,node-var,pca,1104289498,0.04454945883951733,0.21106742723479938
3area,3001,node-var,pca,1104297538,0.20690750043860973,0.4548708612767029
3area,3001,node-var,pca,1105543760,0.6389333014478344,0.7993330353787675
3area,3001,node-var,pca,1105798776,0.7123327238797963,0.8439980591682634
3area,3001,node-var,pca,1108334384,0.019828048806079357,0.14081210461490565
3area,3001,node-var,pca,1108335514,0.022461241092997297,0.14987074795635472
3area,3001,node-var,pca,1108528422,0.0028396791776965635,0.05328864023125711
3area,3001,node-var,pca,1108531612,0.0010276867412923885,0.032057553576224605
3area,3001,node-var,pca,1109889304,0.07960954448364832,0.2821516338489784
3area,3001,node-var,pca,1111013640,0.8172115869042494,0.9039975591251613
3area,3001,node-var,pca,1111216934,0.5605831029711915,0.7487209780493613
3area,3001,node-var,pca,1112302803,0.7000463827672334,0.8366877450801071
3area,3001,node-var,pca,1112515874,0.3083148031305566,0.5552610225205409
3area,3001,node-var,pca,1115077618,0.7741713567510906,0.8798700794725831
3area,3001,node-var,pca,1115086689,0.11732314862446491,0.3425246686363844
3area,3001,node-var,pca,1115356973,0.3536187600792948,0.5946585239272156
3area,3001,node-var,pca,1115368723,0.07799972924949172,0.27928431615379234
3area,3001,node-var,pca,1116941914,0.2841281535253759,0.53303672812047
3area,3001,node-var,pca,1117148442,0.4339726696886915,0.6587660204417741
3area,3001,node-var,pca,1118324999,0.5781506782676535,0.7603622020245702
3area,3001,node-var,pca,1118327332,0.23997613462138767,0.48987359045103424
3area,3001,node-var,pca,1118508667,0.01897526712704678,0.13775074274589916
3area,3001,node-var,pca,1118512505,0.0006484084002364998,0.025463864597430965
3area,3001,node-var,pca,1119946360,0.48406746454927285,0.6957495702832116
3area,3001,node-var,pca,1120251466,0.009997300147568833,0.09998649982657078
3area,3001,node-var,pca,1121607504,0.13774381827372473,0.3711385432338232
3area,3001,node-var,pca,1122903357,0.21534871374628117,0.46405680012933953
3area,3001,node-var,pca,1124285719,0.01359503132672113,0.11659773293988614
3area,3001,node-var,pca,1124507277,0.017330997320255115,0.13164724577542464
3area,3001,node-var,pca,1125713722,0.35550662081503515,0.596243759560664
3area,3001,node-var,pca,1125937457,0.0016573199012268613,0.04071019407012277
3area,3001,node-var,pca,1128520325,0.019631346892756363,0.14011190846161595
3area,3001,node-var,pca,1128719842,0.007363855637401495,0.08581291066850885
3area,3001,node-var,pca,1130113579,0.43054698422710447,0.6561607914430005
3area,3001,node-var,pca,1130349290,0.0035385692593070672,0.059485874451897756
3area,3001,node-var,pca,1139846596,0.012455594749717358,0.1116046358791483
3area,3001,node-var,pca,1140102579,0.19156536714923988,0.4376818103933955
3area,3001,node-var,pca,1152632711,0.4430899057068648,0.6656499873859117
3area,3001,node-var,pca,1152811536,0.28058326072635364,0.5297011050831907
4area,751,edges-corr,sfa,1048189115,0.007771474786900989,0.08815596852681627
4area,751,edges-corr,sfa,1051155866,0.0023365104624676336,0.048337464377724355
4area,751,edges-corr,sfa,1052342277,0.20163555937485023,0.44903848317805684
4area,751,edges-corr,sfa,1052533639,0.010151539469227089,0.10075484836585837
4area,751,edges-corr,sfa,1053709239,0.25975030680324573,0.5096570482228676
4area,751,edges-corr,sfa,1053718935,0.0016223903405880868,0.04027890689415539
4area,751,edges-corr,sfa,1053925378,0.0014454938836122588,0.038019651282095744
4area,751,edges-corr,sfa,1053941483,0.07660914648371664,0.27678357336322623
4area,751,edges-corr,sfa,1055221968,0.0004511352821167103,0.021239945435820234
4area,751,edges-corr,sfa,1055240613,0.009583848927743222,0.09789713442048868
4area,751,edges-corr,sfa,1055403683,0.005874291932345677,0.07664392952051441
4area,751,edges-corr,sfa,1055415082,0.033046226202383844,0.18178621015463173
4area,751,edges-corr,sfa,1062755779,0.06101028439279399,0.247002599971729
4area,751,edges-corr,sfa,1063010385,0.01262803765371856,0.11237454183986037
4area,751,edges-corr,sfa,1064400234,0.002884080331577943,0.053703634249255755
4area,751,edges-corr,sfa,1064415305,0.07967630998606223,0.2822699239842292
4area,751,edges-corr,sfa,1064639378,0.05629610791590922,0.23726800862296912
4area,751,edges-corr,sfa,1064644573,0.014192501515879807,0.1191322857829886
4area,751,edges-corr,sfa,1065437523,0.0323155731100222,0.17976532788617006
4area,751,edges-corr,sfa,1065449881,0.033676615988236236,0.18351189604011028
4area,751,edges-corr,sfa,1065905010,0.010908707540835283,0.10444475832149397
4area,751,edges-corr,sfa,1065908084,0.0039188654829900305,0.06260084251022403
4area,751,edges-corr,sfa,1067588044,0.0005227938928692444,0.022864686590230023
4area,751,edges-corr,sfa,1067781390,0.032886194370881805,0.1813455110304137
4area,751,edges-corr,sfa,1071300149,0.01676999740758378,0.12949902473603306
4area,751,edges-corr,sfa,1081090969,0.006280442728330393,0.07924924433917603
4area,751,edges-corr,sfa,1081429294,0.08694851000705228,0.29487032744420477
4area,751,edges-corr,sfa,1081431006,0.009527599207849846,0.09760942171660292
4area,751,edges-corr,sfa,1087992708,0.32015564199148794,0.5658229776100367
4area,751,edges-corr,sfa,1089296550,0.0054321356267755805,0.07370302318613274
4area,751,edges-corr,sfa,1090800639,0.3880157121641461,0.6229090721478914
4area,751,edges-corr,sfa,1090803859,0.008854927518851974,0.09410062443391021
4area,751,edges-corr,sfa,1091039902,0.12193057513307692,0.3491855883811311
4area,751,edges-corr,sfa,1092283837,0.05491087819772955,0.2343307026356755
4area,751,edges-corr,sfa,1092466205,8.424001473061882e-05,0.009178235926942746
4area,751,edges-corr,sfa,1093642839,0.5743055325293481,0.7578294877671008
4area,751,edges-corr,sfa,1096620314,0.14879716998371828,0.3857423621845525
4area,751,edges-corr,sfa,1096935816,0.026605549650047466,0.16311207695951757
4area,751,edges-corr,sfa,1098119201,0.005188695182170355,0.0720325980523418
4area,751,edges-corr,sfa,1104052767,0.017020224676804085,0.13046158314540085
4area,751,edges-corr,sfa,1104058216,0.02801979442383684,0.16739114201126912
4area,751,edges-corr,sfa,1104289498,0.08821146291580506,0.29700414629396155
4area,751,edges-corr,sfa,1104297538,0.00015896691074490654,0.012608208070334507
4area,751,edges-corr,sfa,1105543760,0.006846865506967337,0.08274578845456299
4area,751,edges-corr,sfa,1105798776,0.052691474862837206,0.22954623687361406
4area,751,edges-corr,sfa,1108334384,0.00011307500864565778,0.010633673337351917
4area,751,edges-corr,sfa,1108335514,0.07708557709142438,0.2776428949053519
4area,751,edges-corr,sfa,1108528422,0.002043820382121475,0.04520863172140296
4area,751,edges-corr,sfa,1108531612,0.10276249989812847,0.32056590570135296
4area,751,edges-corr,sfa,1109889304,0.06179529853789811,0.24858660168620902
4area,751,edges-corr,sfa,1111013640,0.2885964756622966,0.5372117605398237
4area,751,edges-corr,sfa,1111216934,0.3771484130678716,0.6141241023342688
4area,751,edges-corr,sfa,1112302803,0.07562041503936268,0.2749916635815761
4area,751,edges-corr,sfa,1112515874,0.07824918049931417,0.279730549814128
4area,751,edges-corr,sfa,1115077618,0.3321135210530002,0.5762929125479506
4area,751,edges-corr,sfa,1115086689,1.0618335816170443e-06,0.0010304530953655967
4area,751,edges-corr,sfa,1115356973,0.0072338739551878195,0.08505218371792651
4area,751,edges-corr,sfa,1115368723,0.08223897012840264,0.2867733776493257
4area,751,edges-corr,sfa,1116941914,0.17560778924407594,0.41905583070048796
4area,751,edges-corr,sfa,1117148442,0.13237064064731907,0.3638277623372349
4area,751,edges-corr,sfa,1118324999,0.023555019068180583,0.15347644466881774
4area,751,edges-corr,sfa,1118327332,0.14966039293765254,0.38685965535017
4area,751,edges-corr,sfa,1118508667,0.013080106209386488,0.11436829197547005
4area,751,edges-corr,sfa,1118512505,0.039713238580655674,0.19928180694849126
4area,751,edges-corr,sfa,1119946360,0.014581976800651764,0.12075585617539086
4area,751,edges-corr,sfa,1120251466,0.01704543117828572,0.1305581524772994
4area,751,edges-corr,sfa,1121607504,0.10844110946280983,0.32930397729576455
4area,751,edges-corr,sfa,1122903357,0.04944212436111084,0.2223558507463001
4area,751,edges-corr,sfa,1124285719,0.0070300075242943905,0.08384514013522006
4area,751,edges-corr,sfa,1124507277,0.007123237835946372,0.08439927627620043
4area,751,edges-corr,sfa,1125713722,0.060103325293544896,0.24515979542646255
4area,751,edges-corr,sfa,1125937457,0.004948240501550405,0.07034373107498879
4area,751,edges-corr,sfa,1128520325,0.023684778060399037,0.15389859668105807
4area,751,edges-corr,sfa,1128719842,0.00024658980103542394,0.01570317805527
4area,751,edges-corr,sfa,1130113579,0.010215377974128415,0.10107115302661057
4area,751,edges-corr,sfa,1130349290,0.1783424877244727,0.4223061540215492
4area,751,edges-corr,sfa,1139846596,0.009849407266063981,0.09924418001104114
4area,751,edges-corr,sfa,1140102579,0.0015171921970686952,0.038951151421602256
4area,751,edges-corr,pca,1048189115,0.015574144149998581,0.12479641080575415
4area,751,edges-corr,pca,1051155866,0.0008230186789219829,0.028688302126861118
4area,751,edges-corr,pca,1052342277,0.008448133580517214,0.09191372900996467
4area,751,edges-corr,pca,1052533639,0.04550082097721897,0.2133092144686182
4area,751,edges-corr,pca,1053709239,0.12986758532058817,0.3603714546417186
4area,751,edges-corr,pca,1053718935,0.010644145567903496,0.10317046848737066
4area,751,edges-corr,pca,1053925378,0.0031907746755514,0.05648694252259728
4area,751,edges-corr,pca,1053941483,0.06237840011032314,0.2497566818131661
4area,751,edges-corr,pca,1055221968,0.0656414033030388,0.25620578311786546
4area,751,edges-corr,pca,1055240613,0.0621189215851512,0.24923667784888992
4area,751,edges-corr,pca,1055403683,0.0024296367408646047,0.04929134549659222
4area,751,edges-corr,pca,1055415082,0.14479029274658173,0.38051319654721805
4area,751,edges-corr,pca,1062755779,0.001192359058313941,0.034530552534155164
4area,751,edges-corr,pca,1063010385,0.05222534291985237,0.2285286479193634
4area,751,edges-corr,pca,1064400234,0.014163292759955537,0.11900963305529315
4area,751,edges-corr,pca,1064415305,0.02392040100153414,0.15466221581735518
4area,751,edges-corr,pca,1064639378,0.07799314440428307,0.27927252712052286
4area,751,edges-corr,pca,1064644573,0.08564575330213575,0.2926529571047174
4area,751,edges-corr,pca,1065437523,0.059740455116780944,0.24441860632280227
4area,751,edges-corr,pca,1065449881,0.001447707729137937,0.03804875463320588
4area,751,edges-corr,pca,1065905010,0.025464325040686187,0.15957545250033375
4area,751,edges-corr,pca,1065908084,0.16487358652204764,0.4060462861818183
4area,751,edges-corr,pca,1067588044,0.004168659135873054,0.06456515419228077
4area,751,edges-corr,pca,1067781390,0.01172734124261332,0.1082928494528303
4area,751,edges-corr,pca,1071300149,0.01159812252626291,0.10769457983697611
4area,751,edges-corr,pca,1081090969,0.09732629696726958,0.3119716284652648
4area,751,edges-corr,pca,1081429294,0.00013136022070758813,0.011461248653951704
4area,751,edges-corr,pca,1081431006,0.008075538163402562,0.08986399814943848
4area,751,edges-corr,pca,1087992708,0.09477299398593308,0.3078522275149771
4area,751,edges-corr,pca,1089296550,0.051946652930951465,0.22791808381730388
4area,751,edges-corr,pca,1090800639,0.02605777893269956,0.16142422040294813
4area,751,edges-corr,pca,1090803859,0.003162758051917236,0.056238403710607364
4area,751,edges-corr,pca,1091039902,0.025562255514443133,0.15988200497380245
4area,751,edges-corr,pca,1092283837,0.08981022115537463,0.299683535008806
4area,751,edges-corr,pca,1092466205,0.0002472881042701047,0.015725396792137327
4area,751,edges-corr,pca,1093642839,0.043711173700698325,0.20907217342510748
4area,751,edges-corr,pca,1096620314,0.06369664355391258,0.2523819398330883
4area,751,edges-corr,pca,1096935816,0.011602841653226337,0.1077164873787959
4area,751,edges-corr,pca,1098119201,0.013853485729119153,0.11770083147165578
4area,751,edges-corr,pca,1104052767,0.005779311576262769,0.07602178356407371
4area,751,edges-corr,pca,1104058216,0.0037001113856861556,0.06082854088079251
4area,751,edges-corr,pca,1104289498,0.04689064004569221,0.21654246707214822
4area,751,edges-corr,pca,1104297538,0.09012946068446592,0.3002156902702883
4area,751,edges-corr,pca,1105543760,0.01745332084607787,0.13211101712604398
4area,751,edges-corr,pca,1105798776,0.20367165500931272,0.4512999612334496
4area,751,edges-corr,pca,1108334384,0.007944039338004805,0.08912934050022411
4area,751,edges-corr,pca,1108335514,0.0012076747274689659,0.034751614746208234
4area,751,edges-corr,pca,1108528422,0.09416123175878122,0.30685702168726925
4area,751,edges-corr,pca,1108531612,0.16065349295307452,0.4008160338023848
4area,751,edges-corr,pca,1109889304,0.0772472374166967,0.277933872380998
4area,751,edges-corr,pca,1111013640,0.28933521414889807,0.5378988884064527
4area,751,edges-corr,pca,1111216934,0.3650237154476519,0.604171925405056
4area,751,edges-corr,pca,1112302803,0.03294677468319962,0.18151246426402692
4area,751,edges-corr,pca,1112515874,0.04932508597718577,0.22209251670685679
4area,751,edges-corr,pca,1115077618,0.058751341096914045,0.2423867593267299
4area,751,edges-corr,pca,1115086689,0.05597622680947012,0.2365929559591119
4area,751,edges-corr,pca,1115356973,0.08160361066280264,0.2856634569958199
4area,751,edges-corr,pca,1115368723,0.050634940404101325,0.22502208870264592
4area,751,edges-corr,pca,1116941914,0.049839208628967624,0.22324696779344538
4area,751,edges-corr,pca,1117148442,0.00897949194729697,0.09476018123292632
4area,751,edges-corr,pca,1118324999,0.0011072795685774794,0.03327581056229335
4area,751,edges-corr,pca,1118327332,1.1763630209382647e-05,0.0034298148942970255
4area,751,edges-corr,pca,1118508667,0.0038773886734754237,0.06226868132115272
4area,751,edges-corr,pca,1118512505,0.022683660869719846,0.1506109586641018
4area,751,edges-corr,pca,1119946360,0.2105350077727307,0.45884093951251903
4area,751,edges-corr,pca,1120251466,0.11295742961282551,0.33609140068265
4area,751,edges-corr,pca,1121607504,0.10666886810439136,0.3266020026031549
4area,751,edges-corr,pca,1122903357,0.013978396509451319,0.1182302690069319
4area,751,edges-corr,pca,1124285719,0.0004420605514547926,0.02102523606181294
4area,751,edges-corr,pca,1124507277,0.009435514286089575,0.09713657542908123
4area,751,edges-corr,pca,1125713722,0.07088543404357228,0.2662431859101231
4area,751,edges-corr,pca,1125937457,1.2578258046236357e-07,0.0003546583994641993
4area,751,edges-corr,pca,1128520325,0.008897976484258385,0.09432908609892486
4area,751,edges-corr,pca,1128719842,0.038153276699960825,0.1953286376852122
4area,751,edges-corr,pca,1130113579,7.420028467097772e-05,0.00861395871077973
4area,751,edges-corr,pca,1130349290,0.009002644202809718,0.09488226495404438
4area,751,edges-corr,pca,1139846596,0.0005580806498038937,0.023623730649581294
4area,751,edges-corr,pca,1140102579,0.06064948972346751,0.2462711711172613
4area,751,edges-cov,sfa,1048189115,0.053557655774405855,0.23142527038853347
4area,751,edges-cov,sfa,1051155866,6.524807676488997e-06,0.0025543703092227093
4area,751,edges-cov,sfa,1052342277,0.16211613306131845,0.40263647755924736
4area,751,edges-cov,sfa,1052533639,0.052103219183442406,0.22826129585070382
4area,751,edges-cov,sfa,1053709239,0.42045360281015154,0.6484239375672005
4area,751,edges-cov,sfa,1053718935,0.012725757614129862,0.11280849974239451
4area,751,edges-cov,sfa,1053925378,0.009093624754812013,0.0953604989228342
4area,751,edges-cov,sfa,1053941483,0.03219068030309513,0.17941761424981426
4area,751,edges-cov,sfa,1055221968,6.781113198750521e-05,0.00823475148304752
4area,751,edges-cov,sfa,1055240613,0.07650943409275801,0.2766033877101978
4area,751,edges-cov,sfa,1055403683,0.01312255475076829,0.11455371993422188
4area,751,edges-cov,sfa,1055415082,0.1671819595281574,0.4088789057021129
4area,751,edges-cov,sfa,1062755779,0.006270894829995655,0.07918898174617282
4area,751,edges-cov,sfa,1063010385,0.02828662187868347,0.16818627137398515
4area,751,edges-cov,sfa,1064400234,0.023141460716030737,0.15212317613049917
4area,751,edges-cov,sfa,1064415305,0.011019562787215609,0.10497410531752958
4area,751,edges-cov,sfa,1064639378,0.0839106303324415,0.2896733165696164
4area,751,edges-cov,sfa,1064644573,0.027983539626370346,0.16728281330241426
4area,751,edges-cov,sfa,1065437523,0.047234172236736316,0.21733424082904287
4area,751,edges-cov,sfa,1065449881,1.1530343376753294e-06,0.0010737943647154808
4area,751,edges-cov,sfa,1065905010,0.019376014293745247,0.13919775247375685
4area,751,edges-cov,sfa,1065908084,0.11149667272716013,0.33391117490608224
4area,751,edges-cov,sfa,1067588044,0.015246449939518958,0.12347651574092586
4area,751,edges-cov,sfa,1067781390,0.003433377762289802,0.05859503189085164
4area,751,edges-cov,sfa,1071300149,0.0292877009853999,0.17113649811013415
4area,751,edges-cov,sfa,1081090969,0.16340388065785683,0.40423245868912655
4area,751,edges-cov,sfa,1081429294,0.001741135770358837,0.04172691901349498
4area,751,edges-cov,sfa,1081431006,0.007190883354845301,0.08479907637967007
4area,751,edges-cov,sfa,1087992708,0.27853961703446506,0.5277685259983442
4area,751,edges-cov,sfa,1089296550,0.02721778686411458,0.1649781405644841
4area,751,edges-cov,sfa,1090800639,0.29189639650722254,0.5402743715069439
4area,751,edges-cov,sfa,1090803859,0.19713640023528145,0.44400045071517896
4area,751,edges-cov,sfa,1091039902,0.03792686985837601,0.19474822170786532
4area,751,edges-cov,sfa,1092283837,0.11583423459210507,0.3403442883200855
4area,751,edges-cov,sfa,1092466205,0.005442019676582532,0.07377004593046209
4area,751,edges-cov,sfa,1093642839,0.0034881979615916103,0.05906096817350266
4area,751,edges-cov,sfa,1096620314,0.028397246694925604,0.16851482633562437
4area,751,edges-cov,sfa,1096935816,0.012856306515978022,0.11338565392490366
4area,751,edges-cov,sfa,1098119201,0.0028409796981194724,0.05330084143913119
4area,751,edges-cov,sfa,1104052767,0.029613193300091156,0.17208484331890292
4area,751,edges-cov,sfa,1104058216,0.09066408029303175,0.3011047663073967
4area,751,edges-cov,sfa,1104289498,0.008240908563815097,0.09077945011848769
4area,751,edges-cov,sfa,1104297538,0.010741668042497876,0.10364201871103167
4area,751,edges-cov,sfa,1105543760,0.34796446653334057,0.5898851299476372
4area,751,edges-cov,sfa,1105798776,0.4651096382677882,0.681989470789533
4area,751,edges-cov,sfa,1108334384,0.01157829583079395,0.10760248989123744
4area,751,edges-cov,sfa,1108335514,0.0016145519879804393,0.040181488125508986
4area,751,edges-cov,sfa,1108528422,0.06701111123516323,0.2588650444443269
4area,751,edges-cov,sfa,1108531612,0.31603652346938127,0.5621712581317025
4area,751,edges-cov,sfa,1109889304,0.10181596187142694,0.3190861355048614
4area,751,edges-cov,sfa,1111013640,0.3583272054068838,0.5986043813796253
4area,751,edges-cov,sfa,1111216934,0.4665651419132335,0.6830557385113125
4area,751,edges-cov,sfa,1112302803,0.2599319107456123,0.509835179980366
4area,751,edges-cov,sfa,1112515874,0.11196252085079472,0.3346080107391259
4area,751,edges-cov,sfa,1115077618,0.43701276252765053,0.6610694082527573
4area,751,edges-cov,sfa,1115086689,0.005399503521458571,0.07348131409725014
4area,751,edges-cov,sfa,1115356973,0.03316498723771866,0.18211256748977747
4area,751,edges-cov,sfa,1115368723,0.10284053528980264,0.3206875976551051
4area,751,edges-cov,sfa,1116941914,0.15862192557524102,0.39827368175067906
4area,751,edges-cov,sfa,1117148442,0.14720682671216767,0.38367541843616754
4area,751,edges-cov,sfa,1118324999,0.24857516006343372,0.49857312408856713
4area,751,edges-cov,sfa,1118327332,0.21953971088002733,0.4685506492152445
4area,751,edges-cov,sfa,1118508667,0.012958681923648574,0.11383620655858331
4area,751,edges-cov,sfa,1118512505,0.050299501026775384,0.22427550251147635
4area,751,edges-cov,sfa,1119946360,0.17798937077157118,0.4218878651627364
4area,751,edges-cov,sfa,1120251466,0.09070430854297606,0.30117155998363476
4area,751,edges-cov,sfa,1121607504,0.036733435814714,0.1916596875055207
4area,751,edges-cov,sfa,1122903357,0.09509888433870572,0.30838107000707027
4area,751,edges-cov,sfa,1124285719,0.0005356705321417632,0.023144557289822242
4area,751,edges-cov,sfa,1124507277,0.009756635620777998,0.09877568334756412
4area,751,edges-cov,sfa,1125713722,0.18608394193190625,0.4313744799265553
4area,751,edges-cov,sfa,1125937457,0.0034321877368246323,0.05858487634897373
4area,751,edges-cov,sfa,1128520325,8.423502370880076e-05,0.00917796402851988
4area,751,edges-cov,sfa,1128719842,0.006671143308984773,0.08167706721586429
4area,751,edges-cov,sfa,1130113579,0.016526210036432176,0.12855430773191637
4area,751,edges-cov,sfa,1130349290,0.011794342271352898,0.10860175998276034
4area,751,edges-cov,sfa,1139846596,0.005933034646247393,0.07702619454605915
4area,751,edges-cov,sfa,1140102579,0.07645041222953608,0.27649667670613315
4area,751,edges-cov,pca,1048189115,0.06459942439757616,0.25416416820153087
4area,751,edges-cov,pca,1051155866,0.0006458450950899142,0.025413482545491882
4area,751,edges-cov,pca,1052342277,0.10170396299160855,0.3189105877696889
4area,751,edges-cov,pca,1052533639,0.06504975516971834,0.2550485349295659
4area,751,edges-cov,pca,1053709239,0.19309160992157726,0.4394219042350727
4area,751,edges-cov,pca,1053718935,0.015154628177843299,0.123104135502603
4area,751,edges-cov,pca,1053925378,0.02256001301939914,0.15019991018439108
4area,751,edges-cov,pca,1053941483,0.03702186528194806,0.1924106683163594
4area,751,edges-cov,pca,1055221968,0.013622141910861973,0.11671393194842676
4area,751,edges-cov,pca,1055240613,0.0682522368298013,0.2612512905801645
4area,751,edges-cov,pca,1055403683,0.0087701347282374,0.09364899747587978
4area,751,edges-cov,pca,1055415082,0.17173719445654978,0.41441186572846783
4area,751,edges-cov,pca,1062755779,0.008296377992390136,0.0910844552730617
4area,751,edges-cov,pca,1063010385,0.09073443168603834,0.30122156577183934
4area,751,edges-cov,pca,1064400234,0.00022286840909357952,0.014928777883458639
4area,751,edges-cov,pca,1064415305,0.0032547036590296896,0.057050010158016314
4area,751,edges-cov,pca,1064639378,0.02954966946421378,0.1719001729615588
4area,751,edges-cov,pca,1064644573,0.023737873910142593,0.15407100282059125
4area,751,edges-cov,pca,1065437523,0.05058020373878436,0.22490043072165175
4area,751,edges-cov,pca,1065449881,2.586044780117369e-05,0.005085316883068422
4area,751,edges-cov,pca,1065905010,0.020135176328815563,0.14189847190444105
4area,751,edges-cov,pca,1065908084,0.016545134242218595,0.1286278906078253
4area,751,edges-cov,pca,1067588044,0.016326050908418988,0.12777343584806267
4area,751,edges-cov,pca,1067781390,0.00042922816380275286,0.020717822371157955
4area,751,edges-cov,pca,1071300149,0.02000516998226587,0.14143963370380275
4area,751,edges-cov,pca,1081090969,0.19344563388890823,0.43982454898391943
4area,751,edges-cov,pca,1081429294,0.006114029748406913,0.07819226143556066
4area,751,edges-cov,pca,1081431006,0.008000329763296676,0.08944456251386379
4area,751,edges-cov,pca,1087992708,0.3052029088258298,0.5524517253351915
4area,751,edges-cov,pca,1089296550,0.03953371151911189,0.19883086158620378
4area,751,edges-cov,pca,1090800639,0.21295034447442374,0.46146543150535463
4area,751,edges-cov,pca,1090803859,0.0723160584144299,0.26891645248000345
4area,751,edges-cov,pca,1091039902,0.04249985591109684,0.20615493181366454
4area,751,edges-cov,pca,1092283837,0.07167347458521423,0.2677190217097289
4area,751,edges-cov,pca,1092466205,0.0007900064714545518,0.028107053766883904
4area,751,edges-cov,pca,1093642839,0.01719762179381923,0.13113970334654215
4area,751,edges-cov,pca,1096620314,0.03248596496587164,0.18023863338882615
4area,751,edges-cov,pca,1096935816,0.009150110695689606,0.095656210962434
4area,751,edges-cov,pca,1098119201,0.013154569574934882,0.11469337197473493
4area,751,edges-cov,pca,1104052767,0.014969679062953989,0.12235063981424127
4area,751,edges-cov,pca,1104058216,0.06920967414554913,0.2630773159083646
4area,751,edges-cov,pca,1104289498,0.009203835630498536,0.09593662298881772
4area,751,edges-cov,pca,1104297538,0.04771613232488647,0.21844022597700818
4area,751,edges-cov,pca,1105543760,0.21245288656621297,0.4609261183380833
4area,751,edges-cov,pca,1105798776,0.3489054345489191,0.5906821772738009
4area,751,edges-cov,pca,1108334384,0.016427511175804987,0.12816985283523105
4area,751,edges-cov,pca,1108335514,0.0004041388433118076,0.02010320480201508
4area,751,edges-cov,pca,1108528422,0.07485775626090407,0.27360145515129153
4area,751,edges-cov,pca,1108531612,0.2507838667785929,0.5007832532928724
4area,751,edges-cov,pca,1109889304,0.07217662962969662,0.26865708557508156
4area,751,edges-cov,pca,1111013640,0.31561896345144447,0.5617997538727164
4area,751,edges-cov,pca,1111216934,0.47924141549003485,0.6922726453428848
4area,751,edges-cov,pca,1112302803,0.22751672509524024,0.47698713304998147
4area,751,edges-cov,pca,1112515874,0.011055490243871091,0.10514509139218585
4area,751,edges-cov,pca,1115077618,0.4641587779236096,0.6812919916772903
4area,751,edges-cov,pca,1115086689,0.011778862770075116,0.10853046931657098
4area,751,edges-cov,pca,1115356973,0.0739851270246672,0.2720020717286308
4area,751,edges-cov,pca,1115368723,0.0018398222589943725,0.04289314932473949
4area,751,edges-cov,pca,1116941914,0.11130514863856211,0.3336242626646959
4area,751,edges-cov,pca,1117148442,0.11083654182318592,0.3329212246510963
4area,751,edges-cov,pca,1118324999,0.20121807462382302,0.4485733770787373
4area,751,edges-cov,pca,1118327332,0.12854907359720724,0.35853740892298364
4area,751,edges-cov,pca,1118508667,0.009602189341419431,0.09799076151055947
4area,751,edges-cov,pca,1118512505,0.046209590985757276,0.21496416209628383
4area,751,edges-cov,pca,1119946360,0.20588618518548207,0.4537468293944121
4area,751,edges-cov,pca,1120251466,0.11903494260375158,0.3450144092697458
4area,751,edges-cov,pca,1121607504,0.05543158700804118,0.23543913652585657
4area,751,edges-cov,pca,1122903357,0.05302492356933797,0.2302714128356753
4area,751,edges-cov,pca,1124285719,0.00030367212977511215,0.017426190914121353
4area,751,edges-cov,pca,1124507277,0.015350945317476938,0.12389893186576305
4area,751,edges-cov,pca,1125713722,0.1952227255258756,0.4418401583444807
4area,751,edges-cov,pca,1125937457,0.00022457805838604905,0.014985928679464099
4area,751,edges-cov,pca,1128520325,0.003594939937034969,0.059957817980934
4area,751,edges-cov,pca,1128719842,0.021567679247922356,0.1468593859714878
4area,751,edges-cov,pca,1130113579,0.015697536537575885,0.12528981019051746
4area,751,edges-cov,pca,1130349290,0.005193753677563029,0.07206770204164267
4area,751,edges-cov,pca,1139846596,0.00046491059611042385,0.02156178555014089
4area,751,edges-cov,pca,1140102579,0.0719337842247666,0.2682047431063937
4area,751,node-var,sfa,1048189115,0.0717774447556433,0.2679131291214437
4area,751,node-var,sfa,1051155866,0.0009633025263798833,0.0310371153037765
4area,751,node-var,sfa,1052342277,0.23138951610221237,0.4810296416045606
4area,751,node-var,sfa,1052533639,0.07559904644020166,0.27495280766015456
4area,751,node-var,sfa,1053709239,0.5217196019697758,0.7223016004203343
4area,751,node-var,sfa,1053718935,0.00038054647221152926,0.019507600370405883
4area,751,node-var,sfa,1053925378,0.01680381415633081,0.12962952656062135
4area,751,node-var,sfa,1053941483,0.02605898086442815,0.16142794325775237
4area,751,node-var,sfa,1055221968,0.013815838533368874,0.11754079518774999
4area,751,node-var,sfa,1055240613,0.04247700343473215,0.20609949887064768
4area,751,node-var,sfa,1055403683,0.03543433715911826,0.18824010507625138
4area,751,node-var,sfa,1055415082,0.21398597883633608,0.4625861853064094
4area,751,node-var,sfa,1062755779,0.013950455783238613,0.11811204757872376
4area,751,node-var,sfa,1063010385,0.02486882471580043,0.15769852477369725
4area,751,node-var,sfa,1064400234,0.021847117438142494,0.14780770425841355
4area,751,node-var,sfa,1064415305,0.005918225307226299,0.0769300026467326
4area,751,node-var,sfa,1064639378,0.040651791125335235,0.2016228933562237
4area,751,node-var,sfa,1064644573,1.9122673965421555e-06,0.0013828475680593257
4area,751,node-var,sfa,1065437523,0.05333902511291411,0.23095243041136043
4area,751,node-var,sfa,1065449881,0.0012276694216494244,0.035038113842636005
4area,751,node-var,sfa,1065905010,0.01831437195590646,0.1353306024367973
4area,751,node-var,sfa,1065908084,0.13610802666544608,0.36892821343107696
4area,751,node-var,sfa,1067588044,0.023314333107576246,0.15269031766152139
4area,751,node-var,sfa,1067781390,0.0017078250668520756,0.04132584018325672
4area,751,node-var,sfa,1071300149,0.05162628290543558,0.22721417848680892
4area,751,node-var,sfa,1081090969,0.12956610065599583,0.3599529144985434
4area,751,node-var,sfa,1081429294,0.009855086545931369,0.09927278854717134
4area,751,node-var,sfa,1081431006,0.004358866951423623,0.06602171575643452
4area,751,node-var,sfa,1087992708,0.41624094800387157,0.6451673798355526
4area,751,node-var,sfa,1089296550,0.03477435644225357,0.1864788364459994
4area,751,node-var,sfa,1090800639,0.24128471463764878,0.49120740490921794
4area,751,node-var,sfa,1090803859,0.25436754667635797,0.5043486360409418
4area,751,node-var,sfa,1091039902,0.04098803503038084,0.2024550197707651
4area,751,node-var,sfa,1092283837,0.04632133040057296,0.21522390759525992
4area,751,node-var,sfa,1092466205,0.0027186933859055795,0.05214109114609674
4area,751,node-var,sfa,1093642839,0.022933255865438484,0.15143730011274745
4area,751,node-var,sfa,1096620314,0.03227658173891923,0.17965684439764354
4area,751,node-var,sfa,1096935816,0.01650016336573612,0.1284529616853425
4area,751,node-var,sfa,1098119201,0.04149613202184954,0.20370599407442513
4area,751,node-var,sfa,1104052767,0.02373266953334774,0.1540541123545475
4area,751,node-var,sfa,1104058216,0.0970570483077079,0.3115398021243963
4area,751,node-var,sfa,1104289498,0.003343349877784507,0.057821707669218694
4area,751,node-var,sfa,1104297538,0.001721929233191033,0.04149613515968713
4area,751,node-var,sfa,1105543760,0.38204562458302815,0.6180983939333835
4area,751,node-var,sfa,1105798776,0.4746293702017129,0.6889335020172214
4area,751,node-var,sfa,1108334384,0.014764243410049338,0.12150820305662213
4area,751,node-var,sfa,1108335514,0.00021187526419974567,0.014555935703336508
4area,751,node-var,sfa,1108528422,0.016030267367755813,0.12661069215416182
4area,751,node-var,sfa,1108531612,0.28949650787739656,0.5380487969296064
4area,751,node-var,sfa,1109889304,0.07444646865021831,0.27284880181195253
4area,751,node-var,sfa,1111013640,0.4256081559599063,0.6523865081068934
4area,751,node-var,sfa,1111216934,0.5108889579108543,0.7147649669023064
4area,751,node-var,sfa,1112302803,0.3148592929566508,0.5611232422174743
4area,751,node-var,sfa,1112515874,0.2509604656817982,0.5009595449552777
4area,751,node-var,sfa,1115077618,0.4625333475434691,0.6800980425964108
4area,751,node-var,sfa,1115086689,0.054359358599197494,0.2331509352312304
4area,751,node-var,sfa,1115356973,0.01978782381911126,0.14066919996613064
4area,751,node-var,sfa,1115368723,0.12949053233221075,0.3598479294538332
4area,751,node-var,sfa,1116941914,0.16281594282934686,0.4035045759707649
4area,751,node-var,sfa,1117148442,0.18752751448466487,0.43304447171701127
4area,751,node-var,sfa,1118324999,0.35270352198692745,0.5938884760516299
4area,751,node-var,sfa,1118327332,0.2208185012451196,0.4699132911986204
4area,751,node-var,sfa,1118508667,0.00359921032573296,0.05999341902019656
4area,751,node-var,sfa,1118512505,0.057022328433499414,0.23879348490588953
4area,751,node-var,sfa,1119946360,0.1861494001948456,0.4314503449933098
4area,751,node-var,sfa,1120251466,0.05209349998279211,0.22824000521992638
4area,751,node-var,sfa,1121607504,0.0428312729995699,0.20695717672883374
4area,751,node-var,sfa,1122903357,0.1239888839014307,0.35212055308009327
4area,751,node-var,sfa,1124285719,3.122548442591189e-05,0.005587976773934199
4area,751,node-var,sfa,1124507277,0.014617843129466346,0.12090427258565484
4area,751,node-var,sfa,1125713722,0.2146302498162579,0.46328204132715733
4area,751,node-var,sfa,1125937457,1.2273885928171246e-05,0.003503410613693603
4area,751,node-var,sfa,1128520325,0.008819109743077758,0.09391011523301236
4area,751,node-var,sfa,1128719842,0.0007083650383521434,0.026615127998041502
4area,751,node-var,sfa,1130113579,0.08796230648107495,0.29658440026588545
4area,751,node-var,sfa,1130349290,0.013937829676401448,0.118058585780118
4area,751,node-var,sfa,1139846596,0.011876071295936375,0.10897738892053033
4area,751,node-var,sfa,1140102579,0.06351637165255619,0.25202454573425204
4area,751,node-var,pca,1048189115,0.07798634248869807,0.2792603489375068
4area,751,node-var,pca,1051155866,0.0006721853900513164,0.025926538335292338
4area,751,node-var,pca,1052342277,0.24109334758757994,0.4910125737571089
4area,751,node-var,pca,1052533639,0.07457346670541432,0.27308142870838825
4area,751,node-var,pca,1053709239,0.5559204175237931,0.7456007091760254
4area,751,node-var,pca,1053718935,7.572125598653834e-05,0.008701796135660888
4area,751,node-var,pca,1053925378,0.017870412263619073,0.13368026130891222
4area,751,node-var,pca,1053941483,0.022933962797677232,0.15143963417044137
4area,751,node-var,pca,1055221968,0.004960872227529056,0.07043345957376312
4area,751,node-var,pca,1055240613,0.05397344995473197,0.23232186714713746
4area,751,node-var,pca,1055403683,0.03775178661092882,0.1942981899321989
4area,751,node-var,pca,1055415082,0.20881154421357728,0.45695901808978145
4area,751,node-var,pca,1062755779,0.00463989184432434,0.06811675156908505
4area,751,node-var,pca,1063010385,0.033569621158547225,0.183220143975894
4area,751,node-var,pca,1064400234,0.019822553825908806,0.14079259151641763
4area,751,node-var,pca,1064415305,0.0012104406358313113,0.034791387380089966
4area,751,node-var,pca,1064639378,0.019062142507929813,0.13806571807632015
4area,751,node-var,pca,1064644573,0.000245843396017964,0.01567939399396364
4area,751,node-var,pca,1065437523,0.049151345484672815,0.22170102725218213
4area,751,node-var,pca,1065449881,0.00014595373276082846,0.012081131269905584
4area,751,node-var,pca,1065905010,0.01548463501683539,0.12443727342253767
4area,751,node-var,pca,1065908084,0.1429042626095285,0.3780268014434008
4area,751,node-var,pca,1067588044,0.026021378422119712,0.16131143301737688
4area,751,node-var,pca,1067781390,9.625546540437124e-05,0.009810986974021333
4area,751,node-var,pca,1071300149,0.052209673487528474,0.2284943620475756
4area,751,node-var,pca,1081090969,0.14656374343708278,0.38283644476079143
4area,751,node-var,pca,1081429294,0.011559505063177822,0.10751513876277129
4area,751,node-var,pca,1081431006,0.005387506700418321,0.0733996369229325
4area,751,node-var,pca,1087992708,0.4311948522162118,0.656654286680756
4area,751,node-var,pca,1089296550,0.02414991025409141,0.1554024139262051
4area,751,node-var,pca,1090800639,0.27705711792881516,0.5263621547269668
4area,751,node-var,pca,1090803859,0.2358735521934755,0.48566815027699284
4area,751,node-var,pca,1091039902,0.044244305535794726,0.21034330399562207
4area,751,node-var,pca,1092283837,0.03901592374034746,0.1975244889636405
4area,751,node-var,pca,1092466205,0.0003779224292314032,0.019440227087958905
4area,751,node-var,pca,1093642839,0.03805269192640881,0.195070992016775
4area,751,node-var,pca,1096620314,0.023487469238889225,0.15325622088153307
4area,751,node-var,pca,1096935816,0.013462861243827562,0.11602957055780011
4area,751,node-var,pca,1098119201,0.005885364494610079,0.07671612929892964
4area,751,node-var,pca,1104052767,0.023989369273493377,0.15488501952575387
4area,751,node-var,pca,1104058216,0.09866044399567087,0.31410260106479687
4area,751,node-var,pca,1104289498,0.005268252280826724,0.07258272715203445
4area,751,node-var,pca,1104297538,0.001617057467726335,0.04021265307992488
4area,751,node-var,pca,1105543760,0.39224793839981953,0.6262970049423993
4area,751,node-var,pca,1105798776,0.4791642394617208,0.6922169020341241
4area,751,node-var,pca,1108334384,0.0223314189143885,0.1494370065090591
4area,751,node-var,pca,1108335514,0.0009201629431954128,0.030334187696317502
4area,751,node-var,pca,1108528422,0.02333967673531978,0.15277328541116017
4area,751,node-var,pca,1108531612,0.2780496658155539,0.5273041492493242
4area,751,node-var,pca,1109889304,0.07944955778077634,0.2818679793463183
4area,751,node-var,pca,1111013640,0.41249484037226425,0.6422576121559508
4area,751,node-var,pca,1111216934,0.49972538761132623,0.7069125742348382
4area,751,node-var,pca,1112302803,0.34075663480769103,0.5837436379162438
4area,751,node-var,pca,1112515874,0.23884290162115662,0.4887155631051225
4area,751,node-var,pca,1115077618,0.4699084083809417,0.6854986567316829
4area,751,node-var,pca,1115086689,0.031971656532967296,0.17880619825097643
4area,751,node-var,pca,1115356973,0.02589227916792014,0.1609107801482553
4area,751,node-var,pca,1115368723,0.12901865535402102,0.35919166938282604
4area,751,node-var,pca,1116941914,0.157188971132172,0.39647064346830524
4area,751,node-var,pca,1117148442,0.20599169647682314,0.45386308120051255
4area,751,node-var,pca,1118324999,0.3676322586308043,0.6063268579164243
4area,751,node-var,pca,1118327332,0.2423462688575021,0.4922867750178764
4area,751,node-var,pca,1118508667,0.0031142270743269584,0.05580526027469893
4area,751,node-var,pca,1118512505,0.05672090621234949,0.23816151286962653
4area,751,node-var,pca,1119946360,0.1882029418333726,0.4338236298697581
4area,751,node-var,pca,1120251466,0.060948353778411346,0.24687720384517334
4area,751,node-var,pca,1121607504,0.02516566213978222,0.15863688770201564
4area,751,node-var,pca,1122903357,0.11649924745294771,0.34131986091194283
4area,751,node-var,pca,1124285719,0.00013931687259960412,0.011803256864094737
4area,751,node-var,pca,1124507277,0.011526113146105188,0.10735973708101759
4area,751,node-var,pca,1125713722,0.21089843691952348,0.4592367983072823
4area,751,node-var,pca,1125937457,6.576108328237851e-05,0.008109320765771437
4area,751,node-var,pca,1128520325,0.010333015516926336,0.10165144129291202
4area,751,node-var,pca,1128719842,1.602364614439189e-06,0.001265845414887157
4area,751,node-var,pca,1130113579,0.11751038610399156,0.34279787937499206
4area,751,node-var,pca,1130349290,0.012777776695925391,0.11303882826677458
4area,751,node-var,pca,1139846596,0.007044974774907953,0.08393434800430617
4area,751,node-var,pca,1140102579,0.061238569178299396,0.24746427859046477
4area,1501,edges-corr,sfa,1048189115,0.018885578938439562,0.13742481194616757
4area,1501,edges-corr,sfa,1051155866,0.010847606756093864,0.10415184470806994
4area,1501,edges-corr,sfa,1052342277,0.2275475394571158,0.47701943299735283
4area,1501,edges-corr,sfa,1052533639,0.039622954197282345,0.1990551536566745
4area,1501,edges-corr,sfa,1053709239,0.31504523012938523,0.5612889007715951
4area,1501,edges-corr,sfa,1053718935,0.004344435877456143,0.06591233478990079
4area,1501,edges-corr,sfa,1053925378,0.0014527771777473886,0.03811531421551166
4area,1501,edges-corr,sfa,1053941483,0.11318866460352539,0.3364352309190068
4area,1501,edges-corr,sfa,1055221968,0.00297231909265383,0.05451897919673208
4area,1501,edges-corr,sfa,1055240613,0.005010576505643183,0.0707854257996886
4area,1501,edges-corr,sfa,1055403683,0.0119434953787525,0.10928630005061249
4area,1501,edges-corr,sfa,1055415082,0.04987720580761901,0.22333205279945573
4area,1501,edges-corr,sfa,1062755779,0.13025459565118358,0.3609080154986631
4area,1501,edges-corr,sfa,1063010385,0.012667181230119784,0.11254857275914186
4area,1501,edges-corr,sfa,1064400234,0.0008578142893199692,0.029288466831161153
4area,1501,edges-corr,sfa,1064415305,0.05432147250053443,0.23306967306051296
4area,1501,edges-corr,sfa,1064639378,0.0855344082819699,0.2924626613466578
4area,1501,edges-corr,sfa,1064644573,0.015696436496414945,0.1252854201270636
4area,1501,edges-corr,sfa,1065437523,0.057834923622176126,0.2404889261944844
4area,1501,edges-corr,sfa,1065449881,0.028806578239423786,0.16972500770194054
4area,1501,edges-corr,sfa,1065905010,0.010260193010439567,0.10129261083830046
4area,1501,edges-corr,sfa,1065908084,0.009254364271646165,0.09619960640068215
4area,1501,edges-corr,sfa,1067588044,0.011451248452017615,0.10701050626932733
4area,1501,edges-corr,sfa,1067781390,0.02222773048284654,0.14908967262304432
4area,1501,edges-corr,sfa,1071300149,0.029651008282269187,0.17219468134140808
4area,1501,edges-corr,sfa,1081090969,0.026552260358960744,0.16294864331733705
4area,1501,edges-corr,sfa,1081429294,0.13161717675723172,0.3627908168038875
4area,1501,edges-corr,sfa,1081431006,0.016854532542628697,0.12982500738543662
4area,1501,edges-corr,sfa,1087992708,0.39854705265289303,0.6313058313154511
4area,1501,edges-corr,sfa,1089296550,0.013007135812071358,0.11404883082290404
4area,1501,edges-corr,sfa,1090800639,0.5050595825980511,0.7106754411108154
4area,1501,edges-corr,sfa,1090803859,0.013422384909130058,0.11585501676289177
4area,1501,edges-corr,sfa,1091039902,0.16753151704274527,0.4093061409785406
4area,1501,edges-corr,sfa,1092283837,0.09833686555250232,0.313587094046459
4area,1501,edges-corr,sfa,1092466205,0.0027066350437746634,0.05202533078967013
4area,1501,edges-corr,sfa,1093642839,0.6643192543210836,0.815057822685658
4area,1501,edges-corr,sfa,1096620314,0.27640067382250044,0.5257382179588047
4area,1501,edges-corr,sfa,1096935816,0.02781503810632191,0.16677841019245238
4area,1501,edges-corr,sfa,1098119201,0.0038058574530204226,0.061691631952969304
4area,1501,edges-corr,sfa,1104052767,0.0034195843863294995,0.05847721253898669
4area,1501,edges-corr,sfa,1104058216,0.0755025871610222,0.27477734106185303
4area,1501,edges-corr,sfa,1104289498,0.118767219872697,0.3446262031138911
4area,1501,edges-corr,sfa,1104297538,0.024419728929463536,0.1562681315222765
4area,1501,edges-corr,sfa,1105543760,0.02125406179801015,0.1457877285576881
4area,1501,edges-corr,sfa,1105798776,0.0672364791819473,0.25929997913988984
4area,1501,edges-corr,sfa,1108334384,0.002702025476062797,0.0519810107256761
4area,1501,edges-corr,sfa,1108335514,0.11546143986792567,0.3397961740042484
4area,1501,edges-corr,sfa,1108528422,0.002017279033176278,0.04491412954935539
4area,1501,edges-corr,sfa,1108531612,0.10381454675439117,0.32220264858376196
4area,1501,edges-corr,sfa,1109889304,0.08065622213014245,0.28400039107392555
4area,1501,edges-corr,sfa,1111013640,0.6047039407224322,0.7776271219051136
4area,1501,edges-corr,sfa,1111216934,0.504479641479152,0.7102673028368628
4area,1501,edges-corr,sfa,1112302803,0.10259230567501709,0.32030033667640256
4area,1501,edges-corr,sfa,1112515874,0.177303419058347,0.42107412537265604
4area,1501,edges-corr,sfa,1115077618,0.4663382715143257,0.6828896481235651
4area,1501,edges-corr,sfa,1115086689,0.006625328291067878,0.08139611963151439
4area,1501,edges-corr,sfa,1115356973,0.001584328720355077,0.03980362697487697
4area,1501,edges-corr,sfa,1115368723,0.15595511255962313,0.3949115249769532
4area,1501,edges-corr,sfa,1116941914,0.24001196926448332,0.48991016448373775
4area,1501,edges-corr,sfa,1117148442,0.15836583718728414,0.3979520538799672
4area,1501,edges-corr,sfa,1118324999,0.045432343898176075,0.21314864273125508
4area,1501,edges-corr,sfa,1118327332,0.17181122466202037,0.414501175706439
4area,1501,edges-corr,sfa,1118508667,0.03649083301492928,0.19102573914247623
4area,1501,edges-corr,sfa,1118512505,0.019945160909739412,0.1412273376855189
4area,1501,edges-corr,sfa,1119946360,0.012436295372031392,0.11151813920628072
4area,1501,edges-corr,sfa,1120251466,0.0015035989783362957,0.038776268236334385
4area,1501,edges-corr,sfa,1121607504,0.18399745018789515,0.42894923964018805
4area,1501,edges-corr,sfa,1122903357,0.07802482249779341,0.279329236740076
4area,1501,edges-corr,sfa,1124285719,0.013689347406622532,0.11700148463426577
4area,1501,edges-corr,sfa,1124507277,0.06275357831771522,0.2505066432606433
4area,1501,edges-corr,sfa,1125713722,0.12808067855909055,0.3578836103527104
4area,1501,edges-corr,sfa,1125937457,0.012010899041463352,0.10959424730095657
4area,1501,edges-corr,sfa,1128520325,0.044846922540134115,0.21177091995865271
4area,1501,edges-corr,sfa,1128719842,0.0011900620957984165,0.0344972766432125
4area,1501,edges-corr,sfa,1130113579,0.05850819687145947,0.24188467680169262
4area,1501,edges-corr,sfa,1130349290,0.28412966327666,0.5330381442980051
4area,1501,edges-corr,sfa,1139846596,0.023359974120151894,0.15283970073299674
4area,1501,edges-corr,sfa,1140102579,0.001623016505396646,0.04028667900679513
4area,1501,edges-corr,pca,1048189115,0.027962168686220923,0.16721892442609754
4area,1501,edges-corr,pca,1051155866,0.007238556286349396,0.08507970549049573
4area,1501,edges-corr,pca,1052342277,0.022374373097737044,0.14958065749867894
4area,1501,edges-corr,pca,1052533639,0.08373194961734498,0.28936473457791195
4area,1501,edges-corr,pca,1053709239,0.16652893318025286,0.40807956721729294
4area,1501,edges-corr,pca,1053718935,0.007759195826657406,0.08808629761011234
4area,1501,edges-corr,pca,1053925378,0.0019461587648780254,0.04411528946837094
4area,1501,edges-corr,pca,1053941483,0.1022587376352384,0.3197792013800126
4area,1501,edges-corr,pca,1055221968,0.13802021187147928,0.371510715688632
4area,1501,edges-corr,pca,1055240613,0.05426368778079882,0.23294567560012513
4area,1501,edges-corr,pca,1055403683,1.647143557281794e-05,0.0040585016413605705
4area,1501,edges-corr,pca,1055415082,0.2090507845668781,0.4572207175608718
4area,1501,edges-corr,pca,1062755779,0.03739958536284349,0.19338972403631907
4area,1501,edges-corr,pca,1063010385,0.08746304299209584,0.2957415138124775
4area,1501,edges-corr,pca,1064400234,0.0319642708992649,0.17878554443596645
4area,1501,edges-corr,pca,1064415305,0.0033437898818948764,0.05782551237900839
4area,1501,edges-corr,pca,1064639378,0.11144514139001549,0.33383400274689734
4area,1501,edges-corr,pca,1064644573,0.24799022323364428,0.4979861677131653
4area,1501,edges-corr,pca,1065437523,0.10297953095209578,0.3209042395358713
4area,1501,edges-corr,pca,1065449881,0.002954590714240757,0.05435614697751088
4area,1501,edges-corr,pca,1065905010,0.00437001818824545,0.06610611309285389
4area,1501,edges-corr,pca,1065908084,0.26919121349700414,0.5188364034038137
4area,1501,edges-corr,pca,1067588044,0.0024158221466217267,0.0491510136886487
4area,1501,edges-corr,pca,1067781390,0.006885928006897468,0.08298149195391326
4area,1501,edges-corr,pca,1071300149,0.027387470936769076,0.16549160382559908
4area,1501,edges-corr,pca,1081090969,0.21114414933950576,0.4595042430048995
4area,1501,edges-corr,pca,1081429294,0.009419616738415848,0.09705471002695223
4area,1501,edges-corr,pca,1081431006,0.0020621409172624228,0.045410801768547
4area,1501,edges-corr,pca,1087992708,0.045418154341043904,0.2131153545407837
4area,1501,edges-corr,pca,1089296550,0.07967912618308726,0.28227491242242425
4area,1501,edges-corr,pca,1090800639,0.11021507582164614,0.3319865597003083
4area,1501,edges-corr,pca,1090803859,0.007017803777048637,0.08377233300469022
4area,1501,edges-corr,pca,1091039902,0.0159112997899461,0.12614000075291718
4area,1501,edges-corr,pca,1092283837,0.20133876710735954,0.44870788616577706
4area,1501,edges-corr,pca,1092466205,0.0018019384504291969,0.04244924558139007
4area,1501,edges-corr,pca,1093642839,0.0876977199902369,0.29613800835123616
4area,1501,edges-corr,pca,1096620314,0.09197243710900638,0.3032695782781488
4area,1501,edges-corr,pca,1096935816,0.0053468384423231985,0.07312207903446798
4area,1501,edges-corr,pca,1098119201,0.026097651034658886,0.16154767418523555
4area,1501,edges-corr,pca,1104052767,0.0021807091932889433,0.04669806412785355
4area,1501,edges-corr,pca,1104058216,0.009189412228581606,0.09586142200375253
4area,1501,edges-corr,pca,1104289498,0.04012618467302864,0.2003152132840352
4area,1501,edges-corr,pca,1104297538,0.06857187695923628,0.2618623244364035
4area,1501,edges-corr,pca,1105543760,0.0748403396377667,0.2735696248448772
4area,1501,edges-corr,pca,1105798776,0.24521250506301817,0.49518936283306597
4area,1501,edges-corr,pca,1108334384,0.003911246951495362,0.06253996283573775
4area,1501,edges-corr,pca,1108335514,6.016916368645209e-05,0.007756878475679857
4area,1501,edges-corr,pca,1108528422,0.08189447899138769,0.28617211427982886
4area,1501,edges-corr,pca,1108531612,0.014548399265577161,0.12061674537798275
4area,1501,edges-corr,pca,1109889304,0.09369109940610065,0.3060900184685885
4area,1501,edges-corr,pca,1111013640,0.5666437225688667,0.7527574128289058
4area,1501,edges-corr,pca,1111216934,0.6263755739270336,0.7914389262141666
4area,1501,edges-corr,pca,1112302803,0.04279483143869944,0.206869116686612
4area,1501,edges-corr,pca,1112515874,0.07453710947806647,0.2730148521199288
4area,1501,edges-corr,pca,1115077618,0.11111377823354773,0.3333373339929807
4area,1501,edges-corr,pca,1115086689,0.17967880849018902,0.42388537187568615
4area,1501,edges-corr,pca,1115356973,0.2357003836912669,0.48548983891660036
4area,1501,edges-corr,pca,1115368723,0.008938314259424707,0.09454265841102973
4area,1501,edges-corr,pca,1116941914,0.06209837788252537,0.24919546119968816
4area,1501,edges-corr,pca,1117148442,0.0022660400431062655,0.04760294153837822
4area,1501,edges-corr,pca,1118324999,0.0008309922985052509,0.028826937029542903
4area,1501,edges-corr,pca,1118327332,0.0012893464253508347,0.03590747032792343
4area,1501,edges-corr,pca,1118508667,0.0008705030589739593,0.029504288823390748
4area,1501,edges-corr,pca,1118512505,0.0315102785534368,0.17751134767511842
4area,1501,edges-corr,pca,1119946360,0.31599310529848745,0.5621326403069723
4area,1501,edges-corr,pca,1120251466,0.1510538602714786,0.3886564810619767
4area,1501,edges-corr,pca,1121607504,0.15032150545749967,0.38771317421194207
4area,1501,edges-corr,pca,1122903357,0.006053456835050097,0.0778039641345483
4area,1501,edges-corr,pca,1124285719,0.0011416394425449727,0.03378815535871917
4area,1501,edges-corr,pca,1124507277,0.0012617191241885983,0.03552068586314685
4area,1501,edges-corr,pca,1125713722,0.13670982995278824,0.3697429241416098
4area,1501,edges-corr,pca,1125937457,3.1879209039242795e-06,0.0017854749799002742
4area,1501,edges-corr,pca,1128520325,0.0070365991471743605,0.08388443924336764
4area,1501,edges-corr,pca,1128719842,0.13888309620997263,0.3726702244746317
4area,1501,edges-corr,pca,1130113579,0.003952662563175058,0.06287020409681414
4area,1501,edges-corr,pca,1130349290,0.0057138964601339826,0.07559031988379217
4area,1501,edges-corr,pca,1139846596,1.4490284089729855e-05,0.003806610577636543
4area,1501,edges-corr,pca,1140102579,0.12028709552215266,0.346824300651141
4area,1501,edges-cov,sfa,1048189115,0.06423956511702811,0.25345525269172814
4area,1501,edges-cov,sfa,1051155866,0.0008828481613036843,0.02971276091688069
4area,1501,edges-cov,sfa,1052342277,0.19988497237388425,0.44708497220761584
4area,1501,edges-cov,sfa,1052533639,0.08135284684536048,0.28522420452226777
4area,1501,edges-cov,sfa,1053709239,0.5280731006724864,0.7266863839872647
4area,1501,edges-cov,sfa,1053718935,0.03240865515094771,0.18002404048056342
4area,1501,edges-cov,sfa,1053925378,0.013747611680922422,0.11725020972656047
4area,1501,edges-cov,sfa,1053941483,0.042611907950137806,0.20642651949334828
4area,1501,edges-cov,sfa,1055221968,0.00017462635104126267,0.01321462640566212
4area,1501,edges-cov,sfa,1055240613,0.07307181597790757,0.27031799048140975
4area,1501,edges-cov,sfa,1055403683,0.012147353171269137,0.11021503151235508
4area,1501,edges-cov,sfa,1055415082,0.25175860555092644,0.5017555236875089
4area,1501,edges-cov,sfa,1062755779,0.0008042507264806042,0.028359314633479148
4area,1501,edges-cov,sfa,1063010385,0.07428704908802952,0.272556506229496
4area,1501,edges-cov,sfa,1064400234,0.03136025805688458,0.17708827758178933
4area,1501,edges-cov,sfa,1064415305,0.00015984530463453162,0.012642994290695847
4area,1501,edges-cov,sfa,1064639378,0.12915311646491834,0.35937879245291937
4area,1501,edges-cov,sfa,1064644573,0.1535728173028863,0.3918836782807954
4area,1501,edges-cov,sfa,1065437523,0.07343694466229023,0.2709925177238112
4area,1501,edges-cov,sfa,1065449881,0.00816434185774928,0.09035674771564861
4area,1501,edges-cov,sfa,1065905010,0.010458591931264638,0.10226725737627058
4area,1501,edges-cov,sfa,1065908084,0.12723231091313714,0.3566963847772186
4area,1501,edges-cov,sfa,1067588044,0.019293545844822013,0.13890120893938238
4area,1501,edges-cov,sfa,1067781390,0.008479126571926399,0.09208217293225876
4area,1501,edges-cov,sfa,1071300149,0.04589346459676957,0.214227599988353
4area,1501,edges-cov,sfa,1081090969,0.31316284216212564,0.5596095443808362
4area,1501,edges-cov,sfa,1081429294,0.03809373335387656,0.19517615979897926
4area,1501,edges-cov,sfa,1081431006,0.031332891761339354,0.17701099333470585
4area,1501,edges-cov,sfa,1087992708,0.25436263514784485,0.5043437668375058
4area,1501,edges-cov,sfa,1089296550,0.0559753565097213,0.23659111671768515
4area,1501,edges-cov,sfa,1090800639,0.49280674904114696,0.7020019580037848
4area,1501,edges-cov,sfa,1090803859,0.3093823217402054,0.5562214682482196
4area,1501,edges-cov,sfa,1091039902,0.04196676946617306,0.20485792507533862
4area,1501,edges-cov,sfa,1092283837,0.15723828203974488,0.39653282592963796
4area,1501,edges-cov,sfa,1092466205,0.004263842856591427,0.06529810760344779
4area,1501,edges-cov,sfa,1093642839,0.001215306544747552,0.034861247033743305
4area,1501,edges-cov,sfa,1096620314,0.051697497012372584,0.22737083588792273
4area,1501,edges-cov,sfa,1096935816,0.003917415796836687,0.06258926263215228
4area,1501,edges-cov,sfa,1098119201,0.014907364078554752,0.12209571687227551
4area,1501,edges-cov,sfa,1104052767,0.005701878438531316,0.0755107835910305
4area,1501,edges-cov,sfa,1104058216,0.16920509727731303,0.4113454719299984
4area,1501,edges-cov,sfa,1104289498,0.0038987981071175737,0.06244035639806626
4area,1501,edges-cov,sfa,1104297538,2.2689994633395827e-05,0.004763401582198163
4area,1501,edges-cov,sfa,1105543760,0.5176478350094689,0.7194774735941838
4area,1501,edges-cov,sfa,1105798776,0.5782395894992733,0.7604206661442551
4area,1501,edges-cov,sfa,1108334384,0.006992631810422645,0.08362195770503558
4area,1501,edges-cov,sfa,1108335514,6.623516239367966e-05,0.008138498780110423
4area,1501,edges-cov,sfa,1108528422,0.03287991869456508,0.18132820711231085
4area,1501,edges-cov,sfa,1108531612,0.06819737450744956,0.26114627033034477
4area,1501,edges-cov,sfa,1109889304,0.14045482964171951,0.37477303750632857
4area,1501,edges-cov,sfa,1111013640,0.6339264494694448,0.7961949820674864
4area,1501,edges-cov,sfa,1111216934,0.5423332764680633,0.7364328051275706
4area,1501,edges-cov,sfa,1112302803,0.3696784691450601,0.608011898851544
4area,1501,edges-cov,sfa,1112515874,0.17007042944932704,0.4123959619702013
4area,1501,edges-cov,sfa,1115077618,0.5489928261504635,0.7409405010866017
4area,1501,edges-cov,sfa,1115086689,5.158055872822587e-05,0.007181960646525258
4area,1501,edges-cov,sfa,1115356973,0.11902363467679711,0.344998021265046
4area,1501,edges-cov,sfa,1115368723,0.11786829940169308,0.3433195295955249
4area,1501,edges-cov,sfa,1116941914,0.22231188678835867,0.4714996148337324
4area,1501,edges-cov,sfa,1117148442,0.20601668266052153,0.45389060649072743
4area,1501,edges-cov,sfa,1118324999,0.323742741303121,0.5689839552246801
4area,1501,edges-cov,sfa,1118327332,0.2725212562356192,0.5220356848297051
4area,1501,edges-cov,sfa,1118508667,0.0016521275295364735,0.04064637166509027
4area,1501,edges-cov,sfa,1118512505,0.06762811600496588,0.2600540636194057
4area,1501,edges-cov,sfa,1119946360,0.25869886020409305,0.5086244785734296
4area,1501,edges-cov,sfa,1120251466,0.08598661818320175,0.29323474927641413
4area,1501,edges-cov,sfa,1121607504,0.054143776736531035,0.23268815340822832
4area,1501,edges-cov,sfa,1122903357,0.0960756722601438,0.3099607592262994
4area,1501,edges-cov,sfa,1124285719,2.6925139047451196e-05,0.005188943924107269
4area,1501,edges-cov,sfa,1124507277,2.453830316273553e-06,0.0015664706559839817
4area,1501,edges-cov,sfa,1125713722,0.23031605576934333,0.4799125501269409
4area,1501,edges-cov,sfa,1125937457,0.009147063782313669,0.09564028326136219
4area,1501,edges-cov,sfa,1128520325,0.0005080794840737202,0.022540618537954055
4area,1501,edges-cov,sfa,1128719842,0.021652354951401165,0.14714739192864115
4area,1501,edges-cov,sfa,1130113579,0.07035568665653757,0.26524646398498464
4area,1501,edges-cov,sfa,1130349290,0.0158908891242332,0.12605906998004218
4area,1501,edges-cov,sfa,1139846596,0.0032751191634747823,0.05722865683794079
4area,1501,edges-cov,sfa,1140102579,0.14132523124573249,0.37593248229666515
4area,1501,edges-cov,pca,1048189115,0.07795170200715607,0.279198320208335
4area,1501,edges-cov,pca,1051155866,0.002987899456158294,0.05466168179043017
4area,1501,edges-cov,pca,1052342277,0.15012755382768206,0.3874629709116498
4area,1501,edges-cov,pca,1052533639,0.10626172571816717,0.3259781061945232
4area,1501,edges-cov,pca,1053709239,0.23929750723018028,0.48918044444783426
4area,1501,edges-cov,pca,1053718935,0.026162099278795203,0.16174702247273326
4area,1501,edges-cov,pca,1053925378,0.022962385150522513,0.15153344564987162
4area,1501,edges-cov,pca,1053941483,0.06735984316776344,0.2595377490226882
4area,1501,edges-cov,pca,1055221968,0.028364528254627208,0.1684177195387328
4area,1501,edges-cov,pca,1055240613,0.06471308531332964,0.25438766737664315
4area,1501,edges-cov,pca,1055403683,0.010430704382122569,0.10213081994247734
4area,1501,edges-cov,pca,1055415082,0.28609293133870084,0.5348765571033195
4area,1501,edges-cov,pca,1062755779,0.0029401243658804255,0.05422291366092935
4area,1501,edges-cov,pca,1063010385,0.15942787880746856,0.3992842080617125
4area,1501,edges-cov,pca,1064400234,6.17331211824057e-05,0.007857042775906407
4area,1501,edges-cov,pca,1064415305,0.005250029844997894,0.07245708968070592
4area,1501,edges-cov,pca,1064639378,0.03936177199214197,0.19839801408316085
4area,1501,edges-cov,pca,1064644573,0.15835708146209904,0.39794105274789016
4area,1501,edges-cov,pca,1065437523,0.08591104973783648,0.2931058677983711
4area,1501,edges-cov,pca,1065449881,0.01570637674777864,0.12532508427197905
4area,1501,edges-cov,pca,1065905010,0.008946517103188056,0.09458603016930141
4area,1501,edges-cov,pca,1065908084,0.01580947844547731,0.12573574847861438
4area,1501,edges-cov,pca,1067588044,0.02353201401012861,0.15340147981727134
4area,1501,edges-cov,pca,1067781390,5.206842991312133e-05,0.007215845751758675
4area,1501,edges-cov,pca,1071300149,0.037102307516439836,0.19261959276366447
4area,1501,edges-cov,pca,1081090969,0.35993008562428896,0.5999417351912509
4area,1501,edges-cov,pca,1081429294,0.027598336681613822,0.16612747118286544
4area,1501,edges-cov,pca,1081431006,0.00035189134694713076,0.018758767202220354
4area,1501,edges-cov,pca,1087992708,0.27804308701478353,0.5272979110662057
4area,1501,edges-cov,pca,1089296550,0.06692713543448936,0.2587027936348766
4area,1501,edges-cov,pca,1090800639,0.40044919802273704,0.6328105546075683
4area,1501,edges-cov,pca,1090803859,0.13235472690102834,0.36380589178987766
4area,1501,edges-cov,pca,1091039902,0.04899497400631414,0.2213480833581222
4area,1501,edges-cov,pca,1092283837,0.10440721081376969,0.32312104668958
4area,1501,edges-cov,pca,1092466205,0.0022559740337479983,0.0474970950032512
4area,1501,edges-cov,pca,1093642839,0.04238070379328063,0.20586574215561104
4area,1501,edges-cov,pca,1096620314,0.038081552467137625,0.19514495245108823
4area,1501,edges-cov,pca,1096935816,0.001971699368021551,0.04440382154749068
4area,1501,edges-cov,pca,1098119201,0.029896603183010795,0.17290634222899692
4area,1501,edges-cov,pca,1104052767,0.0013731265638906587,0.037055722417606546
4area,1501,edges-cov,pca,1104058216,0.1270557839042924,0.356448851736532
4area,1501,edges-cov,pca,1104289498,0.003622708088228399,0.060188936593266455
4area,1501,edges-cov,pca,1104297538,0.031666829464233937,0.17795176162160817
4area,1501,edges-cov,pca,1105543760,0.38384491418672984,0.6195521884286506
4area,1501,edges-cov,pca,1105798776,0.43851690442285385,0.6622060890862096
4area,1501,edges-cov,pca,1108334384,0.012281644693989735,0.11082258205794443
4area,1501,edges-cov,pca,1108335514,3.5895791650419895e-05,0.005991309677393874
4area,1501,edges-cov,pca,1108528422,0.06574906167664196,0.25641579841468776
4area,1501,edges-cov,pca,1108531612,0.025875699893395554,0.16085925491993178
4area,1501,edges-cov,pca,1109889304,0.08998528167926412,0.2999754684624468
4area,1501,edges-cov,pca,1111013640,0.5922596802570054,0.7695840956367305
4area,1501,edges-cov,pca,1111216934,0.5988601225741323,0.7738605317330324
4area,1501,edges-cov,pca,1112302803,0.3451758677913238,0.5875166957553837
4area,1501,edges-cov,pca,1112515874,0.016783050050513837,0.1295494116177836
4area,1501,edges-cov,pca,1115077618,0.574665615746529,0.7580670258931791
4area,1501,edges-cov,pca,1115086689,0.07942329787177149,0.28182139356651287
4area,1501,edges-cov,pca,1115356973,0.20363960800585923,0.45126445462262915
4area,1501,edges-cov,pca,1115368723,0.047033131965239616,0.21687123360473531
4area,1501,edges-cov,pca,1116941914,0.15753101296325,0.3969017673974884
4area,1501,edges-cov,pca,1117148442,0.14370439398641666,0.37908362400190326
4area,1501,edges-cov,pca,1118324999,0.2647393061360379,0.5145282364807965
4area,1501,edges-cov,pca,1118327332,0.16805019867716064,0.4099392621805827
4area,1501,edges-cov,pca,1118508667,0.0001526726486433816,0.012356077397118413
4area,1501,edges-cov,pca,1118512505,0.06399782332772086,0.2529779107505651
4area,1501,edges-cov,pca,1119946360,0.299358288757117,0.5471364443693333
4area,1501,edges-cov,pca,1120251466,0.11499117696919625,0.3391034900575284
4area,1501,edges-cov,pca,1121607504,0.07423477346355856,0.27246059066139894
4area,1501,edges-cov,pca,1122903357,0.04792544507305174,0.21891880931763688
4area,1501,edges-cov,pca,1124285719,0.00022101586116085592,0.014866602206312625
4area,1501,edges-cov,pca,1124507277,2.3615811701183098e-05,0.004859610241692409
4area,1501,edges-cov,pca,1125713722,0.23558281345828502,0.48536873967972577
4area,1501,edges-cov,pca,1125937457,0.0012231482717205422,0.03497353673451735
4area,1501,edges-cov,pca,1128520325,0.005042694596286701,0.07101193277391211
4area,1501,edges-cov,pca,1128719842,0.052729612720387564,0.22962929412509134
4area,1501,edges-cov,pca,1130113579,0.05443409082941042,0.23331114596051925
4area,1501,edges-cov,pca,1130349290,0.003986788127726459,0.06314101779134185
4area,1501,edges-cov,pca,1139846596,6.109234566453736e-06,0.002471686583395345
4area,1501,edges-cov,pca,1140102579,0.1274382850833886,0.356984992798561
4area,1501,node-var,sfa,1048189115,0.06406952028725132,0.2531195770525296
4area,1501,node-var,sfa,1051155866,0.00332082553292401,0.057626604384815795
4area,1501,node-var,sfa,1052342277,0.2687515447795419,0.5184125237487439
4area,1501,node-var,sfa,1052533639,0.11840071503414851,0.34409404969302937
4area,1501,node-var,sfa,1053709239,0.6366699819374115,0.7979160243643508
4area,1501,node-var,sfa,1053718935,0.001797430423074231,0.042396113301505015
4area,1501,node-var,sfa,1053925378,0.018304274661876452,0.1352932912670705
4area,1501,node-var,sfa,1053941483,0.02621530401806793,0.16191140793059627
4area,1501,node-var,sfa,1055221968,0.036391912281982575,0.19076664352549297
4area,1501,node-var,sfa,1055240613,0.025202058171291064,0.15875156116174413
4area,1501,node-var,sfa,1055403683,0.02389727402860753,0.1545874316644388
4area,1501,node-var,sfa,1055415082,0.3607075706425825,0.6005893527549279
4area,1501,node-var,sfa,1062755779,0.0906016345539703,0.3010010540745167
4area,1501,node-var,sfa,1063010385,0.05724042937622276,0.23924972178922768
4area,1501,node-var,sfa,1064400234,0.02640989467704513,0.16251121400397292
4area,1501,node-var,sfa,1064415305,0.0011100108671580067,0.03331682558644985
4area,1501,node-var,sfa,1064639378,0.06081675140900522,0.24661052574658146
4area,1501,node-var,sfa,1064644573,0.04432753382992205,0.21054105022518044
4area,1501,node-var,sfa,1065437523,0.07614260646271054,0.27593949783006877
4area,1501,node-var,sfa,1065449881,0.0031127134168249526,0.05579169666558767
4area,1501,node-var,sfa,1065905010,0.01568699350799785,0.1252477285542444
4area,1501,node-var,sfa,1065908084,0.15083261239065038,0.3883717450982381
4area,1501,node-var,sfa,1067588044,0.04261461872233585,0.20643308533841143
4area,1501,node-var,sfa,1067781390,0.0015368657692877985,0.039202879604537964
4area,1501,node-var,sfa,1071300149,0.08694378861173191,0.29486232145143937
4area,1501,node-var,sfa,1081090969,0.2558769603293398,0.5058428217631835
4area,1501,node-var,sfa,1081429294,0.007957288981374377,0.08920363771379634
4area,1501,node-var,sfa,1081431006,0.017004359060062924,0.13040076326487776
4area,1501,node-var,sfa,1087992708,0.407906320022133,0.6386754418498748
4area,1501,node-var,sfa,1089296550,0.07448413450020985,0.27291781638473106
4area,1501,node-var,sfa,1090800639,0.4124679189666999,0.6422366533970963
4area,1501,node-var,sfa,1090803859,0.3972639762935257,0.6302888038776562
4area,1501,node-var,sfa,1091039902,0.0479722947042438,0.2190257854779746
4area,1501,node-var,sfa,1092283837,0.0508995260670323,0.22560923311565126
4area,1501,node-var,sfa,1092466205,9.195893389479792e-05,0.009589522088967333
4area,1501,node-var,sfa,1093642839,0.05178260294810633,0.22755791119648255
4area,1501,node-var,sfa,1096620314,0.04454999328844489,0.2110686932930722
4area,1501,node-var,sfa,1096935816,0.02041716179052011,0.14288863422441953
4area,1501,node-var,sfa,1098119201,0.05861275263303689,0.24210070762605537
4area,1501,node-var,sfa,1104052767,1.5701943075208113e-05,0.0039625677376395165
4area,1501,node-var,sfa,1104058216,0.17614051657632834,0.419690977477868
4area,1501,node-var,sfa,1104289498,0.02373760750544862,0.15407013826646782
4area,1501,node-var,sfa,1104297538,0.01727219302290428,0.13142371560302332
4area,1501,node-var,sfa,1105543760,0.5473502351283077,0.7398312207039578
4area,1501,node-var,sfa,1105798776,0.6206605930937579,0.787820152759345
4area,1501,node-var,sfa,1108334384,0.011052987781460577,0.1051331906747844
4area,1501,node-var,sfa,1108335514,1.3710783164366802e-07,0.0003702807471850206
4area,1501,node-var,sfa,1108528422,0.00040992720842025765,0.02024665919158273
4area,1501,node-var,sfa,1108531612,0.04925372797141481,0.22193180928252454
4area,1501,node-var,sfa,1109889304,0.08649652002132024,0.2941029071963081
4area,1501,node-var,sfa,1111013640,0.6825737992365726,0.826180246215419
4area,1501,node-var,sfa,1111216934,0.5707694700223515,0.7554928656329934
4area,1501,node-var,sfa,1112302803,0.45015223386982073,0.6709338520821713
4area,1501,node-var,sfa,1112515874,0.3638672440863381,0.6032140947344798
4area,1501,node-var,sfa,1115077618,0.5674030619269768,0.7532616158593095
4area,1501,node-var,sfa,1115086689,0.054006245068519254,0.23239243763194842
4area,1501,node-var,sfa,1115356973,0.08488286040091564,0.29134663272623457
4area,1501,node-var,sfa,1115368723,0.12479848904488511,0.3532682961219207
4area,1501,node-var,sfa,1116941914,0.2256797853025697,0.4750576652392523
4area,1501,node-var,sfa,1117148442,0.2696335795574065,0.5192625343286439
4area,1501,node-var,sfa,1118324999,0.46132960974629755,0.6792124923367485
4area,1501,node-var,sfa,1118327332,0.25119382033630666,0.501192398522071
4area,1501,node-var,sfa,1118508667,0.0005679473015206549,0.023831644960447217
4area,1501,node-var,sfa,1118512505,0.06306882004079228,0.2511350633439949
4area,1501,node-var,sfa,1119946360,0.28260050181281016,0.5316018263821247
4area,1501,node-var,sfa,1120251466,0.02418901707217125,0.15552818738791704
4area,1501,node-var,sfa,1121607504,0.07330539605561315,0.27074969262330334
4area,1501,node-var,sfa,1122903357,0.13981864111582154,0.3739233091368091
4area,1501,node-var,sfa,1124285719,0.0009065940865160549,0.030109700870583022
4area,1501,node-var,sfa,1124507277,0.0009972129320831025,0.03157867844104425
4area,1501,node-var,sfa,1125713722,0.2636370098569446,0.5134559473381771
4area,1501,node-var,sfa,1125937457,0.00042966154958568037,0.020728278982718725
4area,1501,node-var,sfa,1128520325,0.005482495685353417,0.07404387675799654
4area,1501,node-var,sfa,1128719842,0.00017633107643366674,0.013278971211422628
4area,1501,node-var,sfa,1130113579,0.22228551597479485,0.4714716491739398
4area,1501,node-var,sfa,1130349290,0.02223258660115146,0.14910595763131523
4area,1501,node-var,sfa,1139846596,0.011477320749300635,0.1071322582105912
4area,1501,node-var,sfa,1140102579,0.12778498550316975,0.35747025820782574
4area,1501,node-var,pca,1048189115,0.07665926937373302,0.2768741038337334
4area,1501,node-var,pca,1051155866,0.001375519236288314,0.037087993155309015
4area,1501,node-var,pca,1052342277,0.2795323821222273,0.5287082202143513
4area,1501,node-var,pca,1052533639,0.12564412216372833,0.35446314641120086
4area,1501,node-var,pca,1053709239,0.6814313542367674,0.8254885548793313
4area,1501,node-var,pca,1053718935,0.0002865758686222408,0.016928551876101497
4area,1501,node-var,pca,1053925378,0.019992821067946642,0.14139597260157943
4area,1501,node-var,pca,1053941483,0.025478601184022343,0.15962017787241795
4area,1501,node-var,pca,1055221968,0.01740769524702579,0.13193822511700587
4area,1501,node-var,pca,1055240613,0.04055992834473254,0.20139495610549127
4area,1501,node-var,pca,1055403683,0.026778569948514575,0.1636415899107397
4area,1501,node-var,pca,1055415082,0.3701069490801471,0.6083641582803406
4area,1501,node-var,pca,1062755779,0.06459129428423827,0.2541481738754739
4area,1501,node-var,pca,1063010385,0.07330117644910195,0.27074190006185167
4area,1501,node-var,pca,1064400234,0.026315476992163633,0.16222045799517368
4area,1501,node-var,pca,1064415305,0.007563556573975894,0.08696871031569904
4area,1501,node-var,pca,1064639378,0.027776211395969974,0.16666196745499567
4area,1501,node-var,pca,1064644573,0.03931991383045552,0.19829249564836143
4area,1501,node-var,pca,1065437523,0.07387565359600545,0.2718007608451557
4area,1501,node-var,pca,1065449881,0.009475704653336692,0.09734323116342868
4area,1501,node-var,pca,1065905010,0.011428631372325082,0.10690477712583744
4area,1501,node-var,pca,1065908084,0.15437886043597948,0.3929107537800158
4area,1501,node-var,pca,1067588044,0.04888140932640328,0.2210914049129981
4area,1501,node-var,pca,1067781390,2.9291899072969585e-06,0.001711487629892395
4area,1501,node-var,pca,1071300149,0.08876572520713066,0.2979357736276908
4area,1501,node-var,pca,1081090969,0.28283563722840854,0.5318229378547049
4area,1501,node-var,pca,1081429294,0.008069520525447293,0.089830509992136
4area,1501,node-var,pca,1081431006,0.017556785767878558,0.13250202175015427
4area,1501,node-var,pca,1087992708,0.42399697047449825,0.6511504975614304
4area,1501,node-var,pca,1089296550,0.051999352906840435,0.22803366616980136
4area,1501,node-var,pca,1090800639,0.47400679092324405,0.6884815109523602
4area,1501,node-var,pca,1090803859,0.3503311876499988,0.5918878167778062
4area,1501,node-var,pca,1091039902,0.052364534466654566,0.2288329837821778
4area,1501,node-var,pca,1092283837,0.0358165014838413,0.18925248078649096
4area,1501,node-var,pca,1092466205,5.9896256539793136e-05,0.007739267183637932
4area,1501,node-var,pca,1093642839,0.07383234000054806,0.27172107021824443
4area,1501,node-var,pca,1096620314,0.02582529208342732,0.1607024955731159
4area,1501,node-var,pca,1096935816,0.009951467041277362,0.09975704005872152
4area,1501,node-var,pca,1098119201,0.003775291172620765,0.06144339812071669
4area,1501,node-var,pca,1104052767,4.313753602558368e-05,0.006567917175615309
4area,1501,node-var,pca,1104058216,0.17374544843385864,0.41682784028164255
4area,1501,node-var,pca,1104289498,0.024180765294612883,0.15550165688703413
4area,1501,node-var,pca,1104297538,0.018066317065690507,0.13441100053823837
4area,1501,node-var,pca,1105543760,0.5640018780592914,0.7510005845931754
4area,1501,node-var,pca,1105798776,0.6167337056552415,0.7853239494980654
4area,1501,node-var,pca,1108334384,0.016811885844824404,0.12966065650313693
4area,1501,node-var,pca,1108335514,0.001561427939395621,0.03951490781206033
4area,1501,node-var,pca,1108528422,0.005206650286368575,0.07215712221512505
4area,1501,node-var,pca,1108531612,0.04274331886308946,0.20674457396287219
4area,1501,node-var,pca,1109889304,0.09501643598135723,0.30824736167785355
4area,1501,node-var,pca,1111013640,0.6777488480920577,0.8232550322300239
4area,1501,node-var,pca,1111216934,0.5599091594296188,0.7482707794840165
4area,1501,node-var,pca,1112302803,0.47543640463568515,0.6895189661174564
4area,1501,node-var,pca,1112515874,0.33872345437043216,0.5819995312458869
4area,1501,node-var,pca,1115077618,0.5753387943681642,0.7585109058992917
4area,1501,node-var,pca,1115086689,0.021503433423593954,0.1466404903960493
4area,1501,node-var,pca,1115356973,0.09874658727190844,0.31423969716111405
4area,1501,node-var,pca,1115368723,0.12324951850975585,0.3510691078829863
4area,1501,node-var,pca,1116941914,0.21809223223796037,0.4670034606273921
4area,1501,node-var,pca,1117148442,0.283449328453502,0.5323995947157557
4area,1501,node-var,pca,1118324999,0.4719247655709904,0.6869678053380597
4area,1501,node-var,pca,1118327332,0.27664805054579855,0.5259734314067571
4area,1501,node-var,pca,1118508667,0.000554168731048188,0.023540788666657764
4area,1501,node-var,pca,1118512505,0.0678931815727637,0.26056320072635636
4area,1501,node-var,pca,1119946360,0.2814346997616305,0.5305041939152141
4area,1501,node-var,pca,1120251466,0.035552829436206856,0.18855457946230467
4area,1501,node-var,pca,1121607504,0.04225700677156685,0.20556509132527093
4area,1501,node-var,pca,1122903357,0.13033283725139588,0.361016394712755
4area,1501,node-var,pca,1124285719,2.514258404251457e-06,0.0015856413226808053
4area,1501,node-var,pca,1124507277,2.1907577778645937e-05,0.0046805531487579015
4area,1501,node-var,pca,1125713722,0.24950722064480169,0.49950697757368895
4area,1501,node-var,pca,1125937457,0.00042485409087045234,0.02061198900810964
4area,1501,node-var,pca,1128520325,0.005870222126565405,0.07661737483472959
4area,1501,node-var,pca,1128719842,0.0003734861935390521,0.01932579089038574
4area,1501,node-var,pca,1130113579,0.2680927126970296,0.517776701578035
4area,1501,node-var,pca,1130349290,0.021657594128253632,0.1471651933313497
4area,1501,node-var,pca,1139846596,0.005412003972141033,0.07356632362800929
4area,1501,node-var,pca,1140102579,0.11427812844860474,0.3380504821008313
4area,3001,edges-corr,sfa,1048189115,0.021516652799161595,0.14668555756843163
4area,3001,edges-corr,sfa,1051155866,0.008953174289399457,0.09462121479562252
4area,3001,edges-corr,sfa,1052342277,0.20482187754446735,0.4525725108139768
4area,3001,edges-corr,sfa,1052533639,0.046978730811781166,0.21674577461113512
4area,3001,edges-corr,sfa,1053709239,0.5066469179557452,0.7117913443950729
4area,3001,edges-corr,sfa,1053718935,0.001148981139107108,0.033896624302533186
4area,3001,edges-corr,sfa,1053925378,0.004969698205450124,0.07049608645485023
4area,3001,edges-corr,sfa,1053941483,0.12460771791058756,0.3529981840046598
4area,3001,edges-corr,sfa,1055221968,0.00861236922552655,0.09280285138683292
4area,3001,edges-corr,sfa,1055240613,0.010094972888647136,0.10047374228447532
4area,3001,edges-corr,sfa,1055403683,0.0067472357258611115,0.08214155906641267
4area,3001,edges-corr,sfa,1055415082,0.06076613648573481,0.2465078832121499
4area,3001,edges-corr,sfa,1062755779,0.18863297296906012,0.4343189760637453
4area,3001,edges-corr,sfa,1063010385,0.00021077829106441737,0.01451820550427443
4area,3001,edges-corr,sfa,1064400234,0.030544011268896165,0.17476845043913433
4area,3001,edges-corr,sfa,1064415305,0.06740783842548359,0.2596301955194803
4area,3001,edges-corr,sfa,1064639378,0.13639850042414614,0.36932167608217414
4area,3001,edges-corr,sfa,1064644573,0.08152691775462084,0.2855291889713216
4area,3001,edges-corr,sfa,1065437523,0.16998007179707186,0.4122863953577317
4area,3001,edges-corr,sfa,1065449881,0.017816501358845493,0.13347846777231717
4area,3001,edges-corr,sfa,1065905010,0.007634597147331057,0.08737618180792202
4area,3001,edges-corr,sfa,1065908084,0.015151834086324367,0.12309278649183525
4area,3001,edges-corr,sfa,1067588044,0.056957231544789266,0.23865714224550116
4area,3001,edges-corr,sfa,1067781390,0.025226409102091285,0.1588282377352691
4area,3001,edges-corr,sfa,1071300149,0.004218398592679806,0.06494920009268641
4area,3001,edges-corr,sfa,1081090969,0.05881231888109051,0.2425125128340611
4area,3001,edges-corr,sfa,1081429294,0.1624229346859375,0.40301728832140393
4area,3001,edges-corr,sfa,1081431006,0.05900326109555332,0.24290586879602813
4area,3001,edges-corr,sfa,1087992708,0.46949855606564395,0.6851996468662573
4area,3001,edges-corr,sfa,1089296550,0.02388863285186349,0.15455947998056768
4area,3001,edges-corr,sfa,1090800639,0.5181830815847701,0.7198493464501933
4area,3001,edges-corr,sfa,1090803859,0.021019023432563233,0.14497938968199384
4area,3001,edges-corr,sfa,1091039902,0.21537776618568183,0.4640881017497452
4area,3001,edges-corr,sfa,1092283837,0.11388119727382928,0.3374628828091004
4area,3001,edges-corr,sfa,1092466205,0.0163648582372673,0.1279252056369944
4area,3001,edges-corr,sfa,1093642839,0.6458104128795088,0.8036233028474895
4area,3001,edges-corr,sfa,1096620314,0.4527560561418924,0.6728715004678774
4area,3001,edges-corr,sfa,1096935816,0.023145755695659354,0.1521372922582079
4area,3001,edges-corr,sfa,1098119201,0.037891504355627936,0.19465740251947244
4area,3001,edges-corr,sfa,1104052767,0.006051583337967514,0.07779192334662781
4area,3001,edges-corr,sfa,1104058216,0.1571535383475655,0.3964259556935767
4area,3001,edges-corr,sfa,1104289498,0.05204844213047266,0.22814127669159884
4area,3001,edges-corr,sfa,1104297538,0.22951679072794984,0.4790791069624616
4area,3001,edges-corr,sfa,1105543760,0.07346484706459955,0.27104399470307294
4area,3001,edges-corr,sfa,1105798776,0.05989131748343446,0.24472702646711178
4area,3001,edges-corr,sfa,1108334384,0.024217558960803576,0.15561991826499397
4area,3001,edges-corr,sfa,1108335514,0.1322056453725564,0.36360094248029173
4area,3001,edges-corr,sfa,1108528422,0.01620856853582353,0.12731287655152335
4area,3001,edges-corr,sfa,1108531612,0.06346615555601376,0.2519249006271785
4area,3001,edges-corr,sfa,1109889304,0.09505991803661251,0.3083178847174009
4area,3001,edges-corr,sfa,1111013640,0.8113824863742767,0.9007677205441346
4area,3001,edges-corr,sfa,1111216934,0.5534550784758414,0.74394561526757
4area,3001,edges-corr,sfa,1112302803,0.09535735169094561,0.30879985701250856
4area,3001,edges-corr,sfa,1112515874,0.2537306486912033,0.5037168338374284
4area,3001,edges-corr,sfa,1115077618,0.7093472864159271,0.842227574005938
4area,3001,edges-corr,sfa,1115086689,0.035273357218728596,0.18781202628886248
4area,3001,edges-corr,sfa,1115356973,0.01871155011317227,0.13679016818898937
4area,3001,edges-corr,sfa,1115368723,0.14239762452217009,0.3773560977673078
4area,3001,edges-corr,sfa,1116941914,0.31053751687079467,0.5572589316204763
4area,3001,edges-corr,sfa,1117148442,0.2994391222058115,0.5472103089359814
4area,3001,edges-corr,sfa,1118324999,0.14046176490092144,0.37478229000437224
4area,3001,edges-corr,sfa,1118327332,0.1535547286279535,0.391860598463221
4area,3001,edges-corr,sfa,1118508667,0.07328087014676798,0.2707043962457351
4area,3001,edges-corr,sfa,1118512505,0.0008655422031318416,0.02942009862545898
4area,3001,edges-corr,sfa,1119946360,0.011018663630739223,0.10496982247645832
4area,3001,edges-corr,sfa,1120251466,0.028793054240327964,0.169685162110091
4area,3001,edges-corr,sfa,1121607504,0.3628302103828053,0.6023538913154002
4area,3001,edges-corr,sfa,1122903357,0.15862384485626146,0.3982760912435767
4area,3001,edges-corr,sfa,1124285719,0.018323899864304938,0.1353658002019155
4area,3001,edges-corr,sfa,1124507277,0.03533883824119488,0.18798627141681076
4area,3001,edges-corr,sfa,1125713722,0.2979194817574954,0.5458200085719609
4area,3001,edges-corr,sfa,1125937457,0.022308708440733294,0.14936100040081862
4area,3001,edges-corr,sfa,1128520325,0.017059678023002234,0.1306127023799839
4area,3001,edges-corr,sfa,1128719842,0.008226871762173515,0.09070210450796283
4area,3001,edges-corr,sfa,1130113579,0.1452163924548111,0.3810726865767357
4area,3001,edges-corr,sfa,1130349290,0.41572235091051446,0.6447653456184773
4area,3001,edges-corr,sfa,1139846596,0.04750362269826491,0.21795325805838536
4area,3001,edges-corr,sfa,1140102579,0.013239081682014042,0.11506120841540764
4area,3001,edges-corr,pca,1048189115,0.05829322231411205,0.24143989379162667
4area,3001,edges-corr,pca,1051155866,0.04824209949197078,0.21964084203984127
4area,3001,edges-corr,pca,1052342277,0.02446897257319447,0.15642561354584628
4area,3001,edges-corr,pca,1052533639,0.09142308996330795,0.302362514150329
4area,3001,edges-corr,pca,1053709239,0.18420464345266008,0.4291906842566135
4area,3001,edges-corr,pca,1053718935,0.003738373786683069,0.0611422422444817
4area,3001,edges-corr,pca,1053925378,0.0002856819653135334,0.016902129017180502
4area,3001,edges-corr,pca,1053941483,0.07967853280761672,0.2822738613609425
4area,3001,edges-corr,pca,1055221968,0.20591652942099226,0.4537802655702342
4area,3001,edges-corr,pca,1055240613,0.09347607134564417,0.3057385669908919
4area,3001,edges-corr,pca,1055403683,0.0020888045725484528,0.04570344158319504
4area,3001,edges-corr,pca,1055415082,0.27829726016911527,0.5275388707660464
4area,3001,edges-corr,pca,1062755779,0.10218401276873756,0.31966234180575187
4area,3001,edges-corr,pca,1063010385,0.05791097278704638,0.24064698790353958
4area,3001,edges-corr,pca,1064400234,0.06311227070736636,0.2512215570116677
4area,3001,edges-corr,pca,1064415305,0.0039750515137465525,0.0630480095938515
4area,3001,edges-corr,pca,1064639378,0.23328625659302027,0.4829971600258329
4area,3001,edges-corr,pca,1064644573,0.3366930915257601,0.5802526100981883
4area,3001,edges-corr,pca,1065437523,0.22370749904424392,0.4729772711708711
4area,3001,edges-corr,pca,1065449881,0.003407645530455916,0.05837504201673739
4area,3001,edges-corr,pca,1065905010,0.00015225913216987408,0.012339332727908965
4area,3001,edges-corr,pca,1065908084,0.3650297960228436,0.604176957540457
4area,3001,edges-corr,pca,1067588044,0.00163130036776582,0.04038935958598415
4area,3001,edges-corr,pca,1067781390,0.002445265204292113,0.04944962289332309
4area,3001,edges-corr,pca,1071300149,0.025509279107868932,0.1597162455978377
4area,3001,edges-corr,pca,1081090969,0.3058464181380316,0.5530338309163658
4area,3001,edges-corr,pca,1081429294,0.04959907724814483,0.22270850286449517
4area,3001,edges-corr,pca,1081431006,0.0011134171347205735,0.03336790575868508
4area,3001,edges-corr,pca,1087992708,0.026746758423366157,0.1635443622487985
4area,3001,edges-corr,pca,1089296550,0.08805915346495274,0.2967476258792188
4area,3001,edges-corr,pca,1090800639,0.3961313778487755,0.6293896867988656
4area,3001,edges-corr,pca,1090803859,0.01027233669502492,0.10135253669753486
4area,3001,edges-corr,pca,1091039902,0.01614084767840518,0.12704663584056564
4area,3001,edges-corr,pca,1092283837,0.40167706181939455,0.6337799790300997
4area,3001,edges-corr,pca,1092466205,0.005205301009517105,0.07214777203432551
4area,3001,edges-corr,pca,1093642839,0.29624247307834883,0.5442816119237806
4area,3001,edges-corr,pca,1096620314,0.1714100439034526,0.41401696088862455
4area,3001,edges-corr,pca,1096935816,0.00034870808895470784,0.018673727237880244
4area,3001,edges-corr,pca,1098119201,0.04820943774110997,0.21956647681536104
4area,3001,edges-corr,pca,1104052767,0.006018342506653118,0.07757797694354553
4area,3001,edges-corr,pca,1104058216,0.01089888415465523,0.10439772102232582
4area,3001,edges-corr,pca,1104289498,0.021285057734072965,0.1458939948526768
4area,3001,edges-corr,pca,1104297538,0.0005393552085679598,0.023224022230611593
4area,3001,edges-corr,pca,1105543760,0.11834646453775899,0.3440152097477072
4area,3001,edges-corr,pca,1105798776,0.31683769068747747,0.5628833721895479
4area,3001,edges-corr,pca,1108334384,0.001816740172736253,0.042623235127524396
4area,3001,edges-corr,pca,1108335514,0.005704720816812614,0.07552960225509395
4area,3001,edges-corr,pca,1108528422,0.02098890183436275,0.14487547009194732
4area,3001,edges-corr,pca,1108531612,0.005147274177561445,0.07174450625351979
4area,3001,edges-corr,pca,1109889304,0.10730067378121844,0.3275678155454507
4area,3001,edges-corr,pca,1111013640,0.7415960383457438,0.8611597054819417
4area,3001,edges-corr,pca,1111216934,0.70427664959122,0.8392119217404025
4area,3001,edges-corr,pca,1112302803,0.0450286100381434,0.2121994581476204
4area,3001,edges-corr,pca,1112515874,0.14571281324985952,0.3817234774674717
4area,3001,edges-corr,pca,1115077618,0.17222674146731065,0.41500209814808287
4area,3001,edges-corr,pca,1115086689,0.29044876212977155,0.5389329848225766
4area,3001,edges-corr,pca,1115356973,0.4790821511255632,0.6921576056979827
4area,3001,edges-corr,pca,1115368723,0.021373744837178132,0.1461976225428379
4area,3001,edges-corr,pca,1116941914,0.13071135562481928,0.3615402545012369
4area,3001,edges-corr,pca,1117148442,0.0400238234790149,0.20005954983208107
4area,3001,edges-corr,pca,1118324999,0.0007475949485260536,0.027342182585266685
4area,3001,edges-corr,pca,1118327332,0.0017092630351881466,0.04134323445484357
4area,3001,edges-corr,pca,1118508667,0.03176362652797904,0.17822352966984764
4area,3001,edges-corr,pca,1118512505,0.00035188699589505656,0.018758651228028608
4area,3001,edges-corr,pca,1119946360,0.4552760503475479,0.6747414692662284
4area,3001,edges-corr,pca,1120251466,0.26641403604289615,0.516153112983828
4area,3001,edges-corr,pca,1121607504,0.22408575080144,0.4733769647980771
4area,3001,edges-corr,pca,1122903357,0.03640075738438442,0.19078982515947915
4area,3001,edges-corr,pca,1124285719,0.005600733402112867,0.07483804782403465
4area,3001,edges-corr,pca,1124507277,0.02095557221599509,0.1447603958822817
4area,3001,edges-corr,pca,1125713722,0.3245977954161251,0.5697348465875378
4area,3001,edges-corr,pca,1125937457,0.000787838599445978,0.028068462719677233
4area,3001,edges-corr,pca,1128520325,0.006324559761003545,0.07952710079591448
4area,3001,edges-corr,pca,1128719842,0.11890510742078764,0.3448261988608002
4area,3001,edges-corr,pca,1130113579,0.03327938002346187,0.1824263687723396
4area,3001,edges-corr,pca,1130349290,0.00023222037660353134,0.015238778711025455
4area,3001,edges-corr,pca,1139846596,0.0007376316495162349,0.027159374983905474
4area,3001,edges-corr,pca,1140102579,0.1822229618193706,0.42687581545382763
4area,3001,edges-cov,sfa,1048189115,0.10681863886880594,0.3268312085294274
4area,3001,edges-cov,sfa,1051155866,0.02479185203020029,0.15745428552503776
4area,3001,edges-cov,sfa,1052342277,0.19432632977133169,0.4408246020486288
4area,3001,edges-cov,sfa,1052533639,0.10048356840009642,0.31699143269195196
4area,3001,edges-cov,sfa,1053709239,0.6291710712431189,0.7932030454071137
4area,3001,edges-cov,sfa,1053718935,0.012719134250694819,0.11277913925320958
4area,3001,edges-cov,sfa,1053925378,0.01156838505694735,0.10755642731583852
4area,3001,edges-cov,sfa,1053941483,0.013471137214271511,0.11606522827389701
4area,3001,edges-cov,sfa,1055221968,7.733364140838361e-06,0.0027808926877226484
4area,3001,edges-cov,sfa,1055240613,0.11485618135058095,0.338904383787789
4area,3001,edges-cov,sfa,1055403683,1.2820057436746524e-05,0.0035805107787352667
4area,3001,edges-cov,sfa,1055415082,0.32877467804817284,0.5733887669358139
4area,3001,edges-cov,sfa,1062755779,0.02129890622634001,0.14594144793834332
4area,3001,edges-cov,sfa,1063010385,0.12594372899715622,0.35488551533861695
4area,3001,edges-cov,sfa,1064400234,0.07005923494725319,0.2646870509625534
4area,3001,edges-cov,sfa,1064415305,0.006959628563549369,0.08342438830191783
4area,3001,edges-cov,sfa,1064639378,0.1498745083695473,0.3871362917236607
4area,3001,edges-cov,sfa,1064644573,0.2080793067389809,0.4561571075177725
4area,3001,edges-cov,sfa,1065437523,0.2128605764019058,0.46136815711740004
4area,3001,edges-cov,sfa,1065449881,0.007390916944123083,0.08597044227013738
4area,3001,edges-cov,sfa,1065905010,0.012672519384522185,0.11257228515279444
4area,3001,edges-cov,sfa,1065908084,0.0960472086905928,0.30991484102990774
4area,3001,edges-cov,sfa,1067588044,0.02556479165285863,0.1598899360587108
4area,3001,edges-cov,sfa,1067781390,0.060171843151059945,0.24529949684224794
4area,3001,edges-cov,sfa,1071300149,0.05115969413423427,0.2261850882225312
4area,3001,edges-cov,sfa,1081090969,0.4326340522751351,0.6577492320597076
4area,3001,edges-cov,sfa,1081429294,0.18972436920177882,0.4355736093954485
4area,3001,edges-cov,sfa,1081431006,0.09435192782829871,0.3071675891566337
4area,3001,edges-cov,sfa,1087992708,0.22244645708372912,0.47164229781024636
4area,3001,edges-cov,sfa,1089296550,0.05283138109719032,0.2298507800665253
4area,3001,edges-cov,sfa,1090800639,0.6415496878192724,0.8009679692842107
4area,3001,edges-cov,sfa,1090803859,0.46520188029963705,0.6820570946039909
4area,3001,edges-cov,sfa,1091039902,0.07490865794807289,0.2736944609378732
4area,3001,edges-cov,sfa,1092283837,0.15285921373409117,0.3909721393323195
4area,3001,edges-cov,sfa,1092466205,8.478014338453299e-06,0.0029117029962740914
4area,3001,edges-cov,sfa,1093642839,0.06065121764564263,0.2462746792620847
4area,3001,edges-cov,sfa,1096620314,0.07538535260971424,0.2745639317348775
4area,3001,edges-cov,sfa,1096935816,3.212361812698905e-05,0.005667770119453413
4area,3001,edges-cov,sfa,1098119201,0.06427016342937208,0.25351560786147326
4area,3001,edges-cov,sfa,1104052767,0.04112544902546833,0.20279410500669973
4area,3001,edges-cov,sfa,1104058216,0.2561154687198087,0.5060785203106424
4area,3001,edges-cov,sfa,1104289498,0.007012521470994848,0.08374079932144705
4area,3001,edges-cov,sfa,1104297538,0.09951726303208386,0.3154635684704079
4area,3001,edges-cov,sfa,1105543760,0.7013304534197202,0.8374547470876977
4area,3001,edges-cov,sfa,1105798776,0.6536071035281077,0.8084597105163052
4area,3001,edges-cov,sfa,1108334384,0.003624327528569893,0.060202388063677566
4area,3001,edges-cov,sfa,1108335514,0.016850625783318862,0.1298099602623731
4area,3001,edges-cov,sfa,1108528422,0.0002456001490965809,0.01567163517622329
4area,3001,edges-cov,sfa,1108531612,0.008670440385719624,0.09311519954185592
4area,3001,edges-cov,sfa,1109889304,0.1716791175190937,0.4143417882848577
4area,3001,edges-cov,sfa,1111013640,0.7807981039768527,0.8836278085126413
4area,3001,edges-cov,sfa,1111216934,0.5745638885130446,0.757999926459788
4area,3001,edges-cov,sfa,1112302803,0.5638524815820828,0.7509011130515675
4area,3001,edges-cov,sfa,1112515874,0.1257745000096806,0.3546470076141639
4area,3001,edges-cov,sfa,1115077618,0.7523430814698168,0.8673771275920392
4area,3001,edges-cov,sfa,1115086689,0.002900134837101831,0.05385289998785243
4area,3001,edges-cov,sfa,1115356973,0.40976814499026704,0.6401313497949206
4area,3001,edges-cov,sfa,1115368723,0.08974327448051056,0.2995718185686205
4area,3001,edges-cov,sfa,1116941914,0.2888723075007028,0.5374684246546049
4area,3001,edges-cov,sfa,1117148442,0.3573977330006226,0.5978275110770849
4area,3001,edges-cov,sfa,1118324999,0.5020799968341844,0.7085760346174457
4area,3001,edges-cov,sfa,1118327332,0.25475830999522464,0.5047358814223778
4area,3001,edges-cov,sfa,1118508667,0.008767324777724794,0.09363399370808101
4area,3001,edges-cov,sfa,1118512505,0.006020803947852427,0.07759383962565707
4area,3001,edges-cov,sfa,1119946360,0.38570965427687165,0.6210552747355689
4area,3001,edges-cov,sfa,1120251466,0.0783276914566392,0.2798708478149147
4area,3001,edges-cov,sfa,1121607504,0.15411936574146934,0.39258039398506644
4area,3001,edges-cov,sfa,1122903357,0.14873679272308604,0.3856640931213148
4area,3001,edges-cov,sfa,1124285719,0.009747731617083977,0.09873060121909398
4area,3001,edges-cov,sfa,1124507277,0.002628162104524212,0.05126560352247958
4area,3001,edges-cov,sfa,1125713722,0.3449609308027216,0.5873337473725837
4area,3001,edges-cov,sfa,1125937457,0.0003105160058833878,0.017621464351279485
4area,3001,edges-cov,sfa,1128520325,0.004683233221152272,0.0684341524470951
4area,3001,edges-cov,sfa,1128719842,0.013450839251863855,0.11597775326270075
4area,3001,edges-cov,sfa,1130113579,0.21020274259826233,0.45847872644023735
4area,3001,edges-cov,sfa,1130349290,0.035273938421381934,0.1878135735813095
4area,3001,edges-cov,sfa,1139846596,0.0023066475644043516,0.048027570877618046
4area,3001,edges-cov,sfa,1140102579,0.23875192499175557,0.4886224769612586
4area,3001,edges-cov,pca,1048189115,0.11482389530921533,0.33885674747482225
4area,3001,edges-cov,pca,1051155866,0.031050428425780763,0.17621131753034625
4area,3001,edges-cov,pca,1052342277,0.148610668247111,0.38550054247317356
4area,3001,edges-cov,pca,1052533639,0.13677950810917827,0.36983713727690776
4area,3001,edges-cov,pca,1053709239,0.26440940901979426,0.5142075544172748
4area,3001,edges-cov,pca,1053718935,0.0131338879008438,0.11460317578864779
4area,3001,edges-cov,pca,1053925378,0.008050045873243872,0.08972204786585979
4area,3001,edges-cov,pca,1053941483,0.052055751538292006,0.2281572956061064
4area,3001,edges-cov,pca,1055221968,0.034296972953174576,0.18519441933593636
4area,3001,edges-cov,pca,1055240613,0.14443853609800705,0.38005070200962293
4area,3001,edges-cov,pca,1055403683,5.7167347573772176e-05,0.0075609091763937115
4area,3001,edges-cov,pca,1055415082,0.3965974305526029,0.6297598197349549
4area,3001,edges-cov,pca,1062755779,0.03686817301756751,0.1920108669257226
4area,3001,edges-cov,pca,1063010385,0.17215691099498664,0.414917956944486
4area,3001,edges-cov,pca,1064400234,0.0039640445265413105,0.0629606585618452
4area,3001,edges-cov,pca,1064415305,0.023780684435978916,0.15420987139602624
4area,3001,edges-cov,pca,1064639378,0.03469074680727802,0.18625452157539119
4area,3001,edges-cov,pca,1064644573,0.2545245639138999,0.504504275416869
4area,3001,edges-cov,pca,1065437523,0.23573746957512554,0.48552803170890724
4area,3001,edges-cov,pca,1065449881,0.020345981898691634,0.14263934204381234
4area,3001,edges-cov,pca,1065905010,0.009628156049653058,0.09812316775182763
4area,3001,edges-cov,pca,1065908084,0.0035360274592292074,0.059464505877281366
4area,3001,edges-cov,pca,1067588044,0.03838873056097647,0.19593042275506029
4area,3001,edges-cov,pca,1067781390,0.026059305832350943,0.1614289497963448
4area,3001,edges-cov,pca,1071300149,0.0537833914920236,0.2319124651501585
4area,3001,edges-cov,pca,1081090969,0.4758417754291506,0.6898128553666941
4area,3001,edges-cov,pca,1081429294,0.18654565741980278,0.4319093161993646
4area,3001,edges-cov,pca,1081431006,0.009853448826476874,0.09926453962255012
4area,3001,edges-cov,pca,1087992708,0.2582922148169263,0.5082245712447668
4area,3001,edges-cov,pca,1089296550,0.06198147195968495,0.24896078397949545
4area,3001,edges-cov,pca,1090800639,0.6328162934949375,0.7954975131921752
4area,3001,edges-cov,pca,1090803859,0.23803264461269646,0.4878858930248923
4area,3001,edges-cov,pca,1091039902,0.09749506006177244,0.3122419895878397
4area,3001,edges-cov,pca,1092283837,0.10847419276368653,0.32935420562623235
4area,3001,edges-cov,pca,1092466205,0.0023346957265144574,0.0483186892052607
4area,3001,edges-cov,pca,1093642839,0.19711365853599128,0.4439748399808156
4area,3001,edges-cov,pca,1096620314,0.028454891647177738,0.16868577784501432
4area,3001,edges-cov,pca,1096935816,0.00048738469952069874,0.02207679096972041
4area,3001,edges-cov,pca,1098119201,0.09138045486242241,0.30229200264383876
4area,3001,edges-cov,pca,1104052767,0.04851721417330512,0.22026623475536425
4area,3001,edges-cov,pca,1104058216,0.1760622562233628,0.41959773143257484
4area,3001,edges-cov,pca,1104289498,0.0021131489186453356,0.04596899953931193
4area,3001,edges-cov,pca,1104297538,0.006112626277453792,0.07818328643293145
4area,3001,edges-cov,pca,1105543760,0.579318108004345,0.7611294948984342
4area,3001,edges-cov,pca,1105798776,0.5460139159203183,0.7389275444320086
4area,3001,edges-cov,pca,1108334384,0.015287225636044566,0.12364152067992595
4area,3001,edges-cov,pca,1108335514,0.017613009245605493,0.13271401299638744
4area,3001,edges-cov,pca,1108528422,0.024200266314926222,0.15556434782727768
4area,3001,edges-cov,pca,1108531612,0.002855496867570695,0.053436849341730215
4area,3001,edges-cov,pca,1109889304,0.10282175191950049,0.3206583102299089
4area,3001,edges-cov,pca,1111013640,0.7637274603714062,0.8739150189643194
4area,3001,edges-cov,pca,1111216934,0.6469110839802487,0.804307829117838
4area,3001,edges-cov,pca,1112302803,0.52207000465291,0.7225441195199838
4area,3001,edges-cov,pca,1112515874,0.0017791303082629328,0.042179738124634755
4area,3001,edges-cov,pca,1115077618,0.7625991043516378,0.8732692049715461
4area,3001,edges-cov,pca,1115086689,0.17526384428576824,0.41864524873186826
4area,3001,edges-cov,pca,1115356973,0.5197826632948563,0.720959543452236
4area,3001,edges-cov,pca,1115368723,0.11182166523793424,0.33439746595620906
4area,3001,edges-cov,pca,1116941914,0.23000233962916306,0.47958559155708896
4area,3001,edges-cov,pca,1117148442,0.25311772508695973,0.5031080650187988
4area,3001,edges-cov,pca,1118324999,0.4294172060593108,0.6552993255446785
4area,3001,edges-cov,pca,1118327332,0.14110018295206372,0.3756330429449249
4area,3001,edges-cov,pca,1118508667,0.019548336714977577,0.13981536651948412
4area,3001,edges-cov,pca,1118512505,0.002811249916677472,0.05302122138047632
4area,3001,edges-cov,pca,1119946360,0.4371494668950425,0.6611727965479546
4area,3001,edges-cov,pca,1120251466,0.09710109976356962,0.3116104936672859
4area,3001,edges-cov,pca,1121607504,0.13042176260903104,0.3611395334341441
4area,3001,edges-cov,pca,1122903357,0.09215248963523226,0.3035662854060583
4area,3001,edges-cov,pca,1124285719,0.0002980291890125608,0.0172635219179749
4area,3001,edges-cov,pca,1124507277,0.015516814412990687,0.12456650598371422
4area,3001,edges-cov,pca,1125713722,0.3546952426010982,0.5955629627512928
4area,3001,edges-cov,pca,1125937457,5.1010100240000966e-05,0.007142135551787026
4area,3001,edges-cov,pca,1128520325,0.013668928337755126,0.11691419219989992
4area,3001,edges-cov,pca,1128719842,0.032725116611168836,0.1809008474584042
4area,3001,edges-cov,pca,1130113579,0.1716690424315368,0.41432963016363766
4area,3001,edges-cov,pca,1130349290,0.003464855604067618,0.058863024081910686
4area,3001,edges-cov,pca,1139846596,6.565457902996119e-05,0.00810275132470899
4area,3001,edges-cov,pca,1140102579,0.2094560945708176,0.4576637352585608
4area,3001,node-var,sfa,1048189115,0.058325943684489734,0.24150764725881824
4area,3001,node-var,sfa,1051155866,0.029026825221349473,0.1703726070157681
4area,3001,node-var,sfa,1052342277,0.2781755622359636,0.5274235131618259
4area,3001,node-var,sfa,1052533639,0.16254788674172804,0.40317227923274745
4area,3001,node-var,sfa,1053709239,0.7733069771068698,0.8793787449710566
4area,3001,node-var,sfa,1053718935,0.050303016308328674,0.22428333934630174
4area,3001,node-var,sfa,1053925378,0.010666783747439568,0.10328012271216301
4area,3001,node-var,sfa,1053941483,0.0007469585788688615,0.027330542966962825
4area,3001,node-var,sfa,1055221968,0.10026049762383182,0.31663938103753336
4area,3001,node-var,sfa,1055240613,0.07193461980277904,0.2682063008260228
4area,3001,node-var,sfa,1055403683,0.0013025795639574067,0.036091267142582525
4area,3001,node-var,sfa,1055415082,0.5123669799086965,0.7157981418728998
4area,3001,node-var,sfa,1062755779,0.18823111768214962,0.4338561025065222
4area,3001,node-var,sfa,1063010385,0.1026812667089878,0.3204391778621765
4area,3001,node-var,sfa,1064400234,0.05519455968144682,0.2349352244373891
4area,3001,node-var,sfa,1064415305,0.006831520042748229,0.08265300988317463
4area,3001,node-var,sfa,1064639378,0.055247133271214444,0.2350470873489277
4area,3001,node-var,sfa,1064644573,0.09613088996591712,0.3100498185226319
4area,3001,node-var,sfa,1065437523,0.20931407576400984,0.45750855266760887
4area,3001,node-var,sfa,1065449881,0.005924164174133217,0.07696859212778434
4area,3001,node-var,sfa,1065905010,0.026989334252100927,0.1642843092084602
4area,3001,node-var,sfa,1065908084,0.11920801085393162,0.345265131245441
4area,3001,node-var,sfa,1067588044,0.046148231013294794,0.21482139328589922
4area,3001,node-var,sfa,1067781390,0.00379441548797832,0.06159882700164281
4area,3001,node-var,sfa,1071300149,0.1262942518168485,0.3553790255724846
4area,3001,node-var,sfa,1081090969,0.3937667779818277,0.6275083887740682
4area,3001,node-var,sfa,1081429294,0.09217451309264402,0.3036025577834349
4area,3001,node-var,sfa,1081431006,0.06846829156528678,0.26166446370358865
4area,3001,node-var,sfa,1087992708,0.38458758215158495,0.6201512574780321
4area,3001,node-var,sfa,1089296550,0.0888605695874678,0.29809490030436236
4area,3001,node-var,sfa,1090800639,0.529428607511294,0.7276184491279024
4area,3001,node-var,sfa,1090803859,0.5667184249704641,0.752807030367321
4area,3001,node-var,sfa,1091039902,0.08641930617897586,0.2939716077769684
4area,3001,node-var,sfa,1092283837,0.017033528564293965,0.1305125609445071
4area,3001,node-var,sfa,1092466205,0.002014307700720863,0.04488103943449724
4area,3001,node-var,sfa,1093642839,0.18096680157564737,0.42540192944513966
4area,3001,node-var,sfa,1096620314,0.03300110003358436,0.18166204896341015
4area,3001,node-var,sfa,1096935816,0.02370067764216366,0.15395024404710636
4area,3001,node-var,sfa,1098119201,0.024611424549903504,0.15688028732094855
4area,3001,node-var,sfa,1104052767,0.11049689082059977,0.33241072609138195
4area,3001,node-var,sfa,1104058216,0.2496986786273223,0.4996985877779946
4area,3001,node-var,sfa,1104289498,0.076791319652041,0.27711246751461976
4area,3001,node-var,sfa,1104297538,0.1469224224584481,0.38330460792749216
4area,3001,node-var,sfa,1105543760,0.6901321095610125,0.8307419030968726
4area,3001,node-var,sfa,1105798776,0.7131932299740997,0.8445076849704205
4area,3001,node-var,sfa,1108334384,0.013599932166796114,0.11661874706408035
4area,3001,node-var,sfa,1108335514,0.015678747756264544,0.12521480645780117
4area,3001,node-var,sfa,1108528422,0.01526840989615752,0.12356540736046442
4area,3001,node-var,sfa,1108531612,9.468186882388707e-05,0.009730460874177952
4area,3001,node-var,sfa,1109889304,0.08352218544789336,0.28900205094063447
4area,3001,node-var,sfa,1111013640,0.8306801191796709,0.9114165453730093
4area,3001,node-var,sfa,1111216934,0.5980931614062834,0.7733648307275706
4area,3001,node-var,sfa,1112302803,0.7027379859751453,0.8382946892204113
4area,3001,node-var,sfa,1112515874,0.3275011220693176,0.5722771374686553
4area,3001,node-var,sfa,1115077618,0.7762761850560361,0.8810653693432937
4area,3001,node-var,sfa,1115086689,0.11121850324694704,0.3334943826317724
4area,3001,node-var,sfa,1115356973,0.3487116045008998,0.5905180814343457
4area,3001,node-var,sfa,1115368723,0.06521046916036966,0.2553634060713666
4area,3001,node-var,sfa,1116941914,0.2995341294323618,0.547297112574479
4area,3001,node-var,sfa,1117148442,0.4384604823594115,0.6621634861266618
4area,3001,node-var,sfa,1118324999,0.6561289174969283,0.8100178501100633
4area,3001,node-var,sfa,1118327332,0.2188429392547172,0.467806519038285
4area,3001,node-var,sfa,1118508667,0.012570119418326198,0.11211654391001541
4area,3001,node-var,sfa,1118512505,0.0015896029432264092,0.03986982497110207
4area,3001,node-var,sfa,1119946360,0.4108815174741325,0.6410004036458425
4area,3001,node-var,sfa,1120251466,0.0001932765137814263,0.013902392376189192
4area,3001,node-var,sfa,1121607504,0.19512187348553067,0.44172601631048475
4area,3001,node-var,sfa,1122903357,0.229461044975952,0.47902092331750185
4area,3001,node-var,sfa,1124285719,0.01445362904666092,0.12022324669821885
4area,3001,node-var,sfa,1124507277,0.00973929814815988,0.09868788247885188
4area,3001,node-var,sfa,1125713722,0.3802892345683433,0.6166759558863499
4area,3001,node-var,sfa,1125937457,0.000987544547877639,0.03142522152471978
4area,3001,node-var,sfa,1128520325,0.0007088370082590778,0.02662399309380657
4area,3001,node-var,sfa,1128719842,0.007330199173096852,0.085616582348846
4area,3001,node-var,sfa,1130113579,0.3618094367719997,0.6015059740118966
4area,3001,node-var,sfa,1130349290,0.04338151705466531,0.20828230134763082
4area,3001,node-var,sfa,1139846596,0.01104969464240757,0.10511752776015888
4area,3001,node-var,sfa,1140102579,0.2015392218940979,0.44893119951068
4area,3001,node-var,pca,1048189115,0.0809688127988688,0.2845501938127415
4area,3001,node-var,pca,1051155866,0.017075765899077888,0.13067427405223137
4area,3001,node-var,pca,1052342277,0.2716206290801625,0.5211723602419478
4area,3001,node-var,pca,1052533639,0.18624970978526545,0.43156657630690687
4area,3001,node-var,pca,1053709239,0.8076948652072696,0.8987184571417632
4area,3001,node-var,pca,1053718935,0.02294267074815526,0.15146838200811125
4area,3001,node-var,pca,1053925378,0.010289548350580602,0.1014374110009743
4area,3001,node-var,pca,1053941483,0.0027540087769445387,0.05247865067763175
4area,3001,node-var,pca,1055221968,0.055028036144700865,0.23458055363712685
4area,3001,node-var,pca,1055240613,0.1158589673384206,0.34038062127333374
4area,3001,node-var,pca,1055403683,0.0016806362569969924,0.04099556386972668
4area,3001,node-var,pca,1055415082,0.5042855387028418,0.7101306490377955
4area,3001,node-var,pca,1062755779,0.16637483021958333,0.40789070867032934
4area,3001,node-var,pca,1063010385,0.14096431564910905,0.3754521482813871
4area,3001,node-var,pca,1064400234,0.060316361893303916,0.24559389628674425
4area,3001,node-var,pca,1064415305,0.024428561234385637,0.1562963890638085
4area,3001,node-var,pca,1064639378,0.018030048373259167,0.134276015629221
4area,3001,node-var,pca,1064644573,0.09299931565900377,0.30495789161620956
4area,3001,node-var,pca,1065437523,0.2152537325768209,0.46395445097209803
4area,3001,node-var,pca,1065449881,0.015699556408753756,0.125297870727135
4area,3001,node-var,pca,1065905010,0.018763591454025064,0.13698025935887662
4area,3001,node-var,pca,1065908084,0.11668731526023746,0.3415952506406339
4area,3001,node-var,pca,1067588044,0.06822997107674733,0.2612086734332294
4area,3001,node-var,pca,1067781390,0.013087184345235925,0.1143992322755525
4area,3001,node-var,pca,1071300149,0.1345837837096553,0.36685662554962184
4area,3001,node-var,pca,1081090969,0.4109373638867606,0.6410439640826214
4area,3001,node-var,pca,1081429294,0.08880378028667069,0.29799963135324603
4area,3001,node-var,pca,1081431006,0.0667300679800179,0.2583216366857759
4area,3001,node-var,pca,1087992708,0.4025946985340155,0.634503505533276
4area,3001,node-var,pca,1089296550,0.05647142535942995,0.23763717167023718
4area,3001,node-var,pca,1090800639,0.5819499423916363,0.762856436291676
4area,3001,node-var,pca,1090803859,0.5028188969390988,0.7090972408203962
4area,3001,node-var,pca,1091039902,0.09418475845918128,0.30689535424828623
4area,3001,node-var,pca,1092283837,0.003591782108217867,0.059931478441781746
4area,3001,node-var,pca,1092466205,0.002539778994594455,0.0503962200427229
4area,3001,node-var,pca,1093642839,0.2126000267993734,0.46108570439710406
4area,3001,node-var,pca,1096620314,0.008201820202942245,0.09056390121313324
4area,3001,node-var,pca,1096935816,0.006070292321140092,0.07791208071371208
4area,3001,node-var,pca,1098119201,0.011349783863834007,0.10653536438119464
4area,3001,node-var,pca,1104052767,0.10084838319386402,0.3175663445547469
4area,3001,node-var,pca,1104058216,0.24156050028875187,0.4914880469439236
4area,3001,node-var,pca,1104289498,0.07247743393479456,0.2692163329643923
4area,3001,node-var,pca,1104297538,0.14982117335102663,0.3870674015607962
4area,3001,node-var,pca,1105543760,0.7223995287636307,0.8499408972179359
4area,3001,node-var,pca,1105798776,0.7160788384855048,0.8462144163777316
4area,3001,node-var,pca,1108334384,0.019393759077992123,0.1392614773653927
4area,3001,node-var,pca,1108335514,0.04578664381076214,0.21397813862813675
4area,3001,node-var,pca,1108528422,0.0018994525245753513,0.043582709009139346
4area,3001,node-var,pca,1108531612,0.00014498897104853192,0.012041136617802838
4area,3001,node-var,pca,1109889304,0.09890103941874784,0.3144853564456505
4area,3001,node-var,pca,1111013640,0.8285652975327048,0.9102556220824475
4area,3001,node-var,pca,1111216934,0.5850718405011535,0.7648998892019484
4area,3001,node-var,pca,1112302803,0.7054010543582778,0.8398815716267848
4area,3001,node-var,pca,1112515874,0.28978076297087696,0.5383128857559304
4area,3001,node-var,pca,1115077618,0.7777627387990539,0.8819085773474785
4area,3001,node-var,pca,1115086689,0.03688008254098274,0.19204187705024875
4area,3001,node-var,pca,1115356973,0.3670305930148273,0.6058304985842393
4area,3001,node-var,pca,1115368723,0.06795505359877152,0.2606819011722363
4area,3001,node-var,pca,1116941914,0.28082374354898565,0.5299280550687854
4area,3001,node-var,pca,1117148442,0.42765196596248856,0.6539510424813841
4area,3001,node-var,pca,1118324999,0.6570759066381113,0.810602187659342
4area,3001,node-var,pca,1118327332,0.24522309605792514,0.4952000566012951
4area,3001,node-var,pca,1118508667,0.01198078585703588,0.10945677620428952
4area,3001,node-var,pca,1118512505,0.003615574999477067,0.060129651582867184
4area,3001,node-var,pca,1119946360,0.4157106702378617,0.6447562874744709
4area,3001,node-var,pca,1120251466,0.0032235635899159343,0.05677643516385953
4area,3001,node-var,pca,1121607504,0.13099870245833867,0.36193742892707115
4area,3001,node-var,pca,1122903357,0.2050053302476682,0.4527751431424521
4area,3001,node-var,pca,1124285719,0.004664230134378,0.0682951691877088
4area,3001,node-var,pca,1124507277,0.002391875590019299,0.04890680515040161
4area,3001,node-var,pca,1125713722,0.35472576240187725,0.5955885848485323
4area,3001,node-var,pca,1125937457,0.0005691795142868106,0.02385748340221375
4area,3001,node-var,pca,1128520325,0.0003704931035044545,0.019248197409225176
4area,3001,node-var,pca,1128719842,0.001961124044243201,0.044284580208501075
4area,3001,node-var,pca,1130113579,0.4524648852468667,0.6726551012568529
4area,3001,node-var,pca,1130349290,0.04236832494898335,0.20583567462658992
4area,3001,node-var,pca,1139846596,0.005220070820915912,0.07225005758417229
4area,3001,node-var,pca,1140102579,0.18095990097715953,0.42539381868706033
5area,751,edges-corr,sfa,1048189115,0.009622285468557368,0.0980932488429122
5area,751,edges-corr,sfa,1051155866,0.022122607493498148,0.14873670526638022
5area,751,edges-corr,sfa,1052342277,0.20729412816626025,0.4552956491844174
5area,751,edges-corr,sfa,1052533639,0.05279980828839059,0.22978208870229766
5area,751,edges-corr,sfa,1053718935,0.034458336213265994,0.18562956718493395
5area,751,edges-corr,sfa,1053941483,0.00036347268690495316,0.01906495966177328
5area,751,edges-corr,sfa,1055221968,0.03251410875987304,0.18031669018666285
5area,751,edges-corr,sfa,1055240613,0.014863344433546533,0.12191531664867411
5area,751,edges-corr,sfa,1055403683,0.06863025751753671,0.2619737725756848
5area,751,edges-corr,sfa,1055415082,0.01626520539672105,0.12753511436745985
5area,751,edges-corr,sfa,1062755779,0.13903391530367648,0.3728725188367692
5area,751,edges-corr,sfa,1063010385,0.015712974194290297,0.12535140284133403
5area,751,edges-corr,sfa,1064400234,0.01630361578342676,0.1276856130635981
5area,751,edges-corr,sfa,1064415305,0.0029721388840090457,0.05451732645690951
5area,751,edges-corr,sfa,1064639378,0.00019430959724053842,0.013939497739895787
5area,751,edges-corr,sfa,1064644573,0.00010280406918306007,0.010139234151703553
5area,751,edges-corr,sfa,1065437523,0.0038256053567411463,0.061851478209830134
5area,751,edges-corr,sfa,1065449881,0.009710965035345742,0.0985442288282061
5area,751,edges-corr,sfa,1065905010,0.0011991884849230638,0.03462930095920276
5area,751,edges-corr,sfa,1065908084,0.08093776736574843,0.2844956368132002
5area,751,edges-corr,sfa,1067588044,9.676489703924762e-05,0.009836915016364566
5area,751,edges-corr,sfa,1067781390,5.058708466987305e-05,0.007112459818497707
5area,751,edges-corr,sfa,1071300149,0.09098352943875376,0.30163476165514147
5area,751,edges-corr,sfa,1081090969,0.004851466493986933,0.06965246940336599
5area,751,edges-corr,sfa,1081429294,0.0015264462622883723,0.039069761482358696
5area,751,edges-corr,sfa,1081431006,0.0342228742573063,0.1849942546602628
5area,751,edges-corr,sfa,1087992708,0.016250704053764276,0.12747824933597218
5area,751,edges-corr,sfa,1090803859,0.0037401704187448592,0.06115693271204022
5area,751,edges-corr,sfa,1092466205,0.014722582502716075,0.12133664946221381
5area,751,edges-corr,sfa,1093642839,0.027808888785485264,0.1667599735712536
5area,751,edges-corr,sfa,1096620314,0.014948059345077591,0.12226225642068547
5area,751,edges-corr,sfa,1096935816,0.013664862697078783,0.11689680362216381
5area,751,edges-corr,sfa,1098119201,0.007710772915272002,0.08781100680024206
5area,751,edges-corr,sfa,1104058216,0.05709478472481755,0.23894515003409833
5area,751,edges-corr,sfa,1104289498,0.003979500465656649,0.06308328198228695
5area,751,edges-corr,sfa,1104297538,0.009558110296504552,0.09776558850896655
5area,751,edges-corr,sfa,1105543760,0.04825856814752816,0.21967832880720875
5area,751,edges-corr,sfa,1105798776,0.027947482575687577,0.16717500583426798
5area,751,edges-corr,sfa,1108334384,0.34275301426910665,0.5854511203073292
5area,751,edges-corr,sfa,1108335514,0.014382161801187565,0.11992565113931036
5area,751,edges-corr,sfa,1108528422,0.09288346313957652,0.30476788403566485
5area,751,edges-corr,sfa,1108531612,0.13401545636544676,0.366081215532082
5area,751,edges-corr,sfa,1109889304,0.01736220474386052,0.13176571915282267
5area,751,edges-corr,sfa,1111013640,0.3663426853469971,0.6052624929293053
5area,751,edges-corr,sfa,1111216934,0.01252224897141152,0.11190285506371783
5area,751,edges-corr,sfa,1112302803,0.07178765625929162,0.267932185933851
5area,751,edges-corr,sfa,1112515874,0.11666238273374474,0.341558754438742
5area,751,edges-corr,sfa,1115086689,0.01463686945039444,0.1209829304091884
5area,751,edges-corr,sfa,1115356973,0.00010239614194995639,0.010119097882219921
5area,751,edges-corr,sfa,1115368723,0.04827920875604508,0.21972530294903467
5area,751,edges-corr,sfa,1116941914,0.08781501757976329,0.29633598765550423
5area,751,edges-corr,sfa,1117148442,0.024014451800735026,0.15496596981510175
5area,751,edges-corr,sfa,1118324999,0.015703639632885125,0.12531416373612794
5area,751,edges-corr,sfa,1118327332,0.07803501724804007,0.279347484771279
5area,751,edges-corr,sfa,1118508667,0.015453731529121328,0.12431303845180998
5area,751,edges-corr,sfa,1118512505,0.06898618903955855,0.2626522207017457
5area,751,edges-corr,sfa,1119946360,0.07460626602780873,0.27314147621298557
5area,751,edges-corr,sfa,1120251466,0.000816116995506766,0.028567761471746052
5area,751,edges-corr,sfa,1121607504,0.09646319863780217,0.310585251803433
5area,751,edges-corr,sfa,1122903357,0.07571728336581485,0.27516773678215795
5area,751,edges-corr,sfa,1124285719,0.009196219675814188,0.09589692213942226
5area,751,edges-corr,sfa,1124507277,0.016227134546282218,0.12738577058008552
5area,751,edges-corr,sfa,1125713722,0.05800684050366944,0.24084609297987244
5area,751,edges-corr,sfa,1125937457,0.018021446734122204,0.134243982115111
5area,751,edges-corr,sfa,1128520325,9.685242712142994e-05,0.009841363072323368
5area,751,edges-corr,sfa,1128719842,0.00880536587225933,0.09383691103323563
5area,751,edges-corr,sfa,1130113579,0.12346681626209977,0.35137845161890574
5area,751,edges-corr,sfa,1130349290,0.03501826496914828,0.18713167815511209
5area,751,edges-corr,sfa,1139846596,0.007244186919567297,0.08511278940069626
5area,751,edges-corr,sfa,1140102579,0.026091157698792222,0.16152757566060413
5area,751,edges-corr,pca,1048189115,0.011673742882240212,0.10804509652103791
5area,751,edges-corr,pca,1051155866,0.0003462100083523323,0.018606719440903724
5area,751,edges-corr,pca,1052342277,0.007353983334316361,0.0857553691282146
5area,751,edges-corr,pca,1052533639,0.04263266623270978,0.206476793448343
5area,751,edges-corr,pca,1053718935,0.007247037769436915,0.08512953523564479
5area,751,edges-corr,pca,1053941483,0.06644934480166331,0.25777770423693186
5area,751,edges-corr,pca,1055221968,0.028762177627272734,0.16959415564008323
5area,751,edges-corr,pca,1055240613,0.03721427104775421,0.19291000764023172
5area,751,edges-corr,pca,1055403683,0.003812962943755549,0.06174919387130141
5area,751,edges-corr,pca,1055415082,0.16418515942845135,0.4051976794460343
5area,751,edges-corr,pca,1062755779,0.006497832826584116,0.08060913612354459
5area,751,edges-corr,pca,1063010385,0.05923955619507171,0.24339177511796037
5area,751,edges-corr,pca,1064400234,0.005409922601438133,0.07355217604828748
5area,751,edges-corr,pca,1064415305,0.015156960413382103,0.12311360775065551
5area,751,edges-corr,pca,1064639378,0.0930190371809172,0.3049902247300999
5area,751,edges-corr,pca,1064644573,0.09049971762625564,0.30083170980841684
5area,751,edges-corr,pca,1065437523,0.058120249896996046,0.24108141756882856
5area,751,edges-corr,pca,1065449881,0.000313692993791137,0.017711380346858964
5area,751,edges-corr,pca,1065905010,0.022038547104115125,0.14845385513389353
5area,751,edges-corr,pca,1065908084,0.13729527396438246,0.3705337689933024
5area,751,edges-corr,pca,1067588044,0.00434444069048856,0.06591237130075434
5area,751,edges-corr,pca,1067781390,0.004500448239698418,0.06708538022325232
5area,751,edges-corr,pca,1071300149,0.01293752712253804,0.11374325088785707
5area,751,edges-corr,pca,1081090969,0.10986702123181857,0.33146194537505885
5area,751,edges-corr,pca,1081429294,4.013476490283274e-05,0.006335200462717354
5area,751,edges-corr,pca,1081431006,0.012528182344648697,0.1119293631923664
5area,751,edges-corr,pca,1087992708,0.14991288064862418,0.3871858476863848
5area,751,edges-corr,pca,1090803859,0.008965616638469842,0.09468694016848347
5area,751,edges-corr,pca,1092466205,0.00693386481595426,0.08326983136739408
5area,751,edges-corr,pca,1093642839,0.008791109039037903,0.09376091423955829
5area,751,edges-corr,pca,1096620314,0.066526850245619,0.25792799430387375
5area,751,edges-corr,pca,1096935816,0.014789511105757325,0.12161213387551967
5area,751,edges-corr,pca,1098119201,0.014785841069511196,0.12159704383541284
5area,751,edges-corr,pca,1104058216,0.00413142475480377,0.06427616008135413
5area,751,edges-corr,pca,1104289498,0.02901682926560767,0.17034326891781748
5area,751,edges-corr,pca,1104297538,0.08285530694737331,0.28784597782038407
5area,751,edges-corr,pca,1105543760,0.024920936150962136,0.15786366317478556
5area,751,edges-corr,pca,1105798776,0.2379833200441276,0.4878353411184226
5area,751,edges-corr,pca,1108334384,0.024292271012286704,0.1558597799699674
5area,751,edges-corr,pca,1108335514,5.537144044820419e-05,0.00744119885826863
5area,751,edges-corr,pca,1108528422,0.0645956747100761,0.25415679158754817
5area,751,edges-corr,pca,1108531612,0.18223745830506977,0.42689279486197695
5area,751,edges-corr,pca,1109889304,0.07867438307027941,0.2804895418197966
5area,751,edges-corr,pca,1111013640,0.30989000058664806,0.5566776451292506
5area,751,edges-corr,pca,1111216934,0.3578210770352489,0.5981814750017325
5area,751,edges-corr,pca,1112302803,0.061290214321476855,0.24756860528240837
5area,751,edges-corr,pca,1112515874,0.039946551275329756,0.199866333521506
5area,751,edges-corr,pca,1115086689,0.05066702974034798,0.2250933800455889
5area,751,edges-corr,pca,1115356973,0.08462926386619674,0.2909110927176837
5area,751,edges-corr,pca,1115368723,0.03304329824665009,0.18177815668184646
5area,751,edges-corr,pca,1116941914,0.0756805519861824,0.27510098506945113
5area,751,edges-corr,pca,1117148442,0.024428709566788886,0.15629686358589856
5area,751,edges-corr,pca,1118324999,0.00018926553003872915,0.013757380929485655
5area,751,edges-corr,pca,1118327332,0.00038618293296455164,0.019651537674301143
5area,751,edges-corr,pca,1118508667,0.002576771580483528,0.05076191072530158
5area,751,edges-corr,pca,1118512505,0.021451273075094868,0.1464625313009947
5area,751,edges-corr,pca,1119946360,0.16397454711171955,0.40493770769307147
5area,751,edges-corr,pca,1120251466,0.11797519025981074,0.3434751668750023
5area,751,edges-corr,pca,1121607504,0.12309974268947388,0.3508557291672372
5area,751,edges-corr,pca,1122903357,0.026482874017532576,0.16273559542255217
5area,751,edges-corr,pca,1124285719,0.0061807812203524826,0.07861794464594327
5area,751,edges-corr,pca,1124507277,0.010925849891889938,0.10452679030703055
5area,751,edges-corr,pca,1125713722,0.05970101532106109,0.24433791216481554
5area,751,edges-corr,pca,1125937457,0.0007032307971859275,0.026518499150325857
5area,751,edges-corr,pca,1128520325,0.00011243338119826252,0.010603460812306075
5area,751,edges-corr,pca,1128719842,0.03486319380530689,0.18671688141490334
5area,751,edges-corr,pca,1130113579,5.599606304584892e-05,0.007483051720131713
5area,751,edges-corr,pca,1130349290,0.023436294701585036,0.1530891723851988
5area,751,edges-corr,pca,1139846596,0.0014317477887237917,0.03783844326507039
5area,751,edges-corr,pca,1140102579,0.08094669166792345,0.28451132080801894
5area,751,edges-cov,sfa,1048189115,0.06564129137508867,0.2562055646840808
5area,751,edges-cov,sfa,1051155866,0.0020281543748328357,0.04503503497092853
5area,751,edges-cov,sfa,1052342277,0.1824677054483601,0.42716238767986076
5area,751,edges-cov,sfa,1052533639,0.07466533747455173,0.2732495882422368
5area,751,edges-cov,sfa,1053718935,0.0235375382877554,0.1534194847069807
5area,751,edges-cov,sfa,1053941483,0.0319787922648237,0.17882615095344326
5area,751,edges-cov,sfa,1055221968,0.005736766834777085,0.07574144727147131
5area,751,edges-cov,sfa,1055240613,0.05157508249644571,0.2271014806126233
5area,751,edges-cov,sfa,1055403683,0.022423048852932226,0.1497432764865655
5area,751,edges-cov,sfa,1055415082,0.1732884789961444,0.4162793280913003
5area,751,edges-cov,sfa,1062755779,0.00286885160700856,0.0535616617274767
5area,751,edges-cov,sfa,1063010385,0.03932733216104067,0.19831120029146276
5area,751,edges-cov,sfa,1064400234,0.02856458300893261,0.1690106002857004
5area,751,edges-cov,sfa,1064415305,0.02248913503638117,0.14996377908142106
5area,751,edges-cov,sfa,1064639378,0.06765279970915272,0.2601015180831375
5area,751,edges-cov,sfa,1064644573,0.0009570649938500653,0.0309364670550814
5area,751,edges-cov,sfa,1065437523,0.055793177131741034,0.23620579402660943
5area,751,edges-cov,sfa,1065449881,0.00022387603075968432,0.014962487452284557
5area,751,edges-cov,sfa,1065905010,0.01600379499148541,0.12650610653832256
5area,751,edges-cov,sfa,1065908084,0.1355081152188663,0.36811426924104157
5area,751,edges-cov,sfa,1067588044,0.010138107649260708,0.10068817035412198
5area,751,edges-cov,sfa,1067781390,0.0008607684164463336,0.029338855063656633
5area,751,edges-cov,sfa,1071300149,0.049617764986112034,0.22275045451381661
5area,751,edges-cov,sfa,1081090969,0.11598544878877759,0.3405663647349481
5area,751,edges-cov,sfa,1081429294,0.01028903419750038,0.10143487663274635
5area,751,edges-cov,sfa,1081431006,0.006848859548640673,0.08275783678081866
5area,751,edges-cov,sfa,1087992708,0.3931853491804337,0.6270449339404905
5area,751,edges-cov,sfa,1090803859,0.23541692295556604,0.48519781837469766
5area,751,edges-cov,sfa,1092466205,0.052629706980520274,0.22941165397712482
5area,751,edges-cov,sfa,1093642839,0.0029880230203573888,0.05466281204216869
5area,751,edges-cov,sfa,1096620314,0.045355084817957025,0.2129673327483747
5area,751,edges-cov,sfa,1096935816,0.007107254448351141,0.08430453397268173
5area,751,edges-cov,sfa,1098119201,0.008500139478653801,0.09219620099903127
5area,751,edges-cov,sfa,1104058216,0.08052736674980898,0.28377344264361537
5area,751,edges-cov,sfa,1104289498,0.0073420003890373176,0.08568547361739455
5area,751,edges-cov,sfa,1104297538,0.0008474876188657721,0.02911164060759219
5area,751,edges-cov,sfa,1105543760,0.4168009196033776,0.6456012078701353
5area,751,edges-cov,sfa,1105798776,0.44630208908546176,0.668058447357312
5area,751,edges-cov,sfa,1108334384,0.023408158650161326,0.1529972504660173
5area,751,edges-cov,sfa,1108335514,5.05110219828353e-06,0.0022474657279253937
5area,751,edges-cov,sfa,1108528422,0.0037942239951385126,0.06159727262743523
5area,751,edges-cov,sfa,1108531612,0.28703822439655247,0.5357594837205896
5area,751,edges-cov,sfa,1109889304,0.11775861014777522,0.34315974435789426
5area,751,edges-cov,sfa,1111013640,0.37416913969249666,0.6116936649111995
5area,751,edges-cov,sfa,1111216934,0.476635111309214,0.6903876529234967
5area,751,edges-cov,sfa,1112302803,0.28235695172726827,0.5313727051018605
5area,751,edges-cov,sfa,1112515874,0.1929433983176736,0.4392532280105335
5area,751,edges-cov,sfa,1115086689,0.11112821917506555,0.3333589944415265
5area,751,edges-cov,sfa,1115356973,0.016330217218559984,0.1277897383147808
5area,751,edges-cov,sfa,1115368723,0.13708373423874198,0.3702482062599925
5area,751,edges-cov,sfa,1116941914,0.19172608182247175,0.43786536951724286
5area,751,edges-cov,sfa,1117148442,0.16835834694739105,0.4103149362957575
5area,751,edges-cov,sfa,1118324999,0.21607553592782813,0.46483925816117155
5area,751,edges-cov,sfa,1118327332,0.2574937652584123,0.507438434943996
5area,751,edges-cov,sfa,1118508667,0.01308161332197666,0.1143748806424585
5area,751,edges-cov,sfa,1118512505,0.046527103066720255,0.21570142110500798
5area,751,edges-cov,sfa,1119946360,0.1379315880151114,0.371391421569093
5area,751,edges-cov,sfa,1120251466,0.057039479936712545,0.23882939504322429
5area,751,edges-cov,sfa,1121607504,0.04353636064750588,0.20865368591881067
5area,751,edges-cov,sfa,1122903357,0.1541843252378965,0.392663119273884
5area,751,edges-cov,sfa,1124285719,0.021540975871327417,0.1467684430363957
5area,751,edges-cov,sfa,1124507277,0.0048378082278615064,0.06955435448526234
5area,751,edges-cov,sfa,1125713722,0.1866851775352294,0.4320708015305242
5area,751,edges-cov,sfa,1125937457,0.0008817980273428949,0.029695084228585144
5area,751,edges-cov,sfa,1128520325,0.028961035766622123,0.1701794222772599
5area,751,edges-cov,sfa,1128719842,7.843152490671912e-05,0.008856157457206535
5area,751,edges-cov,sfa,1130113579,0.1854936270834714,0.43068971090968927
5area,751,edges-cov,sfa,1130349290,1.5369587055835687e-05,0.003920406491141052
5area,751,edges-cov,sfa,1139846596,0.007320164182076594,0.08555795802890895
5area,751,edges-cov,sfa,1140102579,0.14174646205002794,0.3764923134009887
5area,751,edges-cov,pca,1048189115,0.062221721431432675,0.24944282196814693
5area,751,edges-cov,pca,1051155866,7.831659245338685e-06,0.002798510183186982
5area,751,edges-cov,pca,1052342277,0.1051525645781487,0.32427236172413526
5area,751,edges-cov,pca,1052533639,0.0442292754911926,0.21030757354691812
5area,751,edges-cov,pca,1053718935,0.015880421154951807,0.12601754304441776
5area,751,edges-cov,pca,1053941483,0.04825306954520292,0.2196658133283447
5area,751,edges-cov,pca,1055221968,0.0019543158192902865,0.04420764435355083
5area,751,edges-cov,pca,1055240613,0.06853740593579793,0.2617964971801536
5area,751,edges-cov,pca,1055403683,0.006243025067099617,0.07901281584084661
5area,751,edges-cov,pca,1055415082,0.19419828473206746,0.4406793445716138
5area,751,edges-cov,pca,1062755779,0.002904464135189855,0.05389308058730754
5area,751,edges-cov,pca,1063010385,0.08096738895141742,0.2845476918750488
5area,751,edges-cov,pca,1064400234,0.002495721618898661,0.0499571978687626
5area,751,edges-cov,pca,1064415305,0.004332587781209929,0.06582239574195121
5area,751,edges-cov,pca,1064639378,0.06097466077759928,0.24693047761991488
5area,751,edges-cov,pca,1064644573,0.006639483259983203,0.08148302436693958
5area,751,edges-cov,pca,1065437523,0.05298900216937641,0.23019340166341956
5area,751,edges-cov,pca,1065449881,0.0002639176559244838,0.01624554264789147
5area,751,edges-cov,pca,1065905010,0.018509540770490496,0.1360497731364909
5area,751,edges-cov,pca,1065908084,0.042882418303846315,0.2070807048081646
5area,751,edges-cov,pca,1067588044,0.010415172006242202,0.10205475004252543
5area,751,edges-cov,pca,1067781390,0.0012825869288922709,0.0358132228219159
5area,751,edges-cov,pca,1071300149,0.00844199875836893,0.09188035022989936
5area,751,edges-cov,pca,1081090969,0.24354326625213507,0.4935010296363472
5area,751,edges-cov,pca,1081429294,0.01804288861544856,0.13432381998532036
5area,751,edges-cov,pca,1081431006,0.002197555899638437,0.046878096160554925
5area,751,edges-cov,pca,1087992708,0.33330618682931645,0.5773267591488518
5area,751,edges-cov,pca,1090803859,0.1354203793493718,0.3679950806048531
5area,751,edges-cov,pca,1092466205,0.013933331364773038,0.11803953305894171
5area,751,edges-cov,pca,1093642839,0.013784751278886787,0.11740848043853913
5area,751,edges-cov,pca,1096620314,0.04767384519062945,0.2183434111454467
5area,751,edges-cov,pca,1096935816,0.009435514446296867,0.09713657625373101
5area,751,edges-cov,pca,1098119201,0.0005564038303558227,0.02358821380172525
5area,751,edges-cov,pca,1104058216,0.05590507637803066,0.23644254350271005
5area,751,edges-cov,pca,1104289498,0.001215848942560771,0.0348690255464753
5area,751,edges-cov,pca,1104297538,0.03917317188161962,0.19792213590606703
5area,751,edges-cov,pca,1105543760,0.25197813952015247,0.5019742418891158
5area,751,edges-cov,pca,1105798776,0.3602927307322309,0.6002438927071487
5area,751,edges-cov,pca,1108334384,0.0343207468735508,0.18525859460103503
5area,751,edges-cov,pca,1108335514,0.00040264008463752887,0.02006589356688313
5area,751,edges-cov,pca,1108528422,0.050730287001037655,0.22523384958979356
5area,751,edges-cov,pca,1108531612,0.2641370007696877,0.513942604548103
5area,751,edges-cov,pca,1109889304,0.08010271027107019,0.2830242220571763
5area,751,edges-cov,pca,1111013640,0.3152811957306412,0.5614990612019233
5area,751,edges-cov,pca,1111216934,0.5014720873673488,0.7081469391075197
5area,751,edges-cov,pca,1112302803,0.2583442858179058,0.5082757970018887
5area,751,edges-cov,pca,1112515874,0.03927152992969263,0.19817045675300005
5area,751,edges-cov,pca,1115086689,0.00014111933155958045,0.011879365789448702
5area,751,edges-cov,pca,1115356973,0.056621681542491364,0.23795310786474574
5area,751,edges-cov,pca,1115368723,0.04138044287245113,0.2034218347976715
5area,751,edges-cov,pca,1116941914,0.1411100758777183,0.37564621105199264
5area,751,edges-cov,pca,1117148442,0.1468503159981418,0.3832105374309816
5area,751,edges-cov,pca,1118324999,0.2124406917400956,0.46091288953564236
5area,751,edges-cov,pca,1118327332,0.16155906853348556,0.4019441112063783
5area,751,edges-cov,pca,1118508667,0.013357190039194777,0.11557331023724578
5area,751,edges-cov,pca,1118512505,0.0476670966825381,0.2183279567131477
5area,751,edges-cov,pca,1119946360,0.14977395982864206,0.3870064079942886
5area,751,edges-cov,pca,1120251466,0.0996795082179267,0.3157206173469301
5area,751,edges-cov,pca,1121607504,0.08454126014875052,0.29075979802708285
5area,751,edges-cov,pca,1122903357,0.07874572287043513,0.2806166831648387
5area,751,edges-cov,pca,1124285719,0.0008788763488853935,0.02964584876311618
5area,751,edges-cov,pca,1124507277,0.014849505772256744,0.12185854821167355
5area,751,edges-cov,pca,1125713722,0.1673166204255111,0.40904354343457244
5area,751,edges-cov,pca,1125937457,0.00023957033557986396,0.015478059813161495
5area,751,edges-cov,pca,1128520325,0.01197435632671462,0.10942740208336635
5area,751,edges-cov,pca,1128719842,0.015543519577034037,0.12467365229684281
5area,751,edges-cov,pca,1130113579,0.014688577089755683,0.12119644008697508
5area,751,edges-cov,pca,1130349290,0.028478784628664155,0.1687565839564907
5area,751,edges-cov,pca,1139846596,0.0004268195743207803,0.02065961215320392
5area,751,edges-cov,pca,1140102579,0.0836650573052996,0.2892491267148436
5area,751,node-var,sfa,1048189115,0.06922611065723683,0.2631085529914162
5area,751,node-var,sfa,1051155866,0.0009065813025169733,0.03010948857946455
5area,751,node-var,sfa,1052342277,0.23590610562617098,0.4857016631906575
5area,751,node-var,sfa,1052533639,0.07210050516521682,0.2685153723070934
5area,751,node-var,sfa,1053718935,0.00010707260264752883,0.010347589219112064
5area,751,node-var,sfa,1053941483,0.0342012789094982,0.18493587783201573
5area,751,node-var,sfa,1055221968,0.010701377525563438,0.10344746263472751
5area,751,node-var,sfa,1055240613,0.049825780944735554,0.2232168921581327
5area,751,node-var,sfa,1055403683,0.03615147935507079,0.19013542372496153
5area,751,node-var,sfa,1055415082,0.19336507347172005,0.43973295699972276
5area,751,node-var,sfa,1062755779,0.0159681413954198,0.12636511146443855
5area,751,node-var,sfa,1063010385,0.017097659837528645,0.13075802016522256
5area,751,node-var,sfa,1064400234,0.024763563021335977,0.15736442743306353
5area,751,node-var,sfa,1064415305,0.007181420379869352,0.0847432615602535
5area,751,node-var,sfa,1064639378,0.03761825139834807,0.19395425078700432
5area,751,node-var,sfa,1064644573,0.0001364986369905008,0.01168326311397916
5area,751,node-var,sfa,1065437523,0.05006135929418065,0.22374395923506113
5area,751,node-var,sfa,1065449881,0.00019210263595348387,0.01386010952169835
5area,751,node-var,sfa,1065905010,0.015547253183450516,0.12468862491603035
5area,751,node-var,sfa,1065908084,0.1311225283487838,0.3621084483256137
5area,751,node-var,sfa,1067588044,0.020204088593969383,0.14214108693115193
5area,751,node-var,sfa,1067781390,0.0033546828174648713,0.05791962376832969
5area,751,node-var,sfa,1071300149,0.07036895911757779,0.26527148191537253
5area,751,node-var,sfa,1081090969,0.15270892650267665,0.39077989521299045
5area,751,node-var,sfa,1081429294,0.014956061878797833,0.12229497895988173
5area,751,node-var,sfa,1081431006,0.007072429846140871,0.0840977398396685
5area,751,node-var,sfa,1087992708,0.40480498639164986,0.6362428674583704
5area,751,node-var,sfa,1090803859,0.2571096553408375,0.5070598143620114
5area,751,node-var,sfa,1092466205,0.007169882093292723,0.08467515629328819
5area,751,node-var,sfa,1093642839,0.01804634060396093,0.13433666887324844
5area,751,node-var,sfa,1096620314,0.0547950441808559,0.23408341286997647
5area,751,node-var,sfa,1096935816,0.014756911248545834,0.12147802784267489
5area,751,node-var,sfa,1098119201,0.027918610000069233,0.16708862917646208
5area,751,node-var,sfa,1104058216,0.09309703991625595,0.3051180753679733
5area,751,node-var,sfa,1104289498,0.006546574913560366,0.08091090725953075
5area,751,node-var,sfa,1104297538,0.002604500581381175,0.051034307885785266
5area,751,node-var,sfa,1105543760,0.3888439849231382,0.6235735601540039
5area,751,node-var,sfa,1105798776,0.4029501987975044,0.6347835842218232
5area,751,node-var,sfa,1108334384,0.04227625870084628,0.2056119128378654
5area,751,node-var,sfa,1108335514,3.995193862404989e-07,0.0006320754593046743
5area,751,node-var,sfa,1108528422,0.014329006621761509,0.11970382876817981
5area,751,node-var,sfa,1108531612,0.27817739879145964,0.5274252542223014
5area,751,node-var,sfa,1109889304,0.08106000719314121,0.28471039178987034
5area,751,node-var,sfa,1111013640,0.4145113153353045,0.6438255317516562
5area,751,node-var,sfa,1111216934,0.4957678972873568,0.7041078733314639
5area,751,node-var,sfa,1112302803,0.3407451717534723,0.5837338192648013
5area,751,node-var,sfa,1112515874,0.26080218316227943,0.5106879508685117
5area,751,node-var,sfa,1115086689,0.0987329361194933,0.31421797548754804
5area,751,node-var,sfa,1115356973,0.0179691233799556,0.13404895889172588
5area,751,node-var,sfa,1115368723,0.14179115598065828,0.37655166442423105
5area,751,node-var,sfa,1116941914,0.17115313051485725,0.41370657538267047
5area,751,node-var,sfa,1117148442,0.20739656575655874,0.45540813097326077
5area,751,node-var,sfa,1118324999,0.28295824970922157,0.5319382010245375
5area,751,node-var,sfa,1118327332,0.2232864044533116,0.47253190839700077
5area,751,node-var,sfa,1118508667,0.0035927122676020495,0.059939238129976556
5area,751,node-var,sfa,1118512505,0.04773404568784534,0.2184812250236744
5area,751,node-var,sfa,1119946360,0.16979401089184942,0.41206068836016096
5area,751,node-var,sfa,1120251466,0.058479143847535386,0.24182461381657408
5area,751,node-var,sfa,1121607504,0.056452502634445456,0.23759735401398185
5area,751,node-var,sfa,1122903357,0.12963677295595355,0.3600510699275227
5area,751,node-var,sfa,1124285719,0.00019353344461947586,0.013911629833340641
5area,751,node-var,sfa,1124507277,0.012409828935516343,0.11139941173774846
5area,751,node-var,sfa,1125713722,0.1990421311130397,0.44614138018462235
5area,751,node-var,sfa,1125937457,8.674642294204116e-05,0.009313775976575516
5area,751,node-var,sfa,1128520325,0.021533439702582147,0.14674276712186585
5area,751,node-var,sfa,1128719842,0.001064267463578572,0.03262311241403356
5area,751,node-var,sfa,1130113579,0.1275885878733065,0.35719544772198125
5area,751,node-var,sfa,1130349290,0.018414882838690305,0.13570144744508195
5area,751,node-var,sfa,1139846596,0.011678254279548939,0.10806597188545924
5area,751,node-var,sfa,1140102579,0.08143809055448592,0.2853735982085338
5area,751,node-var,pca,1048189115,0.07814494556971563,0.27954417463026393
5area,751,node-var,pca,1051155866,1.7564823710958244e-05,0.004191040886365006
5area,751,node-var,pca,1052342277,0.22946281683479175,0.4790227727726436
5area,751,node-var,pca,1052533639,0.055258490101478874,0.23507124473546068
5area,751,node-var,pca,1053718935,0.0025502545282855005,0.05050004483449006
5area,751,node-var,pca,1053941483,0.03770871929522113,0.194187330418905
5area,751,node-var,pca,1055221968,0.004323924804933488,0.06575655712500003
5area,751,node-var,pca,1055240613,0.06733224519668002,0.2594845760284802
5area,751,node-var,pca,1055403683,0.0337766474737482,0.1837842416360774
5area,751,node-var,pca,1055415082,0.2153408417240481,0.4640483183075314
5area,751,node-var,pca,1062755779,0.006043333829591102,0.07773888235362841
5area,751,node-var,pca,1063010385,0.03950432940162907,0.19875696063692783
5area,751,node-var,pca,1064400234,0.01998265403113275,0.14136001567321935
5area,751,node-var,pca,1064415305,0.0032499820292768433,0.057008613641071404
5area,751,node-var,pca,1064639378,0.03633857754011982,0.19062680173606175
5area,751,node-var,pca,1064644573,0.0019569821479823446,0.04423779094826365
5area,751,node-var,pca,1065437523,0.050793814760732636,0.22537483169318762
5area,751,node-var,pca,1065449881,2.5303047757829766e-05,0.005030213490297134
5area,751,node-var,pca,1065905010,0.015155671001911397,0.12310837096603726
5area,751,node-var,pca,1065908084,0.13358920147752695,0.36549856562991717
5area,751,node-var,pca,1067588044,0.015732210730506457,0.12542810980998848
5area,751,node-var,pca,1067781390,0.0017474928517489108,0.04180302443303403
5area,751,node-var,pca,1071300149,0.03150370461667318,0.17749282976129788
5area,751,node-var,pca,1081090969,0.2018080626799531,0.44923052287211335
5area,751,node-var,pca,1081429294,0.01920781011705419,0.1385922440725104
5area,751,node-var,pca,1081431006,0.005315048483146234,0.07290437903957638
5area,751,node-var,pca,1087992708,0.423342499512506,0.65064775379041
5area,751,node-var,pca,1090803859,0.24161745844374105,0.4915459881269921
5area,751,node-var,pca,1092466205,0.0013209956717934457,0.03634550414829114
5area,751,node-var,pca,1093642839,0.03177345816922783,0.1782511098681513
5area,751,node-var,pca,1096620314,0.03321504985471979,0.1822499653078699
5area,751,node-var,pca,1096935816,0.010506835348181864,0.10250285531721501
5area,751,node-var,pca,1098119201,0.018151864420640984,0.13472885518937974
5area,751,node-var,pca,1104058216,0.090134908515351,0.30022476332799575
5area,751,node-var,pca,1104289498,0.007951464022691868,0.08917098195428813
5area,751,node-var,pca,1104297538,6.051703652820706e-05,0.007779269665468526
5area,751,node-var,pca,1105543760,0.3950717658137515,0.6285473457216653
5area,751,node-var,pca,1105798776,0.4361064085277804,0.6603835313874653
5area,751,node-var,pca,1108334384,0.050674660597803456,0.22511032983362483
5area,751,node-var,pca,1108335514,0.0009966806592862643,0.03157024959176256
5area,751,node-var,pca,1108528422,0.02561360582619654,0.16004251255899687
5area,751,node-var,pca,1108531612,0.27936439016363745,0.5285493261405577
5area,751,node-var,pca,1109889304,0.09026750221392987,0.3004455062302146
5area,751,node-var,pca,1111013640,0.3912294084604584,0.6254833398744198
5area,751,node-var,pca,1111216934,0.503824314173269,0.7098058285004916
5area,751,node-var,pca,1112302803,0.3142935594306304,0.5606189074858521
5area,751,node-var,pca,1112515874,0.2179336260162993,0.466833617058904
5area,751,node-var,pca,1115086689,0.058357778664283044,0.24157354711201953
5area,751,node-var,pca,1115356973,0.02646861843460091,0.16269178969634857
5area,751,node-var,pca,1115368723,0.13746251708118173,0.3707593789524173
5area,751,node-var,pca,1116941914,0.16975807706524237,0.41201708346286137
5area,751,node-var,pca,1117148442,0.21563359659354742,0.4643636469336801
5area,751,node-var,pca,1118324999,0.3262981042181117,0.5712250906762687
5area,751,node-var,pca,1118327332,0.2473800338882849,0.49737313346046824
5area,751,node-var,pca,1118508667,0.008036005313166728,0.08964376895895654
5area,751,node-var,pca,1118512505,0.052002087225482274,0.22803966151852248
5area,751,node-var,pca,1119946360,0.15052747135204658,0.387978699611263
5area,751,node-var,pca,1120251466,0.05399204583347361,0.2323618855007716
5area,751,node-var,pca,1121607504,0.047547984246143926,0.2180550028000822
5area,751,node-var,pca,1122903357,0.12468306807867358,0.35310489670730105
5area,751,node-var,pca,1124285719,1.7310593224406645e-06,0.0013156972761914623
5area,751,node-var,pca,1124507277,0.010889818897599102,0.10435429506062038
5area,751,node-var,pca,1125713722,0.193425820123582,0.439802023782954
5area,751,node-var,pca,1125937457,7.478646793068755e-06,0.0027347114643357893
5area,751,node-var,pca,1128520325,0.01648502477499514,0.12839402157030141
5area,751,node-var,pca,1128719842,6.466681017625042e-05,0.008041567644205832
5area,751,node-var,pca,1130113579,0.10944804964135735,0.33082933612567916
5area,751,node-var,pca,1130349290,0.03044257441947995,0.17447800554648663
5area,751,node-var,pca,1139846596,0.003885278590022301,0.06233200293607067
5area,751,node-var,pca,1140102579,0.0760248158945378,0.2757259797235976
5area,1501,edges-corr,sfa,1048189115,0.009800545163576868,0.09899770281969583
5area,1501,edges-corr,sfa,1051155866,0.06413773164002634,0.2532542825699627
5area,1501,edges-corr,sfa,1052342277,0.22577569290050103,0.4751585976287297
5area,1501,edges-corr,sfa,1052533639,0.0709231254597974,0.2663139603171368
5area,1501,edges-corr,sfa,1053718935,0.10353438136274595,0.3217675890495286
5area,1501,edges-corr,sfa,1053941483,0.0039374736277985045,0.06274929185097385
5area,1501,edges-corr,sfa,1055221968,0.07323428389464293,0.2706183362129086
5area,1501,edges-corr,sfa,1055240613,0.06939079670197168,0.2634213292464597
5area,1501,edges-corr,sfa,1055403683,0.09019884093394048,0.30033121871350704
5area,1501,edges-corr,sfa,1055415082,0.024212787546401993,0.1556045871637534
5area,1501,edges-corr,sfa,1062755779,0.19776679177531653,0.4447097837638795
5area,1501,edges-corr,sfa,1063010385,0.021952146744263712,0.14816256863413169
5area,1501,edges-corr,sfa,1064400234,0.016867299141928527,0.12987416656875486
5area,1501,edges-corr,sfa,1064415305,0.024270550131164303,0.15579008354566187
5area,1501,edges-corr,sfa,1064639378,0.011337734289822654,0.10647879737216523
5area,1501,edges-corr,sfa,1064644573,0.0031876744445065164,0.056459493838561255
5area,1501,edges-corr,sfa,1065437523,0.03445887101835299,0.1856310076963257
5area,1501,edges-corr,sfa,1065449881,0.008077463240701688,0.08987470857088702
5area,1501,edges-corr,sfa,1065905010,0.005895176699792004,0.07678005404915944
5area,1501,edges-corr,sfa,1065908084,0.1004463786308667,0.3169327667358916
5area,1501,edges-corr,sfa,1067588044,0.015418898693086658,0.1241728581175721
5area,1501,edges-corr,sfa,1067781390,0.015629230085595025,0.1250169191973438
5area,1501,edges-corr,sfa,1071300149,0.20352188406237914,0.4511339979012656
5area,1501,edges-corr,sfa,1081090969,0.02046903889296292,0.14307004890249722
5area,1501,edges-corr,sfa,1081429294,3.25986405433909e-05,0.005709521918985672
5area,1501,edges-corr,sfa,1081431006,0.03386561033016455,0.18402611317463702
5area,1501,edges-corr,sfa,1087992708,0.07300286292245006,0.2701904197458715
5area,1501,edges-corr,sfa,1090803859,0.009455874074683734,0.09724131876256883
5area,1501,edges-corr,sfa,1092466205,0.030078380277801187,0.1734311975332041
5area,1501,edges-corr,sfa,1093642839,0.014943903907691514,0.12224526128930985
5area,1501,edges-corr,sfa,1096620314,0.03402220838481196,0.18445110025373146
5area,1501,edges-corr,sfa,1096935816,0.018592044792268836,0.1363526486441273
5area,1501,edges-corr,sfa,1098119201,0.020444360833892117,0.14298377821939195
5area,1501,edges-corr,sfa,1104058216,0.13305238461090863,0.364763463919988
5area,1501,edges-corr,sfa,1104289498,0.010869717493822817,0.10425793731808965
5area,1501,edges-corr,sfa,1104297538,0.059448077536978006,0.24381976445107495
5area,1501,edges-corr,sfa,1105543760,0.07004009894397434,0.26465090013822756
5area,1501,edges-corr,sfa,1105798776,0.04119913970395672,0.2029757121035829
5area,1501,edges-corr,sfa,1108334384,0.4219863053509223,0.6496047300866294
5area,1501,edges-corr,sfa,1108335514,0.05128084598759042,0.22645274559516926
5area,1501,edges-corr,sfa,1108528422,0.09447605916808122,0.30736958074617826
5area,1501,edges-corr,sfa,1108531612,0.028660172161606323,0.16929315450308774
5area,1501,edges-corr,sfa,1109889304,0.012391595837030422,0.111317545054815
5area,1501,edges-corr,sfa,1111013640,0.5931556089871277,0.7701659619764614
5area,1501,edges-corr,sfa,1111216934,0.0588412215493993,0.24257209557036694
5area,1501,edges-corr,sfa,1112302803,0.13044157173283877,0.36116695825177403
5area,1501,edges-corr,sfa,1112515874,0.20110599523234385,0.44844843096207104
5area,1501,edges-corr,sfa,1115086689,0.011334839512821215,0.10646520329582326
5area,1501,edges-corr,sfa,1115356973,0.0019633691722075186,0.044309921825787364
5area,1501,edges-corr,sfa,1115368723,0.17660782984763845,0.42024734365328026
5area,1501,edges-corr,sfa,1116941914,0.12740549334613716,0.3569390611100681
5area,1501,edges-corr,sfa,1117148442,0.011875885206910852,0.10897653512068879
5area,1501,edges-corr,sfa,1118324999,0.05515296895837296,0.2348466924578088
5area,1501,edges-corr,sfa,1118327332,0.07386266059935076,0.2717768581011832
5area,1501,edges-corr,sfa,1118508667,0.04165895943705977,0.20410526557896502
5area,1501,edges-corr,sfa,1118512505,0.17030827279901528,0.4126842289196609
5area,1501,edges-corr,sfa,1119946360,0.10536049992905605,0.32459282174603954
5area,1501,edges-corr,sfa,1120251466,0.02853446606841492,0.16892147900256765
5area,1501,edges-corr,sfa,1121607504,0.1893148641443969,0.4351032798593878
5area,1501,edges-corr,sfa,1122903357,0.2063113586042965,0.45421510169114554
5area,1501,edges-corr,sfa,1124285719,0.015334363786949523,0.12383199823530916
5area,1501,edges-corr,sfa,1124507277,0.07353532243115546,0.27117397078472566
5area,1501,edges-corr,sfa,1125713722,0.1127861719980906,0.3358365257057233
5area,1501,edges-corr,sfa,1125937457,0.076164782055261,0.27597967688810177
5area,1501,edges-corr,sfa,1128520325,0.009275119857770076,0.09630742368981725
5area,1501,edges-corr,sfa,1128719842,0.032274992290572735,0.17965242077571
5area,1501,edges-corr,sfa,1130113579,0.2185932999066833,0.46753962388944414
5area,1501,edges-corr,sfa,1130349290,0.09940147449517955,0.31527999380737676
5area,1501,edges-corr,sfa,1139846596,0.016369271703135513,0.12794245465495602
5area,1501,edges-corr,sfa,1140102579,0.022836176236027406,0.15111643271341169
5area,1501,edges-corr,pca,1048189115,0.01592598368083553,0.12619819206642957
5area,1501,edges-corr,pca,1051155866,0.006175025608370799,0.07858133116950083
5area,1501,edges-corr,pca,1052342277,0.018682325780351006,0.13668330468770076
5area,1501,edges-corr,pca,1052533639,0.08515930698508556,0.2918206760753693
5area,1501,edges-corr,pca,1053718935,0.004255862334470395,0.06523697061076923
5area,1501,edges-corr,pca,1053941483,0.09745520933748286,0.3121781692198907
5area,1501,edges-corr,pca,1055221968,0.05622338383354064,0.2371147060676345
5area,1501,edges-corr,pca,1055240613,0.024704281150286334,0.15717595601836298
5area,1501,edges-corr,pca,1055403683,0.00459677203404818,0.06779949877431375
5area,1501,edges-corr,pca,1055415082,0.24192346033516188,0.4918571544007081
5area,1501,edges-corr,pca,1062755779,0.05792782897483428,0.2406820079998387
5area,1501,edges-corr,pca,1063010385,0.09986178530097978,0.31600915382466355
5area,1501,edges-corr,pca,1064400234,0.015678057462953476,0.12521204999101962
5area,1501,edges-corr,pca,1064415305,0.0006596839568699941,0.025684313439722224
5area,1501,edges-corr,pca,1064639378,0.14584616912877502,0.3818981135444043
5area,1501,edges-corr,pca,1064644573,0.2415368793026772,0.4914640162846897
5area,1501,edges-corr,pca,1065437523,0.09739858214146391,0.31208745912238134
5area,1501,edges-corr,pca,1065449881,0.005849755036744786,0.07648369131223284
5area,1501,edges-corr,pca,1065905010,0.002177897146873775,0.04666794560374139
5area,1501,edges-corr,pca,1065908084,0.2232184821795523,0.4724600323620542
5area,1501,edges-corr,pca,1067588044,0.0018819121765139002,0.04338101170459257
5area,1501,edges-corr,pca,1067781390,0.0009348669432253098,0.0305755939145132
5area,1501,edges-corr,pca,1071300149,0.03283613909519367,0.18120744768136246
5area,1501,edges-corr,pca,1081090969,0.23550134025082836,0.485284803234996
5area,1501,edges-corr,pca,1081429294,0.009488211773441502,0.09740745235063658
5area,1501,edges-corr,pca,1081431006,0.007036705851903857,0.08388507526314595
5area,1501,edges-corr,pca,1087992708,0.09385390748151712,0.3063558510646028
5area,1501,edges-corr,pca,1090803859,0.02273739908189243,0.1507892538674177
5area,1501,edges-corr,pca,1092466205,0.009645348101601336,0.09821073312831614
5area,1501,edges-corr,pca,1093642839,0.025635443338049013,0.16011072212081598
5area,1501,edges-corr,pca,1096620314,0.09541067255517965,0.3088861805830414
5area,1501,edges-corr,pca,1096935816,0.007393275445631398,0.08598415810852172
5area,1501,edges-corr,pca,1098119201,0.03093705242476752,0.17588931867730817
5area,1501,edges-corr,pca,1104058216,0.015442167153110864,0.12426651662097425
5area,1501,edges-corr,pca,1104289498,0.03047833782364129,0.1745804623193592
5area,1501,edges-corr,pca,1104297538,0.05296590449585403,0.23014322604815862
5area,1501,edges-corr,pca,1105543760,0.09417131590528849,0.30687345259127335
5area,1501,edges-corr,pca,1105798776,0.2891378834374475,0.5377154297929782
5area,1501,edges-corr,pca,1108334384,0.017783320309909922,0.13335411620909957
5area,1501,edges-corr,pca,1108335514,0.0026280762061481333,0.05126476573776666
5area,1501,edges-corr,pca,1108528422,0.05232870484495655,0.22875468267328736
5area,1501,edges-corr,pca,1108531612,0.026430676254776797,0.16257514033448314
5area,1501,edges-corr,pca,1109889304,0.09671250474494952,0.3109863417337643
5area,1501,edges-corr,pca,1111013640,0.5986459800770163,0.7737221594842791
5area,1501,edges-corr,pca,1111216934,0.5929979755212524,0.7700636178402743
5area,1501,edges-corr,pca,1112302803,0.09176005492670936,0.3029192217848004
5area,1501,edges-corr,pca,1112515874,0.053776099785432074,0.2318967438008393
5area,1501,edges-corr,pca,1115086689,0.17210515319299668,0.4148555811279351
5area,1501,edges-corr,pca,1115356973,0.2436706667454298,0.49363009100482313
5area,1501,edges-corr,pca,1115368723,9.128561211901864e-05,0.009554350428938752
5area,1501,edges-corr,pca,1116941914,0.10002517978047154,0.3162675762396003
5area,1501,edges-corr,pca,1117148442,0.014692531290235067,0.12121275217663728
5area,1501,edges-corr,pca,1118324999,2.8281378758876485e-06,0.001681706834069874
5area,1501,edges-corr,pca,1118327332,0.0007810708967476154,0.027947645638719022
5area,1501,edges-corr,pca,1118508667,0.0015842966233843292,0.039803223781300884
5area,1501,edges-corr,pca,1118512505,0.03288044912014232,0.1813296697182853
5area,1501,edges-corr,pca,1119946360,0.2476523407584028,0.49764680322333343
5area,1501,edges-corr,pca,1120251466,0.16330975971591455,0.4041160225924161
5area,1501,edges-corr,pca,1121607504,0.18357201793033695,0.4284530521893119
5area,1501,edges-corr,pca,1122903357,0.018786824384620315,0.1370650370613172
5area,1501,edges-corr,pca,1124285719,0.01673867941495888,0.1293780484276944
5area,1501,edges-corr,pca,1124507277,0.001047753337709123,0.03236901817647642
5area,1501,edges-corr,pca,1125713722,0.11130300729133102,0.33362105342938303
5area,1501,edges-corr,pca,1125937457,0.001588413600092875,0.03985490685088545
5area,1501,edges-corr,pca,1128520325,0.00011372762850114793,0.010664315660236966
5area,1501,edges-corr,pca,1128719842,0.1214869793341532,0.34854982331677237
5area,1501,edges-corr,pca,1130113579,0.011279881872323427,0.1062067882591469
5area,1501,edges-corr,pca,1130349290,0.01959866649230224,0.1399952373915002
5area,1501,edges-corr,pca,1139846596,0.00019710086504165503,0.014039261556137252
5area,1501,edges-corr,pca,1140102579,0.1585848162353346,0.3982270912875398
5area,1501,edges-cov,sfa,1048189115,0.060590682856861644,0.2461517476209778
5area,1501,edges-cov,sfa,1051155866,0.008584305980333329,0.09265152983266549
5area,1501,edges-cov,sfa,1052342277,0.24007033272341138,0.4899697263335889
5area,1501,edges-cov,sfa,1052533639,0.12940813635565007,0.3597334240179108
5area,1501,edges-cov,sfa,1053718935,0.04697562746986461,0.21673861554846352
5area,1501,edges-cov,sfa,1053941483,0.041204591645204736,0.20298914169286278
5area,1501,edges-cov,sfa,1055221968,0.008177185411096022,0.09042779114351972
5area,1501,edges-cov,sfa,1055240613,0.039107012239167904,0.1977549297468155
5area,1501,edges-cov,sfa,1055403683,0.009130991299580837,0.0955562206221074
5area,1501,edges-cov,sfa,1055415082,0.24249125466702104,0.49243401046944446
5area,1501,edges-cov,sfa,1062755779,0.00010926765351504386,0.010453116928225316
5area,1501,edges-cov,sfa,1063010385,0.0952428180079452,0.3086143515910195
5area,1501,edges-cov,sfa,1064400234,0.04162938418396245,0.20403280173531546
5area,1501,edges-cov,sfa,1064415305,0.004815199934633085,0.0693916416770274
5area,1501,edges-cov,sfa,1064639378,0.10717247620159776,0.3273720760871302
5area,1501,edges-cov,sfa,1064644573,0.02813230559067914,0.1677268779614021
5area,1501,edges-cov,sfa,1065437523,0.08285354103640075,0.287842910345905
5area,1501,edges-cov,sfa,1065449881,0.009112592194794433,0.09545989835943872
5area,1501,edges-cov,sfa,1065905010,0.01179643421286991,0.10861139080625896
5area,1501,edges-cov,sfa,1065908084,0.15193638918508134,0.38979018610668176
5area,1501,edges-cov,sfa,1067588044,0.013611893354972149,0.11667001909219124
5area,1501,edges-cov,sfa,1067781390,0.00045123972340843643,0.021242403899003615
5area,1501,edges-cov,sfa,1071300149,0.08605187370581668,0.2933459965736991
5area,1501,edges-cov,sfa,1081090969,0.23610977842626568,0.4859112865804474
5area,1501,edges-cov,sfa,1081429294,0.007821890816874233,0.08844145417661535
5area,1501,edges-cov,sfa,1081431006,0.023425628524780362,0.15305433193732298
5area,1501,edges-cov,sfa,1087992708,0.4027348762995938,0.6346139584815278
5area,1501,edges-cov,sfa,1090803859,0.367490643809823,0.6062100657443944
5area,1501,edges-cov,sfa,1092466205,0.018989250727392215,0.13780149029452596
5area,1501,edges-cov,sfa,1093642839,0.021808209748187757,0.1476760297007876
5area,1501,edges-cov,sfa,1096620314,0.04861608253491767,0.22049054976328936
5area,1501,edges-cov,sfa,1096935816,0.0010090709875534287,0.0317658777236406
5area,1501,edges-cov,sfa,1098119201,0.009116446199232797,0.09548008273578777
5area,1501,edges-cov,sfa,1104058216,0.15483531182719246,0.3934911839256282
5area,1501,edges-cov,sfa,1104289498,0.010901523016782488,0.10441035876186947
5area,1501,edges-cov,sfa,1104297538,0.006755839801432573,0.08219391584194267
5area,1501,edges-cov,sfa,1105543760,0.6157933834924456,0.7847250368711611
5area,1501,edges-cov,sfa,1105798776,0.5981616079013012,0.7734090818585605
5area,1501,edges-cov,sfa,1108334384,0.018727491352329317,0.13684842473455616
5area,1501,edges-cov,sfa,1108335514,2.533636329959954e-06,0.0015917400321507488
5area,1501,edges-cov,sfa,1108528422,4.789052049702924e-06,0.0021883902873090643
5area,1501,edges-cov,sfa,1108531612,0.052230616124038454,0.22854018492168615
5area,1501,edges-cov,sfa,1109889304,0.1668132634359102,0.40842779464173373
5area,1501,edges-cov,sfa,1111013640,0.6236618224143586,0.7897226237194674
5area,1501,edges-cov,sfa,1111216934,0.5283642341423365,0.7268866721452089
5area,1501,edges-cov,sfa,1112302803,0.41738826168809073,0.6460559276781619
5area,1501,edges-cov,sfa,1112515874,0.3150293044859984,0.5612747139200177
5area,1501,edges-cov,sfa,1115086689,0.1505273417689731,0.3879785326135623
5area,1501,edges-cov,sfa,1115356973,0.08223367695795991,0.2867641486622056
5area,1501,edges-cov,sfa,1115368723,0.13515890116046492,0.3676396349150411
5area,1501,edges-cov,sfa,1116941914,0.29572975591889283,0.5438104043863932
5area,1501,edges-cov,sfa,1117148442,0.210261293323452,0.4585425752571429
5area,1501,edges-cov,sfa,1118324999,0.29790589635580345,0.545807563483508
5area,1501,edges-cov,sfa,1118327332,0.26905974486515005,0.5187096922799402
5area,1501,edges-cov,sfa,1118508667,0.0027634774871675427,0.05256878814627224
5area,1501,edges-cov,sfa,1118512505,0.048716774302952626,0.22071876744616076
5area,1501,edges-cov,sfa,1119946360,0.21981487126475618,0.4688441865532264
5area,1501,edges-cov,sfa,1120251466,0.029782389403076093,0.17257574975377005
5area,1501,edges-cov,sfa,1121607504,0.06351893239363404,0.2520296260236763
5area,1501,edges-cov,sfa,1122903357,0.17695410762823116,0.42065913472576744
5area,1501,edges-cov,sfa,1124285719,0.05145754269087155,0.22684255044164772
5area,1501,edges-cov,sfa,1124507277,0.0024502008240848694,0.049499503271091226
5area,1501,edges-cov,sfa,1125713722,0.22489843455188763,0.474234577558288
5area,1501,edges-cov,sfa,1125937457,0.00013979306975708816,0.011823411933827422
5area,1501,edges-cov,sfa,1128520325,0.029292494807367397,0.17115050338040885
5area,1501,edges-cov,sfa,1128719842,0.000390667791112409,0.019765317885434334
5area,1501,edges-cov,sfa,1130113579,0.3792233257776777,0.6158111120933744
5area,1501,edges-cov,sfa,1130349290,0.0035985223958715506,0.05998768536851138
5area,1501,edges-cov,sfa,1139846596,0.005280683574175216,0.07266831203609492
5area,1501,edges-cov,sfa,1140102579,0.23230298632258306,0.4819782010865042
5area,1501,edges-cov,pca,1048189115,0.0704664183540602,0.26545511551684225
5area,1501,edges-cov,pca,1051155866,0.0012822764094085892,0.0358088872964309
5area,1501,edges-cov,pca,1052342277,0.1492934415712126,0.3863850949133689
5area,1501,edges-cov,pca,1052533639,0.08158828909509597,0.2856366382225783
5area,1501,edges-cov,pca,1053718935,0.028550061903956037,0.16896763567013734
5area,1501,edges-cov,pca,1053941483,0.07848222815693362,0.28014679751325594
5area,1501,edges-cov,pca,1055221968,0.0026357657880370366,0.05133970966062233
5area,1501,edges-cov,pca,1055240613,0.06232681624894698,0.24965339222399288
5area,1501,edges-cov,pca,1055403683,0.0048851597478600794,0.06989391781736215
5area,1501,edges-cov,pca,1055415082,0.31837742912853473,0.5642494387489766
5area,1501,edges-cov,pca,1062755779,0.008499446232007601,0.09219244129541028
5area,1501,edges-cov,pca,1063010385,0.14566694805176816,0.38166339626923657
5area,1501,edges-cov,pca,1064400234,0.002849472568724143,0.053380451185095774
5area,1501,edges-cov,pca,1064415305,0.004003033909084963,0.06326953381434759
5area,1501,edges-cov,pca,1064639378,0.09436021496415892,0.30718107846050485
5area,1501,edges-cov,pca,1064644573,0.10016527801755237,0.3164889856180655
5area,1501,edges-cov,pca,1065437523,0.08454099440121765,0.2907593410386291
5area,1501,edges-cov,pca,1065449881,0.01696543649555582,0.13025143567560404
5area,1501,edges-cov,pca,1065905010,0.009865973029539954,0.0993276045696249
5area,1501,edges-cov,pca,1065908084,0.04848656023143638,0.22019663991858807
5area,1501,edges-cov,pca,1067588044,0.015562879631424553,0.12475127106135862
5area,1501,edges-cov,pca,1067781390,2.59466369855188e-05,0.005093784151842397
5area,1501,edges-cov,pca,1071300149,0.013581922046921102,0.11654150353810008
5area,1501,edges-cov,pca,1081090969,0.4198572369514254,0.6479639163961405
5area,1501,edges-cov,pca,1081429294,0.008888863895594623,0.09428077161115422
5area,1501,edges-cov,pca,1081431006,0.0008449808511867829,0.029068554336030276
5area,1501,edges-cov,pca,1087992708,0.31922475659859395,0.5649997846004845
5area,1501,edges-cov,pca,1090803859,0.24177768295826862,0.49170894130396814
5area,1501,edges-cov,pca,1092466205,0.006269593992434319,0.07918076781917685
5area,1501,edges-cov,pca,1093642839,0.038874361167670735,0.1971658214997486
5area,1501,edges-cov,pca,1096620314,0.05811970455700477,0.2410802865375036
5area,1501,edges-cov,pca,1096935816,0.0009750442736577991,0.031225698929851234
5area,1501,edges-cov,pca,1098119201,0.006477972565457013,0.0804858532007781
5area,1501,edges-cov,pca,1104058216,0.11317551195585884,0.3364156832786762
5area,1501,edges-cov,pca,1104289498,0.0001978770234497551,0.014066876819313368
5area,1501,edges-cov,pca,1104297538,0.023190509113642177,0.15228430356948217
5area,1501,edges-cov,pca,1105543760,0.44538198904421467,0.6673694546832463
5area,1501,edges-cov,pca,1105798776,0.45141536168362273,0.6718745133457752
5area,1501,edges-cov,pca,1108334384,0.032160647961328004,0.1793339007586913
5area,1501,edges-cov,pca,1108335514,4.1239140790017004e-05,0.006421770845342171
5area,1501,edges-cov,pca,1108528422,0.039652906265854826,0.19913037504573444
5area,1501,edges-cov,pca,1108531612,0.033716342576695424,0.18362010395568182
5area,1501,edges-cov,pca,1109889304,0.10299853156287941,0.3209338429690455
5area,1501,edges-cov,pca,1111013640,0.6049314083320665,0.7777733656612743
5area,1501,edges-cov,pca,1111216934,0.5962207063060159,0.7721532919738249
5area,1501,edges-cov,pca,1112302803,0.3826613456321877,0.6185962703025193
5area,1501,edges-cov,pca,1112515874,0.06706264562853015,0.25896456442635174
5area,1501,edges-cov,pca,1115086689,0.016480993015346335,0.12837831988052445
5area,1501,edges-cov,pca,1115356973,0.17419128678685925,0.4173622967960327
5area,1501,edges-cov,pca,1115368723,0.08976995116355191,0.29961633994752723
5area,1501,edges-cov,pca,1116941914,0.20401535737769594,0.45168059220836093
5area,1501,edges-cov,pca,1117148442,0.19566606425324784,0.44234156966449195
5area,1501,edges-cov,pca,1118324999,0.28857448119998064,0.5371912892070945
5area,1501,edges-cov,pca,1118327332,0.1884047936079113,0.43405621019392304
5area,1501,edges-cov,pca,1118508667,0.0016688026052960048,0.04085098046921215
5area,1501,edges-cov,pca,1118512505,0.062196164675050625,0.2493915890222658
5area,1501,edges-cov,pca,1119946360,0.2260740081196756,0.475472405213674
5area,1501,edges-cov,pca,1120251466,0.087839094429359,0.29637660911306546
5area,1501,edges-cov,pca,1121607504,0.11516670219670566,0.33936219912757815
5area,1501,edges-cov,pca,1122903357,0.07940287635888899,0.2817851599337495
5area,1501,edges-cov,pca,1124285719,0.004139251692406476,0.06433701650221647
5area,1501,edges-cov,pca,1124507277,0.00021755333219131145,0.014749689223544787
5area,1501,edges-cov,pca,1125713722,0.2052752504189983,0.453073118181821
5area,1501,edges-cov,pca,1125937457,0.001199317558169155,0.03463116455115232
5area,1501,edges-cov,pca,1128520325,0.017784813481375394,0.1333597146119303
5area,1501,edges-cov,pca,1128719842,0.03990245038041751,0.1997559770830841
5area,1501,edges-cov,pca,1130113579,0.05770621295616263,0.24022117507863996
5area,1501,edges-cov,pca,1130349290,0.0458175507229549,0.21405034623413952
5area,1501,edges-cov,pca,1139846596,2.8796035206224424e-05,0.005366193735430777
5area,1501,edges-cov,pca,1140102579,0.1422467047135043,0.37715607474029095
5area,1501,node-var,sfa,1048189115,0.06447492478511574,0.25391913040398434
5area,1501,node-var,sfa,1051155866,0.0018676006584114058,0.04321574549179456
5area,1501,node-var,sfa,1052342277,0.27452469448402983,0.5239510420678919
5area,1501,node-var,sfa,1052533639,0.1228652881504908,0.3505214517693481
5area,1501,node-var,sfa,1053718935,0.001971489434334006,0.04440145756992831
5area,1501,node-var,sfa,1053941483,0.035918426256745684,0.18952157200895567
5area,1501,node-var,sfa,1055221968,0.02651389648251734,0.16283088307356583
5area,1501,node-var,sfa,1055240613,0.024773581492948726,0.1573962562863194
5area,1501,node-var,sfa,1055403683,0.029225303048396545,0.17095409631944034
5area,1501,node-var,sfa,1055415082,0.3396865689560079,0.5828263626124062
5area,1501,node-var,sfa,1062755779,0.09163366589835387,0.30271053152864374
5area,1501,node-var,sfa,1063010385,0.0392084778629429,0.19801130741183112
5area,1501,node-var,sfa,1064400234,0.028562636048612755,0.16900484031119622
5area,1501,node-var,sfa,1064415305,5.463640012071114e-05,0.007391643938976564
5area,1501,node-var,sfa,1064639378,0.05682579172986735,0.23838160946236453
5area,1501,node-var,sfa,1064644573,0.03710229242153007,0.19261955358044552
5area,1501,node-var,sfa,1065437523,0.07302034524796497,0.27022276966970243
5area,1501,node-var,sfa,1065449881,0.005084746808408314,0.07130741061354237
5area,1501,node-var,sfa,1065905010,0.014195423379832817,0.11914454825896488
5area,1501,node-var,sfa,1065908084,0.15036319281544863,0.38776693104937243
5area,1501,node-var,sfa,1067588044,0.034257549228103756,0.18508794998082356
5area,1501,node-var,sfa,1067781390,0.0033592597388956147,0.05795912127435669
5area,1501,node-var,sfa,1071300149,0.11895801988575117,0.3449029137101499
5area,1501,node-var,sfa,1081090969,0.281334093942198,0.5304093644933116
5area,1501,node-var,sfa,1081429294,0.0029465077370627313,0.05428174404956898
5area,1501,node-var,sfa,1081431006,0.022166860922821496,0.1488853952636771
5area,1501,node-var,sfa,1087992708,0.3988991930407009,0.6315846681488564
5area,1501,node-var,sfa,1090803859,0.40138666028718806,0.6335508348090056
5area,1501,node-var,sfa,1092466205,1.8819991048912854e-06,0.0013718597248949776
5area,1501,node-var,sfa,1093642839,0.05919009053698021,0.24329013653861994
5area,1501,node-var,sfa,1096620314,0.07166753192707742,0.26770792279474526
5area,1501,node-var,sfa,1096935816,0.013714089562014253,0.11710717126638348
5area,1501,node-var,sfa,1098119201,0.028184329926224883,0.16788189278842727
5area,1501,node-var,sfa,1104058216,0.16475770034971093,0.4059035604053143
5area,1501,node-var,sfa,1104289498,0.022463202115057146,0.14987729019119955
5area,1501,node-var,sfa,1104297538,0.022998371966434394,0.15165214131832902
5area,1501,node-var,sfa,1105543760,0.5476188484290647,0.7400127353154576
5area,1501,node-var,sfa,1105798776,0.5299641022434007,0.7279863338301082
5area,1501,node-var,sfa,1108334384,0.04659928450147133,0.21586867420140315
5area,1501,node-var,sfa,1108335514,0.00031667960899994796,0.017795494064508463
5area,1501,node-var,sfa,1108528422,0.0002559481012475162,0.01599837808177314
5area,1501,node-var,sfa,1108531612,0.04240978975205367,0.20593637306715332
5area,1501,node-var,sfa,1109889304,0.09352636935064285,0.30582081248770915
5area,1501,node-var,sfa,1111013640,0.6736048989803596,0.8207343656630675
5area,1501,node-var,sfa,1111216934,0.5576009907362105,0.7467268514900283
5area,1501,node-var,sfa,1112302803,0.4698306493129858,0.68544193722954
5area,1501,node-var,sfa,1112515874,0.37533000978437614,0.6126418283013138
5area,1501,node-var,sfa,1115086689,0.12448353569709292,0.3528222437674432
5area,1501,node-var,sfa,1115356973,0.08464087306633228,0.29093104520888174
5area,1501,node-var,sfa,1115368723,0.14186428893572867,0.3766487606985172
5area,1501,node-var,sfa,1116941914,0.23890182928136883,0.4887758476862052
5area,1501,node-var,sfa,1117148442,0.2965582461944063,0.5445716171399371
5area,1501,node-var,sfa,1118324999,0.3812023117344371,0.6174158337250814
5area,1501,node-var,sfa,1118327332,0.2467938121604767,0.49678346606995366
5area,1501,node-var,sfa,1118508667,0.000776222788870129,0.027860775094572698
5area,1501,node-var,sfa,1118512505,0.047363212301474444,0.217630908424044
5area,1501,node-var,sfa,1119946360,0.2542472957488431,0.5042294078580136
5area,1501,node-var,sfa,1120251466,0.02969716193509031,0.17232864513797544
5area,1501,node-var,sfa,1121607504,0.09001117852251683,0.3000186302923818
5area,1501,node-var,sfa,1122903357,0.1459043311676156,0.38197425458742085
5area,1501,node-var,sfa,1124285719,0.002026750843572067,0.04501944961427235
5area,1501,node-var,sfa,1124507277,0.0011251120565429762,0.03354269006121799
5area,1501,node-var,sfa,1125713722,0.24122899967776457,0.49115068937930356
5area,1501,node-var,sfa,1125937457,7.364772168783063e-07,0.0008581825079188084
5area,1501,node-var,sfa,1128520325,0.02935211836948337,0.17132459942892966
5area,1501,node-var,sfa,1128719842,0.00038854230192297834,0.019711476401400755
5area,1501,node-var,sfa,1130113579,0.2637230670622245,0.513539742436965
5area,1501,node-var,sfa,1130349290,0.031618347281678894,0.17781548661935775
5area,1501,node-var,sfa,1139846596,0.009893557525444185,0.099466363789194
5area,1501,node-var,sfa,1140102579,0.13590262770990424,0.36864973580609606
5area,1501,node-var,pca,1048189115,0.08025692107274618,0.2832965249923586
5area,1501,node-var,pca,1051155866,0.0001764017387304584,0.013281631629072185
5area,1501,node-var,pca,1052342277,0.2695450231420965,0.5191772559946136
5area,1501,node-var,pca,1052533639,0.09710904174213408,0.3116232368456079
5area,1501,node-var,pca,1053718935,0.005014413363589543,0.07081252264670218
5area,1501,node-var,pca,1053941483,0.04835250290732929,0.21989202556557008
5area,1501,node-var,pca,1055221968,0.013512650326586328,0.11624392597717279
5area,1501,node-var,pca,1055240613,0.05277194371592642,0.22972144809731296
5area,1501,node-var,pca,1055403683,0.028415301602329968,0.16856838850250092
5area,1501,node-var,pca,1055415082,0.3648239541979552,0.604006584565065
5area,1501,node-var,pca,1062755779,0.06425025566855602,0.253476341437531
5area,1501,node-var,pca,1063010385,0.08035444898023525,0.2834686031648575
5area,1501,node-var,pca,1064400234,0.02754869816079697,0.16597800505126323
5area,1501,node-var,pca,1064415305,0.003761495120131242,0.06133102901575292
5area,1501,node-var,pca,1064639378,0.052117047572319386,0.22829158454117238
5area,1501,node-var,pca,1064644573,0.025013909580939853,0.15815786284892627
5area,1501,node-var,pca,1065437523,0.07292103893564073,0.27003895818129764
5area,1501,node-var,pca,1065449881,0.009998086976394371,0.0999904344244707
5area,1501,node-var,pca,1065905010,0.011754016221524832,0.1084159408091112
5area,1501,node-var,pca,1065908084,0.15070193161292278,0.38820346677087153
5area,1501,node-var,pca,1067588044,0.03206856642215905,0.17907698462437646
5area,1501,node-var,pca,1067781390,0.000831556797990074,0.0288367265477551
5area,1501,node-var,pca,1071300149,0.05047921401339639,0.22467579756928963
5area,1501,node-var,pca,1081090969,0.3526513428846989,0.5938445443756292
5area,1501,node-var,pca,1081429294,0.0035786327459882417,0.059821674550185215
5area,1501,node-var,pca,1081431006,0.018405540651714403,0.13566702123845048
5area,1501,node-var,pca,1087992708,0.421266233310302,0.6490502548418744
5area,1501,node-var,pca,1090803859,0.3563406748767636,0.5969427735359263
5area,1501,node-var,pca,1092466205,0.001004664189824922,0.03169643812520332
5area,1501,node-var,pca,1093642839,0.07122365595186364,0.26687760481513556
5area,1501,node-var,pca,1096620314,0.03684537049317815,0.19195147952849492
5area,1501,node-var,pca,1096935816,0.00421331521923074,0.0649100548392211
5area,1501,node-var,pca,1098119201,0.01771777262853813,0.13310812382622772
5area,1501,node-var,pca,1104058216,0.1650124157869468,0.40621720272158135
5area,1501,node-var,pca,1104289498,0.02413375805056739,0.15535043627414563
5area,1501,node-var,pca,1104297538,0.00945163082342415,0.09721949816484446
5area,1501,node-var,pca,1105543760,0.5682829638430122,0.7538454509002573
5area,1501,node-var,pca,1105798776,0.5562606872148524,0.7458288591995167
5area,1501,node-var,pca,1108334384,0.05076215609039281,0.22530458515172938
5area,1501,node-var,pca,1108335514,0.001406059554133754,0.03749746063580406
5area,1501,node-var,pca,1108528422,0.00914448200817164,0.0956267849933876
5area,1501,node-var,pca,1108531612,0.04285836378953678,0.20702261661358834
5area,1501,node-var,pca,1109889304,0.11503247806619077,0.3391643820718661
5area,1501,node-var,pca,1111013640,0.6684795411323857,0.8176059815903904
5area,1501,node-var,pca,1111216934,0.5639024320573133,0.7509343726700175
5area,1501,node-var,pca,1112302803,0.4349058266222343,0.6594739013958277
5area,1501,node-var,pca,1112515874,0.319393367709114,0.565148978331478
5area,1501,node-var,pca,1115086689,0.06790607785185265,0.26058794648228206
5area,1501,node-var,pca,1115356973,0.1046211212851339,0.3234518840339843
5area,1501,node-var,pca,1115368723,0.12966494576563137,0.3600901911544261
5area,1501,node-var,pca,1116941914,0.23727355859646138,0.48710733785938914
5area,1501,node-var,pca,1117148442,0.2934247488315862,0.5416869472597498
5area,1501,node-var,pca,1118324999,0.4332915475306556,0.6582488492437004
5area,1501,node-var,pca,1118327332,0.2706285223595949,0.5202196866320946
5area,1501,node-var,pca,1118508667,0.00036478685201024597,0.019099394022067655
5area,1501,node-var,pca,1118512505,0.058197676513567886,0.24124194600767077
5area,1501,node-var,pca,1119946360,0.2311436860677819,0.4807740488709656
5area,1501,node-var,pca,1120251466,0.02989350339405361,0.17289737821625126
5area,1501,node-var,pca,1121607504,0.07066184275424825,0.2658229537760957
5area,1501,node-var,pca,1122903357,0.14002758555340733,0.37420259960802965
5area,1501,node-var,pca,1124285719,0.0003645386982932264,0.019092896540157143
5area,1501,node-var,pca,1124507277,0.0006557171318185562,0.02560697428081511
5area,1501,node-var,pca,1125713722,0.23056166363894648,0.480168370094227
5area,1501,node-var,pca,1125937457,0.0007893516202172046,0.028095402118800638
5area,1501,node-var,pca,1128520325,0.01452857091805837,0.12053452168594
5area,1501,node-var,pca,1128719842,0.0011492368524163021,0.0339003960510207
5area,1501,node-var,pca,1130113579,0.2553988855855328,0.5053700481682034
5area,1501,node-var,pca,1130349290,0.060229241101286246,0.2454164646092156
5area,1501,node-var,pca,1139846596,0.002702085012873834,0.051981583400988074
5area,1501,node-var,pca,1140102579,0.12730745420408818,0.35680170151512497
5area,3001,edges-corr,sfa,1048189115,0.002911703868299753,0.05396020634041039
5area,3001,edges-corr,sfa,1051155866,0.1123171447844945,0.3351375013102746
5area,3001,edges-corr,sfa,1052342277,0.17044553032719134,0.41285049391661294
5area,3001,edges-corr,sfa,1052533639,0.10136991977471144,0.31838643151791435
5area,3001,edges-corr,sfa,1053718935,0.18602817690788653,0.43130983864025974
5area,3001,edges-corr,sfa,1053941483,0.016322121789060895,0.12775805958553446
5area,3001,edges-corr,sfa,1055221968,0.17169907294981945,0.41436586846628615
5area,3001,edges-corr,sfa,1055240613,0.11566138553419958,0.3400902608634938
5area,3001,edges-corr,sfa,1055403683,0.12823630542000897,0.35810097098445426
5area,3001,edges-corr,sfa,1055415082,0.031568679725433424,0.1776757713517332
5area,3001,edges-corr,sfa,1062755779,0.27996283974488045,0.5291151479072207
5area,3001,edges-corr,sfa,1063010385,0.11559305653461505,0.3399897888681582
5area,3001,edges-corr,sfa,1064400234,0.0027242689342551474,0.05219452973497488
5area,3001,edges-corr,sfa,1064415305,0.09304951357757951,0.3050401835456758
5area,3001,edges-corr,sfa,1064639378,0.04025696243550958,0.20064137767546678
5area,3001,edges-corr,sfa,1064644573,0.019289144562020133,0.13888536482300787
5area,3001,edges-corr,sfa,1065437523,0.028057623047265223,0.16750409859840823
5area,3001,edges-corr,sfa,1065449881,0.002589477328775125,0.05088690724317146
5area,3001,edges-corr,sfa,1065905010,0.02109731295163908,0.14524914096695724
5area,3001,edges-corr,sfa,1065908084,0.0897769218808675,0.29962797246062933
5area,3001,edges-corr,sfa,1067588044,0.10099491663550664,0.317796973924401
5area,3001,edges-corr,sfa,1067781390,0.07175694853977754,0.26787487478257016
5area,3001,edges-corr,sfa,1071300149,0.25854592835006085,0.508474117679613
5area,3001,edges-corr,sfa,1081090969,0.04675413059608957,0.21622703484090436
5area,3001,edges-corr,sfa,1081429294,0.051425558128594395,0.2267720400062457
5area,3001,edges-corr,sfa,1081431006,0.11362742144951077,0.33708666756416
5area,3001,edges-corr,sfa,1087992708,0.2685189939969772,0.5181881839611719
5area,3001,edges-corr,sfa,1090803859,0.027009180554244616,0.1643447004142352
5area,3001,edges-corr,sfa,1092466205,0.09123669759916087,0.30205413024681677
5area,3001,edges-corr,sfa,1093642839,0.0038113742400404105,0.061736328365398704
5area,3001,edges-corr,sfa,1096620314,0.20738358316300265,0.455393876949398
5area,3001,edges-corr,sfa,1096935816,0.008866742312949372,0.09416338095538695
5area,3001,edges-corr,sfa,1098119201,0.09300154899140745,0.3049615533004245
5area,3001,edges-corr,sfa,1104058216,0.2569607286141192,0.506912939876386
5area,3001,edges-corr,sfa,1104289498,0.03997368722494721,0.1999342072406495
5area,3001,edges-corr,sfa,1104297538,0.22031784729003423,0.46938028003957927
5area,3001,edges-corr,sfa,1105543760,0.07251706399783475,0.26928992554092124
5area,3001,edges-corr,sfa,1105798776,0.045346166963752155,0.2129463945779599
5area,3001,edges-corr,sfa,1108334384,0.5033141981538283,0.7094464025941831
5area,3001,edges-corr,sfa,1108335514,0.11973288761134182,0.3460244032020604
5area,3001,edges-corr,sfa,1108528422,0.03148908378838566,0.17745163788589186
5area,3001,edges-corr,sfa,1108531612,0.009163235242434231,0.09572478906967731
5area,3001,edges-corr,sfa,1109889304,0.012421216599928342,0.111450511887242
5area,3001,edges-corr,sfa,1111013640,0.7773361369954392,0.8816666813458703
5area,3001,edges-corr,sfa,1111216934,0.1469300345309974,0.38331453733324217
5area,3001,edges-corr,sfa,1112302803,0.1532573995211305,0.39148103341174867
5area,3001,edges-corr,sfa,1112515874,0.29785898977072545,0.5457645918990397
5area,3001,edges-corr,sfa,1115086689,0.010871003684613911,0.10426410544676244
5area,3001,edges-corr,sfa,1115356973,0.09712571418697169,0.31164998666287735
5area,3001,edges-corr,sfa,1115368723,0.36026580413100173,0.60022146257111
5area,3001,edges-corr,sfa,1116941914,0.17743136802538095,0.4212260296151952
5area,3001,edges-corr,sfa,1117148442,0.009791351252244396,0.09895125695131088
5area,3001,edges-corr,sfa,1118324999,0.14583498240472292,0.3818834670481601
5area,3001,edges-corr,sfa,1118327332,0.07191764788220034,0.2681746592842065
5area,3001,edges-corr,sfa,1118508667,0.07594061450568979,0.2755732470790473
5area,3001,edges-corr,sfa,1118512505,0.1095974065899078,0.33105499028093155
5area,3001,edges-corr,sfa,1119946360,0.12657050321305863,0.35576748476084663
5area,3001,edges-corr,sfa,1120251466,0.16102181376043212,0.40127523442200175
5area,3001,edges-corr,sfa,1121607504,0.36851666564924235,0.6070557352082616
5area,3001,edges-corr,sfa,1122903357,0.5023153143536616,0.7087420647553394
5area,3001,edges-corr,sfa,1124285719,0.024486272286379895,0.15648090070797718
5area,3001,edges-corr,sfa,1124507277,0.022448572890664042,0.14982847823649514
5area,3001,edges-corr,sfa,1125713722,0.26339690210201405,0.5132220787359152
5area,3001,edges-corr,sfa,1125937457,0.07862174680806944,0.28039569684299637
5area,3001,edges-corr,sfa,1128520325,0.06733837137464871,0.25949638027272887
5area,3001,edges-corr,sfa,1128719842,0.16472632371196294,0.4058649082046431
5area,3001,edges-corr,sfa,1130113579,0.3276030073631324,0.5723661479884465
5area,3001,edges-corr,sfa,1130349290,0.20058353345557822,0.44786553055083195
5area,3001,edges-corr,sfa,1139846596,0.06207754881549188,0.24915366506534073
5area,3001,edges-corr,sfa,1140102579,0.004203630777604328,0.06483541299015705
5area,3001,edges-corr,pca,1048189115,0.042035860999401486,0.20502648853112018
5area,3001,edges-corr,pca,1051155866,0.040248381815830014,0.20061999355954
5area,3001,edges-corr,pca,1052342277,0.017831271757184575,0.13353378507772687
5area,3001,edges-corr,pca,1052533639,0.10787955283058404,0.32845022884842673
5area,3001,edges-corr,pca,1053718935,0.000709035119158985,0.02662771336707433
5area,3001,edges-corr,pca,1053941483,0.06859235258852647,0.2619014176909444
5area,3001,edges-corr,pca,1055221968,0.06354593566781408,0.25208319195815926
5area,3001,edges-corr,pca,1055240613,0.0448772461459479,0.21184250316201375
5area,3001,edges-corr,pca,1055403683,0.013462295809014257,0.11602713393432805
5area,3001,edges-corr,pca,1055415082,0.3223591238434098,0.567766786491962
5area,3001,edges-corr,pca,1062755779,0.1472900648021216,0.38378387772563055
5area,3001,edges-corr,pca,1063010385,0.061832866452451785,0.24866215323698093
5area,3001,edges-corr,pca,1064400234,0.03469978256621853,0.18627877647820912
5area,3001,edges-corr,pca,1064415305,0.000423989540429881,0.020591006299591954
5area,3001,edges-corr,pca,1064639378,0.30227384654009326,0.5497943675048816
5area,3001,edges-corr,pca,1064644573,0.3264086954237042,0.5713218842506426
5area,3001,edges-corr,pca,1065437523,0.2176266536248176,0.4665047198312336
5area,3001,edges-corr,pca,1065449881,0.006484223475046735,0.08052467618715811
5area,3001,edges-corr,pca,1065905010,0.00011239010134989069,0.010601419779916898
5area,3001,edges-corr,pca,1065908084,0.29720649072167005,0.5451664798221454
5area,3001,edges-corr,pca,1067588044,0.000646138975935906,0.025419263874785332
5area,3001,edges-corr,pca,1067781390,0.013158782696267468,0.11471173739538297
5area,3001,edges-corr,pca,1071300149,0.030037344517377162,0.1733128515643813
5area,3001,edges-corr,pca,1081090969,0.331444341614602,0.5757120301110625
5area,3001,edges-corr,pca,1081429294,0.049871726754411205,0.22331978585519727
5area,3001,edges-corr,pca,1081431006,6.64369032302714e-05,0.008150883585852031
5area,3001,edges-corr,pca,1087992708,0.07630337002034382,0.27623064641770606
5area,3001,edges-corr,pca,1090803859,0.03501926818823253,0.18713435865236663
5area,3001,edges-corr,pca,1092466205,0.016950729384595964,0.1301949668174465
5area,3001,edges-corr,pca,1093642839,0.21459959039099252,0.463248950771605
5area,3001,edges-corr,pca,1096620314,0.18101741750257228,0.4254614171726641
5area,3001,edges-corr,pca,1096935816,0.0005688147847507929,0.02384983825418479
5area,3001,edges-corr,pca,1098119201,0.05039482167642517,0.2244879098669349
5area,3001,edges-corr,pca,1104058216,0.027101345161371526,0.1646248619175477
5area,3001,edges-corr,pca,1104289498,0.012171148936727327,0.11032293023994252
5area,3001,edges-corr,pca,1104297538,0.005684634887992979,0.07539651774447478
5area,3001,edges-corr,pca,1105543760,0.15163354513006844,0.3894015217356867
5area,3001,edges-corr,pca,1105798776,0.391820412336083,0.6259555993327987
5area,3001,edges-corr,pca,1108334384,0.019667757426898635,0.14024178202981594
5area,3001,edges-corr,pca,1108335514,0.0003802815046026753,0.019500807793591896
5area,3001,edges-corr,pca,1108528422,0.014808826235665928,0.12169152080431042
5area,3001,edges-corr,pca,1108531612,4.9837259618046303e-05,0.007059550950176645
5area,3001,edges-corr,pca,1109889304,0.11300607823119568,0.33616376698150574
5area,3001,edges-corr,pca,1111013640,0.7672382646872364,0.8759213804259129
5area,3001,edges-corr,pca,1111216934,0.678731051998013,0.8238513530959417
5area,3001,edges-corr,pca,1112302803,0.10489780712997554,0.3238793095120084
5area,3001,edges-corr,pca,1112515874,0.10471176215035372,0.3235919686122537
5area,3001,edges-corr,pca,1115086689,0.28007747624901447,0.5292234653235011
5area,3001,edges-corr,pca,1115356973,0.5495128925962105,0.7412913682191443
5area,3001,edges-corr,pca,1115368723,0.08969431318931731,0.29949008863285814
5area,3001,edges-corr,pca,1116941914,0.18424366949054194,0.4292361465330497
5area,3001,edges-corr,pca,1117148442,0.07300765419223876,0.27019928606907656
5area,3001,edges-corr,pca,1118324999,0.00454116445331787,0.06738816256077866
5area,3001,edges-corr,pca,1118327332,0.00423281688412025,0.06506010209122182
5area,3001,edges-corr,pca,1118508667,0.03363388081847607,0.18339542202158737
5area,3001,edges-corr,pca,1118512505,0.0004977617231423093,0.022310574245007746
5area,3001,edges-corr,pca,1119946360,0.3712130043304741,0.6092725205771833
5area,3001,edges-corr,pca,1120251466,0.29433429036898784,0.5425258430425115
5area,3001,edges-corr,pca,1121607504,0.27756870204012796,0.5268478926978136
5area,3001,edges-corr,pca,1122903357,0.06720786049057703,0.2592447887433366
5area,3001,edges-corr,pca,1124285719,0.05543773077667302,0.23545218363114173
5area,3001,edges-corr,pca,1124507277,0.01802626571278554,0.13426192949896565
5area,3001,edges-corr,pca,1125713722,0.3057018843389937,0.5529031419145617
5area,3001,edges-corr,pca,1125937457,0.009125070908721167,0.09552523702520359
5area,3001,edges-corr,pca,1128520325,0.023327087388779866,0.15273207714419332
5area,3001,edges-corr,pca,1128719842,0.09325540420176126,0.30537747821632366
5area,3001,edges-corr,pca,1130113579,0.05774686512651661,0.24030577422633143
5area,3001,edges-corr,pca,1130349290,0.026764476105578416,0.16359852109838388
5area,3001,edges-corr,pca,1139846596,0.0016853027527560238,0.04105243905976909
5area,3001,edges-corr,pca,1140102579,0.23903420538369258,0.4889112448938893
5area,3001,edges-cov,sfa,1048189115,0.04372279288117609,0.2090999590654574
5area,3001,edges-cov,sfa,1051155866,0.04209179905033733,0.2051628598219888
5area,3001,edges-cov,sfa,1052342277,0.25486343847807713,0.5048400127546123
5area,3001,edges-cov,sfa,1052533639,0.21470384484722504,0.46336146241053094
5area,3001,edges-cov,sfa,1053718935,0.03424150014057836,0.18504458960093473
5area,3001,edges-cov,sfa,1053941483,0.013843337854071103,0.11765771480898013
5area,3001,edges-cov,sfa,1055221968,0.022885836229384227,0.15128065385033332
5area,3001,edges-cov,sfa,1055240613,0.0718384822733682,0.26802701780486277
5area,3001,edges-cov,sfa,1055403683,0.0006072096647813385,0.024641624637619278
5area,3001,edges-cov,sfa,1055415082,0.34313287882791565,0.5857754508580187
5area,3001,edges-cov,sfa,1062755779,0.002470770962055946,0.049706850252816875
5area,3001,edges-cov,sfa,1063010385,0.10196890240471845,0.3193256995681969
5area,3001,edges-cov,sfa,1064400234,0.08911631327182701,0.2985235556397975
5area,3001,edges-cov,sfa,1064415305,0.0008844881058237553,0.029740344749578256
5area,3001,edges-cov,sfa,1064639378,0.1056550286367266,0.3250461946196671
5area,3001,edges-cov,sfa,1064644573,0.07994868042178094,0.2827519768662653
5area,3001,edges-cov,sfa,1065437523,0.2177277412838443,0.46661305305771766
5area,3001,edges-cov,sfa,1065449881,0.01765177188601952,0.13285997096951224
5area,3001,edges-cov,sfa,1065905010,0.01833603290780339,0.1354106085497121
5area,3001,edges-cov,sfa,1065908084,0.11971550966783051,0.34599929142677505
5area,3001,edges-cov,sfa,1067588044,0.02398975410499038,0.1548862618342582
5area,3001,edges-cov,sfa,1067781390,0.007622686785842547,0.08730799955240325
5area,3001,edges-cov,sfa,1071300149,0.10790623515207953,0.3284908448527592
5area,3001,edges-cov,sfa,1081090969,0.34111670624290724,0.5840519722104426
5area,3001,edges-cov,sfa,1081429294,0.09644360403972074,0.3105537055643042
5area,3001,edges-cov,sfa,1081431006,0.07911615059237476,0.28127593319083427
5area,3001,edges-cov,sfa,1087992708,0.3920008948291934,0.6260997483062848
5area,3001,edges-cov,sfa,1090803859,0.5445532061069724,0.7379384839585018
5area,3001,edges-cov,sfa,1092466205,0.0002664604220307121,0.01632361547056056
5area,3001,edges-cov,sfa,1093642839,0.151144289174309,0.38877279891256356
5area,3001,edges-cov,sfa,1096620314,0.056040521351030215,0.23672879282214554
5area,3001,edges-cov,sfa,1096935816,0.0003962908710307689,0.01990705581020821
5area,3001,edges-cov,sfa,1098119201,2.143162521128783e-05,0.004629430333340798
5area,3001,edges-cov,sfa,1104058216,0.22468849289755222,0.47401317797879067
5area,3001,edges-cov,sfa,1104289498,0.017792582542484614,0.13338883964741813
5area,3001,edges-cov,sfa,1104297538,0.13796777778382308,0.3714401402431125
5area,3001,edges-cov,sfa,1105543760,0.7544748814371812,0.8686051355116322
5area,3001,edges-cov,sfa,1105798776,0.6852750740348381,0.8278134294844687
5area,3001,edges-cov,sfa,1108334384,0.02439055980064675,0.15617477325306572
5area,3001,edges-cov,sfa,1108335514,0.005979163206347726,0.07732504902260111
5area,3001,edges-cov,sfa,1108528422,0.004396671580002787,0.0663074021509119
5area,3001,edges-cov,sfa,1108531612,0.0028543069451238967,0.053425714268729614
5area,3001,edges-cov,sfa,1109889304,0.20744712448130487,0.4554636368375685
5area,3001,edges-cov,sfa,1111013640,0.7648213026139419,0.8745406237642386
5area,3001,edges-cov,sfa,1111216934,0.5510076144090554,0.7422988713510588
5area,3001,edges-cov,sfa,1112302803,0.6225589645221343,0.7890240582657376
5area,3001,edges-cov,sfa,1112515874,0.2833704577386339,0.5323255185867333
5area,3001,edges-cov,sfa,1115086689,0.3265167590974031,0.5714164497959464
5area,3001,edges-cov,sfa,1115356973,0.339522027949838,0.582685187687003
5area,3001,edges-cov,sfa,1115368723,0.07304490665427033,0.27026821243770077
5area,3001,edges-cov,sfa,1116941914,0.3853669436746091,0.6207793035166433
5area,3001,edges-cov,sfa,1117148442,0.3414706425729831,0.584354894368981
5area,3001,edges-cov,sfa,1118324999,0.4891722976206718,0.6994085341348589
5area,3001,edges-cov,sfa,1118327332,0.23235122473379888,0.48202824059778737
5area,3001,edges-cov,sfa,1118508667,0.001823997201298111,0.042708280242807914
5area,3001,edges-cov,sfa,1118512505,0.0004702827272947685,0.02168600302717341
5area,3001,edges-cov,sfa,1119946360,0.3509472275491796,0.5924079907877507
5area,3001,edges-cov,sfa,1120251466,0.002886006505173011,0.05372156461955489
5area,3001,edges-cov,sfa,1121607504,0.14699256699314922,0.3833960967369771
5area,3001,edges-cov,sfa,1122903357,0.2683033324688484,0.517980050261444
5area,3001,edges-cov,sfa,1124285719,0.1413723509994287,0.3759951475743118
5area,3001,edges-cov,sfa,1124507277,0.004425640782199203,0.06652548971784587
5area,3001,edges-cov,sfa,1125713722,0.32671810662311573,0.5715926054657422
5area,3001,edges-cov,sfa,1125937457,0.00520057683452535,0.07211502502617302
5area,3001,edges-cov,sfa,1128520325,0.04597423841346293,0.21441604047613383
5area,3001,edges-cov,sfa,1128719842,0.0035190089401043734,0.059321235153227465
5area,3001,edges-cov,sfa,1130113579,0.5698729017372206,0.7548992659535572
5area,3001,edges-cov,sfa,1130349290,0.00324752376230264,0.05698704907522915
5area,3001,edges-cov,sfa,1139846596,0.0018797838197950334,0.043356473793371604
5area,3001,edges-cov,sfa,1140102579,0.33715051434718857,0.5806466346644822
5area,3001,edges-cov,pca,1048189115,0.09976751780764592,0.3158599655031417
5area,3001,edges-cov,pca,1051155866,0.023319917318207928,0.15270860263327538
5area,3001,edges-cov,pca,1052342277,0.14421947717703276,0.3797623956858193
5area,3001,edges-cov,pca,1052533639,0.11257227795102687,0.33551792493252375
5area,3001,edges-cov,pca,1053718935,0.01296874129719694,0.1138803815290277
5area,3001,edges-cov,pca,1053941483,0.06576487361028283,0.2564466291653745
5area,3001,edges-cov,pca,1055221968,0.00020353833577824165,0.014266686222746293
5area,3001,edges-cov,pca,1055240613,0.1195304260934783,0.3457317256103036
5area,3001,edges-cov,pca,1055403683,0.0005963648460635129,0.024420582426792105
5area,3001,edges-cov,pca,1055415082,0.44356881708620344,0.6660096223675771
5area,3001,edges-cov,pca,1062755779,0.054792107160622994,0.2340771393379185
5area,3001,edges-cov,pca,1063010385,0.15649893199040865,0.3955994590370526
5area,3001,edges-cov,pca,1064400234,0.012472977969760657,0.11168248730110136
5area,3001,edges-cov,pca,1064415305,0.031472482960240966,0.1774048560785217
5area,3001,edges-cov,pca,1064639378,0.10733776738741596,0.32762443038854105
5area,3001,edges-cov,pca,1064644573,0.16645103503012637,0.40798411124714956
5area,3001,edges-cov,pca,1065437523,0.22491179751579704,0.4742486663300138
5area,3001,edges-cov,pca,1065449881,0.022259249601433773,0.14919534041461877
5area,3001,edges-cov,pca,1065905010,0.012897822647944257,0.11356858125355068
5area,3001,edges-cov,pca,1065908084,0.029121040726427516,0.17064888140983367
5area,3001,edges-cov,pca,1067588044,0.028776848697188995,0.1696374035912749
5area,3001,edges-cov,pca,1067781390,0.019885615919544297,0.14101636755903288
5area,3001,edges-cov,pca,1071300149,0.011631204099517456,0.10784806024921027
5area,3001,edges-cov,pca,1081090969,0.5258666106335907,0.7251666088793596
5area,3001,edges-cov,pca,1081429294,0.1251421534057542,0.3537543687444071
5area,3001,edges-cov,pca,1081431006,0.025289851461006263,0.15902783234706463
5area,3001,edges-cov,pca,1087992708,0.30664527839855704,0.5537556125210448
5area,3001,edges-cov,pca,1090803859,0.39346021676298804,0.6272640725906341
5area,3001,edges-cov,pca,1092466205,0.00014451209371280083,0.012021318301778945
5area,3001,edges-cov,pca,1093642839,0.19764088391465096,0.4445681993965056
5area,3001,edges-cov,pca,1096620314,0.05712894962047754,0.23901663042658247
5area,3001,edges-cov,pca,1096935816,0.001201300549595885,0.03465978288443126
5area,3001,edges-cov,pca,1098119201,0.04285102177443778,0.20700488345553072
5area,3001,edges-cov,pca,1104058216,0.15633841587342168,0.3953965299208145
5area,3001,edges-cov,pca,1104289498,0.006887082636672037,0.08298844881471223
5area,3001,edges-cov,pca,1104297538,0.015649557516154267,0.12509819149833593
5area,3001,edges-cov,pca,1105543760,0.6676697304184,0.8171105986452506
5area,3001,edges-cov,pca,1105798776,0.5643386736398734,0.7512247823653534
5area,3001,edges-cov,pca,1108334384,0.0429061342847864,0.20713795954577294
5area,3001,edges-cov,pca,1108335514,0.01651821917654761,0.12852322426918664
5area,3001,edges-cov,pca,1108528422,0.01580661585759824,0.1257243646140165
5area,3001,edges-cov,pca,1108531612,0.00021636181204398586,0.014709242402104326
5area,3001,edges-cov,pca,1109889304,0.11807231835981169,0.34361652806553333
5area,3001,edges-cov,pca,1111013640,0.7785379962019183,0.8823480017554968
5area,3001,edges-cov,pca,1111216934,0.6375702981203417,0.7984799923106044
5area,3001,edges-cov,pca,1112302803,0.6105815853791096,0.7813972007750665
5area,3001,edges-cov,pca,1112515874,0.035629734853074635,0.1887584033972385
5area,3001,edges-cov,pca,1115086689,0.05332913305568887,0.2309310136289384
5area,3001,edges-cov,pca,1115356973,0.48914836086045055,0.6993914217807149
5area,3001,edges-cov,pca,1115368723,0.09956265542969178,0.31553550581462597
5area,3001,edges-cov,pca,1116941914,0.29794382025598887,0.5458423034686745
5area,3001,edges-cov,pca,1117148442,0.28994673848017916,0.5384670263629697
5area,3001,edges-cov,pca,1118324999,0.478787084453572,0.691944422951419
5area,3001,edges-cov,pca,1118327332,0.1553140156098961,0.394098992145243
5area,3001,edges-cov,pca,1118508667,0.013201353552039219,0.11489714335891574
5area,3001,edges-cov,pca,1118512505,0.001219887513597917,0.03492688811786352
5area,3001,edges-cov,pca,1119946360,0.35609564024500595,0.5967374969322835
5area,3001,edges-cov,pca,1120251466,0.07579914093124729,0.27531643781519355
5area,3001,edges-cov,pca,1121607504,0.19253225461218781,0.43878497537197875
5area,3001,edges-cov,pca,1122903357,0.13228435712768283,0.36370916558107647
5area,3001,edges-cov,pca,1124285719,0.019610057495667466,0.14003591502063786
5area,3001,edges-cov,pca,1124507277,0.004074521040485335,0.06383197506332661
5area,3001,edges-cov,pca,1125713722,0.32992650409323765,0.5743922911157819
5area,3001,edges-cov,pca,1125937457,0.0012881146567355062,0.035890314246820466
5area,3001,edges-cov,pca,1128520325,0.03886835966052005,0.19715060147136257
5area,3001,edges-cov,pca,1128719842,0.02004134045611572,0.14156744137023772
5area,3001,edges-cov,pca,1130113579,0.16097183254522274,0.4012129516169962
5area,3001,edges-cov,pca,1130349290,0.11171810984811692,0.3342425913137302
5area,3001,edges-cov,pca,1139846596,4.9338495710093966e-05,0.007024136652298062
5area,3001,edges-cov,pca,1140102579,0.20978200238494926,0.4580196528370251
5area,3001,node-var,sfa,1048189115,0.06286505632997452,0.2507290496332142
5area,3001,node-var,sfa,1051155866,0.014601365150238577,0.12083610863578141
5area,3001,node-var,sfa,1052342277,0.27918686494156175,0.5283813631663797
5area,3001,node-var,sfa,1052533639,0.18167144173313787,0.4262293299775813
5area,3001,node-var,sfa,1053718935,0.05247013433099157,0.22906360324370892
5area,3001,node-var,sfa,1053941483,0.0037193776415227475,0.060986700529894515
5area,3001,node-var,sfa,1055221968,0.07336360672052811,0.2708571703324987
5area,3001,node-var,sfa,1055240613,0.058249810453816275,0.2413499750441597
5area,3001,node-var,sfa,1055403683,0.0035547790432712834,0.05962196779100402
5area,3001,node-var,sfa,1055415082,0.45509807431650195,0.6746095717646634
5area,3001,node-var,sfa,1062755779,0.1712175425797171,0.41378441558342616
5area,3001,node-var,sfa,1063010385,0.07558611090365164,0.27492928345967693
5area,3001,node-var,sfa,1064400234,0.057386514598388394,0.2395548258716327
5area,3001,node-var,sfa,1064415305,0.0016654223830055992,0.0408095869006962
5area,3001,node-var,sfa,1064639378,0.05254972398565472,0.2292372657000922
5area,3001,node-var,sfa,1064644573,0.078803128679509,0.28071894962668476
5area,3001,node-var,sfa,1065437523,0.2062649300639816,0.4541639902766195
5area,3001,node-var,sfa,1065449881,0.007013712524478466,0.08374791056783595
5area,3001,node-var,sfa,1065905010,0.02534314520993408,0.15919530523835818
5area,3001,node-var,sfa,1065908084,0.12450354489449011,0.35285059854631134
5area,3001,node-var,sfa,1067588044,0.0460910525671383,0.21468826835003882
5area,3001,node-var,sfa,1067781390,0.0007195676144269303,0.02682475749055225
5area,3001,node-var,sfa,1071300149,0.1707068228766474,0.41316682209084454
5area,3001,node-var,sfa,1081090969,0.4083078592337057,0.6389897176275254
5area,3001,node-var,sfa,1081429294,0.07277920182757669,0.26977620693377824
5area,3001,node-var,sfa,1081431006,0.07807860599413463,0.2794254927420447
5area,3001,node-var,sfa,1087992708,0.38578107883421475,0.6211127746506387
5area,3001,node-var,sfa,1090803859,0.5604865736673001,0.7486565124723759
5area,3001,node-var,sfa,1092466205,0.008413377498257657,0.09172446510205283
5area,3001,node-var,sfa,1093642839,0.22839001658146518,0.47790168087323737
5area,3001,node-var,sfa,1096620314,0.10647157387347217,0.3262998220555329
5area,3001,node-var,sfa,1096935816,0.014854162104681157,0.12187765219547513
5area,3001,node-var,sfa,1098119201,0.003982480820342804,0.06310689994242198
5area,3001,node-var,sfa,1104058216,0.2260852497658662,0.47548422662152207
5area,3001,node-var,sfa,1104289498,0.059343511014910644,0.2436052360170257
5area,3001,node-var,sfa,1104297538,0.18050629521827954,0.42486032436352444
5area,3001,node-var,sfa,1105543760,0.6902587640433242,0.8308181293419895
5area,3001,node-var,sfa,1105798776,0.6415285537413223,0.800954776339665
5area,3001,node-var,sfa,1108334384,0.06774138958400466,0.2602717610191403
5area,3001,node-var,sfa,1108335514,0.013355178426843972,0.11556460715480306
5area,3001,node-var,sfa,1108528422,0.01249006898746563,0.11175897721197008
5area,3001,node-var,sfa,1108531612,0.0003354998248111807,0.01831665430178571
5area,3001,node-var,sfa,1109889304,0.0964994807393238,0.3106436555594265
5area,3001,node-var,sfa,1111013640,0.8212672972965839,0.906237991532348
5area,3001,node-var,sfa,1111216934,0.5836956183799926,0.7639997502486456
5area,3001,node-var,sfa,1112302803,0.7085766208086846,0.8417699334192715
5area,3001,node-var,sfa,1112515874,0.3402583544209198,0.5833166845041554
5area,3001,node-var,sfa,1115086689,0.23107118361958157,0.4806986411667725
5area,3001,node-var,sfa,1115356973,0.3575661263810024,0.5979683322559838
5area,3001,node-var,sfa,1115368723,0.0742937544014658,0.27256880672862344
5area,3001,node-var,sfa,1116941914,0.3340515959149081,0.5779719681047756
5area,3001,node-var,sfa,1117148442,0.45909118644955593,0.6775626808270634
5area,3001,node-var,sfa,1118324999,0.5869170761386074,0.7661051338678055
5area,3001,node-var,sfa,1118327332,0.2165366534676818,0.465334990590308
5area,3001,node-var,sfa,1118508667,0.016870005999270465,0.12988458722754798
5area,3001,node-var,sfa,1118512505,5.65193998824931e-07,0.000751793853878252
5area,3001,node-var,sfa,1119946360,0.3796518406233703,0.6161589410398678
5area,3001,node-var,sfa,1120251466,0.0015186283458481498,0.038969582315546945
5area,3001,node-var,sfa,1121607504,0.21068838662556355,0.45900804636254894
5area,3001,node-var,sfa,1122903357,0.23302171488908074,0.48272322803971307
5area,3001,node-var,sfa,1124285719,0.017041229430464377,0.1305420600054414
5area,3001,node-var,sfa,1124507277,0.01093087948512761,0.104550846410383
5area,3001,node-var,sfa,1125713722,0.3527600965346125,0.5939361047575845
5area,3001,node-var,sfa,1125937457,0.002382512853204677,0.04881099111065872
5area,3001,node-var,sfa,1128520325,0.05210420749706435,0.22826346071385198
5area,3001,node-var,sfa,1128719842,0.008306431895445554,0.09113962856763011
5area,3001,node-var,sfa,1130113579,0.37917159228407005,0.6157691063085817
5area,3001,node-var,sfa,1130349290,0.06379643182245553,0.25257955543245336
5area,3001,node-var,sfa,1139846596,0.008516984932778082,0.09228751233389242
5area,3001,node-var,sfa,1140102579,0.19188594641868884,0.43804788142244105
5area,3001,node-var,pca,1048189115,0.0866689183570023,0.29439585315863853
5area,3001,node-var,pca,1051155866,0.008767015737647488,0.0936323434377643
5area,3001,node-var,pca,1052342277,0.25802837384234756,0.5079649336739182
5area,3001,node-var,pca,1052533639,0.14089498258642164,0.3753598041698416
5area,3001,node-var,pca,1053718935,0.006276122471434387,0.07922198224883373
5area,3001,node-var,pca,1053941483,0.020618501691580415,0.14359144017517433
5area,3001,node-var,pca,1055221968,0.042035019399853546,0.20502443610422072
5area,3001,node-var,pca,1055240613,0.11495140695562867,0.33904484505095894
5area,3001,node-var,pca,1055403683,0.0032813136918036223,0.05728275213189215
5area,3001,node-var,pca,1055415082,0.4896587447624068,0.699756203804158
5area,3001,node-var,pca,1062755779,0.14738742766423585,0.3839107027216564
5area,3001,node-var,pca,1063010385,0.1333567819876551,0.36518047865083825
5area,3001,node-var,pca,1064400234,0.06420209945417565,0.25338133209487906
5area,3001,node-var,pca,1064415305,0.025003278670382656,0.15812425073461245
5area,3001,node-var,pca,1064639378,0.042828319782491575,0.20695004175523005
5area,3001,node-var,pca,1064644573,0.06243879908184613,0.2498775681845932
5area,3001,node-var,pca,1065437523,0.20336592458160097,0.4509611120502534
5area,3001,node-var,pca,1065449881,0.015607977751670998,0.1249318924521311
5area,3001,node-var,pca,1065905010,0.01991452939425664,0.14111884847268485
5area,3001,node-var,pca,1065908084,0.12067236128708314,0.3473792758457005
5area,3001,node-var,pca,1067588044,0.05593957294599061,0.23651548140870302
5area,3001,node-var,pca,1067781390,0.0067945598653416095,0.08242912025092537
5area,3001,node-var,pca,1071300149,0.07240713549234234,0.2690857400390118
5area,3001,node-var,pca,1081090969,0.4693632213516924,0.685100884068684
5area,3001,node-var,pca,1081429294,0.07770778690351465,0.27876116462576794
5area,3001,node-var,pca,1081431006,0.0696192549243484,0.2638546094430574
5area,3001,node-var,pca,1087992708,0.407177605484654,0.63810469790204
5area,3001,node-var,pca,1090803859,0.5066590358986575,0.711799856630118
5area,3001,node-var,pca,1092466205,0.015080411782971592,0.12280232808449343
5area,3001,node-var,pca,1093642839,0.22439517285902644,0.4737036762143884
5area,3001,node-var,pca,1096620314,0.01886615646505141,0.1373541279505333
5area,3001,node-var,pca,1096935816,0.0014522286046350086,0.03810811730635585
5area,3001,node-var,pca,1098119201,0.00015454933707537144,0.012431787364466427
5area,3001,node-var,pca,1104058216,0.22296535727377675,0.47219207667407687
5area,3001,node-var,pca,1104289498,0.062773491781981,0.2505463864875744
5area,3001,node-var,pca,1104297538,0.1355610526489922,0.368186165749057
5area,3001,node-var,pca,1105543760,0.7221647767861287,0.8498027869959764
5area,3001,node-var,pca,1105798776,0.6558957297438002,0.8098738974332972
5area,3001,node-var,pca,1108334384,0.06334661128240915,0.25168752706959696
5area,3001,node-var,pca,1108335514,0.038796483785765834,0.19696823039710223
5area,3001,node-var,pca,1108528422,1.6675153244327667e-05,0.004083522161620711
5area,3001,node-var,pca,1108531612,1.8272471955405045e-05,0.00427463120694412
5area,3001,node-var,pca,1109889304,0.12594305897460112,0.3548845713391912
5area,3001,node-var,pca,1111013640,0.8264848467970533,0.9091121200363868
5area,3001,node-var,pca,1111216934,0.5894649237607082,0.767766190816389
5area,3001,node-var,pca,1112302803,0.6754086229994158,0.8218324786715454
5area,3001,node-var,pca,1112515874,0.2823922135917829,0.5314058840394819
5area,3001,node-var,pca,1115086689,0.1382316306598178,0.37179514609502073
5area,3001,node-var,pca,1115356973,0.38215337805695604,0.618185553096284
5area,3001,node-var,pca,1115368723,0.06918944254485293,0.26303886128261134
5area,3001,node-var,pca,1116941914,0.317995723549932,0.5639110954307707
5area,3001,node-var,pca,1117148442,0.416689761236011,0.645515113096519
5area,3001,node-var,pca,1118324999,0.6371308264327624,0.798204752198809
5area,3001,node-var,pca,1118327332,0.23487029577436624,0.48463418758313576
5area,3001,node-var,pca,1118508667,0.007301495840687289,0.08544879075029228
5area,3001,node-var,pca,1118512505,0.0004494477566802102,0.021200182939779755
5area,3001,node-var,pca,1119946360,0.3615088939818707,0.6012560968355095
5area,3001,node-var,pca,1120251466,0.003148274339647039,0.056109485291231505
5area,3001,node-var,pca,1121607504,0.16355465834417704,0.4044189144243591
5area,3001,node-var,pca,1122903357,0.21230003745817272,0.46076028198855523
5area,3001,node-var,pca,1124285719,0.0064958673921414745,0.08059694406205094
5area,3001,node-var,pca,1124507277,6.49140223130118e-07,0.000805692387387106
5area,3001,node-var,pca,1125713722,0.3365834986707188,0.5801581669430489
5area,3001,node-var,pca,1125937457,0.0009913769150414753,0.03148613845871608
5area,3001,node-var,pca,1128520325,0.011436221808119762,0.10694027215282347
5area,3001,node-var,pca,1128719842,0.0012226767108485248,0.03496679440338197
5area,3001,node-var,pca,1130113579,0.43065847337814933,0.6562457416076303
5area,3001,node-var,pca,1130349290,0.14479667116639028,0.38052157779341533
5area,3001,node-var,pca,1139846596,0.0019994105522019856,0.04471476883762321
5area,3001,node-var,pca,1140102579,0.1784671606466085,0.4224537378774259
